timestamp,run_label,year,timestep,soh_pct,subgrad_combined
2026-05-25 17:25:45,20260525_172452_dk2022_150mw_300mwh_soc10_90_v5,1,0,93.016,0.0
2026-05-25 17:25:45,20260525_172452_dk2022_150mw_300mwh_soc10_90_v5,1,1,93.016,0.0
2026-05-25 17:25:45,20260525_172452_dk2022_150mw_300mwh_soc10_90_v5,1,2,93.016,0.0
2026-05-25 17:25:45,20260525_172452_dk2022_150mw_300mwh_soc10_90_v5,1,3,93.016,0.0
2026-05-25 17:25:45,20260525_172452_dk2022_150mw_300mwh_soc10_90_v5,1,4,93.016,0.0
2026-05-25 17:25:45,20260525_172452_dk2022_150mw_300mwh_soc10_90_v5,1,5,93.016,0.0
2026-05-25 17:25:45,20260525_172452_dk2022_150mw_300mwh_soc10_90_v5,1,6,93.016,3.70309301
2026-05-25 17:25:45,20260525_172452_dk2022_150mw_300mwh_soc10_90_v5,1,7,93.016,0.0
2026-05-25 17:25:45,20260525_172452_dk2022_150mw_300mwh_soc10_90_v5,1,8,93.016,0.0
2026-05-25 17:25:45,20260525_172452_dk2022_150mw_300mwh_soc10_90_v5,1,9,93.016,0.0
2026-05-25 17:25:45,20260525_172452_dk2022_150mw_300mwh_soc10_90_v5,1,10,93.016,0.0
2026-05-25 17:25:45,20260525_172452_dk2022_150mw_300mwh_soc10_90_v5,1,11,93.016,0.0
2026-05-25 17:25:45,20260525_172452_dk2022_150mw_300mwh_soc10_90_v5,1,12,93.016,0.0
2026-05-25 17:25:45,20260525_172452_dk2022_150mw_300mwh_soc10_90_v5,1,13,93.016,0.0
2026-05-25 17:25:45,20260525_172452_dk2022_150mw_300mwh_soc10_90_v5,1,14,93.016,0.0
2026-05-25 17:25:45,20260525_172452_dk2022_150mw_300mwh_soc10_90_v5,1,15,93.016,0.0
2026-05-25 17:25:45,20260525_172452_dk2022_150mw_300mwh_soc10_90_v5,1,16,93.016,-3.24911932
2026-05-25 17:25:45,20260525_172452_dk2022_150mw_300mwh_soc10_90_v5,1,17,93.016,-3.24911932
2026-05-25 17:25:45,20260525_172452_dk2022_150mw_300mwh_soc10_90_v5,1,18,93.016,0.0
2026-05-25 17:25:45,20260525_172452_dk2022_150mw_300mwh_soc10_90_v5,1,19,93.016,0.0
2026-05-25 17:25:45,20260525_172452_dk2022_150mw_300mwh_soc10_90_v5,1,20,93.016,0.0
2026-05-25 17:25:45,20260525_172452_dk2022_150mw_300mwh_soc10_90_v5,1,21,93.016,0.0
2026-05-25 17:25:45,20260525_172452_dk2022_150mw_300mwh_soc10_90_v5,1,22,93.016,0.0
2026-05-25 17:25:45,20260525_172452_dk2022_150mw_300mwh_soc10_90_v5,1,23,93.016,0.0
2026-05-25 17:25:45,20260525_172452_dk2022_150mw_300mwh_soc10_90_v5,1,24,93.016,0.0
2026-05-25 17:25:45,20260525_172452_dk2022_150mw_300mwh_soc10_90_v5,1,25,93.016,0.0
2026-05-25 17:25:45,20260525_172452_dk2022_150mw_300mwh_soc10_90_v5,1,26,93.016,0.0
2026-05-25 17:25:45,20260525_172452_dk2022_150mw_300mwh_soc10_90_v5,1,27,93.016,0.0
2026-05-25 17:25:45,20260525_172452_dk2022_150mw_300mwh_soc10_90_v5,1,28,93.016,0.0
2026-05-25 17:25:45,20260525_172452_dk2022_150mw_300mwh_soc10_90_v5,1,29,93.016,0.0
2026-05-25 17:25:45,20260525_172452_dk2022_150mw_300mwh_soc10_90_v5,1,30,93.016,0.0
2026-05-25 17:25:45,20260525_172452_dk2022_150mw_300mwh_soc10_90_v5,1,31,93.016,0.0
2026-05-25 17:25:45,20260525_172452_dk2022_150mw_300mwh_soc10_90_v5,1,32,93.016,0.0
2026-05-25 17:25:45,20260525_172452_dk2022_150mw_300mwh_soc10_90_v5,1,33,93.016,0.0
2026-05-25 17:25:45,20260525_172452_dk2022_150mw_300mwh_soc10_90_v5,1,34,93.016,0.0
2026-05-25 17:25:45,20260525_172452_dk2022_150mw_300mwh_soc10_90_v5,1,35,93.016,0.0
2026-05-25 17:25:45,20260525_172452_dk2022_150mw_300mwh_soc10_90_v5,1,36,93.016,0.0
2026-05-25 17:25:45,20260525_172452_dk2022_150mw_300mwh_soc10_90_v5,1,37,93.016,0.0
2026-05-25 17:25:45,20260525_172452_dk2022_150mw_300mwh_soc10_90_v5,1,38,93.016,0.0
2026-05-25 17:25:45,20260525_172452_dk2022_150mw_300mwh_soc10_90_v5,1,39,93.016,0.0
2026-05-25 17:25:45,20260525_172452_dk2022_150mw_300mwh_soc10_90_v5,1,40,93.016,0.0
2026-05-25 17:25:45,20260525_172452_dk2022_150mw_300mwh_soc10_90_v5,1,41,93.016,0.0
2026-05-25 17:25:45,20260525_172452_dk2022_150mw_300mwh_soc10_90_v5,1,42,93.016,0.0
2026-05-25 17:25:45,20260525_172452_dk2022_150mw_300mwh_soc10_90_v5,1,43,93.016,0.0
2026-05-25 17:25:45,20260525_172452_dk2022_150mw_300mwh_soc10_90_v5,1,44,93.016,0.0
2026-05-25 17:25:45,20260525_172452_dk2022_150mw_300mwh_soc10_90_v5,1,45,93.016,0.0
2026-05-25 17:25:45,20260525_172452_dk2022_150mw_300mwh_soc10_90_v5,1,46,93.016,0.0
2026-05-25 17:25:45,20260525_172452_dk2022_150mw_300mwh_soc10_90_v5,1,47,93.016,0.0
2026-05-25 17:25:45,20260525_172452_dk2022_150mw_300mwh_soc10_90_v5,1,48,93.016,0.0
2026-05-25 17:25:45,20260525_172452_dk2022_150mw_300mwh_soc10_90_v5,1,49,93.016,0.0
2026-05-25 17:25:45,20260525_172452_dk2022_150mw_300mwh_soc10_90_v5,1,50,93.016,0.0
2026-05-25 17:25:45,20260525_172452_dk2022_150mw_300mwh_soc10_90_v5,1,51,93.016,0.0
2026-05-25 17:25:45,20260525_172452_dk2022_150mw_300mwh_soc10_90_v5,1,52,93.016,0.0
2026-05-25 17:25:45,20260525_172452_dk2022_150mw_300mwh_soc10_90_v5,1,53,93.016,0.0
2026-05-25 17:25:45,20260525_172452_dk2022_150mw_300mwh_soc10_90_v5,1,54,93.016,0.0
2026-05-25 17:25:45,20260525_172452_dk2022_150mw_300mwh_soc10_90_v5,1,55,93.016,0.0
2026-05-25 17:25:45,20260525_172452_dk2022_150mw_300mwh_soc10_90_v5,1,56,93.016,0.0
2026-05-25 17:25:45,20260525_172452_dk2022_150mw_300mwh_soc10_90_v5,1,57,93.016,0.0
2026-05-25 17:25:45,20260525_172452_dk2022_150mw_300mwh_soc10_90_v5,1,58,93.016,0.0
2026-05-25 17:25:45,20260525_172452_dk2022_150mw_300mwh_soc10_90_v5,1,59,93.016,0.0
2026-05-25 17:25:45,20260525_172452_dk2022_150mw_300mwh_soc10_90_v5,1,60,93.016,0.0
2026-05-25 17:25:45,20260525_172452_dk2022_150mw_300mwh_soc10_90_v5,1,61,93.016,0.0
2026-05-25 17:25:45,20260525_172452_dk2022_150mw_300mwh_soc10_90_v5,1,62,93.016,0.0
2026-05-25 17:25:45,20260525_172452_dk2022_150mw_300mwh_soc10_90_v5,1,63,93.016,0.0
2026-05-25 17:25:45,20260525_172452_dk2022_150mw_300mwh_soc10_90_v5,1,64,93.016,0.0
2026-05-25 17:25:45,20260525_172452_dk2022_150mw_300mwh_soc10_90_v5,1,65,93.016,0.0
2026-05-25 17:25:45,20260525_172452_dk2022_150mw_300mwh_soc10_90_v5,1,66,93.016,0.0
2026-05-25 17:25:45,20260525_172452_dk2022_150mw_300mwh_soc10_90_v5,1,67,93.016,0.0
2026-05-25 17:25:45,20260525_172452_dk2022_150mw_300mwh_soc10_90_v5,1,68,93.016,0.0
2026-05-25 17:25:45,20260525_172452_dk2022_150mw_300mwh_soc10_90_v5,1,69,93.016,0.0
2026-05-25 17:25:45,20260525_172452_dk2022_150mw_300mwh_soc10_90_v5,1,70,93.016,0.0
2026-05-25 17:25:45,20260525_172452_dk2022_150mw_300mwh_soc10_90_v5,1,71,93.016,0.0
2026-05-25 17:25:45,20260525_172452_dk2022_150mw_300mwh_soc10_90_v5,1,72,93.016,0.0
2026-05-25 17:25:45,20260525_172452_dk2022_150mw_300mwh_soc10_90_v5,1,73,93.016,0.0
2026-05-25 17:25:45,20260525_172452_dk2022_150mw_300mwh_soc10_90_v5,1,74,93.016,0.0
2026-05-25 17:25:45,20260525_172452_dk2022_150mw_300mwh_soc10_90_v5,1,75,93.016,0.0
2026-05-25 17:25:45,20260525_172452_dk2022_150mw_300mwh_soc10_90_v5,1,76,93.016,0.0
2026-05-25 17:25:45,20260525_172452_dk2022_150mw_300mwh_soc10_90_v5,1,77,93.016,0.0
2026-05-25 17:25:45,20260525_172452_dk2022_150mw_300mwh_soc10_90_v5,1,78,93.016,0.0
2026-05-25 17:25:45,20260525_172452_dk2022_150mw_300mwh_soc10_90_v5,1,79,93.016,0.0
2026-05-25 17:25:45,20260525_172452_dk2022_150mw_300mwh_soc10_90_v5,1,80,93.016,0.0
2026-05-25 17:25:45,20260525_172452_dk2022_150mw_300mwh_soc10_90_v5,1,81,93.016,0.0
2026-05-25 17:25:45,20260525_172452_dk2022_150mw_300mwh_soc10_90_v5,1,82,93.016,0.0
2026-05-25 17:25:45,20260525_172452_dk2022_150mw_300mwh_soc10_90_v5,1,83,93.016,0.0
2026-05-25 17:25:45,20260525_172452_dk2022_150mw_300mwh_soc10_90_v5,1,84,93.016,0.0
2026-05-25 17:25:45,20260525_172452_dk2022_150mw_300mwh_soc10_90_v5,1,85,93.016,0.0
2026-05-25 17:25:45,20260525_172452_dk2022_150mw_300mwh_soc10_90_v5,1,86,93.016,0.0
2026-05-25 17:25:45,20260525_172452_dk2022_150mw_300mwh_soc10_90_v5,1,87,93.016,0.0
2026-05-25 17:25:45,20260525_172452_dk2022_150mw_300mwh_soc10_90_v5,1,88,93.016,0.0
2026-05-25 17:25:45,20260525_172452_dk2022_150mw_300mwh_soc10_90_v5,1,89,93.016,0.0
2026-05-25 17:25:45,20260525_172452_dk2022_150mw_300mwh_soc10_90_v5,1,90,93.016,0.0
2026-05-25 17:25:45,20260525_172452_dk2022_150mw_300mwh_soc10_90_v5,1,91,93.016,0.0
2026-05-25 17:25:45,20260525_172452_dk2022_150mw_300mwh_soc10_90_v5,1,92,93.016,0.0
2026-05-25 17:25:45,20260525_172452_dk2022_150mw_300mwh_soc10_90_v5,1,93,93.016,0.0
2026-05-25 17:25:45,20260525_172452_dk2022_150mw_300mwh_soc10_90_v5,1,94,93.016,0.0
2026-05-25 17:25:45,20260525_172452_dk2022_150mw_300mwh_soc10_90_v5,1,95,93.016,0.0
2026-05-25 17:25:45,20260525_172452_dk2022_150mw_300mwh_soc10_90_v5,1,96,93.016,0.0
2026-05-25 17:25:45,20260525_172452_dk2022_150mw_300mwh_soc10_90_v5,1,97,93.016,0.0
2026-05-25 17:25:45,20260525_172452_dk2022_150mw_300mwh_soc10_90_v5,1,98,93.016,0.0
2026-05-25 17:25:45,20260525_172452_dk2022_150mw_300mwh_soc10_90_v5,1,99,93.016,0.0
2026-05-25 17:25:45,20260525_172452_dk2022_150mw_300mwh_soc10_90_v5,1,100,93.016,0.0
2026-05-25 17:25:45,20260525_172452_dk2022_150mw_300mwh_soc10_90_v5,1,101,93.016,0.0
2026-05-25 17:25:45,20260525_172452_dk2022_150mw_300mwh_soc10_90_v5,1,102,93.016,0.0
2026-05-25 17:25:45,20260525_172452_dk2022_150mw_300mwh_soc10_90_v5,1,103,93.016,0.0
2026-05-25 17:25:45,20260525_172452_dk2022_150mw_300mwh_soc10_90_v5,1,104,93.016,0.0
2026-05-25 17:25:45,20260525_172452_dk2022_150mw_300mwh_soc10_90_v5,1,105,93.016,0.0
2026-05-25 17:25:45,20260525_172452_dk2022_150mw_300mwh_soc10_90_v5,1,106,93.016,0.0
2026-05-25 17:25:45,20260525_172452_dk2022_150mw_300mwh_soc10_90_v5,1,107,93.016,0.0
2026-05-25 17:25:45,20260525_172452_dk2022_150mw_300mwh_soc10_90_v5,1,108,93.016,0.0
2026-05-25 17:25:45,20260525_172452_dk2022_150mw_300mwh_soc10_90_v5,1,109,93.016,0.0
2026-05-25 17:25:45,20260525_172452_dk2022_150mw_300mwh_soc10_90_v5,1,110,93.016,0.0
2026-05-25 17:25:45,20260525_172452_dk2022_150mw_300mwh_soc10_90_v5,1,111,93.016,0.0
2026-05-25 17:25:45,20260525_172452_dk2022_150mw_300mwh_soc10_90_v5,1,112,93.016,0.0
2026-05-25 17:25:45,20260525_172452_dk2022_150mw_300mwh_soc10_90_v5,1,113,93.016,0.0
2026-05-25 17:25:45,20260525_172452_dk2022_150mw_300mwh_soc10_90_v5,1,114,93.016,0.0
2026-05-25 17:25:45,20260525_172452_dk2022_150mw_300mwh_soc10_90_v5,1,115,93.016,0.0
2026-05-25 17:25:45,20260525_172452_dk2022_150mw_300mwh_soc10_90_v5,1,116,93.016,0.0
2026-05-25 17:25:45,20260525_172452_dk2022_150mw_300mwh_soc10_90_v5,1,117,93.016,0.0
2026-05-25 17:25:45,20260525_172452_dk2022_150mw_300mwh_soc10_90_v5,1,118,93.016,0.0
2026-05-25 17:25:45,20260525_172452_dk2022_150mw_300mwh_soc10_90_v5,1,119,93.016,0.0
2026-05-25 17:25:45,20260525_172452_dk2022_150mw_300mwh_soc10_90_v5,1,120,93.016,0.0
2026-05-25 17:25:45,20260525_172452_dk2022_150mw_300mwh_soc10_90_v5,1,121,93.016,0.0
2026-05-25 17:25:45,20260525_172452_dk2022_150mw_300mwh_soc10_90_v5,1,122,93.016,0.0
2026-05-25 17:25:45,20260525_172452_dk2022_150mw_300mwh_soc10_90_v5,1,123,93.016,0.0
2026-05-25 17:25:45,20260525_172452_dk2022_150mw_300mwh_soc10_90_v5,1,124,93.016,0.0
2026-05-25 17:25:45,20260525_172452_dk2022_150mw_300mwh_soc10_90_v5,1,125,93.016,0.0
2026-05-25 17:25:45,20260525_172452_dk2022_150mw_300mwh_soc10_90_v5,1,126,93.016,0.0
2026-05-25 17:25:45,20260525_172452_dk2022_150mw_300mwh_soc10_90_v5,1,127,93.016,0.0
2026-05-25 17:25:45,20260525_172452_dk2022_150mw_300mwh_soc10_90_v5,1,128,93.016,0.0
2026-05-25 17:25:45,20260525_172452_dk2022_150mw_300mwh_soc10_90_v5,1,129,93.016,0.0
2026-05-25 17:25:45,20260525_172452_dk2022_150mw_300mwh_soc10_90_v5,1,130,93.016,0.0
2026-05-25 17:25:45,20260525_172452_dk2022_150mw_300mwh_soc10_90_v5,1,131,93.016,0.0
2026-05-25 17:25:45,20260525_172452_dk2022_150mw_300mwh_soc10_90_v5,1,132,93.016,0.0
2026-05-25 17:25:45,20260525_172452_dk2022_150mw_300mwh_soc10_90_v5,1,133,93.016,0.0
2026-05-25 17:25:45,20260525_172452_dk2022_150mw_300mwh_soc10_90_v5,1,134,93.016,0.0
2026-05-25 17:25:45,20260525_172452_dk2022_150mw_300mwh_soc10_90_v5,1,135,93.016,0.0
2026-05-25 17:25:45,20260525_172452_dk2022_150mw_300mwh_soc10_90_v5,1,136,93.016,0.0
2026-05-25 17:25:45,20260525_172452_dk2022_150mw_300mwh_soc10_90_v5,1,137,93.016,0.0
2026-05-25 17:25:45,20260525_172452_dk2022_150mw_300mwh_soc10_90_v5,1,138,93.016,0.0
2026-05-25 17:25:45,20260525_172452_dk2022_150mw_300mwh_soc10_90_v5,1,139,93.016,0.0
2026-05-25 17:25:45,20260525_172452_dk2022_150mw_300mwh_soc10_90_v5,1,140,93.016,0.0
2026-05-25 17:25:45,20260525_172452_dk2022_150mw_300mwh_soc10_90_v5,1,141,93.016,0.0
2026-05-25 17:25:45,20260525_172452_dk2022_150mw_300mwh_soc10_90_v5,1,142,93.016,0.0
2026-05-25 17:25:45,20260525_172452_dk2022_150mw_300mwh_soc10_90_v5,1,143,93.016,0.0
2026-05-25 17:25:45,20260525_172452_dk2022_150mw_300mwh_soc10_90_v5,1,144,93.016,0.0
2026-05-25 17:25:45,20260525_172452_dk2022_150mw_300mwh_soc10_90_v5,1,145,93.016,0.0
2026-05-25 17:25:45,20260525_172452_dk2022_150mw_300mwh_soc10_90_v5,1,146,93.016,0.0
2026-05-25 17:25:45,20260525_172452_dk2022_150mw_300mwh_soc10_90_v5,1,147,93.016,0.0
2026-05-25 17:25:45,20260525_172452_dk2022_150mw_300mwh_soc10_90_v5,1,148,93.016,0.0
2026-05-25 17:25:45,20260525_172452_dk2022_150mw_300mwh_soc10_90_v5,1,149,93.016,0.0
2026-05-25 17:25:45,20260525_172452_dk2022_150mw_300mwh_soc10_90_v5,1,150,93.016,0.0
2026-05-25 17:25:45,20260525_172452_dk2022_150mw_300mwh_soc10_90_v5,1,151,93.016,0.0
2026-05-25 17:25:45,20260525_172452_dk2022_150mw_300mwh_soc10_90_v5,1,152,93.016,0.0
2026-05-25 17:25:45,20260525_172452_dk2022_150mw_300mwh_soc10_90_v5,1,153,93.016,0.0
2026-05-25 17:25:45,20260525_172452_dk2022_150mw_300mwh_soc10_90_v5,1,154,93.016,0.0
2026-05-25 17:25:45,20260525_172452_dk2022_150mw_300mwh_soc10_90_v5,1,155,93.016,0.0
2026-05-25 17:25:45,20260525_172452_dk2022_150mw_300mwh_soc10_90_v5,1,156,93.016,0.0
2026-05-25 17:25:45,20260525_172452_dk2022_150mw_300mwh_soc10_90_v5,1,157,93.016,0.0
2026-05-25 17:25:45,20260525_172452_dk2022_150mw_300mwh_soc10_90_v5,1,158,93.016,0.0
2026-05-25 17:25:45,20260525_172452_dk2022_150mw_300mwh_soc10_90_v5,1,159,93.016,0.0
2026-05-25 17:25:45,20260525_172452_dk2022_150mw_300mwh_soc10_90_v5,1,160,93.016,0.0
2026-05-25 17:25:45,20260525_172452_dk2022_150mw_300mwh_soc10_90_v5,1,161,93.016,0.0
2026-05-25 17:25:45,20260525_172452_dk2022_150mw_300mwh_soc10_90_v5,1,162,93.016,0.0
2026-05-25 17:25:45,20260525_172452_dk2022_150mw_300mwh_soc10_90_v5,1,163,93.016,0.0
2026-05-25 17:25:45,20260525_172452_dk2022_150mw_300mwh_soc10_90_v5,1,164,93.016,0.0
2026-05-25 17:25:45,20260525_172452_dk2022_150mw_300mwh_soc10_90_v5,1,165,93.016,0.0
2026-05-25 17:25:45,20260525_172452_dk2022_150mw_300mwh_soc10_90_v5,1,166,93.016,0.0
2026-05-25 17:25:45,20260525_172452_dk2022_150mw_300mwh_soc10_90_v5,1,167,93.016,0.0
2026-05-25 17:25:45,20260525_172452_dk2022_150mw_300mwh_soc10_90_v5,1,168,93.016,0.0
2026-05-25 17:25:45,20260525_172452_dk2022_150mw_300mwh_soc10_90_v5,1,169,93.016,0.0
2026-05-25 17:25:45,20260525_172452_dk2022_150mw_300mwh_soc10_90_v5,1,170,93.016,0.0
2026-05-25 17:25:45,20260525_172452_dk2022_150mw_300mwh_soc10_90_v5,1,171,93.016,0.0
2026-05-25 17:25:45,20260525_172452_dk2022_150mw_300mwh_soc10_90_v5,1,172,93.016,0.0
2026-05-25 17:25:45,20260525_172452_dk2022_150mw_300mwh_soc10_90_v5,1,173,93.016,0.0
2026-05-25 17:25:45,20260525_172452_dk2022_150mw_300mwh_soc10_90_v5,1,174,93.016,0.0
2026-05-25 17:25:45,20260525_172452_dk2022_150mw_300mwh_soc10_90_v5,1,175,93.016,0.0
2026-05-25 17:25:45,20260525_172452_dk2022_150mw_300mwh_soc10_90_v5,1,176,93.016,0.0
2026-05-25 17:25:45,20260525_172452_dk2022_150mw_300mwh_soc10_90_v5,1,177,93.016,0.0
2026-05-25 17:25:45,20260525_172452_dk2022_150mw_300mwh_soc10_90_v5,1,178,93.016,0.0
2026-05-25 17:25:45,20260525_172452_dk2022_150mw_300mwh_soc10_90_v5,1,179,93.016,0.0
2026-05-25 17:25:45,20260525_172452_dk2022_150mw_300mwh_soc10_90_v5,1,180,93.016,0.0
2026-05-25 17:25:45,20260525_172452_dk2022_150mw_300mwh_soc10_90_v5,1,181,93.016,0.0
2026-05-25 17:25:45,20260525_172452_dk2022_150mw_300mwh_soc10_90_v5,1,182,93.016,0.0
2026-05-25 17:25:45,20260525_172452_dk2022_150mw_300mwh_soc10_90_v5,1,183,93.016,0.0
2026-05-25 17:25:45,20260525_172452_dk2022_150mw_300mwh_soc10_90_v5,1,184,93.016,0.0
2026-05-25 17:25:45,20260525_172452_dk2022_150mw_300mwh_soc10_90_v5,1,185,93.016,0.0
2026-05-25 17:25:45,20260525_172452_dk2022_150mw_300mwh_soc10_90_v5,1,186,93.016,0.0
2026-05-25 17:25:45,20260525_172452_dk2022_150mw_300mwh_soc10_90_v5,1,187,93.016,0.0
2026-05-25 17:25:45,20260525_172452_dk2022_150mw_300mwh_soc10_90_v5,1,188,93.016,0.0
2026-05-25 17:25:45,20260525_172452_dk2022_150mw_300mwh_soc10_90_v5,1,189,93.016,0.0
2026-05-25 17:25:45,20260525_172452_dk2022_150mw_300mwh_soc10_90_v5,1,190,93.016,0.0
2026-05-25 17:25:45,20260525_172452_dk2022_150mw_300mwh_soc10_90_v5,1,191,93.016,0.0
2026-05-25 17:25:45,20260525_172452_dk2022_150mw_300mwh_soc10_90_v5,1,192,93.016,0.0
2026-05-25 17:25:45,20260525_172452_dk2022_150mw_300mwh_soc10_90_v5,1,193,93.016,0.0
2026-05-25 17:25:45,20260525_172452_dk2022_150mw_300mwh_soc10_90_v5,1,194,93.016,0.0
2026-05-25 17:25:45,20260525_172452_dk2022_150mw_300mwh_soc10_90_v5,1,195,93.016,0.0
2026-05-25 17:25:45,20260525_172452_dk2022_150mw_300mwh_soc10_90_v5,1,196,93.016,0.0
2026-05-25 17:25:45,20260525_172452_dk2022_150mw_300mwh_soc10_90_v5,1,197,93.016,0.0
2026-05-25 17:25:45,20260525_172452_dk2022_150mw_300mwh_soc10_90_v5,1,198,93.016,0.0
2026-05-25 17:25:45,20260525_172452_dk2022_150mw_300mwh_soc10_90_v5,1,199,93.016,0.0
2026-05-25 17:25:45,20260525_172452_dk2022_150mw_300mwh_soc10_90_v5,1,200,93.016,0.0
2026-05-25 17:25:45,20260525_172452_dk2022_150mw_300mwh_soc10_90_v5,1,201,93.016,0.0
2026-05-25 17:25:45,20260525_172452_dk2022_150mw_300mwh_soc10_90_v5,1,202,93.016,0.0
2026-05-25 17:25:45,20260525_172452_dk2022_150mw_300mwh_soc10_90_v5,1,203,93.016,0.0
2026-05-25 17:25:45,20260525_172452_dk2022_150mw_300mwh_soc10_90_v5,1,204,93.016,0.0
2026-05-25 17:25:45,20260525_172452_dk2022_150mw_300mwh_soc10_90_v5,1,205,93.016,0.0
2026-05-25 17:25:45,20260525_172452_dk2022_150mw_300mwh_soc10_90_v5,1,206,93.016,0.0
2026-05-25 17:25:45,20260525_172452_dk2022_150mw_300mwh_soc10_90_v5,1,207,93.016,0.0
2026-05-25 17:25:45,20260525_172452_dk2022_150mw_300mwh_soc10_90_v5,1,208,93.016,0.0
2026-05-25 17:25:45,20260525_172452_dk2022_150mw_300mwh_soc10_90_v5,1,209,93.016,0.0
2026-05-25 17:25:45,20260525_172452_dk2022_150mw_300mwh_soc10_90_v5,1,210,93.016,0.0
2026-05-25 17:25:45,20260525_172452_dk2022_150mw_300mwh_soc10_90_v5,1,211,93.016,0.0
2026-05-25 17:25:45,20260525_172452_dk2022_150mw_300mwh_soc10_90_v5,1,212,93.016,0.0
2026-05-25 17:25:45,20260525_172452_dk2022_150mw_300mwh_soc10_90_v5,1,213,93.016,0.0
2026-05-25 17:25:45,20260525_172452_dk2022_150mw_300mwh_soc10_90_v5,1,214,93.016,0.0
2026-05-25 17:25:45,20260525_172452_dk2022_150mw_300mwh_soc10_90_v5,1,215,93.016,0.0
2026-05-25 17:25:45,20260525_172452_dk2022_150mw_300mwh_soc10_90_v5,1,216,93.016,0.0
2026-05-25 17:25:45,20260525_172452_dk2022_150mw_300mwh_soc10_90_v5,1,217,93.016,0.0
2026-05-25 17:25:45,20260525_172452_dk2022_150mw_300mwh_soc10_90_v5,1,218,93.016,0.0
2026-05-25 17:25:45,20260525_172452_dk2022_150mw_300mwh_soc10_90_v5,1,219,93.016,0.0
2026-05-25 17:25:45,20260525_172452_dk2022_150mw_300mwh_soc10_90_v5,1,220,93.016,0.0
2026-05-25 17:25:45,20260525_172452_dk2022_150mw_300mwh_soc10_90_v5,1,221,93.016,0.0
2026-05-25 17:25:45,20260525_172452_dk2022_150mw_300mwh_soc10_90_v5,1,222,93.016,0.0
2026-05-25 17:25:45,20260525_172452_dk2022_150mw_300mwh_soc10_90_v5,1,223,93.016,0.0
2026-05-25 17:25:45,20260525_172452_dk2022_150mw_300mwh_soc10_90_v5,1,224,93.016,0.0
2026-05-25 17:25:45,20260525_172452_dk2022_150mw_300mwh_soc10_90_v5,1,225,93.016,0.0
2026-05-25 17:25:45,20260525_172452_dk2022_150mw_300mwh_soc10_90_v5,1,226,93.016,0.0
2026-05-25 17:25:45,20260525_172452_dk2022_150mw_300mwh_soc10_90_v5,1,227,93.016,0.0
2026-05-25 17:25:45,20260525_172452_dk2022_150mw_300mwh_soc10_90_v5,1,228,93.016,0.0
2026-05-25 17:25:45,20260525_172452_dk2022_150mw_300mwh_soc10_90_v5,1,229,93.016,0.0
2026-05-25 17:25:45,20260525_172452_dk2022_150mw_300mwh_soc10_90_v5,1,230,93.016,0.0
2026-05-25 17:25:45,20260525_172452_dk2022_150mw_300mwh_soc10_90_v5,1,231,93.016,0.0
2026-05-25 17:25:45,20260525_172452_dk2022_150mw_300mwh_soc10_90_v5,1,232,93.016,0.0
2026-05-25 17:25:45,20260525_172452_dk2022_150mw_300mwh_soc10_90_v5,1,233,93.016,0.0
2026-05-25 17:25:45,20260525_172452_dk2022_150mw_300mwh_soc10_90_v5,1,234,93.016,0.0
2026-05-25 17:25:45,20260525_172452_dk2022_150mw_300mwh_soc10_90_v5,1,235,93.016,0.0
2026-05-25 17:25:45,20260525_172452_dk2022_150mw_300mwh_soc10_90_v5,1,236,93.016,0.0
2026-05-25 17:25:45,20260525_172452_dk2022_150mw_300mwh_soc10_90_v5,1,237,93.016,0.0
2026-05-25 17:25:45,20260525_172452_dk2022_150mw_300mwh_soc10_90_v5,1,238,93.016,0.0
2026-05-25 17:25:45,20260525_172452_dk2022_150mw_300mwh_soc10_90_v5,1,239,93.016,0.0
2026-05-25 17:25:45,20260525_172452_dk2022_150mw_300mwh_soc10_90_v5,1,240,93.016,0.0
2026-05-25 17:25:45,20260525_172452_dk2022_150mw_300mwh_soc10_90_v5,1,241,93.016,0.0
2026-05-25 17:25:45,20260525_172452_dk2022_150mw_300mwh_soc10_90_v5,1,242,93.016,0.0
2026-05-25 17:25:45,20260525_172452_dk2022_150mw_300mwh_soc10_90_v5,1,243,93.016,0.0
2026-05-25 17:25:45,20260525_172452_dk2022_150mw_300mwh_soc10_90_v5,1,244,93.016,0.0
2026-05-25 17:25:45,20260525_172452_dk2022_150mw_300mwh_soc10_90_v5,1,245,93.016,0.0
2026-05-25 17:25:45,20260525_172452_dk2022_150mw_300mwh_soc10_90_v5,1,246,93.016,0.0
2026-05-25 17:25:45,20260525_172452_dk2022_150mw_300mwh_soc10_90_v5,1,247,93.016,0.0
2026-05-25 17:25:45,20260525_172452_dk2022_150mw_300mwh_soc10_90_v5,1,248,93.016,0.0
2026-05-25 17:25:45,20260525_172452_dk2022_150mw_300mwh_soc10_90_v5,1,249,93.016,0.0
2026-05-25 17:25:45,20260525_172452_dk2022_150mw_300mwh_soc10_90_v5,1,250,93.016,0.0
2026-05-25 17:25:45,20260525_172452_dk2022_150mw_300mwh_soc10_90_v5,1,251,93.016,0.0
2026-05-25 17:25:45,20260525_172452_dk2022_150mw_300mwh_soc10_90_v5,1,252,93.016,0.0
2026-05-25 17:25:45,20260525_172452_dk2022_150mw_300mwh_soc10_90_v5,1,253,93.016,0.0
2026-05-25 17:25:45,20260525_172452_dk2022_150mw_300mwh_soc10_90_v5,1,254,93.016,0.0
2026-05-25 17:25:45,20260525_172452_dk2022_150mw_300mwh_soc10_90_v5,1,255,93.016,0.0
2026-05-25 17:25:45,20260525_172452_dk2022_150mw_300mwh_soc10_90_v5,1,256,93.016,0.0
2026-05-25 17:25:45,20260525_172452_dk2022_150mw_300mwh_soc10_90_v5,1,257,93.016,0.0
2026-05-25 17:25:45,20260525_172452_dk2022_150mw_300mwh_soc10_90_v5,1,258,93.016,0.0
2026-05-25 17:25:45,20260525_172452_dk2022_150mw_300mwh_soc10_90_v5,1,259,93.016,0.0
2026-05-25 17:25:45,20260525_172452_dk2022_150mw_300mwh_soc10_90_v5,1,260,93.016,0.0
2026-05-25 17:25:45,20260525_172452_dk2022_150mw_300mwh_soc10_90_v5,1,261,93.016,0.0
2026-05-25 17:25:45,20260525_172452_dk2022_150mw_300mwh_soc10_90_v5,1,262,93.016,0.0
2026-05-25 17:25:45,20260525_172452_dk2022_150mw_300mwh_soc10_90_v5,1,263,93.016,0.0
2026-05-25 17:25:45,20260525_172452_dk2022_150mw_300mwh_soc10_90_v5,1,264,93.016,0.0
2026-05-25 17:25:45,20260525_172452_dk2022_150mw_300mwh_soc10_90_v5,1,265,93.016,0.0
2026-05-25 17:25:45,20260525_172452_dk2022_150mw_300mwh_soc10_90_v5,1,266,93.016,0.0
2026-05-25 17:25:45,20260525_172452_dk2022_150mw_300mwh_soc10_90_v5,1,267,93.016,0.0
2026-05-25 17:25:45,20260525_172452_dk2022_150mw_300mwh_soc10_90_v5,1,268,93.016,0.0
2026-05-25 17:25:45,20260525_172452_dk2022_150mw_300mwh_soc10_90_v5,1,269,93.016,0.0
2026-05-25 17:25:45,20260525_172452_dk2022_150mw_300mwh_soc10_90_v5,1,270,93.016,0.0
2026-05-25 17:25:45,20260525_172452_dk2022_150mw_300mwh_soc10_90_v5,1,271,93.016,0.0
2026-05-25 17:25:45,20260525_172452_dk2022_150mw_300mwh_soc10_90_v5,1,272,93.016,0.0
2026-05-25 17:25:45,20260525_172452_dk2022_150mw_300mwh_soc10_90_v5,1,273,93.016,0.0
2026-05-25 17:25:45,20260525_172452_dk2022_150mw_300mwh_soc10_90_v5,1,274,93.016,0.0
2026-05-25 17:25:45,20260525_172452_dk2022_150mw_300mwh_soc10_90_v5,1,275,93.016,0.0
2026-05-25 17:25:45,20260525_172452_dk2022_150mw_300mwh_soc10_90_v5,1,276,93.016,0.0
2026-05-25 17:25:45,20260525_172452_dk2022_150mw_300mwh_soc10_90_v5,1,277,93.016,0.0
2026-05-25 17:25:45,20260525_172452_dk2022_150mw_300mwh_soc10_90_v5,1,278,93.016,0.0
2026-05-25 17:25:45,20260525_172452_dk2022_150mw_300mwh_soc10_90_v5,1,279,93.016,0.0
2026-05-25 17:25:45,20260525_172452_dk2022_150mw_300mwh_soc10_90_v5,1,280,93.016,0.0
2026-05-25 17:25:45,20260525_172452_dk2022_150mw_300mwh_soc10_90_v5,1,281,93.016,0.0
2026-05-25 17:25:45,20260525_172452_dk2022_150mw_300mwh_soc10_90_v5,1,282,93.016,0.0
2026-05-25 17:25:45,20260525_172452_dk2022_150mw_300mwh_soc10_90_v5,1,283,93.016,0.0
2026-05-25 17:25:45,20260525_172452_dk2022_150mw_300mwh_soc10_90_v5,1,284,93.016,0.0
2026-05-25 17:25:45,20260525_172452_dk2022_150mw_300mwh_soc10_90_v5,1,285,93.016,0.0
2026-05-25 17:25:45,20260525_172452_dk2022_150mw_300mwh_soc10_90_v5,1,286,93.016,0.0
2026-05-25 17:25:45,20260525_172452_dk2022_150mw_300mwh_soc10_90_v5,1,287,93.016,0.0
2026-05-25 17:25:45,20260525_172452_dk2022_150mw_300mwh_soc10_90_v5,1,288,93.016,0.0
2026-05-25 17:25:45,20260525_172452_dk2022_150mw_300mwh_soc10_90_v5,1,289,93.016,0.0
2026-05-25 17:25:45,20260525_172452_dk2022_150mw_300mwh_soc10_90_v5,1,290,93.016,0.0
2026-05-25 17:25:45,20260525_172452_dk2022_150mw_300mwh_soc10_90_v5,1,291,93.016,0.0
2026-05-25 17:25:45,20260525_172452_dk2022_150mw_300mwh_soc10_90_v5,1,292,93.016,0.0
2026-05-25 17:25:45,20260525_172452_dk2022_150mw_300mwh_soc10_90_v5,1,293,93.016,0.0
2026-05-25 17:25:45,20260525_172452_dk2022_150mw_300mwh_soc10_90_v5,1,294,93.016,0.0
2026-05-25 17:25:45,20260525_172452_dk2022_150mw_300mwh_soc10_90_v5,1,295,93.016,0.0
2026-05-25 17:25:45,20260525_172452_dk2022_150mw_300mwh_soc10_90_v5,1,296,93.016,0.0
2026-05-25 17:25:45,20260525_172452_dk2022_150mw_300mwh_soc10_90_v5,1,297,93.016,0.0
2026-05-25 17:25:45,20260525_172452_dk2022_150mw_300mwh_soc10_90_v5,1,298,93.016,0.0
2026-05-25 17:25:45,20260525_172452_dk2022_150mw_300mwh_soc10_90_v5,1,299,93.016,0.0
2026-05-25 17:25:45,20260525_172452_dk2022_150mw_300mwh_soc10_90_v5,1,300,93.016,0.0
2026-05-25 17:25:45,20260525_172452_dk2022_150mw_300mwh_soc10_90_v5,1,301,93.016,0.0
2026-05-25 17:25:45,20260525_172452_dk2022_150mw_300mwh_soc10_90_v5,1,302,93.016,0.0
2026-05-25 17:25:45,20260525_172452_dk2022_150mw_300mwh_soc10_90_v5,1,303,93.016,0.0
2026-05-25 17:25:45,20260525_172452_dk2022_150mw_300mwh_soc10_90_v5,1,304,93.016,0.0
2026-05-25 17:25:45,20260525_172452_dk2022_150mw_300mwh_soc10_90_v5,1,305,93.016,0.0
2026-05-25 17:25:45,20260525_172452_dk2022_150mw_300mwh_soc10_90_v5,1,306,93.016,0.0
2026-05-25 17:25:45,20260525_172452_dk2022_150mw_300mwh_soc10_90_v5,1,307,93.016,0.0
2026-05-25 17:25:45,20260525_172452_dk2022_150mw_300mwh_soc10_90_v5,1,308,93.016,0.0
2026-05-25 17:25:45,20260525_172452_dk2022_150mw_300mwh_soc10_90_v5,1,309,93.016,0.0
2026-05-25 17:25:45,20260525_172452_dk2022_150mw_300mwh_soc10_90_v5,1,310,93.016,0.0
2026-05-25 17:25:45,20260525_172452_dk2022_150mw_300mwh_soc10_90_v5,1,311,93.016,0.0
2026-05-25 17:25:45,20260525_172452_dk2022_150mw_300mwh_soc10_90_v5,1,312,93.016,0.0
2026-05-25 17:25:45,20260525_172452_dk2022_150mw_300mwh_soc10_90_v5,1,313,93.016,0.0
2026-05-25 17:25:45,20260525_172452_dk2022_150mw_300mwh_soc10_90_v5,1,314,93.016,0.0
2026-05-25 17:25:45,20260525_172452_dk2022_150mw_300mwh_soc10_90_v5,1,315,93.016,0.0
2026-05-25 17:25:45,20260525_172452_dk2022_150mw_300mwh_soc10_90_v5,1,316,93.016,0.0
2026-05-25 17:25:45,20260525_172452_dk2022_150mw_300mwh_soc10_90_v5,1,317,93.016,0.0
2026-05-25 17:25:45,20260525_172452_dk2022_150mw_300mwh_soc10_90_v5,1,318,93.016,0.0
2026-05-25 17:25:45,20260525_172452_dk2022_150mw_300mwh_soc10_90_v5,1,319,93.016,0.0
2026-05-25 17:25:45,20260525_172452_dk2022_150mw_300mwh_soc10_90_v5,1,320,93.016,0.0
2026-05-25 17:25:45,20260525_172452_dk2022_150mw_300mwh_soc10_90_v5,1,321,93.016,0.0
2026-05-25 17:25:45,20260525_172452_dk2022_150mw_300mwh_soc10_90_v5,1,322,93.016,0.0
2026-05-25 17:25:45,20260525_172452_dk2022_150mw_300mwh_soc10_90_v5,1,323,93.016,0.0
2026-05-25 17:25:45,20260525_172452_dk2022_150mw_300mwh_soc10_90_v5,1,324,93.016,0.0
2026-05-25 17:25:45,20260525_172452_dk2022_150mw_300mwh_soc10_90_v5,1,325,93.016,0.0
2026-05-25 17:25:45,20260525_172452_dk2022_150mw_300mwh_soc10_90_v5,1,326,93.016,0.0
2026-05-25 17:25:45,20260525_172452_dk2022_150mw_300mwh_soc10_90_v5,1,327,93.016,0.0
2026-05-25 17:25:45,20260525_172452_dk2022_150mw_300mwh_soc10_90_v5,1,328,93.016,0.0
2026-05-25 17:25:45,20260525_172452_dk2022_150mw_300mwh_soc10_90_v5,1,329,93.016,0.0
2026-05-25 17:25:45,20260525_172452_dk2022_150mw_300mwh_soc10_90_v5,1,330,93.016,0.0
2026-05-25 17:25:45,20260525_172452_dk2022_150mw_300mwh_soc10_90_v5,1,331,93.016,0.0
2026-05-25 17:25:45,20260525_172452_dk2022_150mw_300mwh_soc10_90_v5,1,332,93.016,0.0
2026-05-25 17:25:45,20260525_172452_dk2022_150mw_300mwh_soc10_90_v5,1,333,93.016,0.0
2026-05-25 17:25:45,20260525_172452_dk2022_150mw_300mwh_soc10_90_v5,1,334,93.016,0.0
2026-05-25 17:25:45,20260525_172452_dk2022_150mw_300mwh_soc10_90_v5,1,335,93.016,0.0
2026-05-25 17:25:45,20260525_172452_dk2022_150mw_300mwh_soc10_90_v5,1,336,93.016,0.0
2026-05-25 17:25:45,20260525_172452_dk2022_150mw_300mwh_soc10_90_v5,1,337,93.016,0.0
2026-05-25 17:25:45,20260525_172452_dk2022_150mw_300mwh_soc10_90_v5,1,338,93.016,0.0
2026-05-25 17:25:45,20260525_172452_dk2022_150mw_300mwh_soc10_90_v5,1,339,93.016,0.0
2026-05-25 17:25:45,20260525_172452_dk2022_150mw_300mwh_soc10_90_v5,1,340,93.016,0.0
2026-05-25 17:25:45,20260525_172452_dk2022_150mw_300mwh_soc10_90_v5,1,341,93.016,0.0
2026-05-25 17:25:45,20260525_172452_dk2022_150mw_300mwh_soc10_90_v5,1,342,93.016,0.0
2026-05-25 17:25:45,20260525_172452_dk2022_150mw_300mwh_soc10_90_v5,1,343,93.016,0.0
2026-05-25 17:25:45,20260525_172452_dk2022_150mw_300mwh_soc10_90_v5,1,344,93.016,0.0
2026-05-25 17:25:45,20260525_172452_dk2022_150mw_300mwh_soc10_90_v5,1,345,93.016,0.0
2026-05-25 17:25:45,20260525_172452_dk2022_150mw_300mwh_soc10_90_v5,1,346,93.016,0.0
2026-05-25 17:25:45,20260525_172452_dk2022_150mw_300mwh_soc10_90_v5,1,347,93.016,0.0
2026-05-25 17:25:45,20260525_172452_dk2022_150mw_300mwh_soc10_90_v5,1,348,93.016,0.0
2026-05-25 17:25:45,20260525_172452_dk2022_150mw_300mwh_soc10_90_v5,1,349,93.016,0.0
2026-05-25 17:25:45,20260525_172452_dk2022_150mw_300mwh_soc10_90_v5,1,350,93.016,0.0
2026-05-25 17:25:45,20260525_172452_dk2022_150mw_300mwh_soc10_90_v5,1,351,93.016,0.0
2026-05-25 17:25:45,20260525_172452_dk2022_150mw_300mwh_soc10_90_v5,1,352,93.016,0.0
2026-05-25 17:25:45,20260525_172452_dk2022_150mw_300mwh_soc10_90_v5,1,353,93.016,0.0
2026-05-25 17:25:45,20260525_172452_dk2022_150mw_300mwh_soc10_90_v5,1,354,93.016,0.0
2026-05-25 17:25:45,20260525_172452_dk2022_150mw_300mwh_soc10_90_v5,1,355,93.016,0.0
2026-05-25 17:25:45,20260525_172452_dk2022_150mw_300mwh_soc10_90_v5,1,356,93.016,0.0
2026-05-25 17:25:45,20260525_172452_dk2022_150mw_300mwh_soc10_90_v5,1,357,93.016,0.0
2026-05-25 17:25:45,20260525_172452_dk2022_150mw_300mwh_soc10_90_v5,1,358,93.016,0.0
2026-05-25 17:25:45,20260525_172452_dk2022_150mw_300mwh_soc10_90_v5,1,359,93.016,0.0
2026-05-25 17:25:45,20260525_172452_dk2022_150mw_300mwh_soc10_90_v5,1,360,93.016,0.0
2026-05-25 17:25:45,20260525_172452_dk2022_150mw_300mwh_soc10_90_v5,1,361,93.016,0.0
2026-05-25 17:25:45,20260525_172452_dk2022_150mw_300mwh_soc10_90_v5,1,362,93.016,0.0
2026-05-25 17:25:45,20260525_172452_dk2022_150mw_300mwh_soc10_90_v5,1,363,93.016,0.0
2026-05-25 17:25:45,20260525_172452_dk2022_150mw_300mwh_soc10_90_v5,1,364,93.016,0.0
2026-05-25 17:25:45,20260525_172452_dk2022_150mw_300mwh_soc10_90_v5,1,365,93.016,0.0
2026-05-25 17:25:45,20260525_172452_dk2022_150mw_300mwh_soc10_90_v5,1,366,93.016,0.0
2026-05-25 17:25:45,20260525_172452_dk2022_150mw_300mwh_soc10_90_v5,1,367,93.016,0.0
2026-05-25 17:25:45,20260525_172452_dk2022_150mw_300mwh_soc10_90_v5,1,368,93.016,0.0
2026-05-25 17:25:45,20260525_172452_dk2022_150mw_300mwh_soc10_90_v5,1,369,93.016,0.0
2026-05-25 17:25:45,20260525_172452_dk2022_150mw_300mwh_soc10_90_v5,1,370,93.016,0.0
2026-05-25 17:25:45,20260525_172452_dk2022_150mw_300mwh_soc10_90_v5,1,371,93.016,0.0
2026-05-25 17:25:45,20260525_172452_dk2022_150mw_300mwh_soc10_90_v5,1,372,93.016,0.0
2026-05-25 17:25:45,20260525_172452_dk2022_150mw_300mwh_soc10_90_v5,1,373,93.016,0.0
2026-05-25 17:25:45,20260525_172452_dk2022_150mw_300mwh_soc10_90_v5,1,374,93.016,0.0
2026-05-25 17:25:45,20260525_172452_dk2022_150mw_300mwh_soc10_90_v5,1,375,93.016,0.0
2026-05-25 17:25:45,20260525_172452_dk2022_150mw_300mwh_soc10_90_v5,1,376,93.016,0.0
2026-05-25 17:25:45,20260525_172452_dk2022_150mw_300mwh_soc10_90_v5,1,377,93.016,0.0
2026-05-25 17:25:45,20260525_172452_dk2022_150mw_300mwh_soc10_90_v5,1,378,93.016,0.0
2026-05-25 17:25:45,20260525_172452_dk2022_150mw_300mwh_soc10_90_v5,1,379,93.016,0.0
2026-05-25 17:25:45,20260525_172452_dk2022_150mw_300mwh_soc10_90_v5,1,380,93.016,0.0
2026-05-25 17:25:45,20260525_172452_dk2022_150mw_300mwh_soc10_90_v5,1,381,93.016,0.0
2026-05-25 17:25:45,20260525_172452_dk2022_150mw_300mwh_soc10_90_v5,1,382,93.016,0.0
2026-05-25 17:25:45,20260525_172452_dk2022_150mw_300mwh_soc10_90_v5,1,383,93.016,0.0
2026-05-25 17:25:45,20260525_172452_dk2022_150mw_300mwh_soc10_90_v5,1,384,93.016,0.0
2026-05-25 17:25:45,20260525_172452_dk2022_150mw_300mwh_soc10_90_v5,1,385,93.016,0.0
2026-05-25 17:25:45,20260525_172452_dk2022_150mw_300mwh_soc10_90_v5,1,386,93.016,0.0
2026-05-25 17:25:45,20260525_172452_dk2022_150mw_300mwh_soc10_90_v5,1,387,93.016,0.0
2026-05-25 17:25:45,20260525_172452_dk2022_150mw_300mwh_soc10_90_v5,1,388,93.016,0.0
2026-05-25 17:25:45,20260525_172452_dk2022_150mw_300mwh_soc10_90_v5,1,389,93.016,0.0
2026-05-25 17:25:45,20260525_172452_dk2022_150mw_300mwh_soc10_90_v5,1,390,93.016,0.0
2026-05-25 17:25:45,20260525_172452_dk2022_150mw_300mwh_soc10_90_v5,1,391,93.016,0.0
2026-05-25 17:25:45,20260525_172452_dk2022_150mw_300mwh_soc10_90_v5,1,392,93.016,0.0
2026-05-25 17:25:45,20260525_172452_dk2022_150mw_300mwh_soc10_90_v5,1,393,93.016,0.0
2026-05-25 17:25:45,20260525_172452_dk2022_150mw_300mwh_soc10_90_v5,1,394,93.016,0.0
2026-05-25 17:25:45,20260525_172452_dk2022_150mw_300mwh_soc10_90_v5,1,395,93.016,0.0
2026-05-25 17:25:45,20260525_172452_dk2022_150mw_300mwh_soc10_90_v5,1,396,93.016,0.0
2026-05-25 17:25:45,20260525_172452_dk2022_150mw_300mwh_soc10_90_v5,1,397,93.016,0.0
2026-05-25 17:25:45,20260525_172452_dk2022_150mw_300mwh_soc10_90_v5,1,398,93.016,0.0
2026-05-25 17:25:45,20260525_172452_dk2022_150mw_300mwh_soc10_90_v5,1,399,93.016,0.0
2026-05-25 17:25:45,20260525_172452_dk2022_150mw_300mwh_soc10_90_v5,1,400,93.016,0.0
2026-05-25 17:25:45,20260525_172452_dk2022_150mw_300mwh_soc10_90_v5,1,401,93.016,0.0
2026-05-25 17:25:45,20260525_172452_dk2022_150mw_300mwh_soc10_90_v5,1,402,93.016,0.0
2026-05-25 17:25:45,20260525_172452_dk2022_150mw_300mwh_soc10_90_v5,1,403,93.016,0.0
2026-05-25 17:25:45,20260525_172452_dk2022_150mw_300mwh_soc10_90_v5,1,404,93.016,0.0
2026-05-25 17:25:45,20260525_172452_dk2022_150mw_300mwh_soc10_90_v5,1,405,93.016,0.0
2026-05-25 17:25:45,20260525_172452_dk2022_150mw_300mwh_soc10_90_v5,1,406,93.016,0.0
2026-05-25 17:25:45,20260525_172452_dk2022_150mw_300mwh_soc10_90_v5,1,407,93.016,0.0
2026-05-25 17:25:45,20260525_172452_dk2022_150mw_300mwh_soc10_90_v5,1,408,93.016,0.0
2026-05-25 17:25:45,20260525_172452_dk2022_150mw_300mwh_soc10_90_v5,1,409,93.016,0.0
2026-05-25 17:25:45,20260525_172452_dk2022_150mw_300mwh_soc10_90_v5,1,410,93.016,0.0
2026-05-25 17:25:45,20260525_172452_dk2022_150mw_300mwh_soc10_90_v5,1,411,93.016,0.0
2026-05-25 17:25:45,20260525_172452_dk2022_150mw_300mwh_soc10_90_v5,1,412,93.016,0.0
2026-05-25 17:25:45,20260525_172452_dk2022_150mw_300mwh_soc10_90_v5,1,413,93.016,0.0
2026-05-25 17:25:45,20260525_172452_dk2022_150mw_300mwh_soc10_90_v5,1,414,93.016,0.0
2026-05-25 17:25:45,20260525_172452_dk2022_150mw_300mwh_soc10_90_v5,1,415,93.016,0.0
2026-05-25 17:25:45,20260525_172452_dk2022_150mw_300mwh_soc10_90_v5,1,416,93.016,0.0
2026-05-25 17:25:45,20260525_172452_dk2022_150mw_300mwh_soc10_90_v5,1,417,93.016,0.0
2026-05-25 17:25:45,20260525_172452_dk2022_150mw_300mwh_soc10_90_v5,1,418,93.016,0.0
2026-05-25 17:25:45,20260525_172452_dk2022_150mw_300mwh_soc10_90_v5,1,419,93.016,0.0
2026-05-25 17:25:45,20260525_172452_dk2022_150mw_300mwh_soc10_90_v5,1,420,93.016,0.0
2026-05-25 17:25:45,20260525_172452_dk2022_150mw_300mwh_soc10_90_v5,1,421,93.016,0.0
2026-05-25 17:25:45,20260525_172452_dk2022_150mw_300mwh_soc10_90_v5,1,422,93.016,0.0
2026-05-25 17:25:45,20260525_172452_dk2022_150mw_300mwh_soc10_90_v5,1,423,93.016,0.0
2026-05-25 17:25:45,20260525_172452_dk2022_150mw_300mwh_soc10_90_v5,1,424,93.016,0.0
2026-05-25 17:25:45,20260525_172452_dk2022_150mw_300mwh_soc10_90_v5,1,425,93.016,0.0
2026-05-25 17:25:45,20260525_172452_dk2022_150mw_300mwh_soc10_90_v5,1,426,93.016,0.0
2026-05-25 17:25:45,20260525_172452_dk2022_150mw_300mwh_soc10_90_v5,1,427,93.016,0.0
2026-05-25 17:25:45,20260525_172452_dk2022_150mw_300mwh_soc10_90_v5,1,428,93.016,0.0
2026-05-25 17:25:45,20260525_172452_dk2022_150mw_300mwh_soc10_90_v5,1,429,93.016,0.0
2026-05-25 17:25:45,20260525_172452_dk2022_150mw_300mwh_soc10_90_v5,1,430,93.016,0.0
2026-05-25 17:25:45,20260525_172452_dk2022_150mw_300mwh_soc10_90_v5,1,431,93.016,0.0
2026-05-25 17:25:45,20260525_172452_dk2022_150mw_300mwh_soc10_90_v5,1,432,93.016,0.0
2026-05-25 17:25:45,20260525_172452_dk2022_150mw_300mwh_soc10_90_v5,1,433,93.016,0.0
2026-05-25 17:25:45,20260525_172452_dk2022_150mw_300mwh_soc10_90_v5,1,434,93.016,0.0
2026-05-25 17:25:45,20260525_172452_dk2022_150mw_300mwh_soc10_90_v5,1,435,93.016,0.0
2026-05-25 17:25:45,20260525_172452_dk2022_150mw_300mwh_soc10_90_v5,1,436,93.016,0.0
2026-05-25 17:25:45,20260525_172452_dk2022_150mw_300mwh_soc10_90_v5,1,437,93.016,0.0
2026-05-25 17:25:45,20260525_172452_dk2022_150mw_300mwh_soc10_90_v5,1,438,93.016,0.0
2026-05-25 17:25:45,20260525_172452_dk2022_150mw_300mwh_soc10_90_v5,1,439,93.016,0.0
2026-05-25 17:25:45,20260525_172452_dk2022_150mw_300mwh_soc10_90_v5,1,440,93.016,0.0
2026-05-25 17:25:45,20260525_172452_dk2022_150mw_300mwh_soc10_90_v5,1,441,93.016,0.0
2026-05-25 17:25:45,20260525_172452_dk2022_150mw_300mwh_soc10_90_v5,1,442,93.016,0.0
2026-05-25 17:25:45,20260525_172452_dk2022_150mw_300mwh_soc10_90_v5,1,443,93.016,0.0
2026-05-25 17:25:45,20260525_172452_dk2022_150mw_300mwh_soc10_90_v5,1,444,93.016,0.0
2026-05-25 17:25:45,20260525_172452_dk2022_150mw_300mwh_soc10_90_v5,1,445,93.016,0.0
2026-05-25 17:25:45,20260525_172452_dk2022_150mw_300mwh_soc10_90_v5,1,446,93.016,0.0
2026-05-25 17:25:45,20260525_172452_dk2022_150mw_300mwh_soc10_90_v5,1,447,93.016,0.0
2026-05-25 17:25:45,20260525_172452_dk2022_150mw_300mwh_soc10_90_v5,1,448,93.016,0.0
2026-05-25 17:25:45,20260525_172452_dk2022_150mw_300mwh_soc10_90_v5,1,449,93.016,0.0
2026-05-25 17:25:45,20260525_172452_dk2022_150mw_300mwh_soc10_90_v5,1,450,93.016,0.0
2026-05-25 17:25:45,20260525_172452_dk2022_150mw_300mwh_soc10_90_v5,1,451,93.016,0.0
2026-05-25 17:25:45,20260525_172452_dk2022_150mw_300mwh_soc10_90_v5,1,452,93.016,0.0
2026-05-25 17:25:45,20260525_172452_dk2022_150mw_300mwh_soc10_90_v5,1,453,93.016,0.0
2026-05-25 17:25:45,20260525_172452_dk2022_150mw_300mwh_soc10_90_v5,1,454,93.016,0.0
2026-05-25 17:25:45,20260525_172452_dk2022_150mw_300mwh_soc10_90_v5,1,455,93.016,0.0
2026-05-25 17:25:45,20260525_172452_dk2022_150mw_300mwh_soc10_90_v5,1,456,93.016,0.0
2026-05-25 17:25:45,20260525_172452_dk2022_150mw_300mwh_soc10_90_v5,1,457,93.016,0.0
2026-05-25 17:25:45,20260525_172452_dk2022_150mw_300mwh_soc10_90_v5,1,458,93.016,0.0
2026-05-25 17:25:45,20260525_172452_dk2022_150mw_300mwh_soc10_90_v5,1,459,93.016,0.0
2026-05-25 17:25:45,20260525_172452_dk2022_150mw_300mwh_soc10_90_v5,1,460,93.016,0.0
2026-05-25 17:25:45,20260525_172452_dk2022_150mw_300mwh_soc10_90_v5,1,461,93.016,0.0
2026-05-25 17:25:45,20260525_172452_dk2022_150mw_300mwh_soc10_90_v5,1,462,93.016,0.0
2026-05-25 17:25:45,20260525_172452_dk2022_150mw_300mwh_soc10_90_v5,1,463,93.016,0.0
2026-05-25 17:25:45,20260525_172452_dk2022_150mw_300mwh_soc10_90_v5,1,464,93.016,0.0
2026-05-25 17:25:45,20260525_172452_dk2022_150mw_300mwh_soc10_90_v5,1,465,93.016,0.0
2026-05-25 17:25:45,20260525_172452_dk2022_150mw_300mwh_soc10_90_v5,1,466,93.016,0.0
2026-05-25 17:25:45,20260525_172452_dk2022_150mw_300mwh_soc10_90_v5,1,467,93.016,0.0
2026-05-25 17:25:45,20260525_172452_dk2022_150mw_300mwh_soc10_90_v5,1,468,93.016,0.0
2026-05-25 17:25:45,20260525_172452_dk2022_150mw_300mwh_soc10_90_v5,1,469,93.016,0.0
2026-05-25 17:25:45,20260525_172452_dk2022_150mw_300mwh_soc10_90_v5,1,470,93.016,0.0
2026-05-25 17:25:45,20260525_172452_dk2022_150mw_300mwh_soc10_90_v5,1,471,93.016,0.0
2026-05-25 17:25:45,20260525_172452_dk2022_150mw_300mwh_soc10_90_v5,1,472,93.016,0.0
2026-05-25 17:25:45,20260525_172452_dk2022_150mw_300mwh_soc10_90_v5,1,473,93.016,0.0
2026-05-25 17:25:45,20260525_172452_dk2022_150mw_300mwh_soc10_90_v5,1,474,93.016,0.0
2026-05-25 17:25:45,20260525_172452_dk2022_150mw_300mwh_soc10_90_v5,1,475,93.016,0.0
2026-05-25 17:25:45,20260525_172452_dk2022_150mw_300mwh_soc10_90_v5,1,476,93.016,0.0
2026-05-25 17:25:45,20260525_172452_dk2022_150mw_300mwh_soc10_90_v5,1,477,93.016,0.0
2026-05-25 17:25:45,20260525_172452_dk2022_150mw_300mwh_soc10_90_v5,1,478,93.016,0.0
2026-05-25 17:25:45,20260525_172452_dk2022_150mw_300mwh_soc10_90_v5,1,479,93.016,0.0
2026-05-25 17:25:45,20260525_172452_dk2022_150mw_300mwh_soc10_90_v5,1,480,93.016,0.0
2026-05-25 17:25:45,20260525_172452_dk2022_150mw_300mwh_soc10_90_v5,1,481,93.016,0.0
2026-05-25 17:25:45,20260525_172452_dk2022_150mw_300mwh_soc10_90_v5,1,482,93.016,0.0
2026-05-25 17:25:45,20260525_172452_dk2022_150mw_300mwh_soc10_90_v5,1,483,93.016,0.0
2026-05-25 17:25:45,20260525_172452_dk2022_150mw_300mwh_soc10_90_v5,1,484,93.016,0.0
2026-05-25 17:25:45,20260525_172452_dk2022_150mw_300mwh_soc10_90_v5,1,485,93.016,0.0
2026-05-25 17:25:45,20260525_172452_dk2022_150mw_300mwh_soc10_90_v5,1,486,93.016,0.0
2026-05-25 17:25:45,20260525_172452_dk2022_150mw_300mwh_soc10_90_v5,1,487,93.016,0.0
2026-05-25 17:25:45,20260525_172452_dk2022_150mw_300mwh_soc10_90_v5,1,488,93.016,0.0
2026-05-25 17:25:45,20260525_172452_dk2022_150mw_300mwh_soc10_90_v5,1,489,93.016,0.0
2026-05-25 17:25:45,20260525_172452_dk2022_150mw_300mwh_soc10_90_v5,1,490,93.016,0.0
2026-05-25 17:25:45,20260525_172452_dk2022_150mw_300mwh_soc10_90_v5,1,491,93.016,0.0
2026-05-25 17:25:45,20260525_172452_dk2022_150mw_300mwh_soc10_90_v5,1,492,93.016,0.0
2026-05-25 17:25:45,20260525_172452_dk2022_150mw_300mwh_soc10_90_v5,1,493,93.016,0.0
2026-05-25 17:25:45,20260525_172452_dk2022_150mw_300mwh_soc10_90_v5,1,494,93.016,0.0
2026-05-25 17:25:45,20260525_172452_dk2022_150mw_300mwh_soc10_90_v5,1,495,93.016,0.0
2026-05-25 17:25:45,20260525_172452_dk2022_150mw_300mwh_soc10_90_v5,1,496,93.016,0.0
2026-05-25 17:25:45,20260525_172452_dk2022_150mw_300mwh_soc10_90_v5,1,497,93.016,0.0
2026-05-25 17:25:45,20260525_172452_dk2022_150mw_300mwh_soc10_90_v5,1,498,93.016,0.0
2026-05-25 17:25:45,20260525_172452_dk2022_150mw_300mwh_soc10_90_v5,1,499,93.016,0.0
2026-05-25 17:25:45,20260525_172452_dk2022_150mw_300mwh_soc10_90_v5,1,500,93.016,0.0
2026-05-25 17:25:45,20260525_172452_dk2022_150mw_300mwh_soc10_90_v5,1,501,93.016,0.0
2026-05-25 17:25:45,20260525_172452_dk2022_150mw_300mwh_soc10_90_v5,1,502,93.016,0.0
2026-05-25 17:25:45,20260525_172452_dk2022_150mw_300mwh_soc10_90_v5,1,503,93.016,0.0
2026-05-25 17:25:45,20260525_172452_dk2022_150mw_300mwh_soc10_90_v5,1,504,93.016,0.0
2026-05-25 17:25:45,20260525_172452_dk2022_150mw_300mwh_soc10_90_v5,1,505,93.016,0.0
2026-05-25 17:25:45,20260525_172452_dk2022_150mw_300mwh_soc10_90_v5,1,506,93.016,0.0
2026-05-25 17:25:45,20260525_172452_dk2022_150mw_300mwh_soc10_90_v5,1,507,93.016,0.0
2026-05-25 17:25:45,20260525_172452_dk2022_150mw_300mwh_soc10_90_v5,1,508,93.016,0.0
2026-05-25 17:25:45,20260525_172452_dk2022_150mw_300mwh_soc10_90_v5,1,509,93.016,0.0
2026-05-25 17:25:45,20260525_172452_dk2022_150mw_300mwh_soc10_90_v5,1,510,93.016,0.0
2026-05-25 17:25:45,20260525_172452_dk2022_150mw_300mwh_soc10_90_v5,1,511,93.016,0.0
2026-05-25 17:25:45,20260525_172452_dk2022_150mw_300mwh_soc10_90_v5,1,512,93.016,0.0
2026-05-25 17:25:45,20260525_172452_dk2022_150mw_300mwh_soc10_90_v5,1,513,93.016,0.0
2026-05-25 17:25:45,20260525_172452_dk2022_150mw_300mwh_soc10_90_v5,1,514,93.016,0.0
2026-05-25 17:25:45,20260525_172452_dk2022_150mw_300mwh_soc10_90_v5,1,515,93.016,0.0
2026-05-25 17:25:45,20260525_172452_dk2022_150mw_300mwh_soc10_90_v5,1,516,93.016,0.0
2026-05-25 17:25:45,20260525_172452_dk2022_150mw_300mwh_soc10_90_v5,1,517,93.016,0.0
2026-05-25 17:25:45,20260525_172452_dk2022_150mw_300mwh_soc10_90_v5,1,518,93.016,0.0
2026-05-25 17:25:45,20260525_172452_dk2022_150mw_300mwh_soc10_90_v5,1,519,93.016,0.0
2026-05-25 17:25:45,20260525_172452_dk2022_150mw_300mwh_soc10_90_v5,1,520,93.016,0.0
2026-05-25 17:25:45,20260525_172452_dk2022_150mw_300mwh_soc10_90_v5,1,521,93.016,0.0
2026-05-25 17:25:45,20260525_172452_dk2022_150mw_300mwh_soc10_90_v5,1,522,93.016,0.0
2026-05-25 17:25:45,20260525_172452_dk2022_150mw_300mwh_soc10_90_v5,1,523,93.016,0.0
2026-05-25 17:25:45,20260525_172452_dk2022_150mw_300mwh_soc10_90_v5,1,524,93.016,0.0
2026-05-25 17:25:45,20260525_172452_dk2022_150mw_300mwh_soc10_90_v5,1,525,93.016,0.0
2026-05-25 17:25:45,20260525_172452_dk2022_150mw_300mwh_soc10_90_v5,1,526,93.016,0.0
2026-05-25 17:25:45,20260525_172452_dk2022_150mw_300mwh_soc10_90_v5,1,527,93.016,0.0
2026-05-25 17:25:45,20260525_172452_dk2022_150mw_300mwh_soc10_90_v5,1,528,93.016,0.0
2026-05-25 17:25:45,20260525_172452_dk2022_150mw_300mwh_soc10_90_v5,1,529,93.016,0.0
2026-05-25 17:25:45,20260525_172452_dk2022_150mw_300mwh_soc10_90_v5,1,530,93.016,0.0
2026-05-25 17:25:45,20260525_172452_dk2022_150mw_300mwh_soc10_90_v5,1,531,93.016,0.0
2026-05-25 17:25:45,20260525_172452_dk2022_150mw_300mwh_soc10_90_v5,1,532,93.016,0.0
2026-05-25 17:25:45,20260525_172452_dk2022_150mw_300mwh_soc10_90_v5,1,533,93.016,0.0
2026-05-25 17:25:45,20260525_172452_dk2022_150mw_300mwh_soc10_90_v5,1,534,93.016,0.0
2026-05-25 17:25:45,20260525_172452_dk2022_150mw_300mwh_soc10_90_v5,1,535,93.016,0.0
2026-05-25 17:25:45,20260525_172452_dk2022_150mw_300mwh_soc10_90_v5,1,536,93.016,0.0
2026-05-25 17:25:45,20260525_172452_dk2022_150mw_300mwh_soc10_90_v5,1,537,93.016,0.0
2026-05-25 17:25:45,20260525_172452_dk2022_150mw_300mwh_soc10_90_v5,1,538,93.016,0.0
2026-05-25 17:25:45,20260525_172452_dk2022_150mw_300mwh_soc10_90_v5,1,539,93.016,0.0
2026-05-25 17:25:45,20260525_172452_dk2022_150mw_300mwh_soc10_90_v5,1,540,93.016,0.0
2026-05-25 17:25:45,20260525_172452_dk2022_150mw_300mwh_soc10_90_v5,1,541,93.016,0.0
2026-05-25 17:25:45,20260525_172452_dk2022_150mw_300mwh_soc10_90_v5,1,542,93.016,0.0
2026-05-25 17:25:45,20260525_172452_dk2022_150mw_300mwh_soc10_90_v5,1,543,93.016,0.0
2026-05-25 17:25:45,20260525_172452_dk2022_150mw_300mwh_soc10_90_v5,1,544,93.016,0.0
2026-05-25 17:25:45,20260525_172452_dk2022_150mw_300mwh_soc10_90_v5,1,545,93.016,0.0
2026-05-25 17:25:45,20260525_172452_dk2022_150mw_300mwh_soc10_90_v5,1,546,93.016,0.0
2026-05-25 17:25:45,20260525_172452_dk2022_150mw_300mwh_soc10_90_v5,1,547,93.016,0.0
2026-05-25 17:25:45,20260525_172452_dk2022_150mw_300mwh_soc10_90_v5,1,548,93.016,0.0
2026-05-25 17:25:45,20260525_172452_dk2022_150mw_300mwh_soc10_90_v5,1,549,93.016,0.0
2026-05-25 17:25:45,20260525_172452_dk2022_150mw_300mwh_soc10_90_v5,1,550,93.016,0.0
2026-05-25 17:25:45,20260525_172452_dk2022_150mw_300mwh_soc10_90_v5,1,551,93.016,0.0
2026-05-25 17:25:45,20260525_172452_dk2022_150mw_300mwh_soc10_90_v5,1,552,93.016,0.0
2026-05-25 17:25:45,20260525_172452_dk2022_150mw_300mwh_soc10_90_v5,1,553,93.016,0.0
2026-05-25 17:25:45,20260525_172452_dk2022_150mw_300mwh_soc10_90_v5,1,554,93.016,0.0
2026-05-25 17:25:45,20260525_172452_dk2022_150mw_300mwh_soc10_90_v5,1,555,93.016,0.0
2026-05-25 17:25:45,20260525_172452_dk2022_150mw_300mwh_soc10_90_v5,1,556,93.016,0.0
2026-05-25 17:25:45,20260525_172452_dk2022_150mw_300mwh_soc10_90_v5,1,557,93.016,0.0
2026-05-25 17:25:45,20260525_172452_dk2022_150mw_300mwh_soc10_90_v5,1,558,93.016,0.0
2026-05-25 17:25:45,20260525_172452_dk2022_150mw_300mwh_soc10_90_v5,1,559,93.016,0.0
2026-05-25 17:25:45,20260525_172452_dk2022_150mw_300mwh_soc10_90_v5,1,560,93.016,0.0
2026-05-25 17:25:45,20260525_172452_dk2022_150mw_300mwh_soc10_90_v5,1,561,93.016,0.0
2026-05-25 17:25:45,20260525_172452_dk2022_150mw_300mwh_soc10_90_v5,1,562,93.016,0.0
2026-05-25 17:25:45,20260525_172452_dk2022_150mw_300mwh_soc10_90_v5,1,563,93.016,0.0
2026-05-25 17:25:45,20260525_172452_dk2022_150mw_300mwh_soc10_90_v5,1,564,93.016,0.0
2026-05-25 17:25:45,20260525_172452_dk2022_150mw_300mwh_soc10_90_v5,1,565,93.016,0.0
2026-05-25 17:25:45,20260525_172452_dk2022_150mw_300mwh_soc10_90_v5,1,566,93.016,0.0
2026-05-25 17:25:45,20260525_172452_dk2022_150mw_300mwh_soc10_90_v5,1,567,93.016,0.0
2026-05-25 17:25:45,20260525_172452_dk2022_150mw_300mwh_soc10_90_v5,1,568,93.016,0.0
2026-05-25 17:25:45,20260525_172452_dk2022_150mw_300mwh_soc10_90_v5,1,569,93.016,0.0
2026-05-25 17:25:45,20260525_172452_dk2022_150mw_300mwh_soc10_90_v5,1,570,93.016,0.0
2026-05-25 17:25:45,20260525_172452_dk2022_150mw_300mwh_soc10_90_v5,1,571,93.016,0.0
2026-05-25 17:25:45,20260525_172452_dk2022_150mw_300mwh_soc10_90_v5,1,572,93.016,0.0
2026-05-25 17:25:45,20260525_172452_dk2022_150mw_300mwh_soc10_90_v5,1,573,93.016,0.0
2026-05-25 17:25:45,20260525_172452_dk2022_150mw_300mwh_soc10_90_v5,1,574,93.016,0.0
2026-05-25 17:25:45,20260525_172452_dk2022_150mw_300mwh_soc10_90_v5,1,575,93.016,0.0
2026-05-25 17:25:45,20260525_172452_dk2022_150mw_300mwh_soc10_90_v5,1,576,93.016,0.0
2026-05-25 17:25:45,20260525_172452_dk2022_150mw_300mwh_soc10_90_v5,1,577,93.016,0.0
2026-05-25 17:25:45,20260525_172452_dk2022_150mw_300mwh_soc10_90_v5,1,578,93.016,0.0
2026-05-25 17:25:45,20260525_172452_dk2022_150mw_300mwh_soc10_90_v5,1,579,93.016,0.0
2026-05-25 17:25:45,20260525_172452_dk2022_150mw_300mwh_soc10_90_v5,1,580,93.016,0.0
2026-05-25 17:25:45,20260525_172452_dk2022_150mw_300mwh_soc10_90_v5,1,581,93.016,0.0
2026-05-25 17:25:45,20260525_172452_dk2022_150mw_300mwh_soc10_90_v5,1,582,93.016,0.0
2026-05-25 17:25:45,20260525_172452_dk2022_150mw_300mwh_soc10_90_v5,1,583,93.016,0.0
2026-05-25 17:25:45,20260525_172452_dk2022_150mw_300mwh_soc10_90_v5,1,584,93.016,0.0
2026-05-25 17:25:45,20260525_172452_dk2022_150mw_300mwh_soc10_90_v5,1,585,93.016,0.0
2026-05-25 17:25:45,20260525_172452_dk2022_150mw_300mwh_soc10_90_v5,1,586,93.016,0.0
2026-05-25 17:25:45,20260525_172452_dk2022_150mw_300mwh_soc10_90_v5,1,587,93.016,0.0
2026-05-25 17:25:45,20260525_172452_dk2022_150mw_300mwh_soc10_90_v5,1,588,93.016,0.0
2026-05-25 17:25:45,20260525_172452_dk2022_150mw_300mwh_soc10_90_v5,1,589,93.016,0.0
2026-05-25 17:25:45,20260525_172452_dk2022_150mw_300mwh_soc10_90_v5,1,590,93.016,0.0
2026-05-25 17:25:45,20260525_172452_dk2022_150mw_300mwh_soc10_90_v5,1,591,93.016,0.0
2026-05-25 17:25:45,20260525_172452_dk2022_150mw_300mwh_soc10_90_v5,1,592,93.016,0.0
2026-05-25 17:25:45,20260525_172452_dk2022_150mw_300mwh_soc10_90_v5,1,593,93.016,0.0
2026-05-25 17:25:45,20260525_172452_dk2022_150mw_300mwh_soc10_90_v5,1,594,93.016,0.0
2026-05-25 17:25:45,20260525_172452_dk2022_150mw_300mwh_soc10_90_v5,1,595,93.016,0.0
2026-05-25 17:25:45,20260525_172452_dk2022_150mw_300mwh_soc10_90_v5,1,596,93.016,0.0
2026-05-25 17:25:45,20260525_172452_dk2022_150mw_300mwh_soc10_90_v5,1,597,93.016,0.0
2026-05-25 17:25:45,20260525_172452_dk2022_150mw_300mwh_soc10_90_v5,1,598,93.016,0.0
2026-05-25 17:25:45,20260525_172452_dk2022_150mw_300mwh_soc10_90_v5,1,599,93.016,0.0
2026-05-25 17:25:45,20260525_172452_dk2022_150mw_300mwh_soc10_90_v5,1,600,93.016,0.0
2026-05-25 17:25:45,20260525_172452_dk2022_150mw_300mwh_soc10_90_v5,1,601,93.016,0.0
2026-05-25 17:25:45,20260525_172452_dk2022_150mw_300mwh_soc10_90_v5,1,602,93.016,0.0
2026-05-25 17:25:45,20260525_172452_dk2022_150mw_300mwh_soc10_90_v5,1,603,93.016,0.0
2026-05-25 17:25:45,20260525_172452_dk2022_150mw_300mwh_soc10_90_v5,1,604,93.016,0.0
2026-05-25 17:25:45,20260525_172452_dk2022_150mw_300mwh_soc10_90_v5,1,605,93.016,0.0
2026-05-25 17:25:45,20260525_172452_dk2022_150mw_300mwh_soc10_90_v5,1,606,93.016,0.0
2026-05-25 17:25:45,20260525_172452_dk2022_150mw_300mwh_soc10_90_v5,1,607,93.016,0.0
2026-05-25 17:25:45,20260525_172452_dk2022_150mw_300mwh_soc10_90_v5,1,608,93.016,0.0
2026-05-25 17:25:45,20260525_172452_dk2022_150mw_300mwh_soc10_90_v5,1,609,93.016,0.0
2026-05-25 17:25:45,20260525_172452_dk2022_150mw_300mwh_soc10_90_v5,1,610,93.016,0.0
2026-05-25 17:25:45,20260525_172452_dk2022_150mw_300mwh_soc10_90_v5,1,611,93.016,0.0
2026-05-25 17:25:45,20260525_172452_dk2022_150mw_300mwh_soc10_90_v5,1,612,93.016,0.0
2026-05-25 17:25:45,20260525_172452_dk2022_150mw_300mwh_soc10_90_v5,1,613,93.016,0.0
2026-05-25 17:25:45,20260525_172452_dk2022_150mw_300mwh_soc10_90_v5,1,614,93.016,0.0
2026-05-25 17:25:45,20260525_172452_dk2022_150mw_300mwh_soc10_90_v5,1,615,93.016,0.0
2026-05-25 17:25:45,20260525_172452_dk2022_150mw_300mwh_soc10_90_v5,1,616,93.016,0.0
2026-05-25 17:25:45,20260525_172452_dk2022_150mw_300mwh_soc10_90_v5,1,617,93.016,0.0
2026-05-25 17:25:45,20260525_172452_dk2022_150mw_300mwh_soc10_90_v5,1,618,93.016,0.0
2026-05-25 17:25:45,20260525_172452_dk2022_150mw_300mwh_soc10_90_v5,1,619,93.016,0.0
2026-05-25 17:25:45,20260525_172452_dk2022_150mw_300mwh_soc10_90_v5,1,620,93.016,0.0
2026-05-25 17:25:45,20260525_172452_dk2022_150mw_300mwh_soc10_90_v5,1,621,93.016,0.0
2026-05-25 17:25:45,20260525_172452_dk2022_150mw_300mwh_soc10_90_v5,1,622,93.016,0.0
2026-05-25 17:25:45,20260525_172452_dk2022_150mw_300mwh_soc10_90_v5,1,623,93.016,0.0
2026-05-25 17:25:45,20260525_172452_dk2022_150mw_300mwh_soc10_90_v5,1,624,93.016,0.0
2026-05-25 17:25:45,20260525_172452_dk2022_150mw_300mwh_soc10_90_v5,1,625,93.016,0.0
2026-05-25 17:25:45,20260525_172452_dk2022_150mw_300mwh_soc10_90_v5,1,626,93.016,0.0
2026-05-25 17:25:45,20260525_172452_dk2022_150mw_300mwh_soc10_90_v5,1,627,93.016,0.0
2026-05-25 17:25:45,20260525_172452_dk2022_150mw_300mwh_soc10_90_v5,1,628,93.016,0.0
2026-05-25 17:25:45,20260525_172452_dk2022_150mw_300mwh_soc10_90_v5,1,629,93.016,0.0
2026-05-25 17:25:45,20260525_172452_dk2022_150mw_300mwh_soc10_90_v5,1,630,93.016,0.0
2026-05-25 17:25:45,20260525_172452_dk2022_150mw_300mwh_soc10_90_v5,1,631,93.016,0.0
2026-05-25 17:25:45,20260525_172452_dk2022_150mw_300mwh_soc10_90_v5,1,632,93.016,0.0
2026-05-25 17:25:45,20260525_172452_dk2022_150mw_300mwh_soc10_90_v5,1,633,93.016,0.0
2026-05-25 17:25:45,20260525_172452_dk2022_150mw_300mwh_soc10_90_v5,1,634,93.016,0.0
2026-05-25 17:25:45,20260525_172452_dk2022_150mw_300mwh_soc10_90_v5,1,635,93.016,0.0
2026-05-25 17:25:45,20260525_172452_dk2022_150mw_300mwh_soc10_90_v5,1,636,93.016,0.0
2026-05-25 17:25:45,20260525_172452_dk2022_150mw_300mwh_soc10_90_v5,1,637,93.016,0.0
2026-05-25 17:25:45,20260525_172452_dk2022_150mw_300mwh_soc10_90_v5,1,638,93.016,0.0
2026-05-25 17:25:45,20260525_172452_dk2022_150mw_300mwh_soc10_90_v5,1,639,93.016,0.0
2026-05-25 17:25:45,20260525_172452_dk2022_150mw_300mwh_soc10_90_v5,1,640,93.016,0.0
2026-05-25 17:25:45,20260525_172452_dk2022_150mw_300mwh_soc10_90_v5,1,641,93.016,0.0
2026-05-25 17:25:45,20260525_172452_dk2022_150mw_300mwh_soc10_90_v5,1,642,93.016,0.0
2026-05-25 17:25:45,20260525_172452_dk2022_150mw_300mwh_soc10_90_v5,1,643,93.016,0.0
2026-05-25 17:25:45,20260525_172452_dk2022_150mw_300mwh_soc10_90_v5,1,644,93.016,0.0
2026-05-25 17:25:45,20260525_172452_dk2022_150mw_300mwh_soc10_90_v5,1,645,93.016,0.0
2026-05-25 17:25:45,20260525_172452_dk2022_150mw_300mwh_soc10_90_v5,1,646,93.016,0.0
2026-05-25 17:25:45,20260525_172452_dk2022_150mw_300mwh_soc10_90_v5,1,647,93.016,0.0
2026-05-25 17:25:45,20260525_172452_dk2022_150mw_300mwh_soc10_90_v5,1,648,93.016,0.0
2026-05-25 17:25:45,20260525_172452_dk2022_150mw_300mwh_soc10_90_v5,1,649,93.016,0.0
2026-05-25 17:25:45,20260525_172452_dk2022_150mw_300mwh_soc10_90_v5,1,650,93.016,0.0
2026-05-25 17:25:45,20260525_172452_dk2022_150mw_300mwh_soc10_90_v5,1,651,93.016,0.0
2026-05-25 17:25:45,20260525_172452_dk2022_150mw_300mwh_soc10_90_v5,1,652,93.016,0.0
2026-05-25 17:25:45,20260525_172452_dk2022_150mw_300mwh_soc10_90_v5,1,653,93.016,0.0
2026-05-25 17:25:45,20260525_172452_dk2022_150mw_300mwh_soc10_90_v5,1,654,93.016,0.0
2026-05-25 17:25:45,20260525_172452_dk2022_150mw_300mwh_soc10_90_v5,1,655,93.016,0.0
2026-05-25 17:25:45,20260525_172452_dk2022_150mw_300mwh_soc10_90_v5,1,656,93.016,0.0
2026-05-25 17:25:45,20260525_172452_dk2022_150mw_300mwh_soc10_90_v5,1,657,93.016,0.0
2026-05-25 17:25:45,20260525_172452_dk2022_150mw_300mwh_soc10_90_v5,1,658,93.016,0.0
2026-05-25 17:25:45,20260525_172452_dk2022_150mw_300mwh_soc10_90_v5,1,659,93.016,0.0
2026-05-25 17:25:45,20260525_172452_dk2022_150mw_300mwh_soc10_90_v5,1,660,93.016,0.0
2026-05-25 17:25:45,20260525_172452_dk2022_150mw_300mwh_soc10_90_v5,1,661,93.016,0.0
2026-05-25 17:25:45,20260525_172452_dk2022_150mw_300mwh_soc10_90_v5,1,662,93.016,0.0
2026-05-25 17:25:45,20260525_172452_dk2022_150mw_300mwh_soc10_90_v5,1,663,93.016,0.0
2026-05-25 17:25:45,20260525_172452_dk2022_150mw_300mwh_soc10_90_v5,1,664,93.016,0.0
2026-05-25 17:25:45,20260525_172452_dk2022_150mw_300mwh_soc10_90_v5,1,665,93.016,0.0
2026-05-25 17:25:45,20260525_172452_dk2022_150mw_300mwh_soc10_90_v5,1,666,93.016,0.0
2026-05-25 17:25:45,20260525_172452_dk2022_150mw_300mwh_soc10_90_v5,1,667,93.016,0.0
2026-05-25 17:25:45,20260525_172452_dk2022_150mw_300mwh_soc10_90_v5,1,668,93.016,0.0
2026-05-25 17:25:45,20260525_172452_dk2022_150mw_300mwh_soc10_90_v5,1,669,93.016,0.0
2026-05-25 17:25:45,20260525_172452_dk2022_150mw_300mwh_soc10_90_v5,1,670,93.016,0.0
2026-05-25 17:25:45,20260525_172452_dk2022_150mw_300mwh_soc10_90_v5,1,671,93.016,0.0
2026-05-25 17:25:45,20260525_172452_dk2022_150mw_300mwh_soc10_90_v5,1,672,93.016,0.0
2026-05-25 17:25:45,20260525_172452_dk2022_150mw_300mwh_soc10_90_v5,1,673,93.016,0.0
2026-05-25 17:25:45,20260525_172452_dk2022_150mw_300mwh_soc10_90_v5,1,674,93.016,0.0
2026-05-25 17:25:45,20260525_172452_dk2022_150mw_300mwh_soc10_90_v5,1,675,93.016,0.0
2026-05-25 17:25:45,20260525_172452_dk2022_150mw_300mwh_soc10_90_v5,1,676,93.016,0.0
2026-05-25 17:25:45,20260525_172452_dk2022_150mw_300mwh_soc10_90_v5,1,677,93.016,0.0
2026-05-25 17:25:45,20260525_172452_dk2022_150mw_300mwh_soc10_90_v5,1,678,93.016,0.0
2026-05-25 17:25:45,20260525_172452_dk2022_150mw_300mwh_soc10_90_v5,1,679,93.016,0.0
2026-05-25 17:25:45,20260525_172452_dk2022_150mw_300mwh_soc10_90_v5,1,680,93.016,0.0
2026-05-25 17:25:45,20260525_172452_dk2022_150mw_300mwh_soc10_90_v5,1,681,93.016,0.0
2026-05-25 17:25:45,20260525_172452_dk2022_150mw_300mwh_soc10_90_v5,1,682,93.016,0.0
2026-05-25 17:25:45,20260525_172452_dk2022_150mw_300mwh_soc10_90_v5,1,683,93.016,0.0
2026-05-25 17:25:45,20260525_172452_dk2022_150mw_300mwh_soc10_90_v5,1,684,93.016,0.0
2026-05-25 17:25:45,20260525_172452_dk2022_150mw_300mwh_soc10_90_v5,1,685,93.016,0.0
2026-05-25 17:25:45,20260525_172452_dk2022_150mw_300mwh_soc10_90_v5,1,686,93.016,0.0
2026-05-25 17:25:45,20260525_172452_dk2022_150mw_300mwh_soc10_90_v5,1,687,93.016,0.0
2026-05-25 17:25:45,20260525_172452_dk2022_150mw_300mwh_soc10_90_v5,1,688,93.016,0.0
2026-05-25 17:25:45,20260525_172452_dk2022_150mw_300mwh_soc10_90_v5,1,689,93.016,0.0
2026-05-25 17:25:45,20260525_172452_dk2022_150mw_300mwh_soc10_90_v5,1,690,93.016,0.0
2026-05-25 17:25:45,20260525_172452_dk2022_150mw_300mwh_soc10_90_v5,1,691,93.016,0.0
2026-05-25 17:25:45,20260525_172452_dk2022_150mw_300mwh_soc10_90_v5,1,692,93.016,0.0
2026-05-25 17:25:45,20260525_172452_dk2022_150mw_300mwh_soc10_90_v5,1,693,93.016,0.0
2026-05-25 17:25:45,20260525_172452_dk2022_150mw_300mwh_soc10_90_v5,1,694,93.016,0.0
2026-05-25 17:25:45,20260525_172452_dk2022_150mw_300mwh_soc10_90_v5,1,695,93.016,0.0
2026-05-25 17:25:45,20260525_172452_dk2022_150mw_300mwh_soc10_90_v5,1,696,93.016,0.0
2026-05-25 17:25:45,20260525_172452_dk2022_150mw_300mwh_soc10_90_v5,1,697,93.016,0.0
2026-05-25 17:25:45,20260525_172452_dk2022_150mw_300mwh_soc10_90_v5,1,698,93.016,0.0
2026-05-25 17:25:45,20260525_172452_dk2022_150mw_300mwh_soc10_90_v5,1,699,93.016,0.0
2026-05-25 17:25:45,20260525_172452_dk2022_150mw_300mwh_soc10_90_v5,1,700,93.016,0.0
2026-05-25 17:25:45,20260525_172452_dk2022_150mw_300mwh_soc10_90_v5,1,701,93.016,0.0
2026-05-25 17:25:45,20260525_172452_dk2022_150mw_300mwh_soc10_90_v5,1,702,93.016,0.0
2026-05-25 17:25:45,20260525_172452_dk2022_150mw_300mwh_soc10_90_v5,1,703,93.016,0.0
2026-05-25 17:25:45,20260525_172452_dk2022_150mw_300mwh_soc10_90_v5,1,704,93.016,0.0
2026-05-25 17:25:45,20260525_172452_dk2022_150mw_300mwh_soc10_90_v5,1,705,93.016,0.0
2026-05-25 17:25:45,20260525_172452_dk2022_150mw_300mwh_soc10_90_v5,1,706,93.016,0.0
2026-05-25 17:25:45,20260525_172452_dk2022_150mw_300mwh_soc10_90_v5,1,707,93.016,0.0
2026-05-25 17:25:45,20260525_172452_dk2022_150mw_300mwh_soc10_90_v5,1,708,93.016,0.0
2026-05-25 17:25:45,20260525_172452_dk2022_150mw_300mwh_soc10_90_v5,1,709,93.016,0.0
2026-05-25 17:25:45,20260525_172452_dk2022_150mw_300mwh_soc10_90_v5,1,710,93.016,0.0
2026-05-25 17:25:45,20260525_172452_dk2022_150mw_300mwh_soc10_90_v5,1,711,93.016,0.0
2026-05-25 17:25:45,20260525_172452_dk2022_150mw_300mwh_soc10_90_v5,1,712,93.016,0.0
2026-05-25 17:25:45,20260525_172452_dk2022_150mw_300mwh_soc10_90_v5,1,713,93.016,0.0
2026-05-25 17:25:45,20260525_172452_dk2022_150mw_300mwh_soc10_90_v5,1,714,93.016,0.0
2026-05-25 17:25:45,20260525_172452_dk2022_150mw_300mwh_soc10_90_v5,1,715,93.016,0.0
2026-05-25 17:25:45,20260525_172452_dk2022_150mw_300mwh_soc10_90_v5,1,716,93.016,0.0
2026-05-25 17:25:45,20260525_172452_dk2022_150mw_300mwh_soc10_90_v5,1,717,93.016,0.0
2026-05-25 17:25:45,20260525_172452_dk2022_150mw_300mwh_soc10_90_v5,1,718,93.016,0.0
2026-05-25 17:25:45,20260525_172452_dk2022_150mw_300mwh_soc10_90_v5,1,719,93.016,0.0
2026-05-25 17:25:45,20260525_172452_dk2022_150mw_300mwh_soc10_90_v5,1,720,93.016,0.0
2026-05-25 17:25:45,20260525_172452_dk2022_150mw_300mwh_soc10_90_v5,1,721,93.016,0.0
2026-05-25 17:25:45,20260525_172452_dk2022_150mw_300mwh_soc10_90_v5,1,722,93.016,0.0
2026-05-25 17:25:45,20260525_172452_dk2022_150mw_300mwh_soc10_90_v5,1,723,93.016,0.0
2026-05-25 17:25:45,20260525_172452_dk2022_150mw_300mwh_soc10_90_v5,1,724,93.016,0.0
2026-05-25 17:25:45,20260525_172452_dk2022_150mw_300mwh_soc10_90_v5,1,725,93.016,0.0
2026-05-25 17:25:45,20260525_172452_dk2022_150mw_300mwh_soc10_90_v5,1,726,93.016,0.0
2026-05-25 17:25:45,20260525_172452_dk2022_150mw_300mwh_soc10_90_v5,1,727,93.016,0.0
2026-05-25 17:25:45,20260525_172452_dk2022_150mw_300mwh_soc10_90_v5,1,728,93.016,0.0
2026-05-25 17:25:45,20260525_172452_dk2022_150mw_300mwh_soc10_90_v5,1,729,93.016,0.0
2026-05-25 17:25:45,20260525_172452_dk2022_150mw_300mwh_soc10_90_v5,1,730,93.016,0.0
2026-05-25 17:25:45,20260525_172452_dk2022_150mw_300mwh_soc10_90_v5,1,731,93.016,0.0
2026-05-25 17:25:45,20260525_172452_dk2022_150mw_300mwh_soc10_90_v5,1,732,93.016,0.0
2026-05-25 17:25:45,20260525_172452_dk2022_150mw_300mwh_soc10_90_v5,1,733,93.016,0.0
2026-05-25 17:25:45,20260525_172452_dk2022_150mw_300mwh_soc10_90_v5,1,734,93.016,0.0
2026-05-25 17:25:45,20260525_172452_dk2022_150mw_300mwh_soc10_90_v5,1,735,93.016,0.0
2026-05-25 17:25:45,20260525_172452_dk2022_150mw_300mwh_soc10_90_v5,1,736,93.016,0.0
2026-05-25 17:25:45,20260525_172452_dk2022_150mw_300mwh_soc10_90_v5,1,737,93.016,0.0
2026-05-25 17:25:45,20260525_172452_dk2022_150mw_300mwh_soc10_90_v5,1,738,93.016,0.0
2026-05-25 17:25:45,20260525_172452_dk2022_150mw_300mwh_soc10_90_v5,1,739,93.016,0.0
2026-05-25 17:25:45,20260525_172452_dk2022_150mw_300mwh_soc10_90_v5,1,740,93.016,0.0
2026-05-25 17:25:45,20260525_172452_dk2022_150mw_300mwh_soc10_90_v5,1,741,93.016,0.0
2026-05-25 17:25:45,20260525_172452_dk2022_150mw_300mwh_soc10_90_v5,1,742,93.016,0.0
2026-05-25 17:25:45,20260525_172452_dk2022_150mw_300mwh_soc10_90_v5,1,743,93.016,0.0
2026-05-25 17:25:45,20260525_172452_dk2022_150mw_300mwh_soc10_90_v5,1,744,93.016,0.0
2026-05-25 17:25:45,20260525_172452_dk2022_150mw_300mwh_soc10_90_v5,1,745,93.016,0.0
2026-05-25 17:25:45,20260525_172452_dk2022_150mw_300mwh_soc10_90_v5,1,746,93.016,0.0
2026-05-25 17:25:45,20260525_172452_dk2022_150mw_300mwh_soc10_90_v5,1,747,93.016,0.0
2026-05-25 17:25:45,20260525_172452_dk2022_150mw_300mwh_soc10_90_v5,1,748,93.016,0.0
2026-05-25 17:25:45,20260525_172452_dk2022_150mw_300mwh_soc10_90_v5,1,749,93.016,0.0
2026-05-25 17:25:45,20260525_172452_dk2022_150mw_300mwh_soc10_90_v5,1,750,93.016,0.0
2026-05-25 17:25:45,20260525_172452_dk2022_150mw_300mwh_soc10_90_v5,1,751,93.016,0.0
2026-05-25 17:25:45,20260525_172452_dk2022_150mw_300mwh_soc10_90_v5,1,752,93.016,0.0
2026-05-25 17:25:45,20260525_172452_dk2022_150mw_300mwh_soc10_90_v5,1,753,93.016,0.0
2026-05-25 17:25:45,20260525_172452_dk2022_150mw_300mwh_soc10_90_v5,1,754,93.016,0.0
2026-05-25 17:25:45,20260525_172452_dk2022_150mw_300mwh_soc10_90_v5,1,755,93.016,0.0
2026-05-25 17:25:45,20260525_172452_dk2022_150mw_300mwh_soc10_90_v5,1,756,93.016,0.0
2026-05-25 17:25:45,20260525_172452_dk2022_150mw_300mwh_soc10_90_v5,1,757,93.016,0.0
2026-05-25 17:25:45,20260525_172452_dk2022_150mw_300mwh_soc10_90_v5,1,758,93.016,0.0
2026-05-25 17:25:45,20260525_172452_dk2022_150mw_300mwh_soc10_90_v5,1,759,93.016,0.0
2026-05-25 17:25:45,20260525_172452_dk2022_150mw_300mwh_soc10_90_v5,1,760,93.016,0.0
2026-05-25 17:25:45,20260525_172452_dk2022_150mw_300mwh_soc10_90_v5,1,761,93.016,0.0
2026-05-25 17:25:45,20260525_172452_dk2022_150mw_300mwh_soc10_90_v5,1,762,93.016,0.0
2026-05-25 17:25:45,20260525_172452_dk2022_150mw_300mwh_soc10_90_v5,1,763,93.016,0.0
2026-05-25 17:25:45,20260525_172452_dk2022_150mw_300mwh_soc10_90_v5,1,764,93.016,0.0
2026-05-25 17:25:45,20260525_172452_dk2022_150mw_300mwh_soc10_90_v5,1,765,93.016,0.0
2026-05-25 17:25:45,20260525_172452_dk2022_150mw_300mwh_soc10_90_v5,1,766,93.016,0.0
2026-05-25 17:25:45,20260525_172452_dk2022_150mw_300mwh_soc10_90_v5,1,767,93.016,0.0
2026-05-25 17:25:45,20260525_172452_dk2022_150mw_300mwh_soc10_90_v5,1,768,93.016,0.0
2026-05-25 17:25:45,20260525_172452_dk2022_150mw_300mwh_soc10_90_v5,1,769,93.016,0.0
2026-05-25 17:25:45,20260525_172452_dk2022_150mw_300mwh_soc10_90_v5,1,770,93.016,0.0
2026-05-25 17:25:45,20260525_172452_dk2022_150mw_300mwh_soc10_90_v5,1,771,93.016,0.0
2026-05-25 17:25:45,20260525_172452_dk2022_150mw_300mwh_soc10_90_v5,1,772,93.016,0.0
2026-05-25 17:25:45,20260525_172452_dk2022_150mw_300mwh_soc10_90_v5,1,773,93.016,0.0
2026-05-25 17:25:45,20260525_172452_dk2022_150mw_300mwh_soc10_90_v5,1,774,93.016,0.0
2026-05-25 17:25:45,20260525_172452_dk2022_150mw_300mwh_soc10_90_v5,1,775,93.016,0.0
2026-05-25 17:25:45,20260525_172452_dk2022_150mw_300mwh_soc10_90_v5,1,776,93.016,0.0
2026-05-25 17:25:45,20260525_172452_dk2022_150mw_300mwh_soc10_90_v5,1,777,93.016,0.0
2026-05-25 17:25:45,20260525_172452_dk2022_150mw_300mwh_soc10_90_v5,1,778,93.016,0.0
2026-05-25 17:25:45,20260525_172452_dk2022_150mw_300mwh_soc10_90_v5,1,779,93.016,0.0
2026-05-25 17:25:45,20260525_172452_dk2022_150mw_300mwh_soc10_90_v5,1,780,93.016,0.0
2026-05-25 17:25:45,20260525_172452_dk2022_150mw_300mwh_soc10_90_v5,1,781,93.016,0.0
2026-05-25 17:25:45,20260525_172452_dk2022_150mw_300mwh_soc10_90_v5,1,782,93.016,0.0
2026-05-25 17:25:45,20260525_172452_dk2022_150mw_300mwh_soc10_90_v5,1,783,93.016,0.0
2026-05-25 17:25:45,20260525_172452_dk2022_150mw_300mwh_soc10_90_v5,1,784,93.016,0.0
2026-05-25 17:25:45,20260525_172452_dk2022_150mw_300mwh_soc10_90_v5,1,785,93.016,0.0
2026-05-25 17:25:45,20260525_172452_dk2022_150mw_300mwh_soc10_90_v5,1,786,93.016,0.0
2026-05-25 17:25:45,20260525_172452_dk2022_150mw_300mwh_soc10_90_v5,1,787,93.016,0.0
2026-05-25 17:25:45,20260525_172452_dk2022_150mw_300mwh_soc10_90_v5,1,788,93.016,0.0
2026-05-25 17:25:45,20260525_172452_dk2022_150mw_300mwh_soc10_90_v5,1,789,93.016,0.0
2026-05-25 17:25:45,20260525_172452_dk2022_150mw_300mwh_soc10_90_v5,1,790,93.016,0.0
2026-05-25 17:25:45,20260525_172452_dk2022_150mw_300mwh_soc10_90_v5,1,791,93.016,0.0
2026-05-25 17:25:45,20260525_172452_dk2022_150mw_300mwh_soc10_90_v5,1,792,93.016,0.0
2026-05-25 17:25:45,20260525_172452_dk2022_150mw_300mwh_soc10_90_v5,1,793,93.016,0.0
2026-05-25 17:25:45,20260525_172452_dk2022_150mw_300mwh_soc10_90_v5,1,794,93.016,0.0
2026-05-25 17:25:45,20260525_172452_dk2022_150mw_300mwh_soc10_90_v5,1,795,93.016,0.0
2026-05-25 17:25:45,20260525_172452_dk2022_150mw_300mwh_soc10_90_v5,1,796,93.016,0.0
2026-05-25 17:25:45,20260525_172452_dk2022_150mw_300mwh_soc10_90_v5,1,797,93.016,0.0
2026-05-25 17:25:45,20260525_172452_dk2022_150mw_300mwh_soc10_90_v5,1,798,93.016,0.0
2026-05-25 17:25:45,20260525_172452_dk2022_150mw_300mwh_soc10_90_v5,1,799,93.016,0.0
2026-05-25 17:25:45,20260525_172452_dk2022_150mw_300mwh_soc10_90_v5,1,800,93.016,0.0
2026-05-25 17:25:45,20260525_172452_dk2022_150mw_300mwh_soc10_90_v5,1,801,93.016,0.0
2026-05-25 17:25:45,20260525_172452_dk2022_150mw_300mwh_soc10_90_v5,1,802,93.016,0.0
2026-05-25 17:25:45,20260525_172452_dk2022_150mw_300mwh_soc10_90_v5,1,803,93.016,0.0
2026-05-25 17:25:45,20260525_172452_dk2022_150mw_300mwh_soc10_90_v5,1,804,93.016,0.0
2026-05-25 17:25:45,20260525_172452_dk2022_150mw_300mwh_soc10_90_v5,1,805,93.016,0.0
2026-05-25 17:25:45,20260525_172452_dk2022_150mw_300mwh_soc10_90_v5,1,806,93.016,0.0
2026-05-25 17:25:45,20260525_172452_dk2022_150mw_300mwh_soc10_90_v5,1,807,93.016,0.0
2026-05-25 17:25:45,20260525_172452_dk2022_150mw_300mwh_soc10_90_v5,1,808,93.016,0.0
2026-05-25 17:25:45,20260525_172452_dk2022_150mw_300mwh_soc10_90_v5,1,809,93.016,0.0
2026-05-25 17:25:45,20260525_172452_dk2022_150mw_300mwh_soc10_90_v5,1,810,93.016,0.0
2026-05-25 17:25:45,20260525_172452_dk2022_150mw_300mwh_soc10_90_v5,1,811,93.016,0.0
2026-05-25 17:25:45,20260525_172452_dk2022_150mw_300mwh_soc10_90_v5,1,812,93.016,0.0
2026-05-25 17:25:45,20260525_172452_dk2022_150mw_300mwh_soc10_90_v5,1,813,93.016,0.0
2026-05-25 17:25:45,20260525_172452_dk2022_150mw_300mwh_soc10_90_v5,1,814,93.016,0.0
2026-05-25 17:25:45,20260525_172452_dk2022_150mw_300mwh_soc10_90_v5,1,815,93.016,0.0
2026-05-25 17:25:45,20260525_172452_dk2022_150mw_300mwh_soc10_90_v5,1,816,93.016,0.0
2026-05-25 17:25:45,20260525_172452_dk2022_150mw_300mwh_soc10_90_v5,1,817,93.016,0.0
2026-05-25 17:25:45,20260525_172452_dk2022_150mw_300mwh_soc10_90_v5,1,818,93.016,0.0
2026-05-25 17:25:45,20260525_172452_dk2022_150mw_300mwh_soc10_90_v5,1,819,93.016,0.0
2026-05-25 17:25:45,20260525_172452_dk2022_150mw_300mwh_soc10_90_v5,1,820,93.016,0.0
2026-05-25 17:25:45,20260525_172452_dk2022_150mw_300mwh_soc10_90_v5,1,821,93.016,0.0
2026-05-25 17:25:45,20260525_172452_dk2022_150mw_300mwh_soc10_90_v5,1,822,93.016,0.0
2026-05-25 17:25:45,20260525_172452_dk2022_150mw_300mwh_soc10_90_v5,1,823,93.016,0.0
2026-05-25 17:25:45,20260525_172452_dk2022_150mw_300mwh_soc10_90_v5,1,824,93.016,0.0
2026-05-25 17:25:45,20260525_172452_dk2022_150mw_300mwh_soc10_90_v5,1,825,93.016,0.0
2026-05-25 17:25:45,20260525_172452_dk2022_150mw_300mwh_soc10_90_v5,1,826,93.016,0.0
2026-05-25 17:25:45,20260525_172452_dk2022_150mw_300mwh_soc10_90_v5,1,827,93.016,0.0
2026-05-25 17:25:45,20260525_172452_dk2022_150mw_300mwh_soc10_90_v5,1,828,93.016,0.0
2026-05-25 17:25:45,20260525_172452_dk2022_150mw_300mwh_soc10_90_v5,1,829,93.016,0.0
2026-05-25 17:25:45,20260525_172452_dk2022_150mw_300mwh_soc10_90_v5,1,830,93.016,0.0
2026-05-25 17:25:45,20260525_172452_dk2022_150mw_300mwh_soc10_90_v5,1,831,93.016,0.0
2026-05-25 17:25:45,20260525_172452_dk2022_150mw_300mwh_soc10_90_v5,1,832,93.016,0.0
2026-05-25 17:25:45,20260525_172452_dk2022_150mw_300mwh_soc10_90_v5,1,833,93.016,0.0
2026-05-25 17:25:45,20260525_172452_dk2022_150mw_300mwh_soc10_90_v5,1,834,93.016,0.0
2026-05-25 17:25:45,20260525_172452_dk2022_150mw_300mwh_soc10_90_v5,1,835,93.016,0.0
2026-05-25 17:25:45,20260525_172452_dk2022_150mw_300mwh_soc10_90_v5,1,836,93.016,0.0
2026-05-25 17:25:45,20260525_172452_dk2022_150mw_300mwh_soc10_90_v5,1,837,93.016,0.0
2026-05-25 17:25:45,20260525_172452_dk2022_150mw_300mwh_soc10_90_v5,1,838,93.016,0.0
2026-05-25 17:25:45,20260525_172452_dk2022_150mw_300mwh_soc10_90_v5,1,839,93.016,0.0
2026-05-25 17:25:45,20260525_172452_dk2022_150mw_300mwh_soc10_90_v5,1,840,93.016,0.0
2026-05-25 17:25:45,20260525_172452_dk2022_150mw_300mwh_soc10_90_v5,1,841,93.016,0.0
2026-05-25 17:25:45,20260525_172452_dk2022_150mw_300mwh_soc10_90_v5,1,842,93.016,0.0
2026-05-25 17:25:45,20260525_172452_dk2022_150mw_300mwh_soc10_90_v5,1,843,93.016,0.0
2026-05-25 17:25:45,20260525_172452_dk2022_150mw_300mwh_soc10_90_v5,1,844,93.016,0.0
2026-05-25 17:25:45,20260525_172452_dk2022_150mw_300mwh_soc10_90_v5,1,845,93.016,0.0
2026-05-25 17:25:45,20260525_172452_dk2022_150mw_300mwh_soc10_90_v5,1,846,93.016,0.0
2026-05-25 17:25:45,20260525_172452_dk2022_150mw_300mwh_soc10_90_v5,1,847,93.016,0.0
2026-05-25 17:25:45,20260525_172452_dk2022_150mw_300mwh_soc10_90_v5,1,848,93.016,0.0
2026-05-25 17:25:45,20260525_172452_dk2022_150mw_300mwh_soc10_90_v5,1,849,93.016,0.0
2026-05-25 17:25:45,20260525_172452_dk2022_150mw_300mwh_soc10_90_v5,1,850,93.016,0.0
2026-05-25 17:25:45,20260525_172452_dk2022_150mw_300mwh_soc10_90_v5,1,851,93.016,0.0
2026-05-25 17:25:45,20260525_172452_dk2022_150mw_300mwh_soc10_90_v5,1,852,93.016,0.0
2026-05-25 17:25:45,20260525_172452_dk2022_150mw_300mwh_soc10_90_v5,1,853,93.016,0.0
2026-05-25 17:25:45,20260525_172452_dk2022_150mw_300mwh_soc10_90_v5,1,854,93.016,0.0
2026-05-25 17:25:45,20260525_172452_dk2022_150mw_300mwh_soc10_90_v5,1,855,93.016,0.0
2026-05-25 17:25:45,20260525_172452_dk2022_150mw_300mwh_soc10_90_v5,1,856,93.016,0.0
2026-05-25 17:25:45,20260525_172452_dk2022_150mw_300mwh_soc10_90_v5,1,857,93.016,0.0
2026-05-25 17:25:45,20260525_172452_dk2022_150mw_300mwh_soc10_90_v5,1,858,93.016,0.0
2026-05-25 17:25:45,20260525_172452_dk2022_150mw_300mwh_soc10_90_v5,1,859,93.016,0.0
2026-05-25 17:25:45,20260525_172452_dk2022_150mw_300mwh_soc10_90_v5,1,860,93.016,0.0
2026-05-25 17:25:45,20260525_172452_dk2022_150mw_300mwh_soc10_90_v5,1,861,93.016,0.0
2026-05-25 17:25:45,20260525_172452_dk2022_150mw_300mwh_soc10_90_v5,1,862,93.016,0.0
2026-05-25 17:25:45,20260525_172452_dk2022_150mw_300mwh_soc10_90_v5,1,863,93.016,0.0
2026-05-25 17:25:45,20260525_172452_dk2022_150mw_300mwh_soc10_90_v5,1,864,93.016,0.0
2026-05-25 17:25:45,20260525_172452_dk2022_150mw_300mwh_soc10_90_v5,1,865,93.016,0.0
2026-05-25 17:25:45,20260525_172452_dk2022_150mw_300mwh_soc10_90_v5,1,866,93.016,0.0
2026-05-25 17:25:45,20260525_172452_dk2022_150mw_300mwh_soc10_90_v5,1,867,93.016,0.0
2026-05-25 17:25:45,20260525_172452_dk2022_150mw_300mwh_soc10_90_v5,1,868,93.016,0.0
2026-05-25 17:25:45,20260525_172452_dk2022_150mw_300mwh_soc10_90_v5,1,869,93.016,0.0
2026-05-25 17:25:45,20260525_172452_dk2022_150mw_300mwh_soc10_90_v5,1,870,93.016,0.0
2026-05-25 17:25:45,20260525_172452_dk2022_150mw_300mwh_soc10_90_v5,1,871,93.016,0.0
2026-05-25 17:25:45,20260525_172452_dk2022_150mw_300mwh_soc10_90_v5,1,872,93.016,0.0
2026-05-25 17:25:45,20260525_172452_dk2022_150mw_300mwh_soc10_90_v5,1,873,93.016,0.0
2026-05-25 17:25:45,20260525_172452_dk2022_150mw_300mwh_soc10_90_v5,1,874,93.016,0.0
2026-05-25 17:25:45,20260525_172452_dk2022_150mw_300mwh_soc10_90_v5,1,875,93.016,0.0
2026-05-25 17:25:45,20260525_172452_dk2022_150mw_300mwh_soc10_90_v5,1,876,93.016,0.0
2026-05-25 17:25:45,20260525_172452_dk2022_150mw_300mwh_soc10_90_v5,1,877,93.016,0.0
2026-05-25 17:25:45,20260525_172452_dk2022_150mw_300mwh_soc10_90_v5,1,878,93.016,0.0
2026-05-25 17:25:45,20260525_172452_dk2022_150mw_300mwh_soc10_90_v5,1,879,93.016,0.0
2026-05-25 17:25:45,20260525_172452_dk2022_150mw_300mwh_soc10_90_v5,1,880,93.016,0.0
2026-05-25 17:25:45,20260525_172452_dk2022_150mw_300mwh_soc10_90_v5,1,881,93.016,0.0
2026-05-25 17:25:45,20260525_172452_dk2022_150mw_300mwh_soc10_90_v5,1,882,93.016,0.0
2026-05-25 17:25:45,20260525_172452_dk2022_150mw_300mwh_soc10_90_v5,1,883,93.016,0.0
2026-05-25 17:25:45,20260525_172452_dk2022_150mw_300mwh_soc10_90_v5,1,884,93.016,0.0
2026-05-25 17:25:45,20260525_172452_dk2022_150mw_300mwh_soc10_90_v5,1,885,93.016,0.0
2026-05-25 17:25:45,20260525_172452_dk2022_150mw_300mwh_soc10_90_v5,1,886,93.016,0.0
2026-05-25 17:25:45,20260525_172452_dk2022_150mw_300mwh_soc10_90_v5,1,887,93.016,0.0
2026-05-25 17:25:45,20260525_172452_dk2022_150mw_300mwh_soc10_90_v5,1,888,93.016,0.0
2026-05-25 17:25:45,20260525_172452_dk2022_150mw_300mwh_soc10_90_v5,1,889,93.016,0.0
2026-05-25 17:25:45,20260525_172452_dk2022_150mw_300mwh_soc10_90_v5,1,890,93.016,0.0
2026-05-25 17:25:45,20260525_172452_dk2022_150mw_300mwh_soc10_90_v5,1,891,93.016,0.0
2026-05-25 17:25:45,20260525_172452_dk2022_150mw_300mwh_soc10_90_v5,1,892,93.016,0.0
2026-05-25 17:25:45,20260525_172452_dk2022_150mw_300mwh_soc10_90_v5,1,893,93.016,0.0
2026-05-25 17:25:45,20260525_172452_dk2022_150mw_300mwh_soc10_90_v5,1,894,93.016,0.0
2026-05-25 17:25:45,20260525_172452_dk2022_150mw_300mwh_soc10_90_v5,1,895,93.016,0.0
2026-05-25 17:25:45,20260525_172452_dk2022_150mw_300mwh_soc10_90_v5,1,896,93.016,0.0
2026-05-25 17:25:45,20260525_172452_dk2022_150mw_300mwh_soc10_90_v5,1,897,93.016,0.0
2026-05-25 17:25:45,20260525_172452_dk2022_150mw_300mwh_soc10_90_v5,1,898,93.016,0.0
2026-05-25 17:25:45,20260525_172452_dk2022_150mw_300mwh_soc10_90_v5,1,899,93.016,0.0
2026-05-25 17:25:45,20260525_172452_dk2022_150mw_300mwh_soc10_90_v5,1,900,93.016,0.0
2026-05-25 17:25:45,20260525_172452_dk2022_150mw_300mwh_soc10_90_v5,1,901,93.016,0.0
2026-05-25 17:25:45,20260525_172452_dk2022_150mw_300mwh_soc10_90_v5,1,902,93.016,0.0
2026-05-25 17:25:45,20260525_172452_dk2022_150mw_300mwh_soc10_90_v5,1,903,93.016,0.0
2026-05-25 17:25:45,20260525_172452_dk2022_150mw_300mwh_soc10_90_v5,1,904,93.016,0.0
2026-05-25 17:25:45,20260525_172452_dk2022_150mw_300mwh_soc10_90_v5,1,905,93.016,0.0
2026-05-25 17:25:45,20260525_172452_dk2022_150mw_300mwh_soc10_90_v5,1,906,93.016,0.0
2026-05-25 17:25:45,20260525_172452_dk2022_150mw_300mwh_soc10_90_v5,1,907,93.016,0.0
2026-05-25 17:25:45,20260525_172452_dk2022_150mw_300mwh_soc10_90_v5,1,908,93.016,0.0
2026-05-25 17:25:45,20260525_172452_dk2022_150mw_300mwh_soc10_90_v5,1,909,93.016,0.0
2026-05-25 17:25:45,20260525_172452_dk2022_150mw_300mwh_soc10_90_v5,1,910,93.016,0.0
2026-05-25 17:25:45,20260525_172452_dk2022_150mw_300mwh_soc10_90_v5,1,911,93.016,0.0
2026-05-25 17:25:45,20260525_172452_dk2022_150mw_300mwh_soc10_90_v5,1,912,93.016,0.0
2026-05-25 17:25:45,20260525_172452_dk2022_150mw_300mwh_soc10_90_v5,1,913,93.016,0.0
2026-05-25 17:25:45,20260525_172452_dk2022_150mw_300mwh_soc10_90_v5,1,914,93.016,0.0
2026-05-25 17:25:45,20260525_172452_dk2022_150mw_300mwh_soc10_90_v5,1,915,93.016,0.0
2026-05-25 17:25:45,20260525_172452_dk2022_150mw_300mwh_soc10_90_v5,1,916,93.016,0.0
2026-05-25 17:25:45,20260525_172452_dk2022_150mw_300mwh_soc10_90_v5,1,917,93.016,0.0
2026-05-25 17:25:45,20260525_172452_dk2022_150mw_300mwh_soc10_90_v5,1,918,93.016,0.0
2026-05-25 17:25:45,20260525_172452_dk2022_150mw_300mwh_soc10_90_v5,1,919,93.016,0.0
2026-05-25 17:25:45,20260525_172452_dk2022_150mw_300mwh_soc10_90_v5,1,920,93.016,0.0
2026-05-25 17:25:45,20260525_172452_dk2022_150mw_300mwh_soc10_90_v5,1,921,93.016,0.0
2026-05-25 17:25:45,20260525_172452_dk2022_150mw_300mwh_soc10_90_v5,1,922,93.016,0.0
2026-05-25 17:25:45,20260525_172452_dk2022_150mw_300mwh_soc10_90_v5,1,923,93.016,0.0
2026-05-25 17:25:45,20260525_172452_dk2022_150mw_300mwh_soc10_90_v5,1,924,93.016,0.0
2026-05-25 17:25:45,20260525_172452_dk2022_150mw_300mwh_soc10_90_v5,1,925,93.016,0.0
2026-05-25 17:25:45,20260525_172452_dk2022_150mw_300mwh_soc10_90_v5,1,926,93.016,0.0
2026-05-25 17:25:45,20260525_172452_dk2022_150mw_300mwh_soc10_90_v5,1,927,93.016,0.0
2026-05-25 17:25:45,20260525_172452_dk2022_150mw_300mwh_soc10_90_v5,1,928,93.016,0.0
2026-05-25 17:25:45,20260525_172452_dk2022_150mw_300mwh_soc10_90_v5,1,929,93.016,0.0
2026-05-25 17:25:45,20260525_172452_dk2022_150mw_300mwh_soc10_90_v5,1,930,93.016,0.0
2026-05-25 17:25:45,20260525_172452_dk2022_150mw_300mwh_soc10_90_v5,1,931,93.016,0.0
2026-05-25 17:25:45,20260525_172452_dk2022_150mw_300mwh_soc10_90_v5,1,932,93.016,0.0
2026-05-25 17:25:45,20260525_172452_dk2022_150mw_300mwh_soc10_90_v5,1,933,93.016,0.0
2026-05-25 17:25:45,20260525_172452_dk2022_150mw_300mwh_soc10_90_v5,1,934,93.016,0.0
2026-05-25 17:25:45,20260525_172452_dk2022_150mw_300mwh_soc10_90_v5,1,935,93.016,0.0
2026-05-25 17:25:45,20260525_172452_dk2022_150mw_300mwh_soc10_90_v5,1,936,93.016,0.0
2026-05-25 17:25:45,20260525_172452_dk2022_150mw_300mwh_soc10_90_v5,1,937,93.016,0.0
2026-05-25 17:25:45,20260525_172452_dk2022_150mw_300mwh_soc10_90_v5,1,938,93.016,0.0
2026-05-25 17:25:45,20260525_172452_dk2022_150mw_300mwh_soc10_90_v5,1,939,93.016,0.0
2026-05-25 17:25:45,20260525_172452_dk2022_150mw_300mwh_soc10_90_v5,1,940,93.016,0.0
2026-05-25 17:25:45,20260525_172452_dk2022_150mw_300mwh_soc10_90_v5,1,941,93.016,0.0
2026-05-25 17:25:45,20260525_172452_dk2022_150mw_300mwh_soc10_90_v5,1,942,93.016,0.0
2026-05-25 17:25:45,20260525_172452_dk2022_150mw_300mwh_soc10_90_v5,1,943,93.016,0.0
2026-05-25 17:25:45,20260525_172452_dk2022_150mw_300mwh_soc10_90_v5,1,944,93.016,0.0
2026-05-25 17:25:45,20260525_172452_dk2022_150mw_300mwh_soc10_90_v5,1,945,93.016,0.0
2026-05-25 17:25:45,20260525_172452_dk2022_150mw_300mwh_soc10_90_v5,1,946,93.016,0.0
2026-05-25 17:25:45,20260525_172452_dk2022_150mw_300mwh_soc10_90_v5,1,947,93.016,0.0
2026-05-25 17:25:45,20260525_172452_dk2022_150mw_300mwh_soc10_90_v5,1,948,93.016,0.0
2026-05-25 17:25:45,20260525_172452_dk2022_150mw_300mwh_soc10_90_v5,1,949,93.016,0.0
2026-05-25 17:25:45,20260525_172452_dk2022_150mw_300mwh_soc10_90_v5,1,950,93.016,0.0
2026-05-25 17:25:45,20260525_172452_dk2022_150mw_300mwh_soc10_90_v5,1,951,93.016,0.0
2026-05-25 17:25:45,20260525_172452_dk2022_150mw_300mwh_soc10_90_v5,1,952,93.016,0.0
2026-05-25 17:25:45,20260525_172452_dk2022_150mw_300mwh_soc10_90_v5,1,953,93.016,0.0
2026-05-25 17:25:45,20260525_172452_dk2022_150mw_300mwh_soc10_90_v5,1,954,93.016,0.0
2026-05-25 17:25:45,20260525_172452_dk2022_150mw_300mwh_soc10_90_v5,1,955,93.016,0.0
2026-05-25 17:25:45,20260525_172452_dk2022_150mw_300mwh_soc10_90_v5,1,956,93.016,0.0
2026-05-25 17:25:45,20260525_172452_dk2022_150mw_300mwh_soc10_90_v5,1,957,93.016,0.0
2026-05-25 17:25:45,20260525_172452_dk2022_150mw_300mwh_soc10_90_v5,1,958,93.016,0.0
2026-05-25 17:25:45,20260525_172452_dk2022_150mw_300mwh_soc10_90_v5,1,959,93.016,0.0
2026-05-25 17:25:45,20260525_172452_dk2022_150mw_300mwh_soc10_90_v5,1,960,93.016,0.0
2026-05-25 17:25:45,20260525_172452_dk2022_150mw_300mwh_soc10_90_v5,1,961,93.016,0.0
2026-05-25 17:25:45,20260525_172452_dk2022_150mw_300mwh_soc10_90_v5,1,962,93.016,0.0
2026-05-25 17:25:45,20260525_172452_dk2022_150mw_300mwh_soc10_90_v5,1,963,93.016,0.0
2026-05-25 17:25:45,20260525_172452_dk2022_150mw_300mwh_soc10_90_v5,1,964,93.016,0.0
2026-05-25 17:25:45,20260525_172452_dk2022_150mw_300mwh_soc10_90_v5,1,965,93.016,0.0
2026-05-25 17:25:45,20260525_172452_dk2022_150mw_300mwh_soc10_90_v5,1,966,93.016,0.0
2026-05-25 17:25:45,20260525_172452_dk2022_150mw_300mwh_soc10_90_v5,1,967,93.016,0.0
2026-05-25 17:25:45,20260525_172452_dk2022_150mw_300mwh_soc10_90_v5,1,968,93.016,0.0
2026-05-25 17:25:45,20260525_172452_dk2022_150mw_300mwh_soc10_90_v5,1,969,93.016,0.0
2026-05-25 17:25:45,20260525_172452_dk2022_150mw_300mwh_soc10_90_v5,1,970,93.016,0.0
2026-05-25 17:25:45,20260525_172452_dk2022_150mw_300mwh_soc10_90_v5,1,971,93.016,0.0
2026-05-25 17:25:45,20260525_172452_dk2022_150mw_300mwh_soc10_90_v5,1,972,93.016,0.0
2026-05-25 17:25:45,20260525_172452_dk2022_150mw_300mwh_soc10_90_v5,1,973,93.016,0.0
2026-05-25 17:25:45,20260525_172452_dk2022_150mw_300mwh_soc10_90_v5,1,974,93.016,0.0
2026-05-25 17:25:45,20260525_172452_dk2022_150mw_300mwh_soc10_90_v5,1,975,93.016,0.0
2026-05-25 17:25:45,20260525_172452_dk2022_150mw_300mwh_soc10_90_v5,1,976,93.016,0.0
2026-05-25 17:25:45,20260525_172452_dk2022_150mw_300mwh_soc10_90_v5,1,977,93.016,0.0
2026-05-25 17:25:45,20260525_172452_dk2022_150mw_300mwh_soc10_90_v5,1,978,93.016,0.0
2026-05-25 17:25:45,20260525_172452_dk2022_150mw_300mwh_soc10_90_v5,1,979,93.016,0.0
2026-05-25 17:25:45,20260525_172452_dk2022_150mw_300mwh_soc10_90_v5,1,980,93.016,0.0
2026-05-25 17:25:45,20260525_172452_dk2022_150mw_300mwh_soc10_90_v5,1,981,93.016,0.0
2026-05-25 17:25:45,20260525_172452_dk2022_150mw_300mwh_soc10_90_v5,1,982,93.016,0.0
2026-05-25 17:25:45,20260525_172452_dk2022_150mw_300mwh_soc10_90_v5,1,983,93.016,0.0
2026-05-25 17:25:45,20260525_172452_dk2022_150mw_300mwh_soc10_90_v5,1,984,93.016,0.0
2026-05-25 17:25:45,20260525_172452_dk2022_150mw_300mwh_soc10_90_v5,1,985,93.016,0.0
2026-05-25 17:25:45,20260525_172452_dk2022_150mw_300mwh_soc10_90_v5,1,986,93.016,0.0
2026-05-25 17:25:45,20260525_172452_dk2022_150mw_300mwh_soc10_90_v5,1,987,93.016,0.0
2026-05-25 17:25:45,20260525_172452_dk2022_150mw_300mwh_soc10_90_v5,1,988,93.016,0.0
2026-05-25 17:25:45,20260525_172452_dk2022_150mw_300mwh_soc10_90_v5,1,989,93.016,0.0
2026-05-25 17:25:45,20260525_172452_dk2022_150mw_300mwh_soc10_90_v5,1,990,93.016,0.0
2026-05-25 17:25:45,20260525_172452_dk2022_150mw_300mwh_soc10_90_v5,1,991,93.016,0.0
2026-05-25 17:25:45,20260525_172452_dk2022_150mw_300mwh_soc10_90_v5,1,992,93.016,0.0
2026-05-25 17:25:45,20260525_172452_dk2022_150mw_300mwh_soc10_90_v5,1,993,93.016,0.0
2026-05-25 17:25:45,20260525_172452_dk2022_150mw_300mwh_soc10_90_v5,1,994,93.016,0.0
2026-05-25 17:25:45,20260525_172452_dk2022_150mw_300mwh_soc10_90_v5,1,995,93.016,0.0
2026-05-25 17:25:45,20260525_172452_dk2022_150mw_300mwh_soc10_90_v5,1,996,93.016,0.0
2026-05-25 17:25:45,20260525_172452_dk2022_150mw_300mwh_soc10_90_v5,1,997,93.016,0.0
2026-05-25 17:25:45,20260525_172452_dk2022_150mw_300mwh_soc10_90_v5,1,998,93.016,0.0
2026-05-25 17:25:45,20260525_172452_dk2022_150mw_300mwh_soc10_90_v5,1,999,93.016,0.0
2026-05-25 17:25:45,20260525_172452_dk2022_150mw_300mwh_soc10_90_v5,1,1000,93.016,0.0
2026-05-25 17:25:45,20260525_172452_dk2022_150mw_300mwh_soc10_90_v5,1,1001,93.016,0.0
2026-05-25 17:25:45,20260525_172452_dk2022_150mw_300mwh_soc10_90_v5,1,1002,93.016,0.0
2026-05-25 17:25:45,20260525_172452_dk2022_150mw_300mwh_soc10_90_v5,1,1003,93.016,0.0
2026-05-25 17:25:45,20260525_172452_dk2022_150mw_300mwh_soc10_90_v5,1,1004,93.016,0.0
2026-05-25 17:25:45,20260525_172452_dk2022_150mw_300mwh_soc10_90_v5,1,1005,93.016,0.0
2026-05-25 17:25:45,20260525_172452_dk2022_150mw_300mwh_soc10_90_v5,1,1006,93.016,0.0
2026-05-25 17:25:45,20260525_172452_dk2022_150mw_300mwh_soc10_90_v5,1,1007,93.016,0.0
2026-05-25 17:25:45,20260525_172452_dk2022_150mw_300mwh_soc10_90_v5,1,1008,93.016,0.0
2026-05-25 17:25:45,20260525_172452_dk2022_150mw_300mwh_soc10_90_v5,1,1009,93.016,0.0
2026-05-25 17:25:45,20260525_172452_dk2022_150mw_300mwh_soc10_90_v5,1,1010,93.016,0.0
2026-05-25 17:25:45,20260525_172452_dk2022_150mw_300mwh_soc10_90_v5,1,1011,93.016,0.0
2026-05-25 17:25:45,20260525_172452_dk2022_150mw_300mwh_soc10_90_v5,1,1012,93.016,0.0
2026-05-25 17:25:45,20260525_172452_dk2022_150mw_300mwh_soc10_90_v5,1,1013,93.016,0.0
2026-05-25 17:25:45,20260525_172452_dk2022_150mw_300mwh_soc10_90_v5,1,1014,93.016,0.0
2026-05-25 17:25:45,20260525_172452_dk2022_150mw_300mwh_soc10_90_v5,1,1015,93.016,0.0
2026-05-25 17:25:45,20260525_172452_dk2022_150mw_300mwh_soc10_90_v5,1,1016,93.016,0.0
2026-05-25 17:25:45,20260525_172452_dk2022_150mw_300mwh_soc10_90_v5,1,1017,93.016,0.0
2026-05-25 17:25:45,20260525_172452_dk2022_150mw_300mwh_soc10_90_v5,1,1018,93.016,0.0
2026-05-25 17:25:45,20260525_172452_dk2022_150mw_300mwh_soc10_90_v5,1,1019,93.016,0.0
2026-05-25 17:25:45,20260525_172452_dk2022_150mw_300mwh_soc10_90_v5,1,1020,93.016,0.0
2026-05-25 17:25:45,20260525_172452_dk2022_150mw_300mwh_soc10_90_v5,1,1021,93.016,0.0
2026-05-25 17:25:45,20260525_172452_dk2022_150mw_300mwh_soc10_90_v5,1,1022,93.016,0.0
2026-05-25 17:25:45,20260525_172452_dk2022_150mw_300mwh_soc10_90_v5,1,1023,93.016,0.0
2026-05-25 17:25:45,20260525_172452_dk2022_150mw_300mwh_soc10_90_v5,1,1024,93.016,0.0
2026-05-25 17:25:45,20260525_172452_dk2022_150mw_300mwh_soc10_90_v5,1,1025,93.016,0.0
2026-05-25 17:25:45,20260525_172452_dk2022_150mw_300mwh_soc10_90_v5,1,1026,93.016,0.0
2026-05-25 17:25:45,20260525_172452_dk2022_150mw_300mwh_soc10_90_v5,1,1027,93.016,0.0
2026-05-25 17:25:45,20260525_172452_dk2022_150mw_300mwh_soc10_90_v5,1,1028,93.016,0.0
2026-05-25 17:25:45,20260525_172452_dk2022_150mw_300mwh_soc10_90_v5,1,1029,93.016,0.0
2026-05-25 17:25:45,20260525_172452_dk2022_150mw_300mwh_soc10_90_v5,1,1030,93.016,0.0
2026-05-25 17:25:45,20260525_172452_dk2022_150mw_300mwh_soc10_90_v5,1,1031,93.016,0.0
2026-05-25 17:25:45,20260525_172452_dk2022_150mw_300mwh_soc10_90_v5,1,1032,93.016,0.0
2026-05-25 17:25:45,20260525_172452_dk2022_150mw_300mwh_soc10_90_v5,1,1033,93.016,0.0
2026-05-25 17:25:45,20260525_172452_dk2022_150mw_300mwh_soc10_90_v5,1,1034,93.016,0.0
2026-05-25 17:25:45,20260525_172452_dk2022_150mw_300mwh_soc10_90_v5,1,1035,93.016,0.0
2026-05-25 17:25:45,20260525_172452_dk2022_150mw_300mwh_soc10_90_v5,1,1036,93.016,0.0
2026-05-25 17:25:45,20260525_172452_dk2022_150mw_300mwh_soc10_90_v5,1,1037,93.016,0.0
2026-05-25 17:25:45,20260525_172452_dk2022_150mw_300mwh_soc10_90_v5,1,1038,93.016,0.0
2026-05-25 17:25:45,20260525_172452_dk2022_150mw_300mwh_soc10_90_v5,1,1039,93.016,0.0
2026-05-25 17:25:45,20260525_172452_dk2022_150mw_300mwh_soc10_90_v5,1,1040,93.016,0.0
2026-05-25 17:25:45,20260525_172452_dk2022_150mw_300mwh_soc10_90_v5,1,1041,93.016,0.0
2026-05-25 17:25:45,20260525_172452_dk2022_150mw_300mwh_soc10_90_v5,1,1042,93.016,0.0
2026-05-25 17:25:45,20260525_172452_dk2022_150mw_300mwh_soc10_90_v5,1,1043,93.016,0.0
2026-05-25 17:25:45,20260525_172452_dk2022_150mw_300mwh_soc10_90_v5,1,1044,93.016,0.0
2026-05-25 17:25:45,20260525_172452_dk2022_150mw_300mwh_soc10_90_v5,1,1045,93.016,0.0
2026-05-25 17:25:45,20260525_172452_dk2022_150mw_300mwh_soc10_90_v5,1,1046,93.016,0.0
2026-05-25 17:25:45,20260525_172452_dk2022_150mw_300mwh_soc10_90_v5,1,1047,93.016,0.0
2026-05-25 17:25:45,20260525_172452_dk2022_150mw_300mwh_soc10_90_v5,1,1048,93.016,0.0
2026-05-25 17:25:45,20260525_172452_dk2022_150mw_300mwh_soc10_90_v5,1,1049,93.016,0.0
2026-05-25 17:25:45,20260525_172452_dk2022_150mw_300mwh_soc10_90_v5,1,1050,93.016,0.0
2026-05-25 17:25:45,20260525_172452_dk2022_150mw_300mwh_soc10_90_v5,1,1051,93.016,0.0
2026-05-25 17:25:45,20260525_172452_dk2022_150mw_300mwh_soc10_90_v5,1,1052,93.016,0.0
2026-05-25 17:25:45,20260525_172452_dk2022_150mw_300mwh_soc10_90_v5,1,1053,93.016,0.0
2026-05-25 17:25:45,20260525_172452_dk2022_150mw_300mwh_soc10_90_v5,1,1054,93.016,0.0
2026-05-25 17:25:45,20260525_172452_dk2022_150mw_300mwh_soc10_90_v5,1,1055,93.016,0.0
2026-05-25 17:25:45,20260525_172452_dk2022_150mw_300mwh_soc10_90_v5,1,1056,93.016,0.0
2026-05-25 17:25:45,20260525_172452_dk2022_150mw_300mwh_soc10_90_v5,1,1057,93.016,0.0
2026-05-25 17:25:45,20260525_172452_dk2022_150mw_300mwh_soc10_90_v5,1,1058,93.016,0.0
2026-05-25 17:25:45,20260525_172452_dk2022_150mw_300mwh_soc10_90_v5,1,1059,93.016,0.0
2026-05-25 17:25:45,20260525_172452_dk2022_150mw_300mwh_soc10_90_v5,1,1060,93.016,0.0
2026-05-25 17:25:45,20260525_172452_dk2022_150mw_300mwh_soc10_90_v5,1,1061,93.016,0.0
2026-05-25 17:25:45,20260525_172452_dk2022_150mw_300mwh_soc10_90_v5,1,1062,93.016,0.0
2026-05-25 17:25:45,20260525_172452_dk2022_150mw_300mwh_soc10_90_v5,1,1063,93.016,0.0
2026-05-25 17:25:45,20260525_172452_dk2022_150mw_300mwh_soc10_90_v5,1,1064,93.016,0.0
2026-05-25 17:25:45,20260525_172452_dk2022_150mw_300mwh_soc10_90_v5,1,1065,93.016,0.0
2026-05-25 17:25:45,20260525_172452_dk2022_150mw_300mwh_soc10_90_v5,1,1066,93.016,0.0
2026-05-25 17:25:45,20260525_172452_dk2022_150mw_300mwh_soc10_90_v5,1,1067,93.016,0.0
2026-05-25 17:25:45,20260525_172452_dk2022_150mw_300mwh_soc10_90_v5,1,1068,93.016,0.0
2026-05-25 17:25:45,20260525_172452_dk2022_150mw_300mwh_soc10_90_v5,1,1069,93.016,0.0
2026-05-25 17:25:45,20260525_172452_dk2022_150mw_300mwh_soc10_90_v5,1,1070,93.016,0.0
2026-05-25 17:25:45,20260525_172452_dk2022_150mw_300mwh_soc10_90_v5,1,1071,93.016,0.0
2026-05-25 17:25:45,20260525_172452_dk2022_150mw_300mwh_soc10_90_v5,1,1072,93.016,0.0
2026-05-25 17:25:45,20260525_172452_dk2022_150mw_300mwh_soc10_90_v5,1,1073,93.016,0.0
2026-05-25 17:25:45,20260525_172452_dk2022_150mw_300mwh_soc10_90_v5,1,1074,93.016,0.0
2026-05-25 17:25:45,20260525_172452_dk2022_150mw_300mwh_soc10_90_v5,1,1075,93.016,0.0
2026-05-25 17:25:45,20260525_172452_dk2022_150mw_300mwh_soc10_90_v5,1,1076,93.016,0.0
2026-05-25 17:25:45,20260525_172452_dk2022_150mw_300mwh_soc10_90_v5,1,1077,93.016,0.0
2026-05-25 17:25:45,20260525_172452_dk2022_150mw_300mwh_soc10_90_v5,1,1078,93.016,0.0
2026-05-25 17:25:45,20260525_172452_dk2022_150mw_300mwh_soc10_90_v5,1,1079,93.016,0.0
2026-05-25 17:25:45,20260525_172452_dk2022_150mw_300mwh_soc10_90_v5,1,1080,93.016,0.0
2026-05-25 17:25:45,20260525_172452_dk2022_150mw_300mwh_soc10_90_v5,1,1081,93.016,0.0
2026-05-25 17:25:45,20260525_172452_dk2022_150mw_300mwh_soc10_90_v5,1,1082,93.016,0.0
2026-05-25 17:25:45,20260525_172452_dk2022_150mw_300mwh_soc10_90_v5,1,1083,93.016,0.0
2026-05-25 17:25:45,20260525_172452_dk2022_150mw_300mwh_soc10_90_v5,1,1084,93.016,0.0
2026-05-25 17:25:45,20260525_172452_dk2022_150mw_300mwh_soc10_90_v5,1,1085,93.016,0.0
2026-05-25 17:25:45,20260525_172452_dk2022_150mw_300mwh_soc10_90_v5,1,1086,93.016,0.0
2026-05-25 17:25:45,20260525_172452_dk2022_150mw_300mwh_soc10_90_v5,1,1087,93.016,0.0
2026-05-25 17:25:45,20260525_172452_dk2022_150mw_300mwh_soc10_90_v5,1,1088,93.016,0.0
2026-05-25 17:25:45,20260525_172452_dk2022_150mw_300mwh_soc10_90_v5,1,1089,93.016,0.0
2026-05-25 17:25:45,20260525_172452_dk2022_150mw_300mwh_soc10_90_v5,1,1090,93.016,0.0
2026-05-25 17:25:45,20260525_172452_dk2022_150mw_300mwh_soc10_90_v5,1,1091,93.016,0.0
2026-05-25 17:25:45,20260525_172452_dk2022_150mw_300mwh_soc10_90_v5,1,1092,93.016,0.0
2026-05-25 17:25:45,20260525_172452_dk2022_150mw_300mwh_soc10_90_v5,1,1093,93.016,0.0
2026-05-25 17:25:45,20260525_172452_dk2022_150mw_300mwh_soc10_90_v5,1,1094,93.016,0.0
2026-05-25 17:25:45,20260525_172452_dk2022_150mw_300mwh_soc10_90_v5,1,1095,93.016,0.0
2026-05-25 17:25:45,20260525_172452_dk2022_150mw_300mwh_soc10_90_v5,1,1096,93.016,0.0
2026-05-25 17:25:45,20260525_172452_dk2022_150mw_300mwh_soc10_90_v5,1,1097,93.016,0.0
2026-05-25 17:25:45,20260525_172452_dk2022_150mw_300mwh_soc10_90_v5,1,1098,93.016,0.0
2026-05-25 17:25:45,20260525_172452_dk2022_150mw_300mwh_soc10_90_v5,1,1099,93.016,0.0
2026-05-25 17:25:45,20260525_172452_dk2022_150mw_300mwh_soc10_90_v5,1,1100,93.016,0.0
2026-05-25 17:25:45,20260525_172452_dk2022_150mw_300mwh_soc10_90_v5,1,1101,93.016,0.0
2026-05-25 17:25:45,20260525_172452_dk2022_150mw_300mwh_soc10_90_v5,1,1102,93.016,0.0
2026-05-25 17:25:45,20260525_172452_dk2022_150mw_300mwh_soc10_90_v5,1,1103,93.016,0.0
2026-05-25 17:25:45,20260525_172452_dk2022_150mw_300mwh_soc10_90_v5,1,1104,93.016,0.0
2026-05-25 17:25:45,20260525_172452_dk2022_150mw_300mwh_soc10_90_v5,1,1105,93.016,0.0
2026-05-25 17:25:45,20260525_172452_dk2022_150mw_300mwh_soc10_90_v5,1,1106,93.016,0.0
2026-05-25 17:25:45,20260525_172452_dk2022_150mw_300mwh_soc10_90_v5,1,1107,93.016,0.0
2026-05-25 17:25:45,20260525_172452_dk2022_150mw_300mwh_soc10_90_v5,1,1108,93.016,0.0
2026-05-25 17:25:45,20260525_172452_dk2022_150mw_300mwh_soc10_90_v5,1,1109,93.016,0.0
2026-05-25 17:25:45,20260525_172452_dk2022_150mw_300mwh_soc10_90_v5,1,1110,93.016,0.0
2026-05-25 17:25:45,20260525_172452_dk2022_150mw_300mwh_soc10_90_v5,1,1111,93.016,0.0
2026-05-25 17:25:45,20260525_172452_dk2022_150mw_300mwh_soc10_90_v5,1,1112,93.016,0.0
2026-05-25 17:25:45,20260525_172452_dk2022_150mw_300mwh_soc10_90_v5,1,1113,93.016,0.0
2026-05-25 17:25:45,20260525_172452_dk2022_150mw_300mwh_soc10_90_v5,1,1114,93.016,0.0
2026-05-25 17:25:45,20260525_172452_dk2022_150mw_300mwh_soc10_90_v5,1,1115,93.016,0.0
2026-05-25 17:25:45,20260525_172452_dk2022_150mw_300mwh_soc10_90_v5,1,1116,93.016,0.0
2026-05-25 17:25:45,20260525_172452_dk2022_150mw_300mwh_soc10_90_v5,1,1117,93.016,0.0
2026-05-25 17:25:45,20260525_172452_dk2022_150mw_300mwh_soc10_90_v5,1,1118,93.016,0.0
2026-05-25 17:25:45,20260525_172452_dk2022_150mw_300mwh_soc10_90_v5,1,1119,93.016,0.0
2026-05-25 17:25:45,20260525_172452_dk2022_150mw_300mwh_soc10_90_v5,1,1120,93.016,0.0
2026-05-25 17:25:45,20260525_172452_dk2022_150mw_300mwh_soc10_90_v5,1,1121,93.016,0.0
2026-05-25 17:25:45,20260525_172452_dk2022_150mw_300mwh_soc10_90_v5,1,1122,93.016,0.0
2026-05-25 17:25:45,20260525_172452_dk2022_150mw_300mwh_soc10_90_v5,1,1123,93.016,0.0
2026-05-25 17:25:45,20260525_172452_dk2022_150mw_300mwh_soc10_90_v5,1,1124,93.016,0.0
2026-05-25 17:25:45,20260525_172452_dk2022_150mw_300mwh_soc10_90_v5,1,1125,93.016,0.0
2026-05-25 17:25:45,20260525_172452_dk2022_150mw_300mwh_soc10_90_v5,1,1126,93.016,0.0
2026-05-25 17:25:45,20260525_172452_dk2022_150mw_300mwh_soc10_90_v5,1,1127,93.016,0.0
2026-05-25 17:25:45,20260525_172452_dk2022_150mw_300mwh_soc10_90_v5,1,1128,93.016,0.0
2026-05-25 17:25:45,20260525_172452_dk2022_150mw_300mwh_soc10_90_v5,1,1129,93.016,0.0
2026-05-25 17:25:45,20260525_172452_dk2022_150mw_300mwh_soc10_90_v5,1,1130,93.016,0.0
2026-05-25 17:25:45,20260525_172452_dk2022_150mw_300mwh_soc10_90_v5,1,1131,93.016,0.0
2026-05-25 17:25:45,20260525_172452_dk2022_150mw_300mwh_soc10_90_v5,1,1132,93.016,0.0
2026-05-25 17:25:45,20260525_172452_dk2022_150mw_300mwh_soc10_90_v5,1,1133,93.016,0.0
2026-05-25 17:25:45,20260525_172452_dk2022_150mw_300mwh_soc10_90_v5,1,1134,93.016,0.0
2026-05-25 17:25:45,20260525_172452_dk2022_150mw_300mwh_soc10_90_v5,1,1135,93.016,0.0
2026-05-25 17:25:45,20260525_172452_dk2022_150mw_300mwh_soc10_90_v5,1,1136,93.016,0.0
2026-05-25 17:25:45,20260525_172452_dk2022_150mw_300mwh_soc10_90_v5,1,1137,93.016,0.0
2026-05-25 17:25:45,20260525_172452_dk2022_150mw_300mwh_soc10_90_v5,1,1138,93.016,0.0
2026-05-25 17:25:45,20260525_172452_dk2022_150mw_300mwh_soc10_90_v5,1,1139,93.016,0.0
2026-05-25 17:25:45,20260525_172452_dk2022_150mw_300mwh_soc10_90_v5,1,1140,93.016,0.0
2026-05-25 17:25:45,20260525_172452_dk2022_150mw_300mwh_soc10_90_v5,1,1141,93.016,0.0
2026-05-25 17:25:45,20260525_172452_dk2022_150mw_300mwh_soc10_90_v5,1,1142,93.016,0.0
2026-05-25 17:25:45,20260525_172452_dk2022_150mw_300mwh_soc10_90_v5,1,1143,93.016,0.0
2026-05-25 17:25:45,20260525_172452_dk2022_150mw_300mwh_soc10_90_v5,1,1144,93.016,0.0
2026-05-25 17:25:45,20260525_172452_dk2022_150mw_300mwh_soc10_90_v5,1,1145,93.016,0.0
2026-05-25 17:25:45,20260525_172452_dk2022_150mw_300mwh_soc10_90_v5,1,1146,93.016,0.0
2026-05-25 17:25:45,20260525_172452_dk2022_150mw_300mwh_soc10_90_v5,1,1147,93.016,0.0
2026-05-25 17:25:45,20260525_172452_dk2022_150mw_300mwh_soc10_90_v5,1,1148,93.016,0.0
2026-05-25 17:25:45,20260525_172452_dk2022_150mw_300mwh_soc10_90_v5,1,1149,93.016,0.0
2026-05-25 17:25:45,20260525_172452_dk2022_150mw_300mwh_soc10_90_v5,1,1150,93.016,0.0
2026-05-25 17:25:45,20260525_172452_dk2022_150mw_300mwh_soc10_90_v5,1,1151,93.016,0.0
2026-05-25 17:25:45,20260525_172452_dk2022_150mw_300mwh_soc10_90_v5,1,1152,93.016,0.0
2026-05-25 17:25:45,20260525_172452_dk2022_150mw_300mwh_soc10_90_v5,1,1153,93.016,0.0
2026-05-25 17:25:45,20260525_172452_dk2022_150mw_300mwh_soc10_90_v5,1,1154,93.016,0.0
2026-05-25 17:25:45,20260525_172452_dk2022_150mw_300mwh_soc10_90_v5,1,1155,93.016,0.0
2026-05-25 17:25:45,20260525_172452_dk2022_150mw_300mwh_soc10_90_v5,1,1156,93.016,0.0
2026-05-25 17:25:45,20260525_172452_dk2022_150mw_300mwh_soc10_90_v5,1,1157,93.016,0.0
2026-05-25 17:25:45,20260525_172452_dk2022_150mw_300mwh_soc10_90_v5,1,1158,93.016,0.0
2026-05-25 17:25:45,20260525_172452_dk2022_150mw_300mwh_soc10_90_v5,1,1159,93.016,0.0
2026-05-25 17:25:45,20260525_172452_dk2022_150mw_300mwh_soc10_90_v5,1,1160,93.016,0.0
2026-05-25 17:25:45,20260525_172452_dk2022_150mw_300mwh_soc10_90_v5,1,1161,93.016,0.0
2026-05-25 17:25:45,20260525_172452_dk2022_150mw_300mwh_soc10_90_v5,1,1162,93.016,0.0
2026-05-25 17:25:45,20260525_172452_dk2022_150mw_300mwh_soc10_90_v5,1,1163,93.016,0.0
2026-05-25 17:25:45,20260525_172452_dk2022_150mw_300mwh_soc10_90_v5,1,1164,93.016,0.0
2026-05-25 17:25:45,20260525_172452_dk2022_150mw_300mwh_soc10_90_v5,1,1165,93.016,0.0
2026-05-25 17:25:45,20260525_172452_dk2022_150mw_300mwh_soc10_90_v5,1,1166,93.016,0.0
2026-05-25 17:25:45,20260525_172452_dk2022_150mw_300mwh_soc10_90_v5,1,1167,93.016,0.0
2026-05-25 17:25:45,20260525_172452_dk2022_150mw_300mwh_soc10_90_v5,1,1168,93.016,0.0
2026-05-25 17:25:45,20260525_172452_dk2022_150mw_300mwh_soc10_90_v5,1,1169,93.016,0.0
2026-05-25 17:25:45,20260525_172452_dk2022_150mw_300mwh_soc10_90_v5,1,1170,93.016,0.0
2026-05-25 17:25:45,20260525_172452_dk2022_150mw_300mwh_soc10_90_v5,1,1171,93.016,0.0
2026-05-25 17:25:45,20260525_172452_dk2022_150mw_300mwh_soc10_90_v5,1,1172,93.016,0.0
2026-05-25 17:25:45,20260525_172452_dk2022_150mw_300mwh_soc10_90_v5,1,1173,93.016,0.0
2026-05-25 17:25:45,20260525_172452_dk2022_150mw_300mwh_soc10_90_v5,1,1174,93.016,0.0
2026-05-25 17:25:45,20260525_172452_dk2022_150mw_300mwh_soc10_90_v5,1,1175,93.016,0.0
2026-05-25 17:25:45,20260525_172452_dk2022_150mw_300mwh_soc10_90_v5,1,1176,93.016,0.0
2026-05-25 17:25:45,20260525_172452_dk2022_150mw_300mwh_soc10_90_v5,1,1177,93.016,0.0
2026-05-25 17:25:45,20260525_172452_dk2022_150mw_300mwh_soc10_90_v5,1,1178,93.016,0.0
2026-05-25 17:25:45,20260525_172452_dk2022_150mw_300mwh_soc10_90_v5,1,1179,93.016,0.0
2026-05-25 17:25:45,20260525_172452_dk2022_150mw_300mwh_soc10_90_v5,1,1180,93.016,0.0
2026-05-25 17:25:45,20260525_172452_dk2022_150mw_300mwh_soc10_90_v5,1,1181,93.016,0.0
2026-05-25 17:25:45,20260525_172452_dk2022_150mw_300mwh_soc10_90_v5,1,1182,93.016,0.0
2026-05-25 17:25:45,20260525_172452_dk2022_150mw_300mwh_soc10_90_v5,1,1183,93.016,0.0
2026-05-25 17:25:45,20260525_172452_dk2022_150mw_300mwh_soc10_90_v5,1,1184,93.016,0.0
2026-05-25 17:25:45,20260525_172452_dk2022_150mw_300mwh_soc10_90_v5,1,1185,93.016,0.0
2026-05-25 17:25:45,20260525_172452_dk2022_150mw_300mwh_soc10_90_v5,1,1186,93.016,0.0
2026-05-25 17:25:45,20260525_172452_dk2022_150mw_300mwh_soc10_90_v5,1,1187,93.016,0.0
2026-05-25 17:25:45,20260525_172452_dk2022_150mw_300mwh_soc10_90_v5,1,1188,93.016,0.0
2026-05-25 17:25:45,20260525_172452_dk2022_150mw_300mwh_soc10_90_v5,1,1189,93.016,0.0
2026-05-25 17:25:45,20260525_172452_dk2022_150mw_300mwh_soc10_90_v5,1,1190,93.016,0.0
2026-05-25 17:25:45,20260525_172452_dk2022_150mw_300mwh_soc10_90_v5,1,1191,93.016,0.0
2026-05-25 17:25:45,20260525_172452_dk2022_150mw_300mwh_soc10_90_v5,1,1192,93.016,0.0
2026-05-25 17:25:45,20260525_172452_dk2022_150mw_300mwh_soc10_90_v5,1,1193,93.016,0.0
2026-05-25 17:25:45,20260525_172452_dk2022_150mw_300mwh_soc10_90_v5,1,1194,93.016,0.0
2026-05-25 17:25:45,20260525_172452_dk2022_150mw_300mwh_soc10_90_v5,1,1195,93.016,0.0
2026-05-25 17:25:45,20260525_172452_dk2022_150mw_300mwh_soc10_90_v5,1,1196,93.016,0.0
2026-05-25 17:25:45,20260525_172452_dk2022_150mw_300mwh_soc10_90_v5,1,1197,93.016,0.0
2026-05-25 17:25:45,20260525_172452_dk2022_150mw_300mwh_soc10_90_v5,1,1198,93.016,0.0
2026-05-25 17:25:45,20260525_172452_dk2022_150mw_300mwh_soc10_90_v5,1,1199,93.016,0.0
2026-05-25 17:25:45,20260525_172452_dk2022_150mw_300mwh_soc10_90_v5,1,1200,93.016,0.0
2026-05-25 17:25:45,20260525_172452_dk2022_150mw_300mwh_soc10_90_v5,1,1201,93.016,0.0
2026-05-25 17:25:45,20260525_172452_dk2022_150mw_300mwh_soc10_90_v5,1,1202,93.016,0.0
2026-05-25 17:25:45,20260525_172452_dk2022_150mw_300mwh_soc10_90_v5,1,1203,93.016,0.0
2026-05-25 17:25:45,20260525_172452_dk2022_150mw_300mwh_soc10_90_v5,1,1204,93.016,0.0
2026-05-25 17:25:45,20260525_172452_dk2022_150mw_300mwh_soc10_90_v5,1,1205,93.016,0.0
2026-05-25 17:25:45,20260525_172452_dk2022_150mw_300mwh_soc10_90_v5,1,1206,93.016,0.0
2026-05-25 17:25:45,20260525_172452_dk2022_150mw_300mwh_soc10_90_v5,1,1207,93.016,0.0
2026-05-25 17:25:45,20260525_172452_dk2022_150mw_300mwh_soc10_90_v5,1,1208,93.016,0.0
2026-05-25 17:25:45,20260525_172452_dk2022_150mw_300mwh_soc10_90_v5,1,1209,93.016,0.0
2026-05-25 17:25:45,20260525_172452_dk2022_150mw_300mwh_soc10_90_v5,1,1210,93.016,0.0
2026-05-25 17:25:45,20260525_172452_dk2022_150mw_300mwh_soc10_90_v5,1,1211,93.016,0.0
2026-05-25 17:25:45,20260525_172452_dk2022_150mw_300mwh_soc10_90_v5,1,1212,93.016,0.0
2026-05-25 17:25:45,20260525_172452_dk2022_150mw_300mwh_soc10_90_v5,1,1213,93.016,0.0
2026-05-25 17:25:45,20260525_172452_dk2022_150mw_300mwh_soc10_90_v5,1,1214,93.016,0.0
2026-05-25 17:25:45,20260525_172452_dk2022_150mw_300mwh_soc10_90_v5,1,1215,93.016,0.0
2026-05-25 17:25:45,20260525_172452_dk2022_150mw_300mwh_soc10_90_v5,1,1216,93.016,0.0
2026-05-25 17:25:45,20260525_172452_dk2022_150mw_300mwh_soc10_90_v5,1,1217,93.016,0.0
2026-05-25 17:25:45,20260525_172452_dk2022_150mw_300mwh_soc10_90_v5,1,1218,93.016,0.0
2026-05-25 17:25:45,20260525_172452_dk2022_150mw_300mwh_soc10_90_v5,1,1219,93.016,0.0
2026-05-25 17:25:45,20260525_172452_dk2022_150mw_300mwh_soc10_90_v5,1,1220,93.016,0.0
2026-05-25 17:25:45,20260525_172452_dk2022_150mw_300mwh_soc10_90_v5,1,1221,93.016,0.0
2026-05-25 17:25:45,20260525_172452_dk2022_150mw_300mwh_soc10_90_v5,1,1222,93.016,0.0
2026-05-25 17:25:45,20260525_172452_dk2022_150mw_300mwh_soc10_90_v5,1,1223,93.016,0.0
2026-05-25 17:25:45,20260525_172452_dk2022_150mw_300mwh_soc10_90_v5,1,1224,93.016,0.0
2026-05-25 17:25:45,20260525_172452_dk2022_150mw_300mwh_soc10_90_v5,1,1225,93.016,0.0
2026-05-25 17:25:45,20260525_172452_dk2022_150mw_300mwh_soc10_90_v5,1,1226,93.016,0.0
2026-05-25 17:25:45,20260525_172452_dk2022_150mw_300mwh_soc10_90_v5,1,1227,93.016,0.0
2026-05-25 17:25:45,20260525_172452_dk2022_150mw_300mwh_soc10_90_v5,1,1228,93.016,0.0
2026-05-25 17:25:45,20260525_172452_dk2022_150mw_300mwh_soc10_90_v5,1,1229,93.016,0.0
2026-05-25 17:25:45,20260525_172452_dk2022_150mw_300mwh_soc10_90_v5,1,1230,93.016,0.0
2026-05-25 17:25:45,20260525_172452_dk2022_150mw_300mwh_soc10_90_v5,1,1231,93.016,0.0
2026-05-25 17:25:45,20260525_172452_dk2022_150mw_300mwh_soc10_90_v5,1,1232,93.016,0.0
2026-05-25 17:25:45,20260525_172452_dk2022_150mw_300mwh_soc10_90_v5,1,1233,93.016,0.0
2026-05-25 17:25:45,20260525_172452_dk2022_150mw_300mwh_soc10_90_v5,1,1234,93.016,0.0
2026-05-25 17:25:45,20260525_172452_dk2022_150mw_300mwh_soc10_90_v5,1,1235,93.016,0.0
2026-05-25 17:25:45,20260525_172452_dk2022_150mw_300mwh_soc10_90_v5,1,1236,93.016,0.0
2026-05-25 17:25:45,20260525_172452_dk2022_150mw_300mwh_soc10_90_v5,1,1237,93.016,0.0
2026-05-25 17:25:45,20260525_172452_dk2022_150mw_300mwh_soc10_90_v5,1,1238,93.016,0.0
2026-05-25 17:25:45,20260525_172452_dk2022_150mw_300mwh_soc10_90_v5,1,1239,93.016,0.0
2026-05-25 17:25:45,20260525_172452_dk2022_150mw_300mwh_soc10_90_v5,1,1240,93.016,0.0
2026-05-25 17:25:45,20260525_172452_dk2022_150mw_300mwh_soc10_90_v5,1,1241,93.016,0.0
2026-05-25 17:25:45,20260525_172452_dk2022_150mw_300mwh_soc10_90_v5,1,1242,93.016,0.0
2026-05-25 17:25:45,20260525_172452_dk2022_150mw_300mwh_soc10_90_v5,1,1243,93.016,0.0
2026-05-25 17:25:45,20260525_172452_dk2022_150mw_300mwh_soc10_90_v5,1,1244,93.016,0.0
2026-05-25 17:25:45,20260525_172452_dk2022_150mw_300mwh_soc10_90_v5,1,1245,93.016,0.0
2026-05-25 17:25:45,20260525_172452_dk2022_150mw_300mwh_soc10_90_v5,1,1246,93.016,0.0
2026-05-25 17:25:45,20260525_172452_dk2022_150mw_300mwh_soc10_90_v5,1,1247,93.016,0.0
2026-05-25 17:25:45,20260525_172452_dk2022_150mw_300mwh_soc10_90_v5,1,1248,93.016,0.0
2026-05-25 17:25:45,20260525_172452_dk2022_150mw_300mwh_soc10_90_v5,1,1249,93.016,0.0
2026-05-25 17:25:45,20260525_172452_dk2022_150mw_300mwh_soc10_90_v5,1,1250,93.016,0.0
2026-05-25 17:25:45,20260525_172452_dk2022_150mw_300mwh_soc10_90_v5,1,1251,93.016,0.0
2026-05-25 17:25:45,20260525_172452_dk2022_150mw_300mwh_soc10_90_v5,1,1252,93.016,0.0
2026-05-25 17:25:45,20260525_172452_dk2022_150mw_300mwh_soc10_90_v5,1,1253,93.016,0.0
2026-05-25 17:25:45,20260525_172452_dk2022_150mw_300mwh_soc10_90_v5,1,1254,93.016,0.0
2026-05-25 17:25:45,20260525_172452_dk2022_150mw_300mwh_soc10_90_v5,1,1255,93.016,0.0
2026-05-25 17:25:45,20260525_172452_dk2022_150mw_300mwh_soc10_90_v5,1,1256,93.016,0.0
2026-05-25 17:25:45,20260525_172452_dk2022_150mw_300mwh_soc10_90_v5,1,1257,93.016,0.0
2026-05-25 17:25:45,20260525_172452_dk2022_150mw_300mwh_soc10_90_v5,1,1258,93.016,0.0
2026-05-25 17:25:45,20260525_172452_dk2022_150mw_300mwh_soc10_90_v5,1,1259,93.016,0.0
2026-05-25 17:25:45,20260525_172452_dk2022_150mw_300mwh_soc10_90_v5,1,1260,93.016,0.0
2026-05-25 17:25:45,20260525_172452_dk2022_150mw_300mwh_soc10_90_v5,1,1261,93.016,0.0
2026-05-25 17:25:45,20260525_172452_dk2022_150mw_300mwh_soc10_90_v5,1,1262,93.016,0.0
2026-05-25 17:25:45,20260525_172452_dk2022_150mw_300mwh_soc10_90_v5,1,1263,93.016,0.0
2026-05-25 17:25:45,20260525_172452_dk2022_150mw_300mwh_soc10_90_v5,1,1264,93.016,0.0
2026-05-25 17:25:45,20260525_172452_dk2022_150mw_300mwh_soc10_90_v5,1,1265,93.016,0.0
2026-05-25 17:25:45,20260525_172452_dk2022_150mw_300mwh_soc10_90_v5,1,1266,93.016,0.0
2026-05-25 17:25:45,20260525_172452_dk2022_150mw_300mwh_soc10_90_v5,1,1267,93.016,0.0
2026-05-25 17:25:45,20260525_172452_dk2022_150mw_300mwh_soc10_90_v5,1,1268,93.016,0.0
2026-05-25 17:25:45,20260525_172452_dk2022_150mw_300mwh_soc10_90_v5,1,1269,93.016,0.0
2026-05-25 17:25:45,20260525_172452_dk2022_150mw_300mwh_soc10_90_v5,1,1270,93.016,0.0
2026-05-25 17:25:45,20260525_172452_dk2022_150mw_300mwh_soc10_90_v5,1,1271,93.016,0.0
2026-05-25 17:25:45,20260525_172452_dk2022_150mw_300mwh_soc10_90_v5,1,1272,93.016,0.0
2026-05-25 17:25:45,20260525_172452_dk2022_150mw_300mwh_soc10_90_v5,1,1273,93.016,0.0
2026-05-25 17:25:45,20260525_172452_dk2022_150mw_300mwh_soc10_90_v5,1,1274,93.016,0.0
2026-05-25 17:25:45,20260525_172452_dk2022_150mw_300mwh_soc10_90_v5,1,1275,93.016,0.0
2026-05-25 17:25:45,20260525_172452_dk2022_150mw_300mwh_soc10_90_v5,1,1276,93.016,0.0
2026-05-25 17:25:45,20260525_172452_dk2022_150mw_300mwh_soc10_90_v5,1,1277,93.016,0.0
2026-05-25 17:25:45,20260525_172452_dk2022_150mw_300mwh_soc10_90_v5,1,1278,93.016,0.0
2026-05-25 17:25:45,20260525_172452_dk2022_150mw_300mwh_soc10_90_v5,1,1279,93.016,0.0
2026-05-25 17:25:45,20260525_172452_dk2022_150mw_300mwh_soc10_90_v5,1,1280,93.016,0.0
2026-05-25 17:25:45,20260525_172452_dk2022_150mw_300mwh_soc10_90_v5,1,1281,93.016,0.0
2026-05-25 17:25:45,20260525_172452_dk2022_150mw_300mwh_soc10_90_v5,1,1282,93.016,0.0
2026-05-25 17:25:45,20260525_172452_dk2022_150mw_300mwh_soc10_90_v5,1,1283,93.016,0.0
2026-05-25 17:25:45,20260525_172452_dk2022_150mw_300mwh_soc10_90_v5,1,1284,93.016,0.0
2026-05-25 17:25:45,20260525_172452_dk2022_150mw_300mwh_soc10_90_v5,1,1285,93.016,0.0
2026-05-25 17:25:45,20260525_172452_dk2022_150mw_300mwh_soc10_90_v5,1,1286,93.016,0.0
2026-05-25 17:25:45,20260525_172452_dk2022_150mw_300mwh_soc10_90_v5,1,1287,93.016,0.0
2026-05-25 17:25:45,20260525_172452_dk2022_150mw_300mwh_soc10_90_v5,1,1288,93.016,0.0
2026-05-25 17:25:45,20260525_172452_dk2022_150mw_300mwh_soc10_90_v5,1,1289,93.016,0.0
2026-05-25 17:25:45,20260525_172452_dk2022_150mw_300mwh_soc10_90_v5,1,1290,93.016,0.0
2026-05-25 17:25:45,20260525_172452_dk2022_150mw_300mwh_soc10_90_v5,1,1291,93.016,0.0
2026-05-25 17:25:45,20260525_172452_dk2022_150mw_300mwh_soc10_90_v5,1,1292,93.016,0.0
2026-05-25 17:25:45,20260525_172452_dk2022_150mw_300mwh_soc10_90_v5,1,1293,93.016,0.0
2026-05-25 17:25:45,20260525_172452_dk2022_150mw_300mwh_soc10_90_v5,1,1294,93.016,0.0
2026-05-25 17:25:45,20260525_172452_dk2022_150mw_300mwh_soc10_90_v5,1,1295,93.016,0.0
2026-05-25 17:25:45,20260525_172452_dk2022_150mw_300mwh_soc10_90_v5,1,1296,93.016,0.0
2026-05-25 17:25:45,20260525_172452_dk2022_150mw_300mwh_soc10_90_v5,1,1297,93.016,0.0
2026-05-25 17:25:45,20260525_172452_dk2022_150mw_300mwh_soc10_90_v5,1,1298,93.016,0.0
2026-05-25 17:25:45,20260525_172452_dk2022_150mw_300mwh_soc10_90_v5,1,1299,93.016,0.0
2026-05-25 17:25:45,20260525_172452_dk2022_150mw_300mwh_soc10_90_v5,1,1300,93.016,0.0
2026-05-25 17:25:45,20260525_172452_dk2022_150mw_300mwh_soc10_90_v5,1,1301,93.016,0.0
2026-05-25 17:25:45,20260525_172452_dk2022_150mw_300mwh_soc10_90_v5,1,1302,93.016,0.0
2026-05-25 17:25:45,20260525_172452_dk2022_150mw_300mwh_soc10_90_v5,1,1303,93.016,0.0
2026-05-25 17:25:45,20260525_172452_dk2022_150mw_300mwh_soc10_90_v5,1,1304,93.016,0.0
2026-05-25 17:25:45,20260525_172452_dk2022_150mw_300mwh_soc10_90_v5,1,1305,93.016,0.0
2026-05-25 17:25:45,20260525_172452_dk2022_150mw_300mwh_soc10_90_v5,1,1306,93.016,0.0
2026-05-25 17:25:45,20260525_172452_dk2022_150mw_300mwh_soc10_90_v5,1,1307,93.016,0.0
2026-05-25 17:25:45,20260525_172452_dk2022_150mw_300mwh_soc10_90_v5,1,1308,93.016,0.0
2026-05-25 17:25:45,20260525_172452_dk2022_150mw_300mwh_soc10_90_v5,1,1309,93.016,0.0
2026-05-25 17:25:45,20260525_172452_dk2022_150mw_300mwh_soc10_90_v5,1,1310,93.016,0.0
2026-05-25 17:25:45,20260525_172452_dk2022_150mw_300mwh_soc10_90_v5,1,1311,93.016,0.0
2026-05-25 17:25:45,20260525_172452_dk2022_150mw_300mwh_soc10_90_v5,1,1312,93.016,0.0
2026-05-25 17:25:45,20260525_172452_dk2022_150mw_300mwh_soc10_90_v5,1,1313,93.016,0.0
2026-05-25 17:25:45,20260525_172452_dk2022_150mw_300mwh_soc10_90_v5,1,1314,93.016,0.0
2026-05-25 17:25:45,20260525_172452_dk2022_150mw_300mwh_soc10_90_v5,1,1315,93.016,0.0
2026-05-25 17:25:45,20260525_172452_dk2022_150mw_300mwh_soc10_90_v5,1,1316,93.016,0.0
2026-05-25 17:25:45,20260525_172452_dk2022_150mw_300mwh_soc10_90_v5,1,1317,93.016,0.0
2026-05-25 17:25:45,20260525_172452_dk2022_150mw_300mwh_soc10_90_v5,1,1318,93.016,0.0
2026-05-25 17:25:45,20260525_172452_dk2022_150mw_300mwh_soc10_90_v5,1,1319,93.016,0.0
2026-05-25 17:25:45,20260525_172452_dk2022_150mw_300mwh_soc10_90_v5,1,1320,93.016,0.0
2026-05-25 17:25:45,20260525_172452_dk2022_150mw_300mwh_soc10_90_v5,1,1321,93.016,0.0
2026-05-25 17:25:45,20260525_172452_dk2022_150mw_300mwh_soc10_90_v5,1,1322,93.016,0.0
2026-05-25 17:25:45,20260525_172452_dk2022_150mw_300mwh_soc10_90_v5,1,1323,93.016,0.0
2026-05-25 17:25:45,20260525_172452_dk2022_150mw_300mwh_soc10_90_v5,1,1324,93.016,0.0
2026-05-25 17:25:45,20260525_172452_dk2022_150mw_300mwh_soc10_90_v5,1,1325,93.016,0.0
2026-05-25 17:25:45,20260525_172452_dk2022_150mw_300mwh_soc10_90_v5,1,1326,93.016,0.0
2026-05-25 17:25:45,20260525_172452_dk2022_150mw_300mwh_soc10_90_v5,1,1327,93.016,0.0
2026-05-25 17:25:45,20260525_172452_dk2022_150mw_300mwh_soc10_90_v5,1,1328,93.016,0.0
2026-05-25 17:25:45,20260525_172452_dk2022_150mw_300mwh_soc10_90_v5,1,1329,93.016,0.0
2026-05-25 17:25:45,20260525_172452_dk2022_150mw_300mwh_soc10_90_v5,1,1330,93.016,0.0
2026-05-25 17:25:45,20260525_172452_dk2022_150mw_300mwh_soc10_90_v5,1,1331,93.016,0.0
2026-05-25 17:25:45,20260525_172452_dk2022_150mw_300mwh_soc10_90_v5,1,1332,93.016,0.0
2026-05-25 17:25:45,20260525_172452_dk2022_150mw_300mwh_soc10_90_v5,1,1333,93.016,0.0
2026-05-25 17:25:45,20260525_172452_dk2022_150mw_300mwh_soc10_90_v5,1,1334,93.016,0.0
2026-05-25 17:25:45,20260525_172452_dk2022_150mw_300mwh_soc10_90_v5,1,1335,93.016,0.0
2026-05-25 17:25:45,20260525_172452_dk2022_150mw_300mwh_soc10_90_v5,1,1336,93.016,0.0
2026-05-25 17:25:45,20260525_172452_dk2022_150mw_300mwh_soc10_90_v5,1,1337,93.016,0.0
2026-05-25 17:25:45,20260525_172452_dk2022_150mw_300mwh_soc10_90_v5,1,1338,93.016,0.0
2026-05-25 17:25:45,20260525_172452_dk2022_150mw_300mwh_soc10_90_v5,1,1339,93.016,0.0
2026-05-25 17:25:45,20260525_172452_dk2022_150mw_300mwh_soc10_90_v5,1,1340,93.016,0.0
2026-05-25 17:25:45,20260525_172452_dk2022_150mw_300mwh_soc10_90_v5,1,1341,93.016,0.0
2026-05-25 17:25:45,20260525_172452_dk2022_150mw_300mwh_soc10_90_v5,1,1342,93.016,0.0
2026-05-25 17:25:45,20260525_172452_dk2022_150mw_300mwh_soc10_90_v5,1,1343,93.016,0.0
2026-05-25 17:25:45,20260525_172452_dk2022_150mw_300mwh_soc10_90_v5,1,1344,93.016,0.0
2026-05-25 17:25:45,20260525_172452_dk2022_150mw_300mwh_soc10_90_v5,1,1345,93.016,0.0
2026-05-25 17:25:45,20260525_172452_dk2022_150mw_300mwh_soc10_90_v5,1,1346,93.016,0.0
2026-05-25 17:25:45,20260525_172452_dk2022_150mw_300mwh_soc10_90_v5,1,1347,93.016,0.0
2026-05-25 17:25:45,20260525_172452_dk2022_150mw_300mwh_soc10_90_v5,1,1348,93.016,0.0
2026-05-25 17:25:45,20260525_172452_dk2022_150mw_300mwh_soc10_90_v5,1,1349,93.016,0.0
2026-05-25 17:25:45,20260525_172452_dk2022_150mw_300mwh_soc10_90_v5,1,1350,93.016,0.0
2026-05-25 17:25:45,20260525_172452_dk2022_150mw_300mwh_soc10_90_v5,1,1351,93.016,0.0
2026-05-25 17:25:45,20260525_172452_dk2022_150mw_300mwh_soc10_90_v5,1,1352,93.016,0.0
2026-05-25 17:25:45,20260525_172452_dk2022_150mw_300mwh_soc10_90_v5,1,1353,93.016,0.0
2026-05-25 17:25:45,20260525_172452_dk2022_150mw_300mwh_soc10_90_v5,1,1354,93.016,0.0
2026-05-25 17:25:45,20260525_172452_dk2022_150mw_300mwh_soc10_90_v5,1,1355,93.016,0.0
2026-05-25 17:25:45,20260525_172452_dk2022_150mw_300mwh_soc10_90_v5,1,1356,93.016,0.0
2026-05-25 17:25:45,20260525_172452_dk2022_150mw_300mwh_soc10_90_v5,1,1357,93.016,0.0
2026-05-25 17:25:45,20260525_172452_dk2022_150mw_300mwh_soc10_90_v5,1,1358,93.016,0.0
2026-05-25 17:25:45,20260525_172452_dk2022_150mw_300mwh_soc10_90_v5,1,1359,93.016,0.0
2026-05-25 17:25:45,20260525_172452_dk2022_150mw_300mwh_soc10_90_v5,1,1360,93.016,0.0
2026-05-25 17:25:45,20260525_172452_dk2022_150mw_300mwh_soc10_90_v5,1,1361,93.016,0.0
2026-05-25 17:25:45,20260525_172452_dk2022_150mw_300mwh_soc10_90_v5,1,1362,93.016,0.0
2026-05-25 17:25:45,20260525_172452_dk2022_150mw_300mwh_soc10_90_v5,1,1363,93.016,0.0
2026-05-25 17:25:45,20260525_172452_dk2022_150mw_300mwh_soc10_90_v5,1,1364,93.016,0.0
2026-05-25 17:25:45,20260525_172452_dk2022_150mw_300mwh_soc10_90_v5,1,1365,93.016,0.0
2026-05-25 17:25:45,20260525_172452_dk2022_150mw_300mwh_soc10_90_v5,1,1366,93.016,0.0
2026-05-25 17:25:45,20260525_172452_dk2022_150mw_300mwh_soc10_90_v5,1,1367,93.016,0.0
2026-05-25 17:25:45,20260525_172452_dk2022_150mw_300mwh_soc10_90_v5,1,1368,93.016,0.0
2026-05-25 17:25:45,20260525_172452_dk2022_150mw_300mwh_soc10_90_v5,1,1369,93.016,0.0
2026-05-25 17:25:45,20260525_172452_dk2022_150mw_300mwh_soc10_90_v5,1,1370,93.016,0.0
2026-05-25 17:25:45,20260525_172452_dk2022_150mw_300mwh_soc10_90_v5,1,1371,93.016,0.0
2026-05-25 17:25:45,20260525_172452_dk2022_150mw_300mwh_soc10_90_v5,1,1372,93.016,0.0
2026-05-25 17:25:45,20260525_172452_dk2022_150mw_300mwh_soc10_90_v5,1,1373,93.016,0.0
2026-05-25 17:25:45,20260525_172452_dk2022_150mw_300mwh_soc10_90_v5,1,1374,93.016,0.0
2026-05-25 17:25:45,20260525_172452_dk2022_150mw_300mwh_soc10_90_v5,1,1375,93.016,0.0
2026-05-25 17:25:45,20260525_172452_dk2022_150mw_300mwh_soc10_90_v5,1,1376,93.016,0.0
2026-05-25 17:25:45,20260525_172452_dk2022_150mw_300mwh_soc10_90_v5,1,1377,93.016,0.0
2026-05-25 17:25:45,20260525_172452_dk2022_150mw_300mwh_soc10_90_v5,1,1378,93.016,0.0
2026-05-25 17:25:45,20260525_172452_dk2022_150mw_300mwh_soc10_90_v5,1,1379,93.016,0.0
2026-05-25 17:25:45,20260525_172452_dk2022_150mw_300mwh_soc10_90_v5,1,1380,93.016,0.0
2026-05-25 17:25:45,20260525_172452_dk2022_150mw_300mwh_soc10_90_v5,1,1381,93.016,0.0
2026-05-25 17:25:45,20260525_172452_dk2022_150mw_300mwh_soc10_90_v5,1,1382,93.016,0.0
2026-05-25 17:25:45,20260525_172452_dk2022_150mw_300mwh_soc10_90_v5,1,1383,93.016,0.0
2026-05-25 17:25:45,20260525_172452_dk2022_150mw_300mwh_soc10_90_v5,1,1384,93.016,0.0
2026-05-25 17:25:45,20260525_172452_dk2022_150mw_300mwh_soc10_90_v5,1,1385,93.016,0.0
2026-05-25 17:25:45,20260525_172452_dk2022_150mw_300mwh_soc10_90_v5,1,1386,93.016,0.0
2026-05-25 17:25:45,20260525_172452_dk2022_150mw_300mwh_soc10_90_v5,1,1387,93.016,0.0
2026-05-25 17:25:45,20260525_172452_dk2022_150mw_300mwh_soc10_90_v5,1,1388,93.016,0.0
2026-05-25 17:25:45,20260525_172452_dk2022_150mw_300mwh_soc10_90_v5,1,1389,93.016,0.0
2026-05-25 17:25:45,20260525_172452_dk2022_150mw_300mwh_soc10_90_v5,1,1390,93.016,0.0
2026-05-25 17:25:45,20260525_172452_dk2022_150mw_300mwh_soc10_90_v5,1,1391,93.016,0.0
2026-05-25 17:25:45,20260525_172452_dk2022_150mw_300mwh_soc10_90_v5,1,1392,93.016,0.0
2026-05-25 17:25:45,20260525_172452_dk2022_150mw_300mwh_soc10_90_v5,1,1393,93.016,0.0
2026-05-25 17:25:45,20260525_172452_dk2022_150mw_300mwh_soc10_90_v5,1,1394,93.016,0.0
2026-05-25 17:25:45,20260525_172452_dk2022_150mw_300mwh_soc10_90_v5,1,1395,93.016,0.0
2026-05-25 17:25:45,20260525_172452_dk2022_150mw_300mwh_soc10_90_v5,1,1396,93.016,0.0
2026-05-25 17:25:45,20260525_172452_dk2022_150mw_300mwh_soc10_90_v5,1,1397,93.016,0.0
2026-05-25 17:25:45,20260525_172452_dk2022_150mw_300mwh_soc10_90_v5,1,1398,93.016,0.0
2026-05-25 17:25:45,20260525_172452_dk2022_150mw_300mwh_soc10_90_v5,1,1399,93.016,0.0
2026-05-25 17:25:45,20260525_172452_dk2022_150mw_300mwh_soc10_90_v5,1,1400,93.016,0.0
2026-05-25 17:25:45,20260525_172452_dk2022_150mw_300mwh_soc10_90_v5,1,1401,93.016,0.0
2026-05-25 17:25:45,20260525_172452_dk2022_150mw_300mwh_soc10_90_v5,1,1402,93.016,0.0
2026-05-25 17:25:45,20260525_172452_dk2022_150mw_300mwh_soc10_90_v5,1,1403,93.016,0.0
2026-05-25 17:25:45,20260525_172452_dk2022_150mw_300mwh_soc10_90_v5,1,1404,93.016,0.0
2026-05-25 17:25:45,20260525_172452_dk2022_150mw_300mwh_soc10_90_v5,1,1405,93.016,0.0
2026-05-25 17:25:45,20260525_172452_dk2022_150mw_300mwh_soc10_90_v5,1,1406,93.016,0.0
2026-05-25 17:25:45,20260525_172452_dk2022_150mw_300mwh_soc10_90_v5,1,1407,93.016,0.0
2026-05-25 17:25:45,20260525_172452_dk2022_150mw_300mwh_soc10_90_v5,1,1408,93.016,0.0
2026-05-25 17:25:45,20260525_172452_dk2022_150mw_300mwh_soc10_90_v5,1,1409,93.016,0.0
2026-05-25 17:25:45,20260525_172452_dk2022_150mw_300mwh_soc10_90_v5,1,1410,93.016,0.0
2026-05-25 17:25:45,20260525_172452_dk2022_150mw_300mwh_soc10_90_v5,1,1411,93.016,0.0
2026-05-25 17:25:45,20260525_172452_dk2022_150mw_300mwh_soc10_90_v5,1,1412,93.016,0.0
2026-05-25 17:25:45,20260525_172452_dk2022_150mw_300mwh_soc10_90_v5,1,1413,93.016,0.0
2026-05-25 17:25:45,20260525_172452_dk2022_150mw_300mwh_soc10_90_v5,1,1414,93.016,0.0
2026-05-25 17:25:45,20260525_172452_dk2022_150mw_300mwh_soc10_90_v5,1,1415,93.016,0.0
2026-05-25 17:25:45,20260525_172452_dk2022_150mw_300mwh_soc10_90_v5,1,1416,93.016,0.0
2026-05-25 17:25:45,20260525_172452_dk2022_150mw_300mwh_soc10_90_v5,1,1417,93.016,0.0
2026-05-25 17:25:45,20260525_172452_dk2022_150mw_300mwh_soc10_90_v5,1,1418,93.016,0.0
2026-05-25 17:25:45,20260525_172452_dk2022_150mw_300mwh_soc10_90_v5,1,1419,93.016,0.0
2026-05-25 17:25:45,20260525_172452_dk2022_150mw_300mwh_soc10_90_v5,1,1420,93.016,0.0
2026-05-25 17:25:45,20260525_172452_dk2022_150mw_300mwh_soc10_90_v5,1,1421,93.016,0.0
2026-05-25 17:25:45,20260525_172452_dk2022_150mw_300mwh_soc10_90_v5,1,1422,93.016,0.0
2026-05-25 17:25:45,20260525_172452_dk2022_150mw_300mwh_soc10_90_v5,1,1423,93.016,0.0
2026-05-25 17:25:45,20260525_172452_dk2022_150mw_300mwh_soc10_90_v5,1,1424,93.016,0.0
2026-05-25 17:25:45,20260525_172452_dk2022_150mw_300mwh_soc10_90_v5,1,1425,93.016,0.0
2026-05-25 17:25:45,20260525_172452_dk2022_150mw_300mwh_soc10_90_v5,1,1426,93.016,0.0
2026-05-25 17:25:45,20260525_172452_dk2022_150mw_300mwh_soc10_90_v5,1,1427,93.016,0.0
2026-05-25 17:25:45,20260525_172452_dk2022_150mw_300mwh_soc10_90_v5,1,1428,93.016,0.0
2026-05-25 17:25:45,20260525_172452_dk2022_150mw_300mwh_soc10_90_v5,1,1429,93.016,0.0
2026-05-25 17:25:45,20260525_172452_dk2022_150mw_300mwh_soc10_90_v5,1,1430,93.016,0.0
2026-05-25 17:25:45,20260525_172452_dk2022_150mw_300mwh_soc10_90_v5,1,1431,93.016,0.0
2026-05-25 17:25:45,20260525_172452_dk2022_150mw_300mwh_soc10_90_v5,1,1432,93.016,0.0
2026-05-25 17:25:45,20260525_172452_dk2022_150mw_300mwh_soc10_90_v5,1,1433,93.016,0.0
2026-05-25 17:25:45,20260525_172452_dk2022_150mw_300mwh_soc10_90_v5,1,1434,93.016,0.0
2026-05-25 17:25:45,20260525_172452_dk2022_150mw_300mwh_soc10_90_v5,1,1435,93.016,0.0
2026-05-25 17:25:45,20260525_172452_dk2022_150mw_300mwh_soc10_90_v5,1,1436,93.016,0.0
2026-05-25 17:25:45,20260525_172452_dk2022_150mw_300mwh_soc10_90_v5,1,1437,93.016,0.0
2026-05-25 17:25:45,20260525_172452_dk2022_150mw_300mwh_soc10_90_v5,1,1438,93.016,0.0
2026-05-25 17:25:45,20260525_172452_dk2022_150mw_300mwh_soc10_90_v5,1,1439,93.016,0.0
2026-05-25 17:25:45,20260525_172452_dk2022_150mw_300mwh_soc10_90_v5,1,1440,93.016,0.0
2026-05-25 17:25:45,20260525_172452_dk2022_150mw_300mwh_soc10_90_v5,1,1441,93.016,0.0
2026-05-25 17:25:45,20260525_172452_dk2022_150mw_300mwh_soc10_90_v5,1,1442,93.016,0.0
2026-05-25 17:25:45,20260525_172452_dk2022_150mw_300mwh_soc10_90_v5,1,1443,93.016,0.0
2026-05-25 17:25:45,20260525_172452_dk2022_150mw_300mwh_soc10_90_v5,1,1444,93.016,0.0
2026-05-25 17:25:45,20260525_172452_dk2022_150mw_300mwh_soc10_90_v5,1,1445,93.016,0.0
2026-05-25 17:25:45,20260525_172452_dk2022_150mw_300mwh_soc10_90_v5,1,1446,93.016,0.0
2026-05-25 17:25:45,20260525_172452_dk2022_150mw_300mwh_soc10_90_v5,1,1447,93.016,0.0
2026-05-25 17:25:45,20260525_172452_dk2022_150mw_300mwh_soc10_90_v5,1,1448,93.016,0.0
2026-05-25 17:25:45,20260525_172452_dk2022_150mw_300mwh_soc10_90_v5,1,1449,93.016,0.0
2026-05-25 17:25:45,20260525_172452_dk2022_150mw_300mwh_soc10_90_v5,1,1450,93.016,0.0
2026-05-25 17:25:45,20260525_172452_dk2022_150mw_300mwh_soc10_90_v5,1,1451,93.016,0.0
2026-05-25 17:25:45,20260525_172452_dk2022_150mw_300mwh_soc10_90_v5,1,1452,93.016,0.0
2026-05-25 17:25:45,20260525_172452_dk2022_150mw_300mwh_soc10_90_v5,1,1453,93.016,0.0
2026-05-25 17:25:45,20260525_172452_dk2022_150mw_300mwh_soc10_90_v5,1,1454,93.016,0.0
2026-05-25 17:25:45,20260525_172452_dk2022_150mw_300mwh_soc10_90_v5,1,1455,93.016,0.0
2026-05-25 17:25:45,20260525_172452_dk2022_150mw_300mwh_soc10_90_v5,1,1456,93.016,0.0
2026-05-25 17:25:45,20260525_172452_dk2022_150mw_300mwh_soc10_90_v5,1,1457,93.016,0.0
2026-05-25 17:25:45,20260525_172452_dk2022_150mw_300mwh_soc10_90_v5,1,1458,93.016,0.0
2026-05-25 17:25:45,20260525_172452_dk2022_150mw_300mwh_soc10_90_v5,1,1459,93.016,0.0
2026-05-25 17:25:45,20260525_172452_dk2022_150mw_300mwh_soc10_90_v5,1,1460,93.016,0.0
2026-05-25 17:25:45,20260525_172452_dk2022_150mw_300mwh_soc10_90_v5,1,1461,93.016,0.0
2026-05-25 17:25:45,20260525_172452_dk2022_150mw_300mwh_soc10_90_v5,1,1462,93.016,0.0
2026-05-25 17:25:45,20260525_172452_dk2022_150mw_300mwh_soc10_90_v5,1,1463,93.016,0.0
2026-05-25 17:25:45,20260525_172452_dk2022_150mw_300mwh_soc10_90_v5,1,1464,93.016,0.0
2026-05-25 17:25:45,20260525_172452_dk2022_150mw_300mwh_soc10_90_v5,1,1465,93.016,0.0
2026-05-25 17:25:45,20260525_172452_dk2022_150mw_300mwh_soc10_90_v5,1,1466,93.016,0.0
2026-05-25 17:25:45,20260525_172452_dk2022_150mw_300mwh_soc10_90_v5,1,1467,93.016,0.0
2026-05-25 17:25:45,20260525_172452_dk2022_150mw_300mwh_soc10_90_v5,1,1468,93.016,0.0
2026-05-25 17:25:45,20260525_172452_dk2022_150mw_300mwh_soc10_90_v5,1,1469,93.016,0.0
2026-05-25 17:25:45,20260525_172452_dk2022_150mw_300mwh_soc10_90_v5,1,1470,93.016,0.0
2026-05-25 17:25:45,20260525_172452_dk2022_150mw_300mwh_soc10_90_v5,1,1471,93.016,0.0
2026-05-25 17:25:45,20260525_172452_dk2022_150mw_300mwh_soc10_90_v5,1,1472,93.016,0.0
2026-05-25 17:25:45,20260525_172452_dk2022_150mw_300mwh_soc10_90_v5,1,1473,93.016,0.0
2026-05-25 17:25:45,20260525_172452_dk2022_150mw_300mwh_soc10_90_v5,1,1474,93.016,0.0
2026-05-25 17:25:45,20260525_172452_dk2022_150mw_300mwh_soc10_90_v5,1,1475,93.016,0.0
2026-05-25 17:25:45,20260525_172452_dk2022_150mw_300mwh_soc10_90_v5,1,1476,93.016,0.0
2026-05-25 17:25:45,20260525_172452_dk2022_150mw_300mwh_soc10_90_v5,1,1477,93.016,0.0
2026-05-25 17:25:45,20260525_172452_dk2022_150mw_300mwh_soc10_90_v5,1,1478,93.016,0.0
2026-05-25 17:25:45,20260525_172452_dk2022_150mw_300mwh_soc10_90_v5,1,1479,93.016,0.0
2026-05-25 17:25:45,20260525_172452_dk2022_150mw_300mwh_soc10_90_v5,1,1480,93.016,0.0
2026-05-25 17:25:45,20260525_172452_dk2022_150mw_300mwh_soc10_90_v5,1,1481,93.016,0.0
2026-05-25 17:25:45,20260525_172452_dk2022_150mw_300mwh_soc10_90_v5,1,1482,93.016,0.0
2026-05-25 17:25:45,20260525_172452_dk2022_150mw_300mwh_soc10_90_v5,1,1483,93.016,0.0
2026-05-25 17:25:45,20260525_172452_dk2022_150mw_300mwh_soc10_90_v5,1,1484,93.016,0.0
2026-05-25 17:25:45,20260525_172452_dk2022_150mw_300mwh_soc10_90_v5,1,1485,93.016,0.0
2026-05-25 17:25:45,20260525_172452_dk2022_150mw_300mwh_soc10_90_v5,1,1486,93.016,0.0
2026-05-25 17:25:45,20260525_172452_dk2022_150mw_300mwh_soc10_90_v5,1,1487,93.016,0.0
2026-05-25 17:25:45,20260525_172452_dk2022_150mw_300mwh_soc10_90_v5,1,1488,93.016,0.0
2026-05-25 17:25:45,20260525_172452_dk2022_150mw_300mwh_soc10_90_v5,1,1489,93.016,0.0
2026-05-25 17:25:45,20260525_172452_dk2022_150mw_300mwh_soc10_90_v5,1,1490,93.016,0.0
2026-05-25 17:25:45,20260525_172452_dk2022_150mw_300mwh_soc10_90_v5,1,1491,93.016,0.0
2026-05-25 17:25:45,20260525_172452_dk2022_150mw_300mwh_soc10_90_v5,1,1492,93.016,0.0
2026-05-25 17:25:45,20260525_172452_dk2022_150mw_300mwh_soc10_90_v5,1,1493,93.016,0.0
2026-05-25 17:25:45,20260525_172452_dk2022_150mw_300mwh_soc10_90_v5,1,1494,93.016,0.0
2026-05-25 17:25:45,20260525_172452_dk2022_150mw_300mwh_soc10_90_v5,1,1495,93.016,0.0
2026-05-25 17:25:45,20260525_172452_dk2022_150mw_300mwh_soc10_90_v5,1,1496,93.016,0.0
2026-05-25 17:25:45,20260525_172452_dk2022_150mw_300mwh_soc10_90_v5,1,1497,93.016,0.0
2026-05-25 17:25:45,20260525_172452_dk2022_150mw_300mwh_soc10_90_v5,1,1498,93.016,0.0
2026-05-25 17:25:45,20260525_172452_dk2022_150mw_300mwh_soc10_90_v5,1,1499,93.016,0.0
2026-05-25 17:25:45,20260525_172452_dk2022_150mw_300mwh_soc10_90_v5,1,1500,93.016,0.0
2026-05-25 17:25:45,20260525_172452_dk2022_150mw_300mwh_soc10_90_v5,1,1501,93.016,0.0
2026-05-25 17:25:45,20260525_172452_dk2022_150mw_300mwh_soc10_90_v5,1,1502,93.016,0.0
2026-05-25 17:25:45,20260525_172452_dk2022_150mw_300mwh_soc10_90_v5,1,1503,93.016,0.0
2026-05-25 17:25:45,20260525_172452_dk2022_150mw_300mwh_soc10_90_v5,1,1504,93.016,0.0
2026-05-25 17:25:45,20260525_172452_dk2022_150mw_300mwh_soc10_90_v5,1,1505,93.016,0.0
2026-05-25 17:25:45,20260525_172452_dk2022_150mw_300mwh_soc10_90_v5,1,1506,93.016,0.0
2026-05-25 17:25:45,20260525_172452_dk2022_150mw_300mwh_soc10_90_v5,1,1507,93.016,0.0
2026-05-25 17:25:45,20260525_172452_dk2022_150mw_300mwh_soc10_90_v5,1,1508,93.016,0.0
2026-05-25 17:25:45,20260525_172452_dk2022_150mw_300mwh_soc10_90_v5,1,1509,93.016,0.0
2026-05-25 17:25:45,20260525_172452_dk2022_150mw_300mwh_soc10_90_v5,1,1510,93.016,0.0
2026-05-25 17:25:45,20260525_172452_dk2022_150mw_300mwh_soc10_90_v5,1,1511,93.016,0.0
2026-05-25 17:25:45,20260525_172452_dk2022_150mw_300mwh_soc10_90_v5,1,1512,93.016,0.0
2026-05-25 17:25:45,20260525_172452_dk2022_150mw_300mwh_soc10_90_v5,1,1513,93.016,0.0
2026-05-25 17:25:45,20260525_172452_dk2022_150mw_300mwh_soc10_90_v5,1,1514,93.016,0.0
2026-05-25 17:25:45,20260525_172452_dk2022_150mw_300mwh_soc10_90_v5,1,1515,93.016,0.0
2026-05-25 17:25:45,20260525_172452_dk2022_150mw_300mwh_soc10_90_v5,1,1516,93.016,0.0
2026-05-25 17:25:45,20260525_172452_dk2022_150mw_300mwh_soc10_90_v5,1,1517,93.016,0.0
2026-05-25 17:25:45,20260525_172452_dk2022_150mw_300mwh_soc10_90_v5,1,1518,93.016,0.0
2026-05-25 17:25:45,20260525_172452_dk2022_150mw_300mwh_soc10_90_v5,1,1519,93.016,0.0
2026-05-25 17:25:45,20260525_172452_dk2022_150mw_300mwh_soc10_90_v5,1,1520,93.016,0.0
2026-05-25 17:25:45,20260525_172452_dk2022_150mw_300mwh_soc10_90_v5,1,1521,93.016,0.0
2026-05-25 17:25:45,20260525_172452_dk2022_150mw_300mwh_soc10_90_v5,1,1522,93.016,0.0
2026-05-25 17:25:45,20260525_172452_dk2022_150mw_300mwh_soc10_90_v5,1,1523,93.016,0.0
2026-05-25 17:25:45,20260525_172452_dk2022_150mw_300mwh_soc10_90_v5,1,1524,93.016,0.0
2026-05-25 17:25:45,20260525_172452_dk2022_150mw_300mwh_soc10_90_v5,1,1525,93.016,0.0
2026-05-25 17:25:45,20260525_172452_dk2022_150mw_300mwh_soc10_90_v5,1,1526,93.016,0.0
2026-05-25 17:25:45,20260525_172452_dk2022_150mw_300mwh_soc10_90_v5,1,1527,93.016,0.0
2026-05-25 17:25:45,20260525_172452_dk2022_150mw_300mwh_soc10_90_v5,1,1528,93.016,0.0
2026-05-25 17:25:45,20260525_172452_dk2022_150mw_300mwh_soc10_90_v5,1,1529,93.016,0.0
2026-05-25 17:25:45,20260525_172452_dk2022_150mw_300mwh_soc10_90_v5,1,1530,93.016,0.0
2026-05-25 17:25:45,20260525_172452_dk2022_150mw_300mwh_soc10_90_v5,1,1531,93.016,0.0
2026-05-25 17:25:45,20260525_172452_dk2022_150mw_300mwh_soc10_90_v5,1,1532,93.016,0.0
2026-05-25 17:25:45,20260525_172452_dk2022_150mw_300mwh_soc10_90_v5,1,1533,93.016,0.0
2026-05-25 17:25:45,20260525_172452_dk2022_150mw_300mwh_soc10_90_v5,1,1534,93.016,0.0
2026-05-25 17:25:45,20260525_172452_dk2022_150mw_300mwh_soc10_90_v5,1,1535,93.016,0.0
2026-05-25 17:25:45,20260525_172452_dk2022_150mw_300mwh_soc10_90_v5,1,1536,93.016,0.0
2026-05-25 17:25:45,20260525_172452_dk2022_150mw_300mwh_soc10_90_v5,1,1537,93.016,0.0
2026-05-25 17:25:45,20260525_172452_dk2022_150mw_300mwh_soc10_90_v5,1,1538,93.016,0.0
2026-05-25 17:25:45,20260525_172452_dk2022_150mw_300mwh_soc10_90_v5,1,1539,93.016,3.70309301
2026-05-25 17:25:45,20260525_172452_dk2022_150mw_300mwh_soc10_90_v5,1,1540,93.016,0.0
2026-05-25 17:25:45,20260525_172452_dk2022_150mw_300mwh_soc10_90_v5,1,1541,93.016,0.0
2026-05-25 17:25:45,20260525_172452_dk2022_150mw_300mwh_soc10_90_v5,1,1542,93.016,0.0
2026-05-25 17:25:45,20260525_172452_dk2022_150mw_300mwh_soc10_90_v5,1,1543,93.016,0.0
2026-05-25 17:25:45,20260525_172452_dk2022_150mw_300mwh_soc10_90_v5,1,1544,93.016,0.0
2026-05-25 17:25:45,20260525_172452_dk2022_150mw_300mwh_soc10_90_v5,1,1545,93.016,0.0
2026-05-25 17:25:45,20260525_172452_dk2022_150mw_300mwh_soc10_90_v5,1,1546,93.016,0.0
2026-05-25 17:25:45,20260525_172452_dk2022_150mw_300mwh_soc10_90_v5,1,1547,93.016,0.0
2026-05-25 17:25:45,20260525_172452_dk2022_150mw_300mwh_soc10_90_v5,1,1548,93.016,0.0
2026-05-25 17:25:45,20260525_172452_dk2022_150mw_300mwh_soc10_90_v5,1,1549,93.016,0.0
2026-05-25 17:25:45,20260525_172452_dk2022_150mw_300mwh_soc10_90_v5,1,1550,93.016,0.0
2026-05-25 17:25:45,20260525_172452_dk2022_150mw_300mwh_soc10_90_v5,1,1551,93.016,0.0
2026-05-25 17:25:45,20260525_172452_dk2022_150mw_300mwh_soc10_90_v5,1,1552,93.016,0.0
2026-05-25 17:25:45,20260525_172452_dk2022_150mw_300mwh_soc10_90_v5,1,1553,93.016,0.0
2026-05-25 17:25:45,20260525_172452_dk2022_150mw_300mwh_soc10_90_v5,1,1554,93.016,0.0
2026-05-25 17:25:45,20260525_172452_dk2022_150mw_300mwh_soc10_90_v5,1,1555,93.016,0.0
2026-05-25 17:25:45,20260525_172452_dk2022_150mw_300mwh_soc10_90_v5,1,1556,93.016,0.0
2026-05-25 17:25:45,20260525_172452_dk2022_150mw_300mwh_soc10_90_v5,1,1557,93.016,0.0
2026-05-25 17:25:45,20260525_172452_dk2022_150mw_300mwh_soc10_90_v5,1,1558,93.016,0.0
2026-05-25 17:25:45,20260525_172452_dk2022_150mw_300mwh_soc10_90_v5,1,1559,93.016,0.0
2026-05-25 17:25:45,20260525_172452_dk2022_150mw_300mwh_soc10_90_v5,1,1560,93.016,0.0
2026-05-25 17:25:45,20260525_172452_dk2022_150mw_300mwh_soc10_90_v5,1,1561,93.016,0.0
2026-05-25 17:25:45,20260525_172452_dk2022_150mw_300mwh_soc10_90_v5,1,1562,93.016,0.0
2026-05-25 17:25:45,20260525_172452_dk2022_150mw_300mwh_soc10_90_v5,1,1563,93.016,0.0
2026-05-25 17:25:45,20260525_172452_dk2022_150mw_300mwh_soc10_90_v5,1,1564,93.016,0.0
2026-05-25 17:25:45,20260525_172452_dk2022_150mw_300mwh_soc10_90_v5,1,1565,93.016,0.0
2026-05-25 17:25:45,20260525_172452_dk2022_150mw_300mwh_soc10_90_v5,1,1566,93.016,0.0
2026-05-25 17:25:45,20260525_172452_dk2022_150mw_300mwh_soc10_90_v5,1,1567,93.016,0.0
2026-05-25 17:25:45,20260525_172452_dk2022_150mw_300mwh_soc10_90_v5,1,1568,93.016,0.0
2026-05-25 17:25:45,20260525_172452_dk2022_150mw_300mwh_soc10_90_v5,1,1569,93.016,0.0
2026-05-25 17:25:45,20260525_172452_dk2022_150mw_300mwh_soc10_90_v5,1,1570,93.016,0.0
2026-05-25 17:25:45,20260525_172452_dk2022_150mw_300mwh_soc10_90_v5,1,1571,93.016,0.0
2026-05-25 17:25:45,20260525_172452_dk2022_150mw_300mwh_soc10_90_v5,1,1572,93.016,0.0
2026-05-25 17:25:45,20260525_172452_dk2022_150mw_300mwh_soc10_90_v5,1,1573,93.016,0.0
2026-05-25 17:25:45,20260525_172452_dk2022_150mw_300mwh_soc10_90_v5,1,1574,93.016,0.0
2026-05-25 17:25:45,20260525_172452_dk2022_150mw_300mwh_soc10_90_v5,1,1575,93.016,0.0
2026-05-25 17:25:45,20260525_172452_dk2022_150mw_300mwh_soc10_90_v5,1,1576,93.016,0.0
2026-05-25 17:25:45,20260525_172452_dk2022_150mw_300mwh_soc10_90_v5,1,1577,93.016,0.0
2026-05-25 17:25:45,20260525_172452_dk2022_150mw_300mwh_soc10_90_v5,1,1578,93.016,0.0
2026-05-25 17:25:45,20260525_172452_dk2022_150mw_300mwh_soc10_90_v5,1,1579,93.016,0.0
2026-05-25 17:25:45,20260525_172452_dk2022_150mw_300mwh_soc10_90_v5,1,1580,93.016,0.0
2026-05-25 17:25:45,20260525_172452_dk2022_150mw_300mwh_soc10_90_v5,1,1581,93.016,0.0
2026-05-25 17:25:45,20260525_172452_dk2022_150mw_300mwh_soc10_90_v5,1,1582,93.016,0.0
2026-05-25 17:25:45,20260525_172452_dk2022_150mw_300mwh_soc10_90_v5,1,1583,93.016,0.0
2026-05-25 17:25:45,20260525_172452_dk2022_150mw_300mwh_soc10_90_v5,1,1584,93.016,0.0
2026-05-25 17:25:45,20260525_172452_dk2022_150mw_300mwh_soc10_90_v5,1,1585,93.016,0.0
2026-05-25 17:25:45,20260525_172452_dk2022_150mw_300mwh_soc10_90_v5,1,1586,93.016,0.0
2026-05-25 17:25:45,20260525_172452_dk2022_150mw_300mwh_soc10_90_v5,1,1587,93.016,0.0
2026-05-25 17:25:45,20260525_172452_dk2022_150mw_300mwh_soc10_90_v5,1,1588,93.016,0.0
2026-05-25 17:25:45,20260525_172452_dk2022_150mw_300mwh_soc10_90_v5,1,1589,93.016,0.0
2026-05-25 17:25:45,20260525_172452_dk2022_150mw_300mwh_soc10_90_v5,1,1590,93.016,0.0
2026-05-25 17:25:45,20260525_172452_dk2022_150mw_300mwh_soc10_90_v5,1,1591,93.016,0.0
2026-05-25 17:25:45,20260525_172452_dk2022_150mw_300mwh_soc10_90_v5,1,1592,93.016,0.0
2026-05-25 17:25:45,20260525_172452_dk2022_150mw_300mwh_soc10_90_v5,1,1593,93.016,0.0
2026-05-25 17:25:45,20260525_172452_dk2022_150mw_300mwh_soc10_90_v5,1,1594,93.016,0.0
2026-05-25 17:25:45,20260525_172452_dk2022_150mw_300mwh_soc10_90_v5,1,1595,93.016,0.0
2026-05-25 17:25:45,20260525_172452_dk2022_150mw_300mwh_soc10_90_v5,1,1596,93.016,0.0
2026-05-25 17:25:45,20260525_172452_dk2022_150mw_300mwh_soc10_90_v5,1,1597,93.016,0.0
2026-05-25 17:25:45,20260525_172452_dk2022_150mw_300mwh_soc10_90_v5,1,1598,93.016,0.0
2026-05-25 17:25:45,20260525_172452_dk2022_150mw_300mwh_soc10_90_v5,1,1599,93.016,0.0
2026-05-25 17:25:45,20260525_172452_dk2022_150mw_300mwh_soc10_90_v5,1,1600,93.016,0.0
2026-05-25 17:25:45,20260525_172452_dk2022_150mw_300mwh_soc10_90_v5,1,1601,93.016,0.0
2026-05-25 17:25:45,20260525_172452_dk2022_150mw_300mwh_soc10_90_v5,1,1602,93.016,0.0
2026-05-25 17:25:45,20260525_172452_dk2022_150mw_300mwh_soc10_90_v5,1,1603,93.016,0.0
2026-05-25 17:25:45,20260525_172452_dk2022_150mw_300mwh_soc10_90_v5,1,1604,93.016,0.0
2026-05-25 17:25:45,20260525_172452_dk2022_150mw_300mwh_soc10_90_v5,1,1605,93.016,0.0
2026-05-25 17:25:45,20260525_172452_dk2022_150mw_300mwh_soc10_90_v5,1,1606,93.016,0.0
2026-05-25 17:25:45,20260525_172452_dk2022_150mw_300mwh_soc10_90_v5,1,1607,93.016,0.0
2026-05-25 17:25:45,20260525_172452_dk2022_150mw_300mwh_soc10_90_v5,1,1608,93.016,0.0
2026-05-25 17:25:45,20260525_172452_dk2022_150mw_300mwh_soc10_90_v5,1,1609,93.016,0.0
2026-05-25 17:25:45,20260525_172452_dk2022_150mw_300mwh_soc10_90_v5,1,1610,93.016,0.0
2026-05-25 17:25:45,20260525_172452_dk2022_150mw_300mwh_soc10_90_v5,1,1611,93.016,0.0
2026-05-25 17:25:45,20260525_172452_dk2022_150mw_300mwh_soc10_90_v5,1,1612,93.016,0.0
2026-05-25 17:25:45,20260525_172452_dk2022_150mw_300mwh_soc10_90_v5,1,1613,93.016,0.0
2026-05-25 17:25:45,20260525_172452_dk2022_150mw_300mwh_soc10_90_v5,1,1614,93.016,0.0
2026-05-25 17:25:45,20260525_172452_dk2022_150mw_300mwh_soc10_90_v5,1,1615,93.016,0.0
2026-05-25 17:25:45,20260525_172452_dk2022_150mw_300mwh_soc10_90_v5,1,1616,93.016,0.0
2026-05-25 17:25:45,20260525_172452_dk2022_150mw_300mwh_soc10_90_v5,1,1617,93.016,0.0
2026-05-25 17:25:45,20260525_172452_dk2022_150mw_300mwh_soc10_90_v5,1,1618,93.016,0.0
2026-05-25 17:25:45,20260525_172452_dk2022_150mw_300mwh_soc10_90_v5,1,1619,93.016,0.0
2026-05-25 17:25:45,20260525_172452_dk2022_150mw_300mwh_soc10_90_v5,1,1620,93.016,0.0
2026-05-25 17:25:45,20260525_172452_dk2022_150mw_300mwh_soc10_90_v5,1,1621,93.016,0.0
2026-05-25 17:25:45,20260525_172452_dk2022_150mw_300mwh_soc10_90_v5,1,1622,93.016,0.0
2026-05-25 17:25:45,20260525_172452_dk2022_150mw_300mwh_soc10_90_v5,1,1623,93.016,0.0
2026-05-25 17:25:45,20260525_172452_dk2022_150mw_300mwh_soc10_90_v5,1,1624,93.016,0.0
2026-05-25 17:25:45,20260525_172452_dk2022_150mw_300mwh_soc10_90_v5,1,1625,93.016,0.0
2026-05-25 17:25:45,20260525_172452_dk2022_150mw_300mwh_soc10_90_v5,1,1626,93.016,-3.24911932
2026-05-25 17:25:45,20260525_172452_dk2022_150mw_300mwh_soc10_90_v5,1,1627,93.016,-3.24911932
2026-05-25 17:25:45,20260525_172452_dk2022_150mw_300mwh_soc10_90_v5,1,1628,93.016,0.0
2026-05-25 17:25:45,20260525_172452_dk2022_150mw_300mwh_soc10_90_v5,1,1629,93.016,0.0
2026-05-25 17:25:45,20260525_172452_dk2022_150mw_300mwh_soc10_90_v5,1,1630,93.016,0.0
2026-05-25 17:25:45,20260525_172452_dk2022_150mw_300mwh_soc10_90_v5,1,1631,93.016,0.0
2026-05-25 17:25:45,20260525_172452_dk2022_150mw_300mwh_soc10_90_v5,1,1632,93.016,0.0
2026-05-25 17:25:45,20260525_172452_dk2022_150mw_300mwh_soc10_90_v5,1,1633,93.016,0.0
2026-05-25 17:25:45,20260525_172452_dk2022_150mw_300mwh_soc10_90_v5,1,1634,93.016,0.0
2026-05-25 17:25:45,20260525_172452_dk2022_150mw_300mwh_soc10_90_v5,1,1635,93.016,0.0
2026-05-25 17:25:45,20260525_172452_dk2022_150mw_300mwh_soc10_90_v5,1,1636,93.016,0.0
2026-05-25 17:25:45,20260525_172452_dk2022_150mw_300mwh_soc10_90_v5,1,1637,93.016,0.0
2026-05-25 17:25:45,20260525_172452_dk2022_150mw_300mwh_soc10_90_v5,1,1638,93.016,0.0
2026-05-25 17:25:45,20260525_172452_dk2022_150mw_300mwh_soc10_90_v5,1,1639,93.016,0.0
2026-05-25 17:25:45,20260525_172452_dk2022_150mw_300mwh_soc10_90_v5,1,1640,93.016,0.0
2026-05-25 17:25:45,20260525_172452_dk2022_150mw_300mwh_soc10_90_v5,1,1641,93.016,0.0
2026-05-25 17:25:45,20260525_172452_dk2022_150mw_300mwh_soc10_90_v5,1,1642,93.016,0.0
2026-05-25 17:25:45,20260525_172452_dk2022_150mw_300mwh_soc10_90_v5,1,1643,93.016,0.0
2026-05-25 17:25:45,20260525_172452_dk2022_150mw_300mwh_soc10_90_v5,1,1644,93.016,0.0
2026-05-25 17:25:45,20260525_172452_dk2022_150mw_300mwh_soc10_90_v5,1,1645,93.016,0.0
2026-05-25 17:25:45,20260525_172452_dk2022_150mw_300mwh_soc10_90_v5,1,1646,93.016,0.0
2026-05-25 17:25:45,20260525_172452_dk2022_150mw_300mwh_soc10_90_v5,1,1647,93.016,0.0
2026-05-25 17:25:45,20260525_172452_dk2022_150mw_300mwh_soc10_90_v5,1,1648,93.016,0.0
2026-05-25 17:25:45,20260525_172452_dk2022_150mw_300mwh_soc10_90_v5,1,1649,93.016,0.0
2026-05-25 17:25:45,20260525_172452_dk2022_150mw_300mwh_soc10_90_v5,1,1650,93.016,0.0
2026-05-25 17:25:45,20260525_172452_dk2022_150mw_300mwh_soc10_90_v5,1,1651,93.016,0.0
2026-05-25 17:25:45,20260525_172452_dk2022_150mw_300mwh_soc10_90_v5,1,1652,93.016,0.0
2026-05-25 17:25:45,20260525_172452_dk2022_150mw_300mwh_soc10_90_v5,1,1653,93.016,0.0
2026-05-25 17:25:45,20260525_172452_dk2022_150mw_300mwh_soc10_90_v5,1,1654,93.016,0.0
2026-05-25 17:25:45,20260525_172452_dk2022_150mw_300mwh_soc10_90_v5,1,1655,93.016,0.0
2026-05-25 17:25:45,20260525_172452_dk2022_150mw_300mwh_soc10_90_v5,1,1656,93.016,0.0
2026-05-25 17:25:45,20260525_172452_dk2022_150mw_300mwh_soc10_90_v5,1,1657,93.016,0.0
2026-05-25 17:25:45,20260525_172452_dk2022_150mw_300mwh_soc10_90_v5,1,1658,93.016,0.0
2026-05-25 17:25:45,20260525_172452_dk2022_150mw_300mwh_soc10_90_v5,1,1659,93.016,0.0
2026-05-25 17:25:45,20260525_172452_dk2022_150mw_300mwh_soc10_90_v5,1,1660,93.016,0.0
2026-05-25 17:25:45,20260525_172452_dk2022_150mw_300mwh_soc10_90_v5,1,1661,93.016,0.0
2026-05-25 17:25:45,20260525_172452_dk2022_150mw_300mwh_soc10_90_v5,1,1662,93.016,0.0
2026-05-25 17:25:45,20260525_172452_dk2022_150mw_300mwh_soc10_90_v5,1,1663,93.016,0.0
2026-05-25 17:25:45,20260525_172452_dk2022_150mw_300mwh_soc10_90_v5,1,1664,93.016,0.0
2026-05-25 17:25:45,20260525_172452_dk2022_150mw_300mwh_soc10_90_v5,1,1665,93.016,0.0
2026-05-25 17:25:45,20260525_172452_dk2022_150mw_300mwh_soc10_90_v5,1,1666,93.016,0.0
2026-05-25 17:25:45,20260525_172452_dk2022_150mw_300mwh_soc10_90_v5,1,1667,93.016,0.0
2026-05-25 17:25:45,20260525_172452_dk2022_150mw_300mwh_soc10_90_v5,1,1668,93.016,0.0
2026-05-25 17:25:45,20260525_172452_dk2022_150mw_300mwh_soc10_90_v5,1,1669,93.016,0.0
2026-05-25 17:25:45,20260525_172452_dk2022_150mw_300mwh_soc10_90_v5,1,1670,93.016,0.0
2026-05-25 17:25:45,20260525_172452_dk2022_150mw_300mwh_soc10_90_v5,1,1671,93.016,0.0
2026-05-25 17:25:45,20260525_172452_dk2022_150mw_300mwh_soc10_90_v5,1,1672,93.016,0.0
2026-05-25 17:25:45,20260525_172452_dk2022_150mw_300mwh_soc10_90_v5,1,1673,93.016,0.0
2026-05-25 17:25:45,20260525_172452_dk2022_150mw_300mwh_soc10_90_v5,1,1674,93.016,0.0
2026-05-25 17:25:45,20260525_172452_dk2022_150mw_300mwh_soc10_90_v5,1,1675,93.016,0.0
2026-05-25 17:25:45,20260525_172452_dk2022_150mw_300mwh_soc10_90_v5,1,1676,93.016,0.0
2026-05-25 17:25:45,20260525_172452_dk2022_150mw_300mwh_soc10_90_v5,1,1677,93.016,0.0
2026-05-25 17:25:45,20260525_172452_dk2022_150mw_300mwh_soc10_90_v5,1,1678,93.016,0.0
2026-05-25 17:25:45,20260525_172452_dk2022_150mw_300mwh_soc10_90_v5,1,1679,93.016,0.0
2026-05-25 17:25:45,20260525_172452_dk2022_150mw_300mwh_soc10_90_v5,1,1680,93.016,0.0
2026-05-25 17:25:45,20260525_172452_dk2022_150mw_300mwh_soc10_90_v5,1,1681,93.016,0.0
2026-05-25 17:25:45,20260525_172452_dk2022_150mw_300mwh_soc10_90_v5,1,1682,93.016,0.0
2026-05-25 17:25:45,20260525_172452_dk2022_150mw_300mwh_soc10_90_v5,1,1683,93.016,0.0
2026-05-25 17:25:45,20260525_172452_dk2022_150mw_300mwh_soc10_90_v5,1,1684,93.016,0.0
2026-05-25 17:25:45,20260525_172452_dk2022_150mw_300mwh_soc10_90_v5,1,1685,93.016,0.0
2026-05-25 17:25:45,20260525_172452_dk2022_150mw_300mwh_soc10_90_v5,1,1686,93.016,0.0
2026-05-25 17:25:45,20260525_172452_dk2022_150mw_300mwh_soc10_90_v5,1,1687,93.016,0.0
2026-05-25 17:25:45,20260525_172452_dk2022_150mw_300mwh_soc10_90_v5,1,1688,93.016,0.0
2026-05-25 17:25:45,20260525_172452_dk2022_150mw_300mwh_soc10_90_v5,1,1689,93.016,0.0
2026-05-25 17:25:45,20260525_172452_dk2022_150mw_300mwh_soc10_90_v5,1,1690,93.016,0.0
2026-05-25 17:25:45,20260525_172452_dk2022_150mw_300mwh_soc10_90_v5,1,1691,93.016,0.0
2026-05-25 17:25:45,20260525_172452_dk2022_150mw_300mwh_soc10_90_v5,1,1692,93.016,0.0
2026-05-25 17:25:45,20260525_172452_dk2022_150mw_300mwh_soc10_90_v5,1,1693,93.016,0.0
2026-05-25 17:25:45,20260525_172452_dk2022_150mw_300mwh_soc10_90_v5,1,1694,93.016,0.0
2026-05-25 17:25:45,20260525_172452_dk2022_150mw_300mwh_soc10_90_v5,1,1695,93.016,0.0
2026-05-25 17:25:45,20260525_172452_dk2022_150mw_300mwh_soc10_90_v5,1,1696,93.016,0.0
2026-05-25 17:25:45,20260525_172452_dk2022_150mw_300mwh_soc10_90_v5,1,1697,93.016,0.0
2026-05-25 17:25:45,20260525_172452_dk2022_150mw_300mwh_soc10_90_v5,1,1698,93.016,0.0
2026-05-25 17:25:45,20260525_172452_dk2022_150mw_300mwh_soc10_90_v5,1,1699,93.016,0.0
2026-05-25 17:25:45,20260525_172452_dk2022_150mw_300mwh_soc10_90_v5,1,1700,93.016,0.0
2026-05-25 17:25:45,20260525_172452_dk2022_150mw_300mwh_soc10_90_v5,1,1701,93.016,0.0
2026-05-25 17:25:45,20260525_172452_dk2022_150mw_300mwh_soc10_90_v5,1,1702,93.016,0.0
2026-05-25 17:25:45,20260525_172452_dk2022_150mw_300mwh_soc10_90_v5,1,1703,93.016,0.0
2026-05-25 17:25:45,20260525_172452_dk2022_150mw_300mwh_soc10_90_v5,1,1704,93.016,0.0
2026-05-25 17:25:45,20260525_172452_dk2022_150mw_300mwh_soc10_90_v5,1,1705,93.016,0.0
2026-05-25 17:25:45,20260525_172452_dk2022_150mw_300mwh_soc10_90_v5,1,1706,93.016,0.0
2026-05-25 17:25:45,20260525_172452_dk2022_150mw_300mwh_soc10_90_v5,1,1707,93.016,0.0
2026-05-25 17:25:45,20260525_172452_dk2022_150mw_300mwh_soc10_90_v5,1,1708,93.016,0.0
2026-05-25 17:25:45,20260525_172452_dk2022_150mw_300mwh_soc10_90_v5,1,1709,93.016,0.0
2026-05-25 17:25:45,20260525_172452_dk2022_150mw_300mwh_soc10_90_v5,1,1710,93.016,0.0
2026-05-25 17:25:45,20260525_172452_dk2022_150mw_300mwh_soc10_90_v5,1,1711,93.016,0.0
2026-05-25 17:25:45,20260525_172452_dk2022_150mw_300mwh_soc10_90_v5,1,1712,93.016,0.0
2026-05-25 17:25:45,20260525_172452_dk2022_150mw_300mwh_soc10_90_v5,1,1713,93.016,0.0
2026-05-25 17:25:45,20260525_172452_dk2022_150mw_300mwh_soc10_90_v5,1,1714,93.016,0.0
2026-05-25 17:25:45,20260525_172452_dk2022_150mw_300mwh_soc10_90_v5,1,1715,93.016,0.0
2026-05-25 17:25:45,20260525_172452_dk2022_150mw_300mwh_soc10_90_v5,1,1716,93.016,0.0
2026-05-25 17:25:45,20260525_172452_dk2022_150mw_300mwh_soc10_90_v5,1,1717,93.016,0.0
2026-05-25 17:25:45,20260525_172452_dk2022_150mw_300mwh_soc10_90_v5,1,1718,93.016,0.0
2026-05-25 17:25:45,20260525_172452_dk2022_150mw_300mwh_soc10_90_v5,1,1719,93.016,0.0
2026-05-25 17:25:45,20260525_172452_dk2022_150mw_300mwh_soc10_90_v5,1,1720,93.016,0.0
2026-05-25 17:25:45,20260525_172452_dk2022_150mw_300mwh_soc10_90_v5,1,1721,93.016,0.0
2026-05-25 17:25:45,20260525_172452_dk2022_150mw_300mwh_soc10_90_v5,1,1722,93.016,0.0
2026-05-25 17:25:45,20260525_172452_dk2022_150mw_300mwh_soc10_90_v5,1,1723,93.016,0.0
2026-05-25 17:25:45,20260525_172452_dk2022_150mw_300mwh_soc10_90_v5,1,1724,93.016,0.0
2026-05-25 17:25:45,20260525_172452_dk2022_150mw_300mwh_soc10_90_v5,1,1725,93.016,0.0
2026-05-25 17:25:45,20260525_172452_dk2022_150mw_300mwh_soc10_90_v5,1,1726,93.016,0.0
2026-05-25 17:25:45,20260525_172452_dk2022_150mw_300mwh_soc10_90_v5,1,1727,93.016,0.0
2026-05-25 17:25:45,20260525_172452_dk2022_150mw_300mwh_soc10_90_v5,1,1728,93.016,0.0
2026-05-25 17:25:45,20260525_172452_dk2022_150mw_300mwh_soc10_90_v5,1,1729,93.016,0.0
2026-05-25 17:25:45,20260525_172452_dk2022_150mw_300mwh_soc10_90_v5,1,1730,93.016,0.0
2026-05-25 17:25:45,20260525_172452_dk2022_150mw_300mwh_soc10_90_v5,1,1731,93.016,0.0
2026-05-25 17:25:45,20260525_172452_dk2022_150mw_300mwh_soc10_90_v5,1,1732,93.016,0.0
2026-05-25 17:25:45,20260525_172452_dk2022_150mw_300mwh_soc10_90_v5,1,1733,93.016,0.0
2026-05-25 17:25:45,20260525_172452_dk2022_150mw_300mwh_soc10_90_v5,1,1734,93.016,0.0
2026-05-25 17:25:45,20260525_172452_dk2022_150mw_300mwh_soc10_90_v5,1,1735,93.016,0.0
2026-05-25 17:25:45,20260525_172452_dk2022_150mw_300mwh_soc10_90_v5,1,1736,93.016,0.0
2026-05-25 17:25:45,20260525_172452_dk2022_150mw_300mwh_soc10_90_v5,1,1737,93.016,0.0
2026-05-25 17:25:45,20260525_172452_dk2022_150mw_300mwh_soc10_90_v5,1,1738,93.016,0.0
2026-05-25 17:25:45,20260525_172452_dk2022_150mw_300mwh_soc10_90_v5,1,1739,93.016,0.0
2026-05-25 17:25:45,20260525_172452_dk2022_150mw_300mwh_soc10_90_v5,1,1740,93.016,0.0
2026-05-25 17:25:45,20260525_172452_dk2022_150mw_300mwh_soc10_90_v5,1,1741,93.016,0.0
2026-05-25 17:25:45,20260525_172452_dk2022_150mw_300mwh_soc10_90_v5,1,1742,93.016,0.0
2026-05-25 17:25:45,20260525_172452_dk2022_150mw_300mwh_soc10_90_v5,1,1743,93.016,0.0
2026-05-25 17:25:45,20260525_172452_dk2022_150mw_300mwh_soc10_90_v5,1,1744,93.016,0.0
2026-05-25 17:25:45,20260525_172452_dk2022_150mw_300mwh_soc10_90_v5,1,1745,93.016,0.0
2026-05-25 17:25:45,20260525_172452_dk2022_150mw_300mwh_soc10_90_v5,1,1746,93.016,0.0
2026-05-25 17:25:45,20260525_172452_dk2022_150mw_300mwh_soc10_90_v5,1,1747,93.016,0.0
2026-05-25 17:25:45,20260525_172452_dk2022_150mw_300mwh_soc10_90_v5,1,1748,93.016,0.0
2026-05-25 17:25:45,20260525_172452_dk2022_150mw_300mwh_soc10_90_v5,1,1749,93.016,0.0
2026-05-25 17:25:45,20260525_172452_dk2022_150mw_300mwh_soc10_90_v5,1,1750,93.016,0.0
2026-05-25 17:25:45,20260525_172452_dk2022_150mw_300mwh_soc10_90_v5,1,1751,93.016,0.0
2026-05-25 17:25:45,20260525_172452_dk2022_150mw_300mwh_soc10_90_v5,1,1752,93.016,0.0
2026-05-25 17:25:45,20260525_172452_dk2022_150mw_300mwh_soc10_90_v5,1,1753,93.016,0.0
2026-05-25 17:25:45,20260525_172452_dk2022_150mw_300mwh_soc10_90_v5,1,1754,93.016,0.0
2026-05-25 17:25:45,20260525_172452_dk2022_150mw_300mwh_soc10_90_v5,1,1755,93.016,0.0
2026-05-25 17:25:45,20260525_172452_dk2022_150mw_300mwh_soc10_90_v5,1,1756,93.016,0.0
2026-05-25 17:25:45,20260525_172452_dk2022_150mw_300mwh_soc10_90_v5,1,1757,93.016,0.0
2026-05-25 17:25:45,20260525_172452_dk2022_150mw_300mwh_soc10_90_v5,1,1758,93.016,0.0
2026-05-25 17:25:45,20260525_172452_dk2022_150mw_300mwh_soc10_90_v5,1,1759,93.016,0.0
2026-05-25 17:25:45,20260525_172452_dk2022_150mw_300mwh_soc10_90_v5,1,1760,93.016,0.0
2026-05-25 17:25:45,20260525_172452_dk2022_150mw_300mwh_soc10_90_v5,1,1761,93.016,0.0
2026-05-25 17:25:45,20260525_172452_dk2022_150mw_300mwh_soc10_90_v5,1,1762,93.016,0.0
2026-05-25 17:25:45,20260525_172452_dk2022_150mw_300mwh_soc10_90_v5,1,1763,93.016,0.0
2026-05-25 17:25:45,20260525_172452_dk2022_150mw_300mwh_soc10_90_v5,1,1764,93.016,0.0
2026-05-25 17:25:45,20260525_172452_dk2022_150mw_300mwh_soc10_90_v5,1,1765,93.016,0.0
2026-05-25 17:25:45,20260525_172452_dk2022_150mw_300mwh_soc10_90_v5,1,1766,93.016,0.0
2026-05-25 17:25:45,20260525_172452_dk2022_150mw_300mwh_soc10_90_v5,1,1767,93.016,0.0
2026-05-25 17:25:45,20260525_172452_dk2022_150mw_300mwh_soc10_90_v5,1,1768,93.016,0.0
2026-05-25 17:25:45,20260525_172452_dk2022_150mw_300mwh_soc10_90_v5,1,1769,93.016,0.0
2026-05-25 17:25:45,20260525_172452_dk2022_150mw_300mwh_soc10_90_v5,1,1770,93.016,0.0
2026-05-25 17:25:45,20260525_172452_dk2022_150mw_300mwh_soc10_90_v5,1,1771,93.016,0.0
2026-05-25 17:25:45,20260525_172452_dk2022_150mw_300mwh_soc10_90_v5,1,1772,93.016,0.0
2026-05-25 17:25:45,20260525_172452_dk2022_150mw_300mwh_soc10_90_v5,1,1773,93.016,0.0
2026-05-25 17:25:45,20260525_172452_dk2022_150mw_300mwh_soc10_90_v5,1,1774,93.016,0.0
2026-05-25 17:25:45,20260525_172452_dk2022_150mw_300mwh_soc10_90_v5,1,1775,93.016,0.0
2026-05-25 17:25:45,20260525_172452_dk2022_150mw_300mwh_soc10_90_v5,1,1776,93.016,0.0
2026-05-25 17:25:45,20260525_172452_dk2022_150mw_300mwh_soc10_90_v5,1,1777,93.016,0.0
2026-05-25 17:25:45,20260525_172452_dk2022_150mw_300mwh_soc10_90_v5,1,1778,93.016,0.0
2026-05-25 17:25:45,20260525_172452_dk2022_150mw_300mwh_soc10_90_v5,1,1779,93.016,0.0
2026-05-25 17:25:45,20260525_172452_dk2022_150mw_300mwh_soc10_90_v5,1,1780,93.016,0.0
2026-05-25 17:25:45,20260525_172452_dk2022_150mw_300mwh_soc10_90_v5,1,1781,93.016,0.0
2026-05-25 17:25:45,20260525_172452_dk2022_150mw_300mwh_soc10_90_v5,1,1782,93.016,0.0
2026-05-25 17:25:45,20260525_172452_dk2022_150mw_300mwh_soc10_90_v5,1,1783,93.016,0.0
2026-05-25 17:25:45,20260525_172452_dk2022_150mw_300mwh_soc10_90_v5,1,1784,93.016,0.0
2026-05-25 17:25:45,20260525_172452_dk2022_150mw_300mwh_soc10_90_v5,1,1785,93.016,0.0
2026-05-25 17:25:45,20260525_172452_dk2022_150mw_300mwh_soc10_90_v5,1,1786,93.016,0.0
2026-05-25 17:25:45,20260525_172452_dk2022_150mw_300mwh_soc10_90_v5,1,1787,93.016,0.0
2026-05-25 17:25:45,20260525_172452_dk2022_150mw_300mwh_soc10_90_v5,1,1788,93.016,0.0
2026-05-25 17:25:45,20260525_172452_dk2022_150mw_300mwh_soc10_90_v5,1,1789,93.016,0.0
2026-05-25 17:25:45,20260525_172452_dk2022_150mw_300mwh_soc10_90_v5,1,1790,93.016,0.0
2026-05-25 17:25:45,20260525_172452_dk2022_150mw_300mwh_soc10_90_v5,1,1791,93.016,0.0
2026-05-25 17:25:45,20260525_172452_dk2022_150mw_300mwh_soc10_90_v5,1,1792,93.016,0.0
2026-05-25 17:25:45,20260525_172452_dk2022_150mw_300mwh_soc10_90_v5,1,1793,93.016,0.0
2026-05-25 17:25:45,20260525_172452_dk2022_150mw_300mwh_soc10_90_v5,1,1794,93.016,0.0
2026-05-25 17:25:45,20260525_172452_dk2022_150mw_300mwh_soc10_90_v5,1,1795,93.016,0.0
2026-05-25 17:25:45,20260525_172452_dk2022_150mw_300mwh_soc10_90_v5,1,1796,93.016,0.0
2026-05-25 17:25:45,20260525_172452_dk2022_150mw_300mwh_soc10_90_v5,1,1797,93.016,0.0
2026-05-25 17:25:45,20260525_172452_dk2022_150mw_300mwh_soc10_90_v5,1,1798,93.016,0.0
2026-05-25 17:25:45,20260525_172452_dk2022_150mw_300mwh_soc10_90_v5,1,1799,93.016,0.0
2026-05-25 17:25:45,20260525_172452_dk2022_150mw_300mwh_soc10_90_v5,1,1800,93.016,0.0
2026-05-25 17:25:45,20260525_172452_dk2022_150mw_300mwh_soc10_90_v5,1,1801,93.016,0.0
2026-05-25 17:25:45,20260525_172452_dk2022_150mw_300mwh_soc10_90_v5,1,1802,93.016,0.0
2026-05-25 17:25:45,20260525_172452_dk2022_150mw_300mwh_soc10_90_v5,1,1803,93.016,0.0
2026-05-25 17:25:45,20260525_172452_dk2022_150mw_300mwh_soc10_90_v5,1,1804,93.016,0.0
2026-05-25 17:25:45,20260525_172452_dk2022_150mw_300mwh_soc10_90_v5,1,1805,93.016,0.0
2026-05-25 17:25:45,20260525_172452_dk2022_150mw_300mwh_soc10_90_v5,1,1806,93.016,0.0
2026-05-25 17:25:45,20260525_172452_dk2022_150mw_300mwh_soc10_90_v5,1,1807,93.016,0.0
2026-05-25 17:25:45,20260525_172452_dk2022_150mw_300mwh_soc10_90_v5,1,1808,93.016,0.0
2026-05-25 17:25:45,20260525_172452_dk2022_150mw_300mwh_soc10_90_v5,1,1809,93.016,0.0
2026-05-25 17:25:45,20260525_172452_dk2022_150mw_300mwh_soc10_90_v5,1,1810,93.016,0.0
2026-05-25 17:25:45,20260525_172452_dk2022_150mw_300mwh_soc10_90_v5,1,1811,93.016,0.0
2026-05-25 17:25:45,20260525_172452_dk2022_150mw_300mwh_soc10_90_v5,1,1812,93.016,0.0
2026-05-25 17:25:45,20260525_172452_dk2022_150mw_300mwh_soc10_90_v5,1,1813,93.016,0.0
2026-05-25 17:25:45,20260525_172452_dk2022_150mw_300mwh_soc10_90_v5,1,1814,93.016,0.0
2026-05-25 17:25:45,20260525_172452_dk2022_150mw_300mwh_soc10_90_v5,1,1815,93.016,0.0
2026-05-25 17:25:45,20260525_172452_dk2022_150mw_300mwh_soc10_90_v5,1,1816,93.016,0.0
2026-05-25 17:25:45,20260525_172452_dk2022_150mw_300mwh_soc10_90_v5,1,1817,93.016,0.0
2026-05-25 17:25:45,20260525_172452_dk2022_150mw_300mwh_soc10_90_v5,1,1818,93.016,0.0
2026-05-25 17:25:45,20260525_172452_dk2022_150mw_300mwh_soc10_90_v5,1,1819,93.016,0.0
2026-05-25 17:25:45,20260525_172452_dk2022_150mw_300mwh_soc10_90_v5,1,1820,93.016,0.0
2026-05-25 17:25:45,20260525_172452_dk2022_150mw_300mwh_soc10_90_v5,1,1821,93.016,0.0
2026-05-25 17:25:45,20260525_172452_dk2022_150mw_300mwh_soc10_90_v5,1,1822,93.016,0.0
2026-05-25 17:25:45,20260525_172452_dk2022_150mw_300mwh_soc10_90_v5,1,1823,93.016,0.0
2026-05-25 17:25:45,20260525_172452_dk2022_150mw_300mwh_soc10_90_v5,1,1824,93.016,0.0
2026-05-25 17:25:45,20260525_172452_dk2022_150mw_300mwh_soc10_90_v5,1,1825,93.016,0.0
2026-05-25 17:25:45,20260525_172452_dk2022_150mw_300mwh_soc10_90_v5,1,1826,93.016,0.0
2026-05-25 17:25:45,20260525_172452_dk2022_150mw_300mwh_soc10_90_v5,1,1827,93.016,0.0
2026-05-25 17:25:45,20260525_172452_dk2022_150mw_300mwh_soc10_90_v5,1,1828,93.016,0.0
2026-05-25 17:25:45,20260525_172452_dk2022_150mw_300mwh_soc10_90_v5,1,1829,93.016,0.0
2026-05-25 17:25:45,20260525_172452_dk2022_150mw_300mwh_soc10_90_v5,1,1830,93.016,0.0
2026-05-25 17:25:45,20260525_172452_dk2022_150mw_300mwh_soc10_90_v5,1,1831,93.016,0.0
2026-05-25 17:25:45,20260525_172452_dk2022_150mw_300mwh_soc10_90_v5,1,1832,93.016,0.0
2026-05-25 17:25:45,20260525_172452_dk2022_150mw_300mwh_soc10_90_v5,1,1833,93.016,0.0
2026-05-25 17:25:45,20260525_172452_dk2022_150mw_300mwh_soc10_90_v5,1,1834,93.016,0.0
2026-05-25 17:25:45,20260525_172452_dk2022_150mw_300mwh_soc10_90_v5,1,1835,93.016,0.0
2026-05-25 17:25:45,20260525_172452_dk2022_150mw_300mwh_soc10_90_v5,1,1836,93.016,0.0
2026-05-25 17:25:45,20260525_172452_dk2022_150mw_300mwh_soc10_90_v5,1,1837,93.016,0.0
2026-05-25 17:25:45,20260525_172452_dk2022_150mw_300mwh_soc10_90_v5,1,1838,93.016,0.0
2026-05-25 17:25:45,20260525_172452_dk2022_150mw_300mwh_soc10_90_v5,1,1839,93.016,0.0
2026-05-25 17:25:45,20260525_172452_dk2022_150mw_300mwh_soc10_90_v5,1,1840,93.016,0.0
2026-05-25 17:25:45,20260525_172452_dk2022_150mw_300mwh_soc10_90_v5,1,1841,93.016,0.0
2026-05-25 17:25:45,20260525_172452_dk2022_150mw_300mwh_soc10_90_v5,1,1842,93.016,0.0
2026-05-25 17:25:45,20260525_172452_dk2022_150mw_300mwh_soc10_90_v5,1,1843,93.016,0.0
2026-05-25 17:25:45,20260525_172452_dk2022_150mw_300mwh_soc10_90_v5,1,1844,93.016,0.0
2026-05-25 17:25:45,20260525_172452_dk2022_150mw_300mwh_soc10_90_v5,1,1845,93.016,0.0
2026-05-25 17:25:45,20260525_172452_dk2022_150mw_300mwh_soc10_90_v5,1,1846,93.016,0.0
2026-05-25 17:25:45,20260525_172452_dk2022_150mw_300mwh_soc10_90_v5,1,1847,93.016,0.0
2026-05-25 17:25:45,20260525_172452_dk2022_150mw_300mwh_soc10_90_v5,1,1848,93.016,0.0
2026-05-25 17:25:45,20260525_172452_dk2022_150mw_300mwh_soc10_90_v5,1,1849,93.016,0.0
2026-05-25 17:25:45,20260525_172452_dk2022_150mw_300mwh_soc10_90_v5,1,1850,93.016,0.0
2026-05-25 17:25:45,20260525_172452_dk2022_150mw_300mwh_soc10_90_v5,1,1851,93.016,0.0
2026-05-25 17:25:45,20260525_172452_dk2022_150mw_300mwh_soc10_90_v5,1,1852,93.016,0.0
2026-05-25 17:25:45,20260525_172452_dk2022_150mw_300mwh_soc10_90_v5,1,1853,93.016,0.0
2026-05-25 17:25:45,20260525_172452_dk2022_150mw_300mwh_soc10_90_v5,1,1854,93.016,0.0
2026-05-25 17:25:45,20260525_172452_dk2022_150mw_300mwh_soc10_90_v5,1,1855,93.016,0.0
2026-05-25 17:25:45,20260525_172452_dk2022_150mw_300mwh_soc10_90_v5,1,1856,93.016,0.0
2026-05-25 17:25:45,20260525_172452_dk2022_150mw_300mwh_soc10_90_v5,1,1857,93.016,0.0
2026-05-25 17:25:45,20260525_172452_dk2022_150mw_300mwh_soc10_90_v5,1,1858,93.016,0.0
2026-05-25 17:25:45,20260525_172452_dk2022_150mw_300mwh_soc10_90_v5,1,1859,93.016,0.0
2026-05-25 17:25:45,20260525_172452_dk2022_150mw_300mwh_soc10_90_v5,1,1860,93.016,0.0
2026-05-25 17:25:45,20260525_172452_dk2022_150mw_300mwh_soc10_90_v5,1,1861,93.016,0.0
2026-05-25 17:25:45,20260525_172452_dk2022_150mw_300mwh_soc10_90_v5,1,1862,93.016,3.70309301
2026-05-25 17:25:45,20260525_172452_dk2022_150mw_300mwh_soc10_90_v5,1,1863,93.016,0.0
2026-05-25 17:25:45,20260525_172452_dk2022_150mw_300mwh_soc10_90_v5,1,1864,93.016,0.0
2026-05-25 17:25:45,20260525_172452_dk2022_150mw_300mwh_soc10_90_v5,1,1865,93.016,0.0
2026-05-25 17:25:45,20260525_172452_dk2022_150mw_300mwh_soc10_90_v5,1,1866,93.016,0.0
2026-05-25 17:25:45,20260525_172452_dk2022_150mw_300mwh_soc10_90_v5,1,1867,93.016,0.0
2026-05-25 17:25:45,20260525_172452_dk2022_150mw_300mwh_soc10_90_v5,1,1868,93.016,0.0
2026-05-25 17:25:45,20260525_172452_dk2022_150mw_300mwh_soc10_90_v5,1,1869,93.016,0.0
2026-05-25 17:25:45,20260525_172452_dk2022_150mw_300mwh_soc10_90_v5,1,1870,93.016,0.0
2026-05-25 17:25:45,20260525_172452_dk2022_150mw_300mwh_soc10_90_v5,1,1871,93.016,0.0
2026-05-25 17:25:45,20260525_172452_dk2022_150mw_300mwh_soc10_90_v5,1,1872,93.016,-3.24911932
2026-05-25 17:25:45,20260525_172452_dk2022_150mw_300mwh_soc10_90_v5,1,1873,93.016,-3.24911932
2026-05-25 17:25:45,20260525_172452_dk2022_150mw_300mwh_soc10_90_v5,1,1874,93.016,0.0
2026-05-25 17:25:45,20260525_172452_dk2022_150mw_300mwh_soc10_90_v5,1,1875,93.016,0.0
2026-05-25 17:25:45,20260525_172452_dk2022_150mw_300mwh_soc10_90_v5,1,1876,93.016,0.0
2026-05-25 17:25:45,20260525_172452_dk2022_150mw_300mwh_soc10_90_v5,1,1877,93.016,0.0
2026-05-25 17:25:45,20260525_172452_dk2022_150mw_300mwh_soc10_90_v5,1,1878,93.016,0.0
2026-05-25 17:25:45,20260525_172452_dk2022_150mw_300mwh_soc10_90_v5,1,1879,93.016,0.0
2026-05-25 17:25:45,20260525_172452_dk2022_150mw_300mwh_soc10_90_v5,1,1880,93.016,0.0
2026-05-25 17:25:45,20260525_172452_dk2022_150mw_300mwh_soc10_90_v5,1,1881,93.016,0.0
2026-05-25 17:25:45,20260525_172452_dk2022_150mw_300mwh_soc10_90_v5,1,1882,93.016,0.0
2026-05-25 17:25:45,20260525_172452_dk2022_150mw_300mwh_soc10_90_v5,1,1883,93.016,0.0
2026-05-25 17:25:45,20260525_172452_dk2022_150mw_300mwh_soc10_90_v5,1,1884,93.016,0.0
2026-05-25 17:25:45,20260525_172452_dk2022_150mw_300mwh_soc10_90_v5,1,1885,93.016,0.0
2026-05-25 17:25:45,20260525_172452_dk2022_150mw_300mwh_soc10_90_v5,1,1886,93.016,0.0
2026-05-25 17:25:45,20260525_172452_dk2022_150mw_300mwh_soc10_90_v5,1,1887,93.016,0.0
2026-05-25 17:25:45,20260525_172452_dk2022_150mw_300mwh_soc10_90_v5,1,1888,93.016,0.0
2026-05-25 17:25:45,20260525_172452_dk2022_150mw_300mwh_soc10_90_v5,1,1889,93.016,0.0
2026-05-25 17:25:45,20260525_172452_dk2022_150mw_300mwh_soc10_90_v5,1,1890,93.016,0.0
2026-05-25 17:25:45,20260525_172452_dk2022_150mw_300mwh_soc10_90_v5,1,1891,93.016,0.0
2026-05-25 17:25:45,20260525_172452_dk2022_150mw_300mwh_soc10_90_v5,1,1892,93.016,0.0
2026-05-25 17:25:45,20260525_172452_dk2022_150mw_300mwh_soc10_90_v5,1,1893,93.016,0.0
2026-05-25 17:25:45,20260525_172452_dk2022_150mw_300mwh_soc10_90_v5,1,1894,93.016,0.0
2026-05-25 17:25:45,20260525_172452_dk2022_150mw_300mwh_soc10_90_v5,1,1895,93.016,0.0
2026-05-25 17:25:45,20260525_172452_dk2022_150mw_300mwh_soc10_90_v5,1,1896,93.016,0.0
2026-05-25 17:25:45,20260525_172452_dk2022_150mw_300mwh_soc10_90_v5,1,1897,93.016,0.0
2026-05-25 17:25:45,20260525_172452_dk2022_150mw_300mwh_soc10_90_v5,1,1898,93.016,0.0
2026-05-25 17:25:45,20260525_172452_dk2022_150mw_300mwh_soc10_90_v5,1,1899,93.016,0.0
2026-05-25 17:25:45,20260525_172452_dk2022_150mw_300mwh_soc10_90_v5,1,1900,93.016,0.0
2026-05-25 17:25:45,20260525_172452_dk2022_150mw_300mwh_soc10_90_v5,1,1901,93.016,0.0
2026-05-25 17:25:45,20260525_172452_dk2022_150mw_300mwh_soc10_90_v5,1,1902,93.016,0.0
2026-05-25 17:25:45,20260525_172452_dk2022_150mw_300mwh_soc10_90_v5,1,1903,93.016,0.0
2026-05-25 17:25:45,20260525_172452_dk2022_150mw_300mwh_soc10_90_v5,1,1904,93.016,0.0
2026-05-25 17:25:45,20260525_172452_dk2022_150mw_300mwh_soc10_90_v5,1,1905,93.016,0.0
2026-05-25 17:25:45,20260525_172452_dk2022_150mw_300mwh_soc10_90_v5,1,1906,93.016,0.0
2026-05-25 17:25:45,20260525_172452_dk2022_150mw_300mwh_soc10_90_v5,1,1907,93.016,0.0
2026-05-25 17:25:45,20260525_172452_dk2022_150mw_300mwh_soc10_90_v5,1,1908,93.016,0.0
2026-05-25 17:25:45,20260525_172452_dk2022_150mw_300mwh_soc10_90_v5,1,1909,93.016,0.0
2026-05-25 17:25:45,20260525_172452_dk2022_150mw_300mwh_soc10_90_v5,1,1910,93.016,0.0
2026-05-25 17:25:45,20260525_172452_dk2022_150mw_300mwh_soc10_90_v5,1,1911,93.016,0.0
2026-05-25 17:25:45,20260525_172452_dk2022_150mw_300mwh_soc10_90_v5,1,1912,93.016,0.0
2026-05-25 17:25:45,20260525_172452_dk2022_150mw_300mwh_soc10_90_v5,1,1913,93.016,0.0
2026-05-25 17:25:45,20260525_172452_dk2022_150mw_300mwh_soc10_90_v5,1,1914,93.016,0.0
2026-05-25 17:25:45,20260525_172452_dk2022_150mw_300mwh_soc10_90_v5,1,1915,93.016,0.0
2026-05-25 17:25:45,20260525_172452_dk2022_150mw_300mwh_soc10_90_v5,1,1916,93.016,0.0
2026-05-25 17:25:45,20260525_172452_dk2022_150mw_300mwh_soc10_90_v5,1,1917,93.016,0.0
2026-05-25 17:25:45,20260525_172452_dk2022_150mw_300mwh_soc10_90_v5,1,1918,93.016,0.0
2026-05-25 17:25:45,20260525_172452_dk2022_150mw_300mwh_soc10_90_v5,1,1919,93.016,0.0
2026-05-25 17:25:45,20260525_172452_dk2022_150mw_300mwh_soc10_90_v5,1,1920,93.016,0.0
2026-05-25 17:25:45,20260525_172452_dk2022_150mw_300mwh_soc10_90_v5,1,1921,93.016,0.0
2026-05-25 17:25:45,20260525_172452_dk2022_150mw_300mwh_soc10_90_v5,1,1922,93.016,0.0
2026-05-25 17:25:45,20260525_172452_dk2022_150mw_300mwh_soc10_90_v5,1,1923,93.016,0.0
2026-05-25 17:25:45,20260525_172452_dk2022_150mw_300mwh_soc10_90_v5,1,1924,93.016,0.0
2026-05-25 17:25:45,20260525_172452_dk2022_150mw_300mwh_soc10_90_v5,1,1925,93.016,0.0
2026-05-25 17:25:45,20260525_172452_dk2022_150mw_300mwh_soc10_90_v5,1,1926,93.016,0.0
2026-05-25 17:25:45,20260525_172452_dk2022_150mw_300mwh_soc10_90_v5,1,1927,93.016,0.0
2026-05-25 17:25:45,20260525_172452_dk2022_150mw_300mwh_soc10_90_v5,1,1928,93.016,0.0
2026-05-25 17:25:45,20260525_172452_dk2022_150mw_300mwh_soc10_90_v5,1,1929,93.016,0.0
2026-05-25 17:25:45,20260525_172452_dk2022_150mw_300mwh_soc10_90_v5,1,1930,93.016,0.0
2026-05-25 17:25:45,20260525_172452_dk2022_150mw_300mwh_soc10_90_v5,1,1931,93.016,0.0
2026-05-25 17:25:45,20260525_172452_dk2022_150mw_300mwh_soc10_90_v5,1,1932,93.016,0.0
2026-05-25 17:25:45,20260525_172452_dk2022_150mw_300mwh_soc10_90_v5,1,1933,93.016,0.0
2026-05-25 17:25:45,20260525_172452_dk2022_150mw_300mwh_soc10_90_v5,1,1934,93.016,0.0
2026-05-25 17:25:45,20260525_172452_dk2022_150mw_300mwh_soc10_90_v5,1,1935,93.016,0.0
2026-05-25 17:25:45,20260525_172452_dk2022_150mw_300mwh_soc10_90_v5,1,1936,93.016,0.0
2026-05-25 17:25:45,20260525_172452_dk2022_150mw_300mwh_soc10_90_v5,1,1937,93.016,0.0
2026-05-25 17:25:45,20260525_172452_dk2022_150mw_300mwh_soc10_90_v5,1,1938,93.016,0.0
2026-05-25 17:25:45,20260525_172452_dk2022_150mw_300mwh_soc10_90_v5,1,1939,93.016,0.0
2026-05-25 17:25:45,20260525_172452_dk2022_150mw_300mwh_soc10_90_v5,1,1940,93.016,0.0
2026-05-25 17:25:45,20260525_172452_dk2022_150mw_300mwh_soc10_90_v5,1,1941,93.016,0.0
2026-05-25 17:25:45,20260525_172452_dk2022_150mw_300mwh_soc10_90_v5,1,1942,93.016,0.0
2026-05-25 17:25:45,20260525_172452_dk2022_150mw_300mwh_soc10_90_v5,1,1943,93.016,0.0
2026-05-25 17:25:45,20260525_172452_dk2022_150mw_300mwh_soc10_90_v5,1,1944,93.016,0.0
2026-05-25 17:25:45,20260525_172452_dk2022_150mw_300mwh_soc10_90_v5,1,1945,93.016,0.0
2026-05-25 17:25:45,20260525_172452_dk2022_150mw_300mwh_soc10_90_v5,1,1946,93.016,0.0
2026-05-25 17:25:45,20260525_172452_dk2022_150mw_300mwh_soc10_90_v5,1,1947,93.016,0.0
2026-05-25 17:25:45,20260525_172452_dk2022_150mw_300mwh_soc10_90_v5,1,1948,93.016,0.0
2026-05-25 17:25:45,20260525_172452_dk2022_150mw_300mwh_soc10_90_v5,1,1949,93.016,0.0
2026-05-25 17:25:45,20260525_172452_dk2022_150mw_300mwh_soc10_90_v5,1,1950,93.016,0.0
2026-05-25 17:25:45,20260525_172452_dk2022_150mw_300mwh_soc10_90_v5,1,1951,93.016,0.0
2026-05-25 17:25:45,20260525_172452_dk2022_150mw_300mwh_soc10_90_v5,1,1952,93.016,0.0
2026-05-25 17:25:45,20260525_172452_dk2022_150mw_300mwh_soc10_90_v5,1,1953,93.016,0.0
2026-05-25 17:25:45,20260525_172452_dk2022_150mw_300mwh_soc10_90_v5,1,1954,93.016,0.0
2026-05-25 17:25:45,20260525_172452_dk2022_150mw_300mwh_soc10_90_v5,1,1955,93.016,0.0
2026-05-25 17:25:45,20260525_172452_dk2022_150mw_300mwh_soc10_90_v5,1,1956,93.016,0.0
2026-05-25 17:25:45,20260525_172452_dk2022_150mw_300mwh_soc10_90_v5,1,1957,93.016,0.0
2026-05-25 17:25:45,20260525_172452_dk2022_150mw_300mwh_soc10_90_v5,1,1958,93.016,0.0
2026-05-25 17:25:45,20260525_172452_dk2022_150mw_300mwh_soc10_90_v5,1,1959,93.016,0.0
2026-05-25 17:25:45,20260525_172452_dk2022_150mw_300mwh_soc10_90_v5,1,1960,93.016,0.0
2026-05-25 17:25:45,20260525_172452_dk2022_150mw_300mwh_soc10_90_v5,1,1961,93.016,0.0
2026-05-25 17:25:45,20260525_172452_dk2022_150mw_300mwh_soc10_90_v5,1,1962,93.016,0.0
2026-05-25 17:25:45,20260525_172452_dk2022_150mw_300mwh_soc10_90_v5,1,1963,93.016,0.0
2026-05-25 17:25:45,20260525_172452_dk2022_150mw_300mwh_soc10_90_v5,1,1964,93.016,0.0
2026-05-25 17:25:45,20260525_172452_dk2022_150mw_300mwh_soc10_90_v5,1,1965,93.016,0.0
2026-05-25 17:25:45,20260525_172452_dk2022_150mw_300mwh_soc10_90_v5,1,1966,93.016,0.0
2026-05-25 17:25:45,20260525_172452_dk2022_150mw_300mwh_soc10_90_v5,1,1967,93.016,0.0
2026-05-25 17:25:45,20260525_172452_dk2022_150mw_300mwh_soc10_90_v5,1,1968,93.016,0.0
2026-05-25 17:25:45,20260525_172452_dk2022_150mw_300mwh_soc10_90_v5,1,1969,93.016,0.0
2026-05-25 17:25:45,20260525_172452_dk2022_150mw_300mwh_soc10_90_v5,1,1970,93.016,0.0
2026-05-25 17:25:45,20260525_172452_dk2022_150mw_300mwh_soc10_90_v5,1,1971,93.016,0.0
2026-05-25 17:25:45,20260525_172452_dk2022_150mw_300mwh_soc10_90_v5,1,1972,93.016,3.70309301
2026-05-25 17:25:45,20260525_172452_dk2022_150mw_300mwh_soc10_90_v5,1,1973,93.016,0.0
2026-05-25 17:25:45,20260525_172452_dk2022_150mw_300mwh_soc10_90_v5,1,1974,93.016,0.0
2026-05-25 17:25:45,20260525_172452_dk2022_150mw_300mwh_soc10_90_v5,1,1975,93.016,0.0
2026-05-25 17:25:45,20260525_172452_dk2022_150mw_300mwh_soc10_90_v5,1,1976,93.016,0.0
2026-05-25 17:25:45,20260525_172452_dk2022_150mw_300mwh_soc10_90_v5,1,1977,93.016,0.0
2026-05-25 17:25:45,20260525_172452_dk2022_150mw_300mwh_soc10_90_v5,1,1978,93.016,0.0
2026-05-25 17:25:45,20260525_172452_dk2022_150mw_300mwh_soc10_90_v5,1,1979,93.016,0.0
2026-05-25 17:25:45,20260525_172452_dk2022_150mw_300mwh_soc10_90_v5,1,1980,93.016,0.0
2026-05-25 17:25:45,20260525_172452_dk2022_150mw_300mwh_soc10_90_v5,1,1981,93.016,0.0
2026-05-25 17:25:45,20260525_172452_dk2022_150mw_300mwh_soc10_90_v5,1,1982,93.016,0.0
2026-05-25 17:25:45,20260525_172452_dk2022_150mw_300mwh_soc10_90_v5,1,1983,93.016,0.0
2026-05-25 17:25:45,20260525_172452_dk2022_150mw_300mwh_soc10_90_v5,1,1984,93.016,0.0
2026-05-25 17:25:45,20260525_172452_dk2022_150mw_300mwh_soc10_90_v5,1,1985,93.016,0.0
2026-05-25 17:25:45,20260525_172452_dk2022_150mw_300mwh_soc10_90_v5,1,1986,93.016,0.0
2026-05-25 17:25:45,20260525_172452_dk2022_150mw_300mwh_soc10_90_v5,1,1987,93.016,0.0
2026-05-25 17:25:45,20260525_172452_dk2022_150mw_300mwh_soc10_90_v5,1,1988,93.016,0.0
2026-05-25 17:25:45,20260525_172452_dk2022_150mw_300mwh_soc10_90_v5,1,1989,93.016,0.0
2026-05-25 17:25:45,20260525_172452_dk2022_150mw_300mwh_soc10_90_v5,1,1990,93.016,0.0
2026-05-25 17:25:45,20260525_172452_dk2022_150mw_300mwh_soc10_90_v5,1,1991,93.016,0.0
2026-05-25 17:25:45,20260525_172452_dk2022_150mw_300mwh_soc10_90_v5,1,1992,93.016,0.0
2026-05-25 17:25:45,20260525_172452_dk2022_150mw_300mwh_soc10_90_v5,1,1993,93.016,0.0
2026-05-25 17:25:45,20260525_172452_dk2022_150mw_300mwh_soc10_90_v5,1,1994,93.016,0.0
2026-05-25 17:25:45,20260525_172452_dk2022_150mw_300mwh_soc10_90_v5,1,1995,93.016,0.0
2026-05-25 17:25:45,20260525_172452_dk2022_150mw_300mwh_soc10_90_v5,1,1996,93.016,0.0
2026-05-25 17:25:45,20260525_172452_dk2022_150mw_300mwh_soc10_90_v5,1,1997,93.016,0.0
2026-05-25 17:25:45,20260525_172452_dk2022_150mw_300mwh_soc10_90_v5,1,1998,93.016,0.0
2026-05-25 17:25:45,20260525_172452_dk2022_150mw_300mwh_soc10_90_v5,1,1999,93.016,0.0
2026-05-25 17:25:45,20260525_172452_dk2022_150mw_300mwh_soc10_90_v5,1,2000,93.016,0.0
2026-05-25 17:25:45,20260525_172452_dk2022_150mw_300mwh_soc10_90_v5,1,2001,93.016,0.0
2026-05-25 17:25:45,20260525_172452_dk2022_150mw_300mwh_soc10_90_v5,1,2002,93.016,0.0
2026-05-25 17:25:45,20260525_172452_dk2022_150mw_300mwh_soc10_90_v5,1,2003,93.016,0.0
2026-05-25 17:25:45,20260525_172452_dk2022_150mw_300mwh_soc10_90_v5,1,2004,93.016,0.0
2026-05-25 17:25:45,20260525_172452_dk2022_150mw_300mwh_soc10_90_v5,1,2005,93.016,0.0
2026-05-25 17:25:45,20260525_172452_dk2022_150mw_300mwh_soc10_90_v5,1,2006,93.016,0.0
2026-05-25 17:25:45,20260525_172452_dk2022_150mw_300mwh_soc10_90_v5,1,2007,93.016,0.0
2026-05-25 17:25:45,20260525_172452_dk2022_150mw_300mwh_soc10_90_v5,1,2008,93.016,0.0
2026-05-25 17:25:45,20260525_172452_dk2022_150mw_300mwh_soc10_90_v5,1,2009,93.016,0.0
2026-05-25 17:25:45,20260525_172452_dk2022_150mw_300mwh_soc10_90_v5,1,2010,93.016,-3.24911932
2026-05-25 17:25:45,20260525_172452_dk2022_150mw_300mwh_soc10_90_v5,1,2011,93.016,-3.24911932
2026-05-25 17:25:45,20260525_172452_dk2022_150mw_300mwh_soc10_90_v5,1,2012,93.016,0.0
2026-05-25 17:25:45,20260525_172452_dk2022_150mw_300mwh_soc10_90_v5,1,2013,93.016,0.0
2026-05-25 17:25:45,20260525_172452_dk2022_150mw_300mwh_soc10_90_v5,1,2014,93.016,0.0
2026-05-25 17:25:45,20260525_172452_dk2022_150mw_300mwh_soc10_90_v5,1,2015,93.016,0.0
2026-05-25 17:25:45,20260525_172452_dk2022_150mw_300mwh_soc10_90_v5,1,2016,93.016,0.0
2026-05-25 17:25:45,20260525_172452_dk2022_150mw_300mwh_soc10_90_v5,1,2017,93.016,0.0
2026-05-25 17:25:45,20260525_172452_dk2022_150mw_300mwh_soc10_90_v5,1,2018,93.016,0.0
2026-05-25 17:25:45,20260525_172452_dk2022_150mw_300mwh_soc10_90_v5,1,2019,93.016,0.0
2026-05-25 17:25:45,20260525_172452_dk2022_150mw_300mwh_soc10_90_v5,1,2020,93.016,0.0
2026-05-25 17:25:45,20260525_172452_dk2022_150mw_300mwh_soc10_90_v5,1,2021,93.016,0.0
2026-05-25 17:25:45,20260525_172452_dk2022_150mw_300mwh_soc10_90_v5,1,2022,93.016,0.0
2026-05-25 17:25:45,20260525_172452_dk2022_150mw_300mwh_soc10_90_v5,1,2023,93.016,0.0
2026-05-25 17:25:45,20260525_172452_dk2022_150mw_300mwh_soc10_90_v5,1,2024,93.016,0.0
2026-05-25 17:25:45,20260525_172452_dk2022_150mw_300mwh_soc10_90_v5,1,2025,93.016,0.0
2026-05-25 17:25:45,20260525_172452_dk2022_150mw_300mwh_soc10_90_v5,1,2026,93.016,0.0
2026-05-25 17:25:45,20260525_172452_dk2022_150mw_300mwh_soc10_90_v5,1,2027,93.016,0.0
2026-05-25 17:25:45,20260525_172452_dk2022_150mw_300mwh_soc10_90_v5,1,2028,93.016,0.0
2026-05-25 17:25:45,20260525_172452_dk2022_150mw_300mwh_soc10_90_v5,1,2029,93.016,0.0
2026-05-25 17:25:45,20260525_172452_dk2022_150mw_300mwh_soc10_90_v5,1,2030,93.016,0.0
2026-05-25 17:25:45,20260525_172452_dk2022_150mw_300mwh_soc10_90_v5,1,2031,93.016,0.0
2026-05-25 17:25:45,20260525_172452_dk2022_150mw_300mwh_soc10_90_v5,1,2032,93.016,0.0
2026-05-25 17:25:45,20260525_172452_dk2022_150mw_300mwh_soc10_90_v5,1,2033,93.016,0.0
2026-05-25 17:25:45,20260525_172452_dk2022_150mw_300mwh_soc10_90_v5,1,2034,93.016,0.0
2026-05-25 17:25:45,20260525_172452_dk2022_150mw_300mwh_soc10_90_v5,1,2035,93.016,0.0
2026-05-25 17:25:45,20260525_172452_dk2022_150mw_300mwh_soc10_90_v5,1,2036,93.016,0.0
2026-05-25 17:25:45,20260525_172452_dk2022_150mw_300mwh_soc10_90_v5,1,2037,93.016,0.0
2026-05-25 17:25:45,20260525_172452_dk2022_150mw_300mwh_soc10_90_v5,1,2038,93.016,0.0
2026-05-25 17:25:45,20260525_172452_dk2022_150mw_300mwh_soc10_90_v5,1,2039,93.016,0.0
2026-05-25 17:25:45,20260525_172452_dk2022_150mw_300mwh_soc10_90_v5,1,2040,93.016,0.0
2026-05-25 17:25:45,20260525_172452_dk2022_150mw_300mwh_soc10_90_v5,1,2041,93.016,0.0
2026-05-25 17:25:45,20260525_172452_dk2022_150mw_300mwh_soc10_90_v5,1,2042,93.016,0.0
2026-05-25 17:25:45,20260525_172452_dk2022_150mw_300mwh_soc10_90_v5,1,2043,93.016,0.0
2026-05-25 17:25:45,20260525_172452_dk2022_150mw_300mwh_soc10_90_v5,1,2044,93.016,0.0
2026-05-25 17:25:45,20260525_172452_dk2022_150mw_300mwh_soc10_90_v5,1,2045,93.016,0.0
2026-05-25 17:25:45,20260525_172452_dk2022_150mw_300mwh_soc10_90_v5,1,2046,93.016,0.0
2026-05-25 17:25:45,20260525_172452_dk2022_150mw_300mwh_soc10_90_v5,1,2047,93.016,0.0
2026-05-25 17:25:45,20260525_172452_dk2022_150mw_300mwh_soc10_90_v5,1,2048,93.016,0.0
2026-05-25 17:25:45,20260525_172452_dk2022_150mw_300mwh_soc10_90_v5,1,2049,93.016,0.0
2026-05-25 17:25:45,20260525_172452_dk2022_150mw_300mwh_soc10_90_v5,1,2050,93.016,0.0
2026-05-25 17:25:45,20260525_172452_dk2022_150mw_300mwh_soc10_90_v5,1,2051,93.016,0.0
2026-05-25 17:25:45,20260525_172452_dk2022_150mw_300mwh_soc10_90_v5,1,2052,93.016,0.0
2026-05-25 17:25:45,20260525_172452_dk2022_150mw_300mwh_soc10_90_v5,1,2053,93.016,0.0
2026-05-25 17:25:45,20260525_172452_dk2022_150mw_300mwh_soc10_90_v5,1,2054,93.016,0.0
2026-05-25 17:25:45,20260525_172452_dk2022_150mw_300mwh_soc10_90_v5,1,2055,93.016,0.0
2026-05-25 17:25:45,20260525_172452_dk2022_150mw_300mwh_soc10_90_v5,1,2056,93.016,0.0
2026-05-25 17:25:45,20260525_172452_dk2022_150mw_300mwh_soc10_90_v5,1,2057,93.016,0.0
2026-05-25 17:25:45,20260525_172452_dk2022_150mw_300mwh_soc10_90_v5,1,2058,93.016,0.0
2026-05-25 17:25:45,20260525_172452_dk2022_150mw_300mwh_soc10_90_v5,1,2059,93.016,0.0
2026-05-25 17:25:45,20260525_172452_dk2022_150mw_300mwh_soc10_90_v5,1,2060,93.016,0.0
2026-05-25 17:25:45,20260525_172452_dk2022_150mw_300mwh_soc10_90_v5,1,2061,93.016,0.0
2026-05-25 17:25:45,20260525_172452_dk2022_150mw_300mwh_soc10_90_v5,1,2062,93.016,0.0
2026-05-25 17:25:45,20260525_172452_dk2022_150mw_300mwh_soc10_90_v5,1,2063,93.016,0.0
2026-05-25 17:25:45,20260525_172452_dk2022_150mw_300mwh_soc10_90_v5,1,2064,93.016,0.0
2026-05-25 17:25:45,20260525_172452_dk2022_150mw_300mwh_soc10_90_v5,1,2065,93.016,0.0
2026-05-25 17:25:45,20260525_172452_dk2022_150mw_300mwh_soc10_90_v5,1,2066,93.016,0.0
2026-05-25 17:25:45,20260525_172452_dk2022_150mw_300mwh_soc10_90_v5,1,2067,93.016,0.0
2026-05-25 17:25:45,20260525_172452_dk2022_150mw_300mwh_soc10_90_v5,1,2068,93.016,0.0
2026-05-25 17:25:45,20260525_172452_dk2022_150mw_300mwh_soc10_90_v5,1,2069,93.016,0.0
2026-05-25 17:25:45,20260525_172452_dk2022_150mw_300mwh_soc10_90_v5,1,2070,93.016,0.0
2026-05-25 17:25:45,20260525_172452_dk2022_150mw_300mwh_soc10_90_v5,1,2071,93.016,0.0
2026-05-25 17:25:45,20260525_172452_dk2022_150mw_300mwh_soc10_90_v5,1,2072,93.016,0.0
2026-05-25 17:25:45,20260525_172452_dk2022_150mw_300mwh_soc10_90_v5,1,2073,93.016,0.0
2026-05-25 17:25:45,20260525_172452_dk2022_150mw_300mwh_soc10_90_v5,1,2074,93.016,0.0
2026-05-25 17:25:45,20260525_172452_dk2022_150mw_300mwh_soc10_90_v5,1,2075,93.016,0.0
2026-05-25 17:25:45,20260525_172452_dk2022_150mw_300mwh_soc10_90_v5,1,2076,93.016,0.0
2026-05-25 17:25:45,20260525_172452_dk2022_150mw_300mwh_soc10_90_v5,1,2077,93.016,0.0
2026-05-25 17:25:45,20260525_172452_dk2022_150mw_300mwh_soc10_90_v5,1,2078,93.016,0.0
2026-05-25 17:25:45,20260525_172452_dk2022_150mw_300mwh_soc10_90_v5,1,2079,93.016,0.0
2026-05-25 17:25:45,20260525_172452_dk2022_150mw_300mwh_soc10_90_v5,1,2080,93.016,0.0
2026-05-25 17:25:45,20260525_172452_dk2022_150mw_300mwh_soc10_90_v5,1,2081,93.016,0.0
2026-05-25 17:25:45,20260525_172452_dk2022_150mw_300mwh_soc10_90_v5,1,2082,93.016,0.0
2026-05-25 17:25:45,20260525_172452_dk2022_150mw_300mwh_soc10_90_v5,1,2083,93.016,0.0
2026-05-25 17:25:45,20260525_172452_dk2022_150mw_300mwh_soc10_90_v5,1,2084,93.016,0.0
2026-05-25 17:25:45,20260525_172452_dk2022_150mw_300mwh_soc10_90_v5,1,2085,93.016,0.0
2026-05-25 17:25:45,20260525_172452_dk2022_150mw_300mwh_soc10_90_v5,1,2086,93.016,0.0
2026-05-25 17:25:45,20260525_172452_dk2022_150mw_300mwh_soc10_90_v5,1,2087,93.016,0.0
2026-05-25 17:25:45,20260525_172452_dk2022_150mw_300mwh_soc10_90_v5,1,2088,93.016,0.0
2026-05-25 17:25:45,20260525_172452_dk2022_150mw_300mwh_soc10_90_v5,1,2089,93.016,0.0
2026-05-25 17:25:45,20260525_172452_dk2022_150mw_300mwh_soc10_90_v5,1,2090,93.016,0.0
2026-05-25 17:25:45,20260525_172452_dk2022_150mw_300mwh_soc10_90_v5,1,2091,93.016,0.0
2026-05-25 17:25:45,20260525_172452_dk2022_150mw_300mwh_soc10_90_v5,1,2092,93.016,0.0
2026-05-25 17:25:45,20260525_172452_dk2022_150mw_300mwh_soc10_90_v5,1,2093,93.016,0.0
2026-05-25 17:25:45,20260525_172452_dk2022_150mw_300mwh_soc10_90_v5,1,2094,93.016,0.0
2026-05-25 17:25:45,20260525_172452_dk2022_150mw_300mwh_soc10_90_v5,1,2095,93.016,0.0
2026-05-25 17:25:45,20260525_172452_dk2022_150mw_300mwh_soc10_90_v5,1,2096,93.016,0.0
2026-05-25 17:25:45,20260525_172452_dk2022_150mw_300mwh_soc10_90_v5,1,2097,93.016,0.0
2026-05-25 17:25:45,20260525_172452_dk2022_150mw_300mwh_soc10_90_v5,1,2098,93.016,0.0
2026-05-25 17:25:45,20260525_172452_dk2022_150mw_300mwh_soc10_90_v5,1,2099,93.016,0.0
2026-05-25 17:25:45,20260525_172452_dk2022_150mw_300mwh_soc10_90_v5,1,2100,93.016,0.0
2026-05-25 17:25:45,20260525_172452_dk2022_150mw_300mwh_soc10_90_v5,1,2101,93.016,0.0
2026-05-25 17:25:45,20260525_172452_dk2022_150mw_300mwh_soc10_90_v5,1,2102,93.016,0.0
2026-05-25 17:25:45,20260525_172452_dk2022_150mw_300mwh_soc10_90_v5,1,2103,93.016,0.0
2026-05-25 17:25:45,20260525_172452_dk2022_150mw_300mwh_soc10_90_v5,1,2104,93.016,0.0
2026-05-25 17:25:45,20260525_172452_dk2022_150mw_300mwh_soc10_90_v5,1,2105,93.016,0.0
2026-05-25 17:25:45,20260525_172452_dk2022_150mw_300mwh_soc10_90_v5,1,2106,93.016,0.0
2026-05-25 17:25:45,20260525_172452_dk2022_150mw_300mwh_soc10_90_v5,1,2107,93.016,0.0
2026-05-25 17:25:45,20260525_172452_dk2022_150mw_300mwh_soc10_90_v5,1,2108,93.016,0.0
2026-05-25 17:25:45,20260525_172452_dk2022_150mw_300mwh_soc10_90_v5,1,2109,93.016,0.0
2026-05-25 17:25:45,20260525_172452_dk2022_150mw_300mwh_soc10_90_v5,1,2110,93.016,0.0
2026-05-25 17:25:45,20260525_172452_dk2022_150mw_300mwh_soc10_90_v5,1,2111,93.016,0.0
2026-05-25 17:25:45,20260525_172452_dk2022_150mw_300mwh_soc10_90_v5,1,2112,93.016,0.0
2026-05-25 17:25:45,20260525_172452_dk2022_150mw_300mwh_soc10_90_v5,1,2113,93.016,0.0
2026-05-25 17:25:45,20260525_172452_dk2022_150mw_300mwh_soc10_90_v5,1,2114,93.016,0.0
2026-05-25 17:25:45,20260525_172452_dk2022_150mw_300mwh_soc10_90_v5,1,2115,93.016,0.0
2026-05-25 17:25:45,20260525_172452_dk2022_150mw_300mwh_soc10_90_v5,1,2116,93.016,0.0
2026-05-25 17:25:45,20260525_172452_dk2022_150mw_300mwh_soc10_90_v5,1,2117,93.016,0.0
2026-05-25 17:25:45,20260525_172452_dk2022_150mw_300mwh_soc10_90_v5,1,2118,93.016,0.0
2026-05-25 17:25:45,20260525_172452_dk2022_150mw_300mwh_soc10_90_v5,1,2119,93.016,0.0
2026-05-25 17:25:45,20260525_172452_dk2022_150mw_300mwh_soc10_90_v5,1,2120,93.016,0.0
2026-05-25 17:25:45,20260525_172452_dk2022_150mw_300mwh_soc10_90_v5,1,2121,93.016,0.0
2026-05-25 17:25:45,20260525_172452_dk2022_150mw_300mwh_soc10_90_v5,1,2122,93.016,0.0
2026-05-25 17:25:45,20260525_172452_dk2022_150mw_300mwh_soc10_90_v5,1,2123,93.016,0.0
2026-05-25 17:25:45,20260525_172452_dk2022_150mw_300mwh_soc10_90_v5,1,2124,93.016,0.0
2026-05-25 17:25:45,20260525_172452_dk2022_150mw_300mwh_soc10_90_v5,1,2125,93.016,0.0
2026-05-25 17:25:45,20260525_172452_dk2022_150mw_300mwh_soc10_90_v5,1,2126,93.016,0.0
2026-05-25 17:25:45,20260525_172452_dk2022_150mw_300mwh_soc10_90_v5,1,2127,93.016,0.0
2026-05-25 17:25:45,20260525_172452_dk2022_150mw_300mwh_soc10_90_v5,1,2128,93.016,0.0
2026-05-25 17:25:45,20260525_172452_dk2022_150mw_300mwh_soc10_90_v5,1,2129,93.016,0.0
2026-05-25 17:25:45,20260525_172452_dk2022_150mw_300mwh_soc10_90_v5,1,2130,93.016,0.0
2026-05-25 17:25:45,20260525_172452_dk2022_150mw_300mwh_soc10_90_v5,1,2131,93.016,0.0
2026-05-25 17:25:45,20260525_172452_dk2022_150mw_300mwh_soc10_90_v5,1,2132,93.016,0.0
2026-05-25 17:25:45,20260525_172452_dk2022_150mw_300mwh_soc10_90_v5,1,2133,93.016,0.0
2026-05-25 17:25:45,20260525_172452_dk2022_150mw_300mwh_soc10_90_v5,1,2134,93.016,0.0
2026-05-25 17:25:45,20260525_172452_dk2022_150mw_300mwh_soc10_90_v5,1,2135,93.016,0.0
2026-05-25 17:25:45,20260525_172452_dk2022_150mw_300mwh_soc10_90_v5,1,2136,93.016,0.0
2026-05-25 17:25:45,20260525_172452_dk2022_150mw_300mwh_soc10_90_v5,1,2137,93.016,0.0
2026-05-25 17:25:45,20260525_172452_dk2022_150mw_300mwh_soc10_90_v5,1,2138,93.016,0.0
2026-05-25 17:25:45,20260525_172452_dk2022_150mw_300mwh_soc10_90_v5,1,2139,93.016,0.0
2026-05-25 17:25:45,20260525_172452_dk2022_150mw_300mwh_soc10_90_v5,1,2140,93.016,0.0
2026-05-25 17:25:45,20260525_172452_dk2022_150mw_300mwh_soc10_90_v5,1,2141,93.016,0.0
2026-05-25 17:25:45,20260525_172452_dk2022_150mw_300mwh_soc10_90_v5,1,2142,93.016,0.0
2026-05-25 17:25:45,20260525_172452_dk2022_150mw_300mwh_soc10_90_v5,1,2143,93.016,0.0
2026-05-25 17:25:45,20260525_172452_dk2022_150mw_300mwh_soc10_90_v5,1,2144,93.016,0.0
2026-05-25 17:25:45,20260525_172452_dk2022_150mw_300mwh_soc10_90_v5,1,2145,93.016,0.0
2026-05-25 17:25:45,20260525_172452_dk2022_150mw_300mwh_soc10_90_v5,1,2146,93.016,0.0
2026-05-25 17:25:45,20260525_172452_dk2022_150mw_300mwh_soc10_90_v5,1,2147,93.016,0.0
2026-05-25 17:25:45,20260525_172452_dk2022_150mw_300mwh_soc10_90_v5,1,2148,93.016,0.0
2026-05-25 17:25:45,20260525_172452_dk2022_150mw_300mwh_soc10_90_v5,1,2149,93.016,0.0
2026-05-25 17:25:45,20260525_172452_dk2022_150mw_300mwh_soc10_90_v5,1,2150,93.016,0.0
2026-05-25 17:25:45,20260525_172452_dk2022_150mw_300mwh_soc10_90_v5,1,2151,93.016,0.0
2026-05-25 17:25:45,20260525_172452_dk2022_150mw_300mwh_soc10_90_v5,1,2152,93.016,0.0
2026-05-25 17:25:45,20260525_172452_dk2022_150mw_300mwh_soc10_90_v5,1,2153,93.016,0.0
2026-05-25 17:25:45,20260525_172452_dk2022_150mw_300mwh_soc10_90_v5,1,2154,93.016,0.0
2026-05-25 17:25:45,20260525_172452_dk2022_150mw_300mwh_soc10_90_v5,1,2155,93.016,0.0
2026-05-25 17:25:45,20260525_172452_dk2022_150mw_300mwh_soc10_90_v5,1,2156,93.016,0.0
2026-05-25 17:25:45,20260525_172452_dk2022_150mw_300mwh_soc10_90_v5,1,2157,93.016,0.0
2026-05-25 17:25:45,20260525_172452_dk2022_150mw_300mwh_soc10_90_v5,1,2158,93.016,0.0
2026-05-25 17:25:45,20260525_172452_dk2022_150mw_300mwh_soc10_90_v5,1,2159,93.016,0.0
2026-05-25 17:25:45,20260525_172452_dk2022_150mw_300mwh_soc10_90_v5,1,2160,93.016,0.0
2026-05-25 17:25:45,20260525_172452_dk2022_150mw_300mwh_soc10_90_v5,1,2161,93.016,0.0
2026-05-25 17:25:45,20260525_172452_dk2022_150mw_300mwh_soc10_90_v5,1,2162,93.016,0.0
2026-05-25 17:25:45,20260525_172452_dk2022_150mw_300mwh_soc10_90_v5,1,2163,93.016,0.0
2026-05-25 17:25:45,20260525_172452_dk2022_150mw_300mwh_soc10_90_v5,1,2164,93.016,0.0
2026-05-25 17:25:45,20260525_172452_dk2022_150mw_300mwh_soc10_90_v5,1,2165,93.016,0.0
2026-05-25 17:25:45,20260525_172452_dk2022_150mw_300mwh_soc10_90_v5,1,2166,93.016,0.0
2026-05-25 17:25:45,20260525_172452_dk2022_150mw_300mwh_soc10_90_v5,1,2167,93.016,0.0
2026-05-25 17:25:45,20260525_172452_dk2022_150mw_300mwh_soc10_90_v5,1,2168,93.016,0.0
2026-05-25 17:25:45,20260525_172452_dk2022_150mw_300mwh_soc10_90_v5,1,2169,93.016,0.0
2026-05-25 17:25:45,20260525_172452_dk2022_150mw_300mwh_soc10_90_v5,1,2170,93.016,0.0
2026-05-25 17:25:45,20260525_172452_dk2022_150mw_300mwh_soc10_90_v5,1,2171,93.016,0.0
2026-05-25 17:25:45,20260525_172452_dk2022_150mw_300mwh_soc10_90_v5,1,2172,93.016,0.0
2026-05-25 17:25:45,20260525_172452_dk2022_150mw_300mwh_soc10_90_v5,1,2173,93.016,0.0
2026-05-25 17:25:45,20260525_172452_dk2022_150mw_300mwh_soc10_90_v5,1,2174,93.016,0.0
2026-05-25 17:25:45,20260525_172452_dk2022_150mw_300mwh_soc10_90_v5,1,2175,93.016,0.0
2026-05-25 17:25:45,20260525_172452_dk2022_150mw_300mwh_soc10_90_v5,1,2176,93.016,0.0
2026-05-25 17:25:45,20260525_172452_dk2022_150mw_300mwh_soc10_90_v5,1,2177,93.016,0.0
2026-05-25 17:25:45,20260525_172452_dk2022_150mw_300mwh_soc10_90_v5,1,2178,93.016,0.0
2026-05-25 17:25:45,20260525_172452_dk2022_150mw_300mwh_soc10_90_v5,1,2179,93.016,0.0
2026-05-25 17:25:45,20260525_172452_dk2022_150mw_300mwh_soc10_90_v5,1,2180,93.016,0.0
2026-05-25 17:25:45,20260525_172452_dk2022_150mw_300mwh_soc10_90_v5,1,2181,93.016,0.0
2026-05-25 17:25:45,20260525_172452_dk2022_150mw_300mwh_soc10_90_v5,1,2182,93.016,0.0
2026-05-25 17:25:45,20260525_172452_dk2022_150mw_300mwh_soc10_90_v5,1,2183,93.016,0.0
2026-05-25 17:25:45,20260525_172452_dk2022_150mw_300mwh_soc10_90_v5,1,2184,93.016,0.0
2026-05-25 17:25:45,20260525_172452_dk2022_150mw_300mwh_soc10_90_v5,1,2185,93.016,0.0
2026-05-25 17:25:45,20260525_172452_dk2022_150mw_300mwh_soc10_90_v5,1,2186,93.016,0.0
2026-05-25 17:25:45,20260525_172452_dk2022_150mw_300mwh_soc10_90_v5,1,2187,93.016,0.0
2026-05-25 17:25:45,20260525_172452_dk2022_150mw_300mwh_soc10_90_v5,1,2188,93.016,0.0
2026-05-25 17:25:45,20260525_172452_dk2022_150mw_300mwh_soc10_90_v5,1,2189,93.016,0.0
2026-05-25 17:25:45,20260525_172452_dk2022_150mw_300mwh_soc10_90_v5,1,2190,93.016,0.0
2026-05-25 17:25:45,20260525_172452_dk2022_150mw_300mwh_soc10_90_v5,1,2191,93.016,0.0
2026-05-25 17:25:45,20260525_172452_dk2022_150mw_300mwh_soc10_90_v5,1,2192,93.016,0.0
2026-05-25 17:25:45,20260525_172452_dk2022_150mw_300mwh_soc10_90_v5,1,2193,93.016,0.0
2026-05-25 17:25:45,20260525_172452_dk2022_150mw_300mwh_soc10_90_v5,1,2194,93.016,0.0
2026-05-25 17:25:45,20260525_172452_dk2022_150mw_300mwh_soc10_90_v5,1,2195,93.016,0.0
2026-05-25 17:25:45,20260525_172452_dk2022_150mw_300mwh_soc10_90_v5,1,2196,93.016,0.0
2026-05-25 17:25:45,20260525_172452_dk2022_150mw_300mwh_soc10_90_v5,1,2197,93.016,0.0
2026-05-25 17:25:45,20260525_172452_dk2022_150mw_300mwh_soc10_90_v5,1,2198,93.016,0.0
2026-05-25 17:25:45,20260525_172452_dk2022_150mw_300mwh_soc10_90_v5,1,2199,93.016,0.0
2026-05-25 17:25:45,20260525_172452_dk2022_150mw_300mwh_soc10_90_v5,1,2200,93.016,0.0
2026-05-25 17:25:45,20260525_172452_dk2022_150mw_300mwh_soc10_90_v5,1,2201,93.016,0.0
2026-05-25 17:25:45,20260525_172452_dk2022_150mw_300mwh_soc10_90_v5,1,2202,93.016,0.0
2026-05-25 17:25:45,20260525_172452_dk2022_150mw_300mwh_soc10_90_v5,1,2203,93.016,0.0
2026-05-25 17:25:45,20260525_172452_dk2022_150mw_300mwh_soc10_90_v5,1,2204,93.016,0.0
2026-05-25 17:25:45,20260525_172452_dk2022_150mw_300mwh_soc10_90_v5,1,2205,93.016,0.0
2026-05-25 17:25:45,20260525_172452_dk2022_150mw_300mwh_soc10_90_v5,1,2206,93.016,0.0
2026-05-25 17:25:45,20260525_172452_dk2022_150mw_300mwh_soc10_90_v5,1,2207,93.016,0.0
2026-05-25 17:25:45,20260525_172452_dk2022_150mw_300mwh_soc10_90_v5,1,2208,93.016,0.0
2026-05-25 17:25:45,20260525_172452_dk2022_150mw_300mwh_soc10_90_v5,1,2209,93.016,0.0
2026-05-25 17:25:45,20260525_172452_dk2022_150mw_300mwh_soc10_90_v5,1,2210,93.016,0.0
2026-05-25 17:25:45,20260525_172452_dk2022_150mw_300mwh_soc10_90_v5,1,2211,93.016,0.0
2026-05-25 17:25:45,20260525_172452_dk2022_150mw_300mwh_soc10_90_v5,1,2212,93.016,0.0
2026-05-25 17:25:45,20260525_172452_dk2022_150mw_300mwh_soc10_90_v5,1,2213,93.016,0.0
2026-05-25 17:25:45,20260525_172452_dk2022_150mw_300mwh_soc10_90_v5,1,2214,93.016,0.0
2026-05-25 17:25:45,20260525_172452_dk2022_150mw_300mwh_soc10_90_v5,1,2215,93.016,0.0
2026-05-25 17:25:45,20260525_172452_dk2022_150mw_300mwh_soc10_90_v5,1,2216,93.016,0.0
2026-05-25 17:25:45,20260525_172452_dk2022_150mw_300mwh_soc10_90_v5,1,2217,93.016,0.0
2026-05-25 17:25:45,20260525_172452_dk2022_150mw_300mwh_soc10_90_v5,1,2218,93.016,0.0
2026-05-25 17:25:45,20260525_172452_dk2022_150mw_300mwh_soc10_90_v5,1,2219,93.016,0.0
2026-05-25 17:25:45,20260525_172452_dk2022_150mw_300mwh_soc10_90_v5,1,2220,93.016,0.0
2026-05-25 17:25:45,20260525_172452_dk2022_150mw_300mwh_soc10_90_v5,1,2221,93.016,0.0
2026-05-25 17:25:45,20260525_172452_dk2022_150mw_300mwh_soc10_90_v5,1,2222,93.016,0.0
2026-05-25 17:25:45,20260525_172452_dk2022_150mw_300mwh_soc10_90_v5,1,2223,93.016,0.0
2026-05-25 17:25:45,20260525_172452_dk2022_150mw_300mwh_soc10_90_v5,1,2224,93.016,0.0
2026-05-25 17:25:45,20260525_172452_dk2022_150mw_300mwh_soc10_90_v5,1,2225,93.016,0.0
2026-05-25 17:25:45,20260525_172452_dk2022_150mw_300mwh_soc10_90_v5,1,2226,93.016,0.0
2026-05-25 17:25:45,20260525_172452_dk2022_150mw_300mwh_soc10_90_v5,1,2227,93.016,0.0
2026-05-25 17:25:45,20260525_172452_dk2022_150mw_300mwh_soc10_90_v5,1,2228,93.016,0.0
2026-05-25 17:25:45,20260525_172452_dk2022_150mw_300mwh_soc10_90_v5,1,2229,93.016,0.0
2026-05-25 17:25:45,20260525_172452_dk2022_150mw_300mwh_soc10_90_v5,1,2230,93.016,0.0
2026-05-25 17:25:45,20260525_172452_dk2022_150mw_300mwh_soc10_90_v5,1,2231,93.016,0.0
2026-05-25 17:25:45,20260525_172452_dk2022_150mw_300mwh_soc10_90_v5,1,2232,93.016,0.0
2026-05-25 17:25:45,20260525_172452_dk2022_150mw_300mwh_soc10_90_v5,1,2233,93.016,0.0
2026-05-25 17:25:45,20260525_172452_dk2022_150mw_300mwh_soc10_90_v5,1,2234,93.016,0.0
2026-05-25 17:25:45,20260525_172452_dk2022_150mw_300mwh_soc10_90_v5,1,2235,93.016,0.0
2026-05-25 17:25:45,20260525_172452_dk2022_150mw_300mwh_soc10_90_v5,1,2236,93.016,0.0
2026-05-25 17:25:45,20260525_172452_dk2022_150mw_300mwh_soc10_90_v5,1,2237,93.016,0.0
2026-05-25 17:25:45,20260525_172452_dk2022_150mw_300mwh_soc10_90_v5,1,2238,93.016,0.0
2026-05-25 17:25:45,20260525_172452_dk2022_150mw_300mwh_soc10_90_v5,1,2239,93.016,0.0
2026-05-25 17:25:45,20260525_172452_dk2022_150mw_300mwh_soc10_90_v5,1,2240,93.016,0.0
2026-05-25 17:25:45,20260525_172452_dk2022_150mw_300mwh_soc10_90_v5,1,2241,93.016,0.0
2026-05-25 17:25:45,20260525_172452_dk2022_150mw_300mwh_soc10_90_v5,1,2242,93.016,0.0
2026-05-25 17:25:45,20260525_172452_dk2022_150mw_300mwh_soc10_90_v5,1,2243,93.016,0.0
2026-05-25 17:25:45,20260525_172452_dk2022_150mw_300mwh_soc10_90_v5,1,2244,93.016,0.0
2026-05-25 17:25:45,20260525_172452_dk2022_150mw_300mwh_soc10_90_v5,1,2245,93.016,0.0
2026-05-25 17:25:45,20260525_172452_dk2022_150mw_300mwh_soc10_90_v5,1,2246,93.016,0.0
2026-05-25 17:25:45,20260525_172452_dk2022_150mw_300mwh_soc10_90_v5,1,2247,93.016,0.0
2026-05-25 17:25:45,20260525_172452_dk2022_150mw_300mwh_soc10_90_v5,1,2248,93.016,0.0
2026-05-25 17:25:45,20260525_172452_dk2022_150mw_300mwh_soc10_90_v5,1,2249,93.016,0.0
2026-05-25 17:25:45,20260525_172452_dk2022_150mw_300mwh_soc10_90_v5,1,2250,93.016,0.0
2026-05-25 17:25:45,20260525_172452_dk2022_150mw_300mwh_soc10_90_v5,1,2251,93.016,0.0
2026-05-25 17:25:45,20260525_172452_dk2022_150mw_300mwh_soc10_90_v5,1,2252,93.016,0.0
2026-05-25 17:25:45,20260525_172452_dk2022_150mw_300mwh_soc10_90_v5,1,2253,93.016,0.0
2026-05-25 17:25:45,20260525_172452_dk2022_150mw_300mwh_soc10_90_v5,1,2254,93.016,0.0
2026-05-25 17:25:45,20260525_172452_dk2022_150mw_300mwh_soc10_90_v5,1,2255,93.016,0.0
2026-05-25 17:25:45,20260525_172452_dk2022_150mw_300mwh_soc10_90_v5,1,2256,93.016,0.0
2026-05-25 17:25:45,20260525_172452_dk2022_150mw_300mwh_soc10_90_v5,1,2257,93.016,0.0
2026-05-25 17:25:45,20260525_172452_dk2022_150mw_300mwh_soc10_90_v5,1,2258,93.016,0.0
2026-05-25 17:25:45,20260525_172452_dk2022_150mw_300mwh_soc10_90_v5,1,2259,93.016,0.0
2026-05-25 17:25:45,20260525_172452_dk2022_150mw_300mwh_soc10_90_v5,1,2260,93.016,0.0
2026-05-25 17:25:45,20260525_172452_dk2022_150mw_300mwh_soc10_90_v5,1,2261,93.016,0.0
2026-05-25 17:25:45,20260525_172452_dk2022_150mw_300mwh_soc10_90_v5,1,2262,93.016,0.0
2026-05-25 17:25:45,20260525_172452_dk2022_150mw_300mwh_soc10_90_v5,1,2263,93.016,0.0
2026-05-25 17:25:45,20260525_172452_dk2022_150mw_300mwh_soc10_90_v5,1,2264,93.016,0.0
2026-05-25 17:25:45,20260525_172452_dk2022_150mw_300mwh_soc10_90_v5,1,2265,93.016,0.0
2026-05-25 17:25:45,20260525_172452_dk2022_150mw_300mwh_soc10_90_v5,1,2266,93.016,0.0
2026-05-25 17:25:45,20260525_172452_dk2022_150mw_300mwh_soc10_90_v5,1,2267,93.016,0.0
2026-05-25 17:25:45,20260525_172452_dk2022_150mw_300mwh_soc10_90_v5,1,2268,93.016,0.0
2026-05-25 17:25:45,20260525_172452_dk2022_150mw_300mwh_soc10_90_v5,1,2269,93.016,0.0
2026-05-25 17:25:45,20260525_172452_dk2022_150mw_300mwh_soc10_90_v5,1,2270,93.016,0.0
2026-05-25 17:25:45,20260525_172452_dk2022_150mw_300mwh_soc10_90_v5,1,2271,93.016,0.0
2026-05-25 17:25:45,20260525_172452_dk2022_150mw_300mwh_soc10_90_v5,1,2272,93.016,0.0
2026-05-25 17:25:45,20260525_172452_dk2022_150mw_300mwh_soc10_90_v5,1,2273,93.016,0.0
2026-05-25 17:25:45,20260525_172452_dk2022_150mw_300mwh_soc10_90_v5,1,2274,93.016,0.0
2026-05-25 17:25:45,20260525_172452_dk2022_150mw_300mwh_soc10_90_v5,1,2275,93.016,0.0
2026-05-25 17:25:45,20260525_172452_dk2022_150mw_300mwh_soc10_90_v5,1,2276,93.016,0.0
2026-05-25 17:25:45,20260525_172452_dk2022_150mw_300mwh_soc10_90_v5,1,2277,93.016,0.0
2026-05-25 17:25:45,20260525_172452_dk2022_150mw_300mwh_soc10_90_v5,1,2278,93.016,0.0
2026-05-25 17:25:45,20260525_172452_dk2022_150mw_300mwh_soc10_90_v5,1,2279,93.016,0.0
2026-05-25 17:25:45,20260525_172452_dk2022_150mw_300mwh_soc10_90_v5,1,2280,93.016,0.0
2026-05-25 17:25:45,20260525_172452_dk2022_150mw_300mwh_soc10_90_v5,1,2281,93.016,0.0
2026-05-25 17:25:45,20260525_172452_dk2022_150mw_300mwh_soc10_90_v5,1,2282,93.016,0.0
2026-05-25 17:25:45,20260525_172452_dk2022_150mw_300mwh_soc10_90_v5,1,2283,93.016,0.0
2026-05-25 17:25:45,20260525_172452_dk2022_150mw_300mwh_soc10_90_v5,1,2284,93.016,0.0
2026-05-25 17:25:45,20260525_172452_dk2022_150mw_300mwh_soc10_90_v5,1,2285,93.016,0.0
2026-05-25 17:25:45,20260525_172452_dk2022_150mw_300mwh_soc10_90_v5,1,2286,93.016,0.0
2026-05-25 17:25:45,20260525_172452_dk2022_150mw_300mwh_soc10_90_v5,1,2287,93.016,0.0
2026-05-25 17:25:45,20260525_172452_dk2022_150mw_300mwh_soc10_90_v5,1,2288,93.016,0.0
2026-05-25 17:25:45,20260525_172452_dk2022_150mw_300mwh_soc10_90_v5,1,2289,93.016,0.0
2026-05-25 17:25:45,20260525_172452_dk2022_150mw_300mwh_soc10_90_v5,1,2290,93.016,0.0
2026-05-25 17:25:45,20260525_172452_dk2022_150mw_300mwh_soc10_90_v5,1,2291,93.016,0.0
2026-05-25 17:25:45,20260525_172452_dk2022_150mw_300mwh_soc10_90_v5,1,2292,93.016,0.0
2026-05-25 17:25:45,20260525_172452_dk2022_150mw_300mwh_soc10_90_v5,1,2293,93.016,0.0
2026-05-25 17:25:45,20260525_172452_dk2022_150mw_300mwh_soc10_90_v5,1,2294,93.016,0.0
2026-05-25 17:25:45,20260525_172452_dk2022_150mw_300mwh_soc10_90_v5,1,2295,93.016,0.0
2026-05-25 17:25:45,20260525_172452_dk2022_150mw_300mwh_soc10_90_v5,1,2296,93.016,0.0
2026-05-25 17:25:45,20260525_172452_dk2022_150mw_300mwh_soc10_90_v5,1,2297,93.016,0.0
2026-05-25 17:25:45,20260525_172452_dk2022_150mw_300mwh_soc10_90_v5,1,2298,93.016,0.0
2026-05-25 17:25:45,20260525_172452_dk2022_150mw_300mwh_soc10_90_v5,1,2299,93.016,0.0
2026-05-25 17:25:45,20260525_172452_dk2022_150mw_300mwh_soc10_90_v5,1,2300,93.016,0.0
2026-05-25 17:25:45,20260525_172452_dk2022_150mw_300mwh_soc10_90_v5,1,2301,93.016,0.0
2026-05-25 17:25:45,20260525_172452_dk2022_150mw_300mwh_soc10_90_v5,1,2302,93.016,0.0
2026-05-25 17:25:45,20260525_172452_dk2022_150mw_300mwh_soc10_90_v5,1,2303,93.016,0.0
2026-05-25 17:25:45,20260525_172452_dk2022_150mw_300mwh_soc10_90_v5,1,2304,93.016,0.0
2026-05-25 17:25:45,20260525_172452_dk2022_150mw_300mwh_soc10_90_v5,1,2305,93.016,0.0
2026-05-25 17:25:45,20260525_172452_dk2022_150mw_300mwh_soc10_90_v5,1,2306,93.016,0.0
2026-05-25 17:25:45,20260525_172452_dk2022_150mw_300mwh_soc10_90_v5,1,2307,93.016,0.0
2026-05-25 17:25:45,20260525_172452_dk2022_150mw_300mwh_soc10_90_v5,1,2308,93.016,0.0
2026-05-25 17:25:45,20260525_172452_dk2022_150mw_300mwh_soc10_90_v5,1,2309,93.016,0.0
2026-05-25 17:25:45,20260525_172452_dk2022_150mw_300mwh_soc10_90_v5,1,2310,93.016,0.0
2026-05-25 17:25:45,20260525_172452_dk2022_150mw_300mwh_soc10_90_v5,1,2311,93.016,0.0
2026-05-25 17:25:45,20260525_172452_dk2022_150mw_300mwh_soc10_90_v5,1,2312,93.016,0.0
2026-05-25 17:25:45,20260525_172452_dk2022_150mw_300mwh_soc10_90_v5,1,2313,93.016,0.0
2026-05-25 17:25:45,20260525_172452_dk2022_150mw_300mwh_soc10_90_v5,1,2314,93.016,0.0
2026-05-25 17:25:45,20260525_172452_dk2022_150mw_300mwh_soc10_90_v5,1,2315,93.016,0.0
2026-05-25 17:25:45,20260525_172452_dk2022_150mw_300mwh_soc10_90_v5,1,2316,93.016,0.0
2026-05-25 17:25:45,20260525_172452_dk2022_150mw_300mwh_soc10_90_v5,1,2317,93.016,0.0
2026-05-25 17:25:45,20260525_172452_dk2022_150mw_300mwh_soc10_90_v5,1,2318,93.016,0.0
2026-05-25 17:25:45,20260525_172452_dk2022_150mw_300mwh_soc10_90_v5,1,2319,93.016,0.0
2026-05-25 17:25:45,20260525_172452_dk2022_150mw_300mwh_soc10_90_v5,1,2320,93.016,0.0
2026-05-25 17:25:45,20260525_172452_dk2022_150mw_300mwh_soc10_90_v5,1,2321,93.016,0.0
2026-05-25 17:25:45,20260525_172452_dk2022_150mw_300mwh_soc10_90_v5,1,2322,93.016,0.0
2026-05-25 17:25:45,20260525_172452_dk2022_150mw_300mwh_soc10_90_v5,1,2323,93.016,0.0
2026-05-25 17:25:45,20260525_172452_dk2022_150mw_300mwh_soc10_90_v5,1,2324,93.016,0.0
2026-05-25 17:25:45,20260525_172452_dk2022_150mw_300mwh_soc10_90_v5,1,2325,93.016,0.0
2026-05-25 17:25:45,20260525_172452_dk2022_150mw_300mwh_soc10_90_v5,1,2326,93.016,0.0
2026-05-25 17:25:45,20260525_172452_dk2022_150mw_300mwh_soc10_90_v5,1,2327,93.016,0.0
2026-05-25 17:25:45,20260525_172452_dk2022_150mw_300mwh_soc10_90_v5,1,2328,93.016,0.0
2026-05-25 17:25:45,20260525_172452_dk2022_150mw_300mwh_soc10_90_v5,1,2329,93.016,0.0
2026-05-25 17:25:45,20260525_172452_dk2022_150mw_300mwh_soc10_90_v5,1,2330,93.016,0.0
2026-05-25 17:25:45,20260525_172452_dk2022_150mw_300mwh_soc10_90_v5,1,2331,93.016,0.0
2026-05-25 17:25:45,20260525_172452_dk2022_150mw_300mwh_soc10_90_v5,1,2332,93.016,0.0
2026-05-25 17:25:45,20260525_172452_dk2022_150mw_300mwh_soc10_90_v5,1,2333,93.016,0.0
2026-05-25 17:25:45,20260525_172452_dk2022_150mw_300mwh_soc10_90_v5,1,2334,93.016,0.0
2026-05-25 17:25:45,20260525_172452_dk2022_150mw_300mwh_soc10_90_v5,1,2335,93.016,0.0
2026-05-25 17:25:45,20260525_172452_dk2022_150mw_300mwh_soc10_90_v5,1,2336,93.016,0.0
2026-05-25 17:25:45,20260525_172452_dk2022_150mw_300mwh_soc10_90_v5,1,2337,93.016,0.0
2026-05-25 17:25:45,20260525_172452_dk2022_150mw_300mwh_soc10_90_v5,1,2338,93.016,0.0
2026-05-25 17:25:45,20260525_172452_dk2022_150mw_300mwh_soc10_90_v5,1,2339,93.016,0.0
2026-05-25 17:25:45,20260525_172452_dk2022_150mw_300mwh_soc10_90_v5,1,2340,93.016,0.0
2026-05-25 17:25:45,20260525_172452_dk2022_150mw_300mwh_soc10_90_v5,1,2341,93.016,0.0
2026-05-25 17:25:45,20260525_172452_dk2022_150mw_300mwh_soc10_90_v5,1,2342,93.016,0.0
2026-05-25 17:25:45,20260525_172452_dk2022_150mw_300mwh_soc10_90_v5,1,2343,93.016,0.0
2026-05-25 17:25:45,20260525_172452_dk2022_150mw_300mwh_soc10_90_v5,1,2344,93.016,0.0
2026-05-25 17:25:45,20260525_172452_dk2022_150mw_300mwh_soc10_90_v5,1,2345,93.016,0.0
2026-05-25 17:25:45,20260525_172452_dk2022_150mw_300mwh_soc10_90_v5,1,2346,93.016,0.0
2026-05-25 17:25:45,20260525_172452_dk2022_150mw_300mwh_soc10_90_v5,1,2347,93.016,0.0
2026-05-25 17:25:45,20260525_172452_dk2022_150mw_300mwh_soc10_90_v5,1,2348,93.016,0.0
2026-05-25 17:25:45,20260525_172452_dk2022_150mw_300mwh_soc10_90_v5,1,2349,93.016,0.0
2026-05-25 17:25:45,20260525_172452_dk2022_150mw_300mwh_soc10_90_v5,1,2350,93.016,0.0
2026-05-25 17:25:45,20260525_172452_dk2022_150mw_300mwh_soc10_90_v5,1,2351,93.016,0.0
2026-05-25 17:25:45,20260525_172452_dk2022_150mw_300mwh_soc10_90_v5,1,2352,93.016,0.0
2026-05-25 17:25:45,20260525_172452_dk2022_150mw_300mwh_soc10_90_v5,1,2353,93.016,0.0
2026-05-25 17:25:45,20260525_172452_dk2022_150mw_300mwh_soc10_90_v5,1,2354,93.016,0.0
2026-05-25 17:25:45,20260525_172452_dk2022_150mw_300mwh_soc10_90_v5,1,2355,93.016,0.0
2026-05-25 17:25:45,20260525_172452_dk2022_150mw_300mwh_soc10_90_v5,1,2356,93.016,0.0
2026-05-25 17:25:45,20260525_172452_dk2022_150mw_300mwh_soc10_90_v5,1,2357,93.016,0.0
2026-05-25 17:25:45,20260525_172452_dk2022_150mw_300mwh_soc10_90_v5,1,2358,93.016,0.0
2026-05-25 17:25:45,20260525_172452_dk2022_150mw_300mwh_soc10_90_v5,1,2359,93.016,0.0
2026-05-25 17:25:45,20260525_172452_dk2022_150mw_300mwh_soc10_90_v5,1,2360,93.016,0.0
2026-05-25 17:25:45,20260525_172452_dk2022_150mw_300mwh_soc10_90_v5,1,2361,93.016,0.0
2026-05-25 17:25:45,20260525_172452_dk2022_150mw_300mwh_soc10_90_v5,1,2362,93.016,0.0
2026-05-25 17:25:45,20260525_172452_dk2022_150mw_300mwh_soc10_90_v5,1,2363,93.016,0.0
2026-05-25 17:25:45,20260525_172452_dk2022_150mw_300mwh_soc10_90_v5,1,2364,93.016,0.0
2026-05-25 17:25:45,20260525_172452_dk2022_150mw_300mwh_soc10_90_v5,1,2365,93.016,0.0
2026-05-25 17:25:45,20260525_172452_dk2022_150mw_300mwh_soc10_90_v5,1,2366,93.016,0.0
2026-05-25 17:25:45,20260525_172452_dk2022_150mw_300mwh_soc10_90_v5,1,2367,93.016,0.0
2026-05-25 17:25:45,20260525_172452_dk2022_150mw_300mwh_soc10_90_v5,1,2368,93.016,0.0
2026-05-25 17:25:45,20260525_172452_dk2022_150mw_300mwh_soc10_90_v5,1,2369,93.016,0.0
2026-05-25 17:25:45,20260525_172452_dk2022_150mw_300mwh_soc10_90_v5,1,2370,93.016,0.0
2026-05-25 17:25:45,20260525_172452_dk2022_150mw_300mwh_soc10_90_v5,1,2371,93.016,0.0
2026-05-25 17:25:45,20260525_172452_dk2022_150mw_300mwh_soc10_90_v5,1,2372,93.016,0.0
2026-05-25 17:25:45,20260525_172452_dk2022_150mw_300mwh_soc10_90_v5,1,2373,93.016,0.0
2026-05-25 17:25:45,20260525_172452_dk2022_150mw_300mwh_soc10_90_v5,1,2374,93.016,0.0
2026-05-25 17:25:45,20260525_172452_dk2022_150mw_300mwh_soc10_90_v5,1,2375,93.016,0.0
2026-05-25 17:25:45,20260525_172452_dk2022_150mw_300mwh_soc10_90_v5,1,2376,93.016,0.0
2026-05-25 17:25:45,20260525_172452_dk2022_150mw_300mwh_soc10_90_v5,1,2377,93.016,0.0
2026-05-25 17:25:45,20260525_172452_dk2022_150mw_300mwh_soc10_90_v5,1,2378,93.016,0.0
2026-05-25 17:25:45,20260525_172452_dk2022_150mw_300mwh_soc10_90_v5,1,2379,93.016,0.0
2026-05-25 17:25:45,20260525_172452_dk2022_150mw_300mwh_soc10_90_v5,1,2380,93.016,0.0
2026-05-25 17:25:45,20260525_172452_dk2022_150mw_300mwh_soc10_90_v5,1,2381,93.016,0.0
2026-05-25 17:25:45,20260525_172452_dk2022_150mw_300mwh_soc10_90_v5,1,2382,93.016,0.0
2026-05-25 17:25:45,20260525_172452_dk2022_150mw_300mwh_soc10_90_v5,1,2383,93.016,0.0
2026-05-25 17:25:45,20260525_172452_dk2022_150mw_300mwh_soc10_90_v5,1,2384,93.016,0.0
2026-05-25 17:25:45,20260525_172452_dk2022_150mw_300mwh_soc10_90_v5,1,2385,93.016,0.0
2026-05-25 17:25:45,20260525_172452_dk2022_150mw_300mwh_soc10_90_v5,1,2386,93.016,0.0
2026-05-25 17:25:45,20260525_172452_dk2022_150mw_300mwh_soc10_90_v5,1,2387,93.016,0.0
2026-05-25 17:25:45,20260525_172452_dk2022_150mw_300mwh_soc10_90_v5,1,2388,93.016,0.0
2026-05-25 17:25:45,20260525_172452_dk2022_150mw_300mwh_soc10_90_v5,1,2389,93.016,0.0
2026-05-25 17:25:45,20260525_172452_dk2022_150mw_300mwh_soc10_90_v5,1,2390,93.016,0.0
2026-05-25 17:25:45,20260525_172452_dk2022_150mw_300mwh_soc10_90_v5,1,2391,93.016,0.0
2026-05-25 17:25:45,20260525_172452_dk2022_150mw_300mwh_soc10_90_v5,1,2392,93.016,0.0
2026-05-25 17:25:45,20260525_172452_dk2022_150mw_300mwh_soc10_90_v5,1,2393,93.016,0.0
2026-05-25 17:25:45,20260525_172452_dk2022_150mw_300mwh_soc10_90_v5,1,2394,93.016,0.0
2026-05-25 17:25:45,20260525_172452_dk2022_150mw_300mwh_soc10_90_v5,1,2395,93.016,0.0
2026-05-25 17:25:45,20260525_172452_dk2022_150mw_300mwh_soc10_90_v5,1,2396,93.016,0.0
2026-05-25 17:25:45,20260525_172452_dk2022_150mw_300mwh_soc10_90_v5,1,2397,93.016,0.0
2026-05-25 17:25:45,20260525_172452_dk2022_150mw_300mwh_soc10_90_v5,1,2398,93.016,0.0
2026-05-25 17:25:45,20260525_172452_dk2022_150mw_300mwh_soc10_90_v5,1,2399,93.016,0.0
2026-05-25 17:25:45,20260525_172452_dk2022_150mw_300mwh_soc10_90_v5,1,2400,93.016,0.0
2026-05-25 17:25:45,20260525_172452_dk2022_150mw_300mwh_soc10_90_v5,1,2401,93.016,0.0
2026-05-25 17:25:45,20260525_172452_dk2022_150mw_300mwh_soc10_90_v5,1,2402,93.016,0.0
2026-05-25 17:25:45,20260525_172452_dk2022_150mw_300mwh_soc10_90_v5,1,2403,93.016,0.0
2026-05-25 17:25:45,20260525_172452_dk2022_150mw_300mwh_soc10_90_v5,1,2404,93.016,0.0
2026-05-25 17:25:45,20260525_172452_dk2022_150mw_300mwh_soc10_90_v5,1,2405,93.016,0.0
2026-05-25 17:25:45,20260525_172452_dk2022_150mw_300mwh_soc10_90_v5,1,2406,93.016,0.0
2026-05-25 17:25:45,20260525_172452_dk2022_150mw_300mwh_soc10_90_v5,1,2407,93.016,0.0
2026-05-25 17:25:45,20260525_172452_dk2022_150mw_300mwh_soc10_90_v5,1,2408,93.016,0.0
2026-05-25 17:25:45,20260525_172452_dk2022_150mw_300mwh_soc10_90_v5,1,2409,93.016,0.0
2026-05-25 17:25:45,20260525_172452_dk2022_150mw_300mwh_soc10_90_v5,1,2410,93.016,0.0
2026-05-25 17:25:45,20260525_172452_dk2022_150mw_300mwh_soc10_90_v5,1,2411,93.016,0.0
2026-05-25 17:25:45,20260525_172452_dk2022_150mw_300mwh_soc10_90_v5,1,2412,93.016,0.0
2026-05-25 17:25:45,20260525_172452_dk2022_150mw_300mwh_soc10_90_v5,1,2413,93.016,0.0
2026-05-25 17:25:45,20260525_172452_dk2022_150mw_300mwh_soc10_90_v5,1,2414,93.016,0.0
2026-05-25 17:25:45,20260525_172452_dk2022_150mw_300mwh_soc10_90_v5,1,2415,93.016,0.0
2026-05-25 17:25:45,20260525_172452_dk2022_150mw_300mwh_soc10_90_v5,1,2416,93.016,0.0
2026-05-25 17:25:45,20260525_172452_dk2022_150mw_300mwh_soc10_90_v5,1,2417,93.016,0.0
2026-05-25 17:25:45,20260525_172452_dk2022_150mw_300mwh_soc10_90_v5,1,2418,93.016,0.0
2026-05-25 17:25:45,20260525_172452_dk2022_150mw_300mwh_soc10_90_v5,1,2419,93.016,0.0
2026-05-25 17:25:45,20260525_172452_dk2022_150mw_300mwh_soc10_90_v5,1,2420,93.016,0.0
2026-05-25 17:25:45,20260525_172452_dk2022_150mw_300mwh_soc10_90_v5,1,2421,93.016,0.0
2026-05-25 17:25:45,20260525_172452_dk2022_150mw_300mwh_soc10_90_v5,1,2422,93.016,0.0
2026-05-25 17:25:45,20260525_172452_dk2022_150mw_300mwh_soc10_90_v5,1,2423,93.016,0.0
2026-05-25 17:25:45,20260525_172452_dk2022_150mw_300mwh_soc10_90_v5,1,2424,93.016,0.0
2026-05-25 17:25:45,20260525_172452_dk2022_150mw_300mwh_soc10_90_v5,1,2425,93.016,0.0
2026-05-25 17:25:45,20260525_172452_dk2022_150mw_300mwh_soc10_90_v5,1,2426,93.016,0.0
2026-05-25 17:25:45,20260525_172452_dk2022_150mw_300mwh_soc10_90_v5,1,2427,93.016,0.0
2026-05-25 17:25:45,20260525_172452_dk2022_150mw_300mwh_soc10_90_v5,1,2428,93.016,0.0
2026-05-25 17:25:45,20260525_172452_dk2022_150mw_300mwh_soc10_90_v5,1,2429,93.016,0.0
2026-05-25 17:25:45,20260525_172452_dk2022_150mw_300mwh_soc10_90_v5,1,2430,93.016,0.0
2026-05-25 17:25:45,20260525_172452_dk2022_150mw_300mwh_soc10_90_v5,1,2431,93.016,0.0
2026-05-25 17:25:45,20260525_172452_dk2022_150mw_300mwh_soc10_90_v5,1,2432,93.016,0.0
2026-05-25 17:25:45,20260525_172452_dk2022_150mw_300mwh_soc10_90_v5,1,2433,93.016,0.0
2026-05-25 17:25:45,20260525_172452_dk2022_150mw_300mwh_soc10_90_v5,1,2434,93.016,0.0
2026-05-25 17:25:45,20260525_172452_dk2022_150mw_300mwh_soc10_90_v5,1,2435,93.016,0.0
2026-05-25 17:25:45,20260525_172452_dk2022_150mw_300mwh_soc10_90_v5,1,2436,93.016,0.0
2026-05-25 17:25:45,20260525_172452_dk2022_150mw_300mwh_soc10_90_v5,1,2437,93.016,0.0
2026-05-25 17:25:45,20260525_172452_dk2022_150mw_300mwh_soc10_90_v5,1,2438,93.016,0.0
2026-05-25 17:25:45,20260525_172452_dk2022_150mw_300mwh_soc10_90_v5,1,2439,93.016,0.0
2026-05-25 17:25:45,20260525_172452_dk2022_150mw_300mwh_soc10_90_v5,1,2440,93.016,0.0
2026-05-25 17:25:45,20260525_172452_dk2022_150mw_300mwh_soc10_90_v5,1,2441,93.016,0.0
2026-05-25 17:25:45,20260525_172452_dk2022_150mw_300mwh_soc10_90_v5,1,2442,93.016,0.0
2026-05-25 17:25:45,20260525_172452_dk2022_150mw_300mwh_soc10_90_v5,1,2443,93.016,0.0
2026-05-25 17:25:45,20260525_172452_dk2022_150mw_300mwh_soc10_90_v5,1,2444,93.016,0.0
2026-05-25 17:25:45,20260525_172452_dk2022_150mw_300mwh_soc10_90_v5,1,2445,93.016,0.0
2026-05-25 17:25:45,20260525_172452_dk2022_150mw_300mwh_soc10_90_v5,1,2446,93.016,0.0
2026-05-25 17:25:45,20260525_172452_dk2022_150mw_300mwh_soc10_90_v5,1,2447,93.016,0.0
2026-05-25 17:25:45,20260525_172452_dk2022_150mw_300mwh_soc10_90_v5,1,2448,93.016,0.0
2026-05-25 17:25:45,20260525_172452_dk2022_150mw_300mwh_soc10_90_v5,1,2449,93.016,0.0
2026-05-25 17:25:45,20260525_172452_dk2022_150mw_300mwh_soc10_90_v5,1,2450,93.016,0.0
2026-05-25 17:25:45,20260525_172452_dk2022_150mw_300mwh_soc10_90_v5,1,2451,93.016,0.0
2026-05-25 17:25:45,20260525_172452_dk2022_150mw_300mwh_soc10_90_v5,1,2452,93.016,0.0
2026-05-25 17:25:45,20260525_172452_dk2022_150mw_300mwh_soc10_90_v5,1,2453,93.016,0.0
2026-05-25 17:25:45,20260525_172452_dk2022_150mw_300mwh_soc10_90_v5,1,2454,93.016,0.0
2026-05-25 17:25:45,20260525_172452_dk2022_150mw_300mwh_soc10_90_v5,1,2455,93.016,0.0
2026-05-25 17:25:45,20260525_172452_dk2022_150mw_300mwh_soc10_90_v5,1,2456,93.016,0.0
2026-05-25 17:25:45,20260525_172452_dk2022_150mw_300mwh_soc10_90_v5,1,2457,93.016,0.0
2026-05-25 17:25:45,20260525_172452_dk2022_150mw_300mwh_soc10_90_v5,1,2458,93.016,0.0
2026-05-25 17:25:45,20260525_172452_dk2022_150mw_300mwh_soc10_90_v5,1,2459,93.016,0.0
2026-05-25 17:25:45,20260525_172452_dk2022_150mw_300mwh_soc10_90_v5,1,2460,93.016,0.0
2026-05-25 17:25:45,20260525_172452_dk2022_150mw_300mwh_soc10_90_v5,1,2461,93.016,0.0
2026-05-25 17:25:45,20260525_172452_dk2022_150mw_300mwh_soc10_90_v5,1,2462,93.016,0.0
2026-05-25 17:25:45,20260525_172452_dk2022_150mw_300mwh_soc10_90_v5,1,2463,93.016,0.0
2026-05-25 17:25:45,20260525_172452_dk2022_150mw_300mwh_soc10_90_v5,1,2464,93.016,0.0
2026-05-25 17:25:45,20260525_172452_dk2022_150mw_300mwh_soc10_90_v5,1,2465,93.016,0.0
2026-05-25 17:25:45,20260525_172452_dk2022_150mw_300mwh_soc10_90_v5,1,2466,93.016,0.0
2026-05-25 17:25:45,20260525_172452_dk2022_150mw_300mwh_soc10_90_v5,1,2467,93.016,0.0
2026-05-25 17:25:45,20260525_172452_dk2022_150mw_300mwh_soc10_90_v5,1,2468,93.016,0.0
2026-05-25 17:25:45,20260525_172452_dk2022_150mw_300mwh_soc10_90_v5,1,2469,93.016,0.0
2026-05-25 17:25:45,20260525_172452_dk2022_150mw_300mwh_soc10_90_v5,1,2470,93.016,0.0
2026-05-25 17:25:45,20260525_172452_dk2022_150mw_300mwh_soc10_90_v5,1,2471,93.016,0.0
2026-05-25 17:25:45,20260525_172452_dk2022_150mw_300mwh_soc10_90_v5,1,2472,93.016,0.0
2026-05-25 17:25:45,20260525_172452_dk2022_150mw_300mwh_soc10_90_v5,1,2473,93.016,0.0
2026-05-25 17:25:45,20260525_172452_dk2022_150mw_300mwh_soc10_90_v5,1,2474,93.016,0.0
2026-05-25 17:25:45,20260525_172452_dk2022_150mw_300mwh_soc10_90_v5,1,2475,93.016,0.0
2026-05-25 17:25:45,20260525_172452_dk2022_150mw_300mwh_soc10_90_v5,1,2476,93.016,0.0
2026-05-25 17:25:45,20260525_172452_dk2022_150mw_300mwh_soc10_90_v5,1,2477,93.016,0.0
2026-05-25 17:25:45,20260525_172452_dk2022_150mw_300mwh_soc10_90_v5,1,2478,93.016,0.0
2026-05-25 17:25:45,20260525_172452_dk2022_150mw_300mwh_soc10_90_v5,1,2479,93.016,0.0
2026-05-25 17:25:45,20260525_172452_dk2022_150mw_300mwh_soc10_90_v5,1,2480,93.016,0.0
2026-05-25 17:25:45,20260525_172452_dk2022_150mw_300mwh_soc10_90_v5,1,2481,93.016,0.0
2026-05-25 17:25:45,20260525_172452_dk2022_150mw_300mwh_soc10_90_v5,1,2482,93.016,0.0
2026-05-25 17:25:45,20260525_172452_dk2022_150mw_300mwh_soc10_90_v5,1,2483,93.016,0.0
2026-05-25 17:25:45,20260525_172452_dk2022_150mw_300mwh_soc10_90_v5,1,2484,93.016,0.0
2026-05-25 17:25:45,20260525_172452_dk2022_150mw_300mwh_soc10_90_v5,1,2485,93.016,0.0
2026-05-25 17:25:45,20260525_172452_dk2022_150mw_300mwh_soc10_90_v5,1,2486,93.016,0.0
2026-05-25 17:25:45,20260525_172452_dk2022_150mw_300mwh_soc10_90_v5,1,2487,93.016,0.0
2026-05-25 17:25:45,20260525_172452_dk2022_150mw_300mwh_soc10_90_v5,1,2488,93.016,0.0
2026-05-25 17:25:45,20260525_172452_dk2022_150mw_300mwh_soc10_90_v5,1,2489,93.016,0.0
2026-05-25 17:25:45,20260525_172452_dk2022_150mw_300mwh_soc10_90_v5,1,2490,93.016,0.0
2026-05-25 17:25:45,20260525_172452_dk2022_150mw_300mwh_soc10_90_v5,1,2491,93.016,0.0
2026-05-25 17:25:45,20260525_172452_dk2022_150mw_300mwh_soc10_90_v5,1,2492,93.016,0.0
2026-05-25 17:25:45,20260525_172452_dk2022_150mw_300mwh_soc10_90_v5,1,2493,93.016,0.0
2026-05-25 17:25:45,20260525_172452_dk2022_150mw_300mwh_soc10_90_v5,1,2494,93.016,0.0
2026-05-25 17:25:45,20260525_172452_dk2022_150mw_300mwh_soc10_90_v5,1,2495,93.016,0.0
2026-05-25 17:25:45,20260525_172452_dk2022_150mw_300mwh_soc10_90_v5,1,2496,93.016,0.0
2026-05-25 17:25:45,20260525_172452_dk2022_150mw_300mwh_soc10_90_v5,1,2497,93.016,0.0
2026-05-25 17:25:45,20260525_172452_dk2022_150mw_300mwh_soc10_90_v5,1,2498,93.016,0.0
2026-05-25 17:25:45,20260525_172452_dk2022_150mw_300mwh_soc10_90_v5,1,2499,93.016,0.0
2026-05-25 17:25:45,20260525_172452_dk2022_150mw_300mwh_soc10_90_v5,1,2500,93.016,0.0
2026-05-25 17:25:45,20260525_172452_dk2022_150mw_300mwh_soc10_90_v5,1,2501,93.016,0.0
2026-05-25 17:25:45,20260525_172452_dk2022_150mw_300mwh_soc10_90_v5,1,2502,93.016,0.0
2026-05-25 17:25:45,20260525_172452_dk2022_150mw_300mwh_soc10_90_v5,1,2503,93.016,0.0
2026-05-25 17:25:45,20260525_172452_dk2022_150mw_300mwh_soc10_90_v5,1,2504,93.016,0.0
2026-05-25 17:25:45,20260525_172452_dk2022_150mw_300mwh_soc10_90_v5,1,2505,93.016,0.0
2026-05-25 17:25:45,20260525_172452_dk2022_150mw_300mwh_soc10_90_v5,1,2506,93.016,0.0
2026-05-25 17:25:45,20260525_172452_dk2022_150mw_300mwh_soc10_90_v5,1,2507,93.016,0.0
2026-05-25 17:25:45,20260525_172452_dk2022_150mw_300mwh_soc10_90_v5,1,2508,93.016,0.0
2026-05-25 17:25:45,20260525_172452_dk2022_150mw_300mwh_soc10_90_v5,1,2509,93.016,0.0
2026-05-25 17:25:45,20260525_172452_dk2022_150mw_300mwh_soc10_90_v5,1,2510,93.016,0.0
2026-05-25 17:25:45,20260525_172452_dk2022_150mw_300mwh_soc10_90_v5,1,2511,93.016,0.0
2026-05-25 17:25:45,20260525_172452_dk2022_150mw_300mwh_soc10_90_v5,1,2512,93.016,0.0
2026-05-25 17:25:45,20260525_172452_dk2022_150mw_300mwh_soc10_90_v5,1,2513,93.016,0.0
2026-05-25 17:25:45,20260525_172452_dk2022_150mw_300mwh_soc10_90_v5,1,2514,93.016,0.0
2026-05-25 17:25:45,20260525_172452_dk2022_150mw_300mwh_soc10_90_v5,1,2515,93.016,0.0
2026-05-25 17:25:45,20260525_172452_dk2022_150mw_300mwh_soc10_90_v5,1,2516,93.016,0.0
2026-05-25 17:25:45,20260525_172452_dk2022_150mw_300mwh_soc10_90_v5,1,2517,93.016,0.0
2026-05-25 17:25:45,20260525_172452_dk2022_150mw_300mwh_soc10_90_v5,1,2518,93.016,0.0
2026-05-25 17:25:45,20260525_172452_dk2022_150mw_300mwh_soc10_90_v5,1,2519,93.016,0.0
2026-05-25 17:25:45,20260525_172452_dk2022_150mw_300mwh_soc10_90_v5,1,2520,93.016,0.0
2026-05-25 17:25:45,20260525_172452_dk2022_150mw_300mwh_soc10_90_v5,1,2521,93.016,0.0
2026-05-25 17:25:45,20260525_172452_dk2022_150mw_300mwh_soc10_90_v5,1,2522,93.016,0.0
2026-05-25 17:25:45,20260525_172452_dk2022_150mw_300mwh_soc10_90_v5,1,2523,93.016,0.0
2026-05-25 17:25:45,20260525_172452_dk2022_150mw_300mwh_soc10_90_v5,1,2524,93.016,0.0
2026-05-25 17:25:45,20260525_172452_dk2022_150mw_300mwh_soc10_90_v5,1,2525,93.016,0.0
2026-05-25 17:25:45,20260525_172452_dk2022_150mw_300mwh_soc10_90_v5,1,2526,93.016,0.0
2026-05-25 17:25:45,20260525_172452_dk2022_150mw_300mwh_soc10_90_v5,1,2527,93.016,0.0
2026-05-25 17:25:45,20260525_172452_dk2022_150mw_300mwh_soc10_90_v5,1,2528,93.016,0.0
2026-05-25 17:25:45,20260525_172452_dk2022_150mw_300mwh_soc10_90_v5,1,2529,93.016,0.0
2026-05-25 17:25:45,20260525_172452_dk2022_150mw_300mwh_soc10_90_v5,1,2530,93.016,0.0
2026-05-25 17:25:45,20260525_172452_dk2022_150mw_300mwh_soc10_90_v5,1,2531,93.016,0.0
2026-05-25 17:25:45,20260525_172452_dk2022_150mw_300mwh_soc10_90_v5,1,2532,93.016,0.0
2026-05-25 17:25:45,20260525_172452_dk2022_150mw_300mwh_soc10_90_v5,1,2533,93.016,0.0
2026-05-25 17:25:45,20260525_172452_dk2022_150mw_300mwh_soc10_90_v5,1,2534,93.016,0.0
2026-05-25 17:25:45,20260525_172452_dk2022_150mw_300mwh_soc10_90_v5,1,2535,93.016,0.0
2026-05-25 17:25:45,20260525_172452_dk2022_150mw_300mwh_soc10_90_v5,1,2536,93.016,0.0
2026-05-25 17:25:45,20260525_172452_dk2022_150mw_300mwh_soc10_90_v5,1,2537,93.016,0.0
2026-05-25 17:25:45,20260525_172452_dk2022_150mw_300mwh_soc10_90_v5,1,2538,93.016,0.0
2026-05-25 17:25:45,20260525_172452_dk2022_150mw_300mwh_soc10_90_v5,1,2539,93.016,0.0
2026-05-25 17:25:45,20260525_172452_dk2022_150mw_300mwh_soc10_90_v5,1,2540,93.016,0.0
2026-05-25 17:25:45,20260525_172452_dk2022_150mw_300mwh_soc10_90_v5,1,2541,93.016,0.0
2026-05-25 17:25:45,20260525_172452_dk2022_150mw_300mwh_soc10_90_v5,1,2542,93.016,0.0
2026-05-25 17:25:45,20260525_172452_dk2022_150mw_300mwh_soc10_90_v5,1,2543,93.016,0.0
2026-05-25 17:25:45,20260525_172452_dk2022_150mw_300mwh_soc10_90_v5,1,2544,93.016,0.0
2026-05-25 17:25:45,20260525_172452_dk2022_150mw_300mwh_soc10_90_v5,1,2545,93.016,0.0
2026-05-25 17:25:45,20260525_172452_dk2022_150mw_300mwh_soc10_90_v5,1,2546,93.016,0.0
2026-05-25 17:25:45,20260525_172452_dk2022_150mw_300mwh_soc10_90_v5,1,2547,93.016,0.0
2026-05-25 17:25:45,20260525_172452_dk2022_150mw_300mwh_soc10_90_v5,1,2548,93.016,0.0
2026-05-25 17:25:45,20260525_172452_dk2022_150mw_300mwh_soc10_90_v5,1,2549,93.016,0.0
2026-05-25 17:25:45,20260525_172452_dk2022_150mw_300mwh_soc10_90_v5,1,2550,93.016,0.0
2026-05-25 17:25:45,20260525_172452_dk2022_150mw_300mwh_soc10_90_v5,1,2551,93.016,0.0
2026-05-25 17:25:45,20260525_172452_dk2022_150mw_300mwh_soc10_90_v5,1,2552,93.016,0.0
2026-05-25 17:25:45,20260525_172452_dk2022_150mw_300mwh_soc10_90_v5,1,2553,93.016,0.0
2026-05-25 17:25:45,20260525_172452_dk2022_150mw_300mwh_soc10_90_v5,1,2554,93.016,0.0
2026-05-25 17:25:45,20260525_172452_dk2022_150mw_300mwh_soc10_90_v5,1,2555,93.016,0.0
2026-05-25 17:25:45,20260525_172452_dk2022_150mw_300mwh_soc10_90_v5,1,2556,93.016,0.0
2026-05-25 17:25:45,20260525_172452_dk2022_150mw_300mwh_soc10_90_v5,1,2557,93.016,0.0
2026-05-25 17:25:45,20260525_172452_dk2022_150mw_300mwh_soc10_90_v5,1,2558,93.016,0.0
2026-05-25 17:25:45,20260525_172452_dk2022_150mw_300mwh_soc10_90_v5,1,2559,93.016,0.0
2026-05-25 17:25:45,20260525_172452_dk2022_150mw_300mwh_soc10_90_v5,1,2560,93.016,0.0
2026-05-25 17:25:45,20260525_172452_dk2022_150mw_300mwh_soc10_90_v5,1,2561,93.016,0.0
2026-05-25 17:25:45,20260525_172452_dk2022_150mw_300mwh_soc10_90_v5,1,2562,93.016,0.0
2026-05-25 17:25:45,20260525_172452_dk2022_150mw_300mwh_soc10_90_v5,1,2563,93.016,0.0
2026-05-25 17:25:45,20260525_172452_dk2022_150mw_300mwh_soc10_90_v5,1,2564,93.016,0.0
2026-05-25 17:25:45,20260525_172452_dk2022_150mw_300mwh_soc10_90_v5,1,2565,93.016,0.0
2026-05-25 17:25:45,20260525_172452_dk2022_150mw_300mwh_soc10_90_v5,1,2566,93.016,0.0
2026-05-25 17:25:45,20260525_172452_dk2022_150mw_300mwh_soc10_90_v5,1,2567,93.016,0.0
2026-05-25 17:25:45,20260525_172452_dk2022_150mw_300mwh_soc10_90_v5,1,2568,93.016,0.0
2026-05-25 17:25:45,20260525_172452_dk2022_150mw_300mwh_soc10_90_v5,1,2569,93.016,0.0
2026-05-25 17:25:45,20260525_172452_dk2022_150mw_300mwh_soc10_90_v5,1,2570,93.016,0.0
2026-05-25 17:25:45,20260525_172452_dk2022_150mw_300mwh_soc10_90_v5,1,2571,93.016,0.0
2026-05-25 17:25:45,20260525_172452_dk2022_150mw_300mwh_soc10_90_v5,1,2572,93.016,0.0
2026-05-25 17:25:45,20260525_172452_dk2022_150mw_300mwh_soc10_90_v5,1,2573,93.016,0.0
2026-05-25 17:25:45,20260525_172452_dk2022_150mw_300mwh_soc10_90_v5,1,2574,93.016,0.0
2026-05-25 17:25:45,20260525_172452_dk2022_150mw_300mwh_soc10_90_v5,1,2575,93.016,0.0
2026-05-25 17:25:45,20260525_172452_dk2022_150mw_300mwh_soc10_90_v5,1,2576,93.016,0.0
2026-05-25 17:25:45,20260525_172452_dk2022_150mw_300mwh_soc10_90_v5,1,2577,93.016,0.0
2026-05-25 17:25:45,20260525_172452_dk2022_150mw_300mwh_soc10_90_v5,1,2578,93.016,0.0
2026-05-25 17:25:45,20260525_172452_dk2022_150mw_300mwh_soc10_90_v5,1,2579,93.016,0.0
2026-05-25 17:25:45,20260525_172452_dk2022_150mw_300mwh_soc10_90_v5,1,2580,93.016,0.0
2026-05-25 17:25:45,20260525_172452_dk2022_150mw_300mwh_soc10_90_v5,1,2581,93.016,0.0
2026-05-25 17:25:45,20260525_172452_dk2022_150mw_300mwh_soc10_90_v5,1,2582,93.016,0.0
2026-05-25 17:25:45,20260525_172452_dk2022_150mw_300mwh_soc10_90_v5,1,2583,93.016,0.0
2026-05-25 17:25:45,20260525_172452_dk2022_150mw_300mwh_soc10_90_v5,1,2584,93.016,0.0
2026-05-25 17:25:45,20260525_172452_dk2022_150mw_300mwh_soc10_90_v5,1,2585,93.016,0.0
2026-05-25 17:25:45,20260525_172452_dk2022_150mw_300mwh_soc10_90_v5,1,2586,93.016,0.0
2026-05-25 17:25:45,20260525_172452_dk2022_150mw_300mwh_soc10_90_v5,1,2587,93.016,0.0
2026-05-25 17:25:45,20260525_172452_dk2022_150mw_300mwh_soc10_90_v5,1,2588,93.016,0.0
2026-05-25 17:25:45,20260525_172452_dk2022_150mw_300mwh_soc10_90_v5,1,2589,93.016,0.0
2026-05-25 17:25:45,20260525_172452_dk2022_150mw_300mwh_soc10_90_v5,1,2590,93.016,0.0
2026-05-25 17:25:45,20260525_172452_dk2022_150mw_300mwh_soc10_90_v5,1,2591,93.016,0.0
2026-05-25 17:25:45,20260525_172452_dk2022_150mw_300mwh_soc10_90_v5,1,2592,93.016,0.0
2026-05-25 17:25:45,20260525_172452_dk2022_150mw_300mwh_soc10_90_v5,1,2593,93.016,0.0
2026-05-25 17:25:45,20260525_172452_dk2022_150mw_300mwh_soc10_90_v5,1,2594,93.016,0.0
2026-05-25 17:25:45,20260525_172452_dk2022_150mw_300mwh_soc10_90_v5,1,2595,93.016,0.0
2026-05-25 17:25:45,20260525_172452_dk2022_150mw_300mwh_soc10_90_v5,1,2596,93.016,0.0
2026-05-25 17:25:45,20260525_172452_dk2022_150mw_300mwh_soc10_90_v5,1,2597,93.016,0.0
2026-05-25 17:25:45,20260525_172452_dk2022_150mw_300mwh_soc10_90_v5,1,2598,93.016,0.0
2026-05-25 17:25:45,20260525_172452_dk2022_150mw_300mwh_soc10_90_v5,1,2599,93.016,0.0
2026-05-25 17:25:45,20260525_172452_dk2022_150mw_300mwh_soc10_90_v5,1,2600,93.016,0.0
2026-05-25 17:25:45,20260525_172452_dk2022_150mw_300mwh_soc10_90_v5,1,2601,93.016,0.0
2026-05-25 17:25:45,20260525_172452_dk2022_150mw_300mwh_soc10_90_v5,1,2602,93.016,0.0
2026-05-25 17:25:45,20260525_172452_dk2022_150mw_300mwh_soc10_90_v5,1,2603,93.016,0.0
2026-05-25 17:25:45,20260525_172452_dk2022_150mw_300mwh_soc10_90_v5,1,2604,93.016,0.0
2026-05-25 17:25:45,20260525_172452_dk2022_150mw_300mwh_soc10_90_v5,1,2605,93.016,3.70309301
2026-05-25 17:25:45,20260525_172452_dk2022_150mw_300mwh_soc10_90_v5,1,2606,93.016,0.0
2026-05-25 17:25:45,20260525_172452_dk2022_150mw_300mwh_soc10_90_v5,1,2607,93.016,0.0
2026-05-25 17:25:45,20260525_172452_dk2022_150mw_300mwh_soc10_90_v5,1,2608,93.016,0.0
2026-05-25 17:25:45,20260525_172452_dk2022_150mw_300mwh_soc10_90_v5,1,2609,93.016,0.0
2026-05-25 17:25:45,20260525_172452_dk2022_150mw_300mwh_soc10_90_v5,1,2610,93.016,0.0
2026-05-25 17:25:45,20260525_172452_dk2022_150mw_300mwh_soc10_90_v5,1,2611,93.016,0.0
2026-05-25 17:25:45,20260525_172452_dk2022_150mw_300mwh_soc10_90_v5,1,2612,93.016,0.0
2026-05-25 17:25:45,20260525_172452_dk2022_150mw_300mwh_soc10_90_v5,1,2613,93.016,0.0
2026-05-25 17:25:45,20260525_172452_dk2022_150mw_300mwh_soc10_90_v5,1,2614,93.016,0.0
2026-05-25 17:25:45,20260525_172452_dk2022_150mw_300mwh_soc10_90_v5,1,2615,93.016,0.0
2026-05-25 17:25:45,20260525_172452_dk2022_150mw_300mwh_soc10_90_v5,1,2616,93.016,0.0
2026-05-25 17:25:45,20260525_172452_dk2022_150mw_300mwh_soc10_90_v5,1,2617,93.016,0.0
2026-05-25 17:25:45,20260525_172452_dk2022_150mw_300mwh_soc10_90_v5,1,2618,93.016,0.0
2026-05-25 17:25:45,20260525_172452_dk2022_150mw_300mwh_soc10_90_v5,1,2619,93.016,0.0
2026-05-25 17:25:45,20260525_172452_dk2022_150mw_300mwh_soc10_90_v5,1,2620,93.016,0.0
2026-05-25 17:25:45,20260525_172452_dk2022_150mw_300mwh_soc10_90_v5,1,2621,93.016,0.0
2026-05-25 17:25:45,20260525_172452_dk2022_150mw_300mwh_soc10_90_v5,1,2622,93.016,0.0
2026-05-25 17:25:45,20260525_172452_dk2022_150mw_300mwh_soc10_90_v5,1,2623,93.016,0.0
2026-05-25 17:25:45,20260525_172452_dk2022_150mw_300mwh_soc10_90_v5,1,2624,93.016,0.0
2026-05-25 17:25:45,20260525_172452_dk2022_150mw_300mwh_soc10_90_v5,1,2625,93.016,0.0
2026-05-25 17:25:45,20260525_172452_dk2022_150mw_300mwh_soc10_90_v5,1,2626,93.016,0.0
2026-05-25 17:25:45,20260525_172452_dk2022_150mw_300mwh_soc10_90_v5,1,2627,93.016,0.0
2026-05-25 17:25:45,20260525_172452_dk2022_150mw_300mwh_soc10_90_v5,1,2628,93.016,0.0
2026-05-25 17:25:45,20260525_172452_dk2022_150mw_300mwh_soc10_90_v5,1,2629,93.016,0.0
2026-05-25 17:25:45,20260525_172452_dk2022_150mw_300mwh_soc10_90_v5,1,2630,93.016,0.0
2026-05-25 17:25:45,20260525_172452_dk2022_150mw_300mwh_soc10_90_v5,1,2631,93.016,0.0
2026-05-25 17:25:45,20260525_172452_dk2022_150mw_300mwh_soc10_90_v5,1,2632,93.016,0.0
2026-05-25 17:25:45,20260525_172452_dk2022_150mw_300mwh_soc10_90_v5,1,2633,93.016,0.0
2026-05-25 17:25:45,20260525_172452_dk2022_150mw_300mwh_soc10_90_v5,1,2634,93.016,0.0
2026-05-25 17:25:45,20260525_172452_dk2022_150mw_300mwh_soc10_90_v5,1,2635,93.016,0.0
2026-05-25 17:25:45,20260525_172452_dk2022_150mw_300mwh_soc10_90_v5,1,2636,93.016,0.0
2026-05-25 17:25:45,20260525_172452_dk2022_150mw_300mwh_soc10_90_v5,1,2637,93.016,0.0
2026-05-25 17:25:45,20260525_172452_dk2022_150mw_300mwh_soc10_90_v5,1,2638,93.016,0.0
2026-05-25 17:25:45,20260525_172452_dk2022_150mw_300mwh_soc10_90_v5,1,2639,93.016,0.0
2026-05-25 17:25:45,20260525_172452_dk2022_150mw_300mwh_soc10_90_v5,1,2640,93.016,0.0
2026-05-25 17:25:45,20260525_172452_dk2022_150mw_300mwh_soc10_90_v5,1,2641,93.016,0.0
2026-05-25 17:25:45,20260525_172452_dk2022_150mw_300mwh_soc10_90_v5,1,2642,93.016,0.0
2026-05-25 17:25:45,20260525_172452_dk2022_150mw_300mwh_soc10_90_v5,1,2643,93.016,0.0
2026-05-25 17:25:45,20260525_172452_dk2022_150mw_300mwh_soc10_90_v5,1,2644,93.016,0.0
2026-05-25 17:25:45,20260525_172452_dk2022_150mw_300mwh_soc10_90_v5,1,2645,93.016,0.0
2026-05-25 17:25:45,20260525_172452_dk2022_150mw_300mwh_soc10_90_v5,1,2646,93.016,0.0
2026-05-25 17:25:45,20260525_172452_dk2022_150mw_300mwh_soc10_90_v5,1,2647,93.016,0.0
2026-05-25 17:25:45,20260525_172452_dk2022_150mw_300mwh_soc10_90_v5,1,2648,93.016,0.0
2026-05-25 17:25:45,20260525_172452_dk2022_150mw_300mwh_soc10_90_v5,1,2649,93.016,0.0
2026-05-25 17:25:45,20260525_172452_dk2022_150mw_300mwh_soc10_90_v5,1,2650,93.016,0.0
2026-05-25 17:25:45,20260525_172452_dk2022_150mw_300mwh_soc10_90_v5,1,2651,93.016,0.0
2026-05-25 17:25:45,20260525_172452_dk2022_150mw_300mwh_soc10_90_v5,1,2652,93.016,0.0
2026-05-25 17:25:45,20260525_172452_dk2022_150mw_300mwh_soc10_90_v5,1,2653,93.016,0.0
2026-05-25 17:25:45,20260525_172452_dk2022_150mw_300mwh_soc10_90_v5,1,2654,93.016,0.0
2026-05-25 17:25:45,20260525_172452_dk2022_150mw_300mwh_soc10_90_v5,1,2655,93.016,0.0
2026-05-25 17:25:45,20260525_172452_dk2022_150mw_300mwh_soc10_90_v5,1,2656,93.016,0.0
2026-05-25 17:25:45,20260525_172452_dk2022_150mw_300mwh_soc10_90_v5,1,2657,93.016,0.0
2026-05-25 17:25:45,20260525_172452_dk2022_150mw_300mwh_soc10_90_v5,1,2658,93.016,0.0
2026-05-25 17:25:45,20260525_172452_dk2022_150mw_300mwh_soc10_90_v5,1,2659,93.016,0.0
2026-05-25 17:25:45,20260525_172452_dk2022_150mw_300mwh_soc10_90_v5,1,2660,93.016,0.0
2026-05-25 17:25:45,20260525_172452_dk2022_150mw_300mwh_soc10_90_v5,1,2661,93.016,0.0
2026-05-25 17:25:45,20260525_172452_dk2022_150mw_300mwh_soc10_90_v5,1,2662,93.016,0.0
2026-05-25 17:25:45,20260525_172452_dk2022_150mw_300mwh_soc10_90_v5,1,2663,93.016,-3.24911932
2026-05-25 17:25:45,20260525_172452_dk2022_150mw_300mwh_soc10_90_v5,1,2664,93.016,-3.24911932
2026-05-25 17:25:45,20260525_172452_dk2022_150mw_300mwh_soc10_90_v5,1,2665,93.016,0.0
2026-05-25 17:25:45,20260525_172452_dk2022_150mw_300mwh_soc10_90_v5,1,2666,93.016,0.0
2026-05-25 17:25:45,20260525_172452_dk2022_150mw_300mwh_soc10_90_v5,1,2667,93.016,0.0
2026-05-25 17:25:45,20260525_172452_dk2022_150mw_300mwh_soc10_90_v5,1,2668,93.016,0.0
2026-05-25 17:25:45,20260525_172452_dk2022_150mw_300mwh_soc10_90_v5,1,2669,93.016,0.0
2026-05-25 17:25:45,20260525_172452_dk2022_150mw_300mwh_soc10_90_v5,1,2670,93.016,0.0
2026-05-25 17:25:45,20260525_172452_dk2022_150mw_300mwh_soc10_90_v5,1,2671,93.016,0.0
2026-05-25 17:25:45,20260525_172452_dk2022_150mw_300mwh_soc10_90_v5,1,2672,93.016,0.0
2026-05-25 17:25:45,20260525_172452_dk2022_150mw_300mwh_soc10_90_v5,1,2673,93.016,0.0
2026-05-25 17:25:45,20260525_172452_dk2022_150mw_300mwh_soc10_90_v5,1,2674,93.016,0.0
2026-05-25 17:25:45,20260525_172452_dk2022_150mw_300mwh_soc10_90_v5,1,2675,93.016,0.0
2026-05-25 17:25:45,20260525_172452_dk2022_150mw_300mwh_soc10_90_v5,1,2676,93.016,0.0
2026-05-25 17:25:45,20260525_172452_dk2022_150mw_300mwh_soc10_90_v5,1,2677,93.016,0.0
2026-05-25 17:25:45,20260525_172452_dk2022_150mw_300mwh_soc10_90_v5,1,2678,93.016,0.0
2026-05-25 17:25:45,20260525_172452_dk2022_150mw_300mwh_soc10_90_v5,1,2679,93.016,0.0
2026-05-25 17:25:45,20260525_172452_dk2022_150mw_300mwh_soc10_90_v5,1,2680,93.016,0.0
2026-05-25 17:25:45,20260525_172452_dk2022_150mw_300mwh_soc10_90_v5,1,2681,93.016,0.0
2026-05-25 17:25:45,20260525_172452_dk2022_150mw_300mwh_soc10_90_v5,1,2682,93.016,0.0
2026-05-25 17:25:45,20260525_172452_dk2022_150mw_300mwh_soc10_90_v5,1,2683,93.016,0.0
2026-05-25 17:25:45,20260525_172452_dk2022_150mw_300mwh_soc10_90_v5,1,2684,93.016,0.0
2026-05-25 17:25:45,20260525_172452_dk2022_150mw_300mwh_soc10_90_v5,1,2685,93.016,0.0
2026-05-25 17:25:45,20260525_172452_dk2022_150mw_300mwh_soc10_90_v5,1,2686,93.016,0.0
2026-05-25 17:25:45,20260525_172452_dk2022_150mw_300mwh_soc10_90_v5,1,2687,93.016,0.0
2026-05-25 17:25:45,20260525_172452_dk2022_150mw_300mwh_soc10_90_v5,1,2688,93.016,0.0
2026-05-25 17:25:45,20260525_172452_dk2022_150mw_300mwh_soc10_90_v5,1,2689,93.016,0.0
2026-05-25 17:25:45,20260525_172452_dk2022_150mw_300mwh_soc10_90_v5,1,2690,93.016,0.0
2026-05-25 17:25:45,20260525_172452_dk2022_150mw_300mwh_soc10_90_v5,1,2691,93.016,0.0
2026-05-25 17:25:45,20260525_172452_dk2022_150mw_300mwh_soc10_90_v5,1,2692,93.016,0.0
2026-05-25 17:25:45,20260525_172452_dk2022_150mw_300mwh_soc10_90_v5,1,2693,93.016,0.0
2026-05-25 17:25:45,20260525_172452_dk2022_150mw_300mwh_soc10_90_v5,1,2694,93.016,0.0
2026-05-25 17:25:45,20260525_172452_dk2022_150mw_300mwh_soc10_90_v5,1,2695,93.016,0.0
2026-05-25 17:25:45,20260525_172452_dk2022_150mw_300mwh_soc10_90_v5,1,2696,93.016,0.0
2026-05-25 17:25:45,20260525_172452_dk2022_150mw_300mwh_soc10_90_v5,1,2697,93.016,0.0
2026-05-25 17:25:45,20260525_172452_dk2022_150mw_300mwh_soc10_90_v5,1,2698,93.016,0.0
2026-05-25 17:25:45,20260525_172452_dk2022_150mw_300mwh_soc10_90_v5,1,2699,93.016,0.0
2026-05-25 17:25:45,20260525_172452_dk2022_150mw_300mwh_soc10_90_v5,1,2700,93.016,0.0
2026-05-25 17:25:45,20260525_172452_dk2022_150mw_300mwh_soc10_90_v5,1,2701,93.016,0.0
2026-05-25 17:25:45,20260525_172452_dk2022_150mw_300mwh_soc10_90_v5,1,2702,93.016,0.0
2026-05-25 17:25:45,20260525_172452_dk2022_150mw_300mwh_soc10_90_v5,1,2703,93.016,0.0
2026-05-25 17:25:45,20260525_172452_dk2022_150mw_300mwh_soc10_90_v5,1,2704,93.016,0.0
2026-05-25 17:25:45,20260525_172452_dk2022_150mw_300mwh_soc10_90_v5,1,2705,93.016,0.0
2026-05-25 17:25:45,20260525_172452_dk2022_150mw_300mwh_soc10_90_v5,1,2706,93.016,0.0
2026-05-25 17:25:45,20260525_172452_dk2022_150mw_300mwh_soc10_90_v5,1,2707,93.016,0.0
2026-05-25 17:25:45,20260525_172452_dk2022_150mw_300mwh_soc10_90_v5,1,2708,93.016,0.0
2026-05-25 17:25:45,20260525_172452_dk2022_150mw_300mwh_soc10_90_v5,1,2709,93.016,0.0
2026-05-25 17:25:45,20260525_172452_dk2022_150mw_300mwh_soc10_90_v5,1,2710,93.016,0.0
2026-05-25 17:25:45,20260525_172452_dk2022_150mw_300mwh_soc10_90_v5,1,2711,93.016,0.0
2026-05-25 17:25:45,20260525_172452_dk2022_150mw_300mwh_soc10_90_v5,1,2712,93.016,0.0
2026-05-25 17:25:45,20260525_172452_dk2022_150mw_300mwh_soc10_90_v5,1,2713,93.016,0.0
2026-05-25 17:25:45,20260525_172452_dk2022_150mw_300mwh_soc10_90_v5,1,2714,93.016,0.0
2026-05-25 17:25:45,20260525_172452_dk2022_150mw_300mwh_soc10_90_v5,1,2715,93.016,0.0
2026-05-25 17:25:45,20260525_172452_dk2022_150mw_300mwh_soc10_90_v5,1,2716,93.016,0.0
2026-05-25 17:25:45,20260525_172452_dk2022_150mw_300mwh_soc10_90_v5,1,2717,93.016,0.0
2026-05-25 17:25:45,20260525_172452_dk2022_150mw_300mwh_soc10_90_v5,1,2718,93.016,0.0
2026-05-25 17:25:45,20260525_172452_dk2022_150mw_300mwh_soc10_90_v5,1,2719,93.016,0.0
2026-05-25 17:25:45,20260525_172452_dk2022_150mw_300mwh_soc10_90_v5,1,2720,93.016,0.0
2026-05-25 17:25:45,20260525_172452_dk2022_150mw_300mwh_soc10_90_v5,1,2721,93.016,0.0
2026-05-25 17:25:45,20260525_172452_dk2022_150mw_300mwh_soc10_90_v5,1,2722,93.016,0.0
2026-05-25 17:25:45,20260525_172452_dk2022_150mw_300mwh_soc10_90_v5,1,2723,93.016,0.0
2026-05-25 17:25:45,20260525_172452_dk2022_150mw_300mwh_soc10_90_v5,1,2724,93.016,0.0
2026-05-25 17:25:45,20260525_172452_dk2022_150mw_300mwh_soc10_90_v5,1,2725,93.016,0.0
2026-05-25 17:25:45,20260525_172452_dk2022_150mw_300mwh_soc10_90_v5,1,2726,93.016,0.0
2026-05-25 17:25:45,20260525_172452_dk2022_150mw_300mwh_soc10_90_v5,1,2727,93.016,0.0
2026-05-25 17:25:45,20260525_172452_dk2022_150mw_300mwh_soc10_90_v5,1,2728,93.016,0.0
2026-05-25 17:25:45,20260525_172452_dk2022_150mw_300mwh_soc10_90_v5,1,2729,93.016,0.0
2026-05-25 17:25:45,20260525_172452_dk2022_150mw_300mwh_soc10_90_v5,1,2730,93.016,0.0
2026-05-25 17:25:45,20260525_172452_dk2022_150mw_300mwh_soc10_90_v5,1,2731,93.016,0.0
2026-05-25 17:25:45,20260525_172452_dk2022_150mw_300mwh_soc10_90_v5,1,2732,93.016,0.0
2026-05-25 17:25:45,20260525_172452_dk2022_150mw_300mwh_soc10_90_v5,1,2733,93.016,0.0
2026-05-25 17:25:45,20260525_172452_dk2022_150mw_300mwh_soc10_90_v5,1,2734,93.016,0.0
2026-05-25 17:25:45,20260525_172452_dk2022_150mw_300mwh_soc10_90_v5,1,2735,93.016,0.0
2026-05-25 17:25:45,20260525_172452_dk2022_150mw_300mwh_soc10_90_v5,1,2736,93.016,0.0
2026-05-25 17:25:45,20260525_172452_dk2022_150mw_300mwh_soc10_90_v5,1,2737,93.016,0.0
2026-05-25 17:25:45,20260525_172452_dk2022_150mw_300mwh_soc10_90_v5,1,2738,93.016,0.0
2026-05-25 17:25:45,20260525_172452_dk2022_150mw_300mwh_soc10_90_v5,1,2739,93.016,0.0
2026-05-25 17:25:45,20260525_172452_dk2022_150mw_300mwh_soc10_90_v5,1,2740,93.016,0.0
2026-05-25 17:25:45,20260525_172452_dk2022_150mw_300mwh_soc10_90_v5,1,2741,93.016,0.0
2026-05-25 17:25:45,20260525_172452_dk2022_150mw_300mwh_soc10_90_v5,1,2742,93.016,0.0
2026-05-25 17:25:45,20260525_172452_dk2022_150mw_300mwh_soc10_90_v5,1,2743,93.016,0.0
2026-05-25 17:25:45,20260525_172452_dk2022_150mw_300mwh_soc10_90_v5,1,2744,93.016,0.0
2026-05-25 17:25:45,20260525_172452_dk2022_150mw_300mwh_soc10_90_v5,1,2745,93.016,0.0
2026-05-25 17:25:45,20260525_172452_dk2022_150mw_300mwh_soc10_90_v5,1,2746,93.016,0.0
2026-05-25 17:25:45,20260525_172452_dk2022_150mw_300mwh_soc10_90_v5,1,2747,93.016,0.0
2026-05-25 17:25:45,20260525_172452_dk2022_150mw_300mwh_soc10_90_v5,1,2748,93.016,0.0
2026-05-25 17:25:45,20260525_172452_dk2022_150mw_300mwh_soc10_90_v5,1,2749,93.016,0.0
2026-05-25 17:25:45,20260525_172452_dk2022_150mw_300mwh_soc10_90_v5,1,2750,93.016,0.0
2026-05-25 17:25:45,20260525_172452_dk2022_150mw_300mwh_soc10_90_v5,1,2751,93.016,0.0
2026-05-25 17:25:45,20260525_172452_dk2022_150mw_300mwh_soc10_90_v5,1,2752,93.016,0.0
2026-05-25 17:25:45,20260525_172452_dk2022_150mw_300mwh_soc10_90_v5,1,2753,93.016,0.0
2026-05-25 17:25:45,20260525_172452_dk2022_150mw_300mwh_soc10_90_v5,1,2754,93.016,0.0
2026-05-25 17:25:45,20260525_172452_dk2022_150mw_300mwh_soc10_90_v5,1,2755,93.016,0.0
2026-05-25 17:25:45,20260525_172452_dk2022_150mw_300mwh_soc10_90_v5,1,2756,93.016,0.0
2026-05-25 17:25:45,20260525_172452_dk2022_150mw_300mwh_soc10_90_v5,1,2757,93.016,0.0
2026-05-25 17:25:45,20260525_172452_dk2022_150mw_300mwh_soc10_90_v5,1,2758,93.016,0.0
2026-05-25 17:25:45,20260525_172452_dk2022_150mw_300mwh_soc10_90_v5,1,2759,93.016,0.0
2026-05-25 17:25:45,20260525_172452_dk2022_150mw_300mwh_soc10_90_v5,1,2760,93.016,0.0
2026-05-25 17:25:45,20260525_172452_dk2022_150mw_300mwh_soc10_90_v5,1,2761,93.016,0.0
2026-05-25 17:25:45,20260525_172452_dk2022_150mw_300mwh_soc10_90_v5,1,2762,93.016,0.0
2026-05-25 17:25:45,20260525_172452_dk2022_150mw_300mwh_soc10_90_v5,1,2763,93.016,0.0
2026-05-25 17:25:45,20260525_172452_dk2022_150mw_300mwh_soc10_90_v5,1,2764,93.016,0.0
2026-05-25 17:25:45,20260525_172452_dk2022_150mw_300mwh_soc10_90_v5,1,2765,93.016,0.0
2026-05-25 17:25:45,20260525_172452_dk2022_150mw_300mwh_soc10_90_v5,1,2766,93.016,0.0
2026-05-25 17:25:45,20260525_172452_dk2022_150mw_300mwh_soc10_90_v5,1,2767,93.016,0.0
2026-05-25 17:25:45,20260525_172452_dk2022_150mw_300mwh_soc10_90_v5,1,2768,93.016,0.0
2026-05-25 17:25:45,20260525_172452_dk2022_150mw_300mwh_soc10_90_v5,1,2769,93.016,0.0
2026-05-25 17:25:45,20260525_172452_dk2022_150mw_300mwh_soc10_90_v5,1,2770,93.016,0.0
2026-05-25 17:25:45,20260525_172452_dk2022_150mw_300mwh_soc10_90_v5,1,2771,93.016,0.0
2026-05-25 17:25:45,20260525_172452_dk2022_150mw_300mwh_soc10_90_v5,1,2772,93.016,0.0
2026-05-25 17:25:45,20260525_172452_dk2022_150mw_300mwh_soc10_90_v5,1,2773,93.016,0.0
2026-05-25 17:25:45,20260525_172452_dk2022_150mw_300mwh_soc10_90_v5,1,2774,93.016,0.0
2026-05-25 17:25:45,20260525_172452_dk2022_150mw_300mwh_soc10_90_v5,1,2775,93.016,0.0
2026-05-25 17:25:45,20260525_172452_dk2022_150mw_300mwh_soc10_90_v5,1,2776,93.016,0.0
2026-05-25 17:25:45,20260525_172452_dk2022_150mw_300mwh_soc10_90_v5,1,2777,93.016,0.0
2026-05-25 17:25:45,20260525_172452_dk2022_150mw_300mwh_soc10_90_v5,1,2778,93.016,0.0
2026-05-25 17:25:45,20260525_172452_dk2022_150mw_300mwh_soc10_90_v5,1,2779,93.016,0.0
2026-05-25 17:25:45,20260525_172452_dk2022_150mw_300mwh_soc10_90_v5,1,2780,93.016,0.0
2026-05-25 17:25:45,20260525_172452_dk2022_150mw_300mwh_soc10_90_v5,1,2781,93.016,0.0
2026-05-25 17:25:45,20260525_172452_dk2022_150mw_300mwh_soc10_90_v5,1,2782,93.016,0.0
2026-05-25 17:25:45,20260525_172452_dk2022_150mw_300mwh_soc10_90_v5,1,2783,93.016,0.0
2026-05-25 17:25:45,20260525_172452_dk2022_150mw_300mwh_soc10_90_v5,1,2784,93.016,0.0
2026-05-25 17:25:45,20260525_172452_dk2022_150mw_300mwh_soc10_90_v5,1,2785,93.016,0.0
2026-05-25 17:25:45,20260525_172452_dk2022_150mw_300mwh_soc10_90_v5,1,2786,93.016,0.0
2026-05-25 17:25:45,20260525_172452_dk2022_150mw_300mwh_soc10_90_v5,1,2787,93.016,0.0
2026-05-25 17:25:45,20260525_172452_dk2022_150mw_300mwh_soc10_90_v5,1,2788,93.016,0.0
2026-05-25 17:25:45,20260525_172452_dk2022_150mw_300mwh_soc10_90_v5,1,2789,93.016,0.0
2026-05-25 17:25:45,20260525_172452_dk2022_150mw_300mwh_soc10_90_v5,1,2790,93.016,0.0
2026-05-25 17:25:45,20260525_172452_dk2022_150mw_300mwh_soc10_90_v5,1,2791,93.016,0.0
2026-05-25 17:25:45,20260525_172452_dk2022_150mw_300mwh_soc10_90_v5,1,2792,93.016,0.0
2026-05-25 17:25:45,20260525_172452_dk2022_150mw_300mwh_soc10_90_v5,1,2793,93.016,0.0
2026-05-25 17:25:45,20260525_172452_dk2022_150mw_300mwh_soc10_90_v5,1,2794,93.016,0.0
2026-05-25 17:25:45,20260525_172452_dk2022_150mw_300mwh_soc10_90_v5,1,2795,93.016,0.0
2026-05-25 17:25:45,20260525_172452_dk2022_150mw_300mwh_soc10_90_v5,1,2796,93.016,0.0
2026-05-25 17:25:45,20260525_172452_dk2022_150mw_300mwh_soc10_90_v5,1,2797,93.016,0.0
2026-05-25 17:25:45,20260525_172452_dk2022_150mw_300mwh_soc10_90_v5,1,2798,93.016,0.0
2026-05-25 17:25:45,20260525_172452_dk2022_150mw_300mwh_soc10_90_v5,1,2799,93.016,0.0
2026-05-25 17:25:45,20260525_172452_dk2022_150mw_300mwh_soc10_90_v5,1,2800,93.016,0.0
2026-05-25 17:25:45,20260525_172452_dk2022_150mw_300mwh_soc10_90_v5,1,2801,93.016,0.0
2026-05-25 17:25:45,20260525_172452_dk2022_150mw_300mwh_soc10_90_v5,1,2802,93.016,0.0
2026-05-25 17:25:45,20260525_172452_dk2022_150mw_300mwh_soc10_90_v5,1,2803,93.016,0.0
2026-05-25 17:25:45,20260525_172452_dk2022_150mw_300mwh_soc10_90_v5,1,2804,93.016,0.0
2026-05-25 17:25:45,20260525_172452_dk2022_150mw_300mwh_soc10_90_v5,1,2805,93.016,0.0
2026-05-25 17:25:45,20260525_172452_dk2022_150mw_300mwh_soc10_90_v5,1,2806,93.016,0.0
2026-05-25 17:25:45,20260525_172452_dk2022_150mw_300mwh_soc10_90_v5,1,2807,93.016,0.0
2026-05-25 17:25:45,20260525_172452_dk2022_150mw_300mwh_soc10_90_v5,1,2808,93.016,0.0
2026-05-25 17:25:45,20260525_172452_dk2022_150mw_300mwh_soc10_90_v5,1,2809,93.016,0.0
2026-05-25 17:25:45,20260525_172452_dk2022_150mw_300mwh_soc10_90_v5,1,2810,93.016,0.0
2026-05-25 17:25:45,20260525_172452_dk2022_150mw_300mwh_soc10_90_v5,1,2811,93.016,0.0
2026-05-25 17:25:45,20260525_172452_dk2022_150mw_300mwh_soc10_90_v5,1,2812,93.016,0.0
2026-05-25 17:25:45,20260525_172452_dk2022_150mw_300mwh_soc10_90_v5,1,2813,93.016,0.0
2026-05-25 17:25:45,20260525_172452_dk2022_150mw_300mwh_soc10_90_v5,1,2814,93.016,0.0
2026-05-25 17:25:45,20260525_172452_dk2022_150mw_300mwh_soc10_90_v5,1,2815,93.016,0.0
2026-05-25 17:25:45,20260525_172452_dk2022_150mw_300mwh_soc10_90_v5,1,2816,93.016,0.0
2026-05-25 17:25:45,20260525_172452_dk2022_150mw_300mwh_soc10_90_v5,1,2817,93.016,0.0
2026-05-25 17:25:45,20260525_172452_dk2022_150mw_300mwh_soc10_90_v5,1,2818,93.016,0.0
2026-05-25 17:25:45,20260525_172452_dk2022_150mw_300mwh_soc10_90_v5,1,2819,93.016,0.0
2026-05-25 17:25:45,20260525_172452_dk2022_150mw_300mwh_soc10_90_v5,1,2820,93.016,0.0
2026-05-25 17:25:45,20260525_172452_dk2022_150mw_300mwh_soc10_90_v5,1,2821,93.016,3.70309301
2026-05-25 17:25:45,20260525_172452_dk2022_150mw_300mwh_soc10_90_v5,1,2822,93.016,0.0
2026-05-25 17:25:45,20260525_172452_dk2022_150mw_300mwh_soc10_90_v5,1,2823,93.016,0.0
2026-05-25 17:25:45,20260525_172452_dk2022_150mw_300mwh_soc10_90_v5,1,2824,93.016,0.0
2026-05-25 17:25:45,20260525_172452_dk2022_150mw_300mwh_soc10_90_v5,1,2825,93.016,0.0
2026-05-25 17:25:45,20260525_172452_dk2022_150mw_300mwh_soc10_90_v5,1,2826,93.016,0.0
2026-05-25 17:25:45,20260525_172452_dk2022_150mw_300mwh_soc10_90_v5,1,2827,93.016,0.0
2026-05-25 17:25:45,20260525_172452_dk2022_150mw_300mwh_soc10_90_v5,1,2828,93.016,0.0
2026-05-25 17:25:45,20260525_172452_dk2022_150mw_300mwh_soc10_90_v5,1,2829,93.016,0.0
2026-05-25 17:25:45,20260525_172452_dk2022_150mw_300mwh_soc10_90_v5,1,2830,93.016,0.0
2026-05-25 17:25:45,20260525_172452_dk2022_150mw_300mwh_soc10_90_v5,1,2831,93.016,0.0
2026-05-25 17:25:45,20260525_172452_dk2022_150mw_300mwh_soc10_90_v5,1,2832,93.016,0.0
2026-05-25 17:25:45,20260525_172452_dk2022_150mw_300mwh_soc10_90_v5,1,2833,93.016,0.0
2026-05-25 17:25:45,20260525_172452_dk2022_150mw_300mwh_soc10_90_v5,1,2834,93.016,0.0
2026-05-25 17:25:45,20260525_172452_dk2022_150mw_300mwh_soc10_90_v5,1,2835,93.016,0.0
2026-05-25 17:25:45,20260525_172452_dk2022_150mw_300mwh_soc10_90_v5,1,2836,93.016,0.0
2026-05-25 17:25:45,20260525_172452_dk2022_150mw_300mwh_soc10_90_v5,1,2837,93.016,0.0
2026-05-25 17:25:45,20260525_172452_dk2022_150mw_300mwh_soc10_90_v5,1,2838,93.016,0.0
2026-05-25 17:25:45,20260525_172452_dk2022_150mw_300mwh_soc10_90_v5,1,2839,93.016,0.0
2026-05-25 17:25:45,20260525_172452_dk2022_150mw_300mwh_soc10_90_v5,1,2840,93.016,0.0
2026-05-25 17:25:45,20260525_172452_dk2022_150mw_300mwh_soc10_90_v5,1,2841,93.016,0.0
2026-05-25 17:25:45,20260525_172452_dk2022_150mw_300mwh_soc10_90_v5,1,2842,93.016,0.0
2026-05-25 17:25:45,20260525_172452_dk2022_150mw_300mwh_soc10_90_v5,1,2843,93.016,0.0
2026-05-25 17:25:45,20260525_172452_dk2022_150mw_300mwh_soc10_90_v5,1,2844,93.016,0.0
2026-05-25 17:25:45,20260525_172452_dk2022_150mw_300mwh_soc10_90_v5,1,2845,93.016,0.0
2026-05-25 17:25:45,20260525_172452_dk2022_150mw_300mwh_soc10_90_v5,1,2846,93.016,-3.24911932
2026-05-25 17:25:45,20260525_172452_dk2022_150mw_300mwh_soc10_90_v5,1,2847,93.016,-3.24911932
2026-05-25 17:25:45,20260525_172452_dk2022_150mw_300mwh_soc10_90_v5,1,2848,93.016,0.0
2026-05-25 17:25:45,20260525_172452_dk2022_150mw_300mwh_soc10_90_v5,1,2849,93.016,0.0
2026-05-25 17:25:45,20260525_172452_dk2022_150mw_300mwh_soc10_90_v5,1,2850,93.016,0.0
2026-05-25 17:25:45,20260525_172452_dk2022_150mw_300mwh_soc10_90_v5,1,2851,93.016,0.0
2026-05-25 17:25:45,20260525_172452_dk2022_150mw_300mwh_soc10_90_v5,1,2852,93.016,0.0
2026-05-25 17:25:45,20260525_172452_dk2022_150mw_300mwh_soc10_90_v5,1,2853,93.016,0.0
2026-05-25 17:25:45,20260525_172452_dk2022_150mw_300mwh_soc10_90_v5,1,2854,93.016,0.0
2026-05-25 17:25:45,20260525_172452_dk2022_150mw_300mwh_soc10_90_v5,1,2855,93.016,0.0
2026-05-25 17:25:45,20260525_172452_dk2022_150mw_300mwh_soc10_90_v5,1,2856,93.016,0.0
2026-05-25 17:25:45,20260525_172452_dk2022_150mw_300mwh_soc10_90_v5,1,2857,93.016,0.0
2026-05-25 17:25:45,20260525_172452_dk2022_150mw_300mwh_soc10_90_v5,1,2858,93.016,0.0
2026-05-25 17:25:45,20260525_172452_dk2022_150mw_300mwh_soc10_90_v5,1,2859,93.016,0.0
2026-05-25 17:25:45,20260525_172452_dk2022_150mw_300mwh_soc10_90_v5,1,2860,93.016,0.0
2026-05-25 17:25:45,20260525_172452_dk2022_150mw_300mwh_soc10_90_v5,1,2861,93.016,0.0
2026-05-25 17:25:45,20260525_172452_dk2022_150mw_300mwh_soc10_90_v5,1,2862,93.016,0.0
2026-05-25 17:25:45,20260525_172452_dk2022_150mw_300mwh_soc10_90_v5,1,2863,93.016,0.0
2026-05-25 17:25:45,20260525_172452_dk2022_150mw_300mwh_soc10_90_v5,1,2864,93.016,0.0
2026-05-25 17:25:45,20260525_172452_dk2022_150mw_300mwh_soc10_90_v5,1,2865,93.016,0.0
2026-05-25 17:25:45,20260525_172452_dk2022_150mw_300mwh_soc10_90_v5,1,2866,93.016,0.0
2026-05-25 17:25:45,20260525_172452_dk2022_150mw_300mwh_soc10_90_v5,1,2867,93.016,0.0
2026-05-25 17:25:45,20260525_172452_dk2022_150mw_300mwh_soc10_90_v5,1,2868,93.016,0.0
2026-05-25 17:25:45,20260525_172452_dk2022_150mw_300mwh_soc10_90_v5,1,2869,93.016,0.0
2026-05-25 17:25:45,20260525_172452_dk2022_150mw_300mwh_soc10_90_v5,1,2870,93.016,0.0
2026-05-25 17:25:45,20260525_172452_dk2022_150mw_300mwh_soc10_90_v5,1,2871,93.016,0.0
2026-05-25 17:25:45,20260525_172452_dk2022_150mw_300mwh_soc10_90_v5,1,2872,93.016,0.0
2026-05-25 17:25:45,20260525_172452_dk2022_150mw_300mwh_soc10_90_v5,1,2873,93.016,0.0
2026-05-25 17:25:45,20260525_172452_dk2022_150mw_300mwh_soc10_90_v5,1,2874,93.016,0.0
2026-05-25 17:25:45,20260525_172452_dk2022_150mw_300mwh_soc10_90_v5,1,2875,93.016,0.0
2026-05-25 17:25:45,20260525_172452_dk2022_150mw_300mwh_soc10_90_v5,1,2876,93.016,0.0
2026-05-25 17:25:45,20260525_172452_dk2022_150mw_300mwh_soc10_90_v5,1,2877,93.016,0.0
2026-05-25 17:25:45,20260525_172452_dk2022_150mw_300mwh_soc10_90_v5,1,2878,93.016,0.0
2026-05-25 17:25:45,20260525_172452_dk2022_150mw_300mwh_soc10_90_v5,1,2879,93.016,0.0
2026-05-25 17:25:45,20260525_172452_dk2022_150mw_300mwh_soc10_90_v5,1,2880,93.016,0.0
2026-05-25 17:25:45,20260525_172452_dk2022_150mw_300mwh_soc10_90_v5,1,2881,93.016,0.0
2026-05-25 17:25:45,20260525_172452_dk2022_150mw_300mwh_soc10_90_v5,1,2882,93.016,0.0
2026-05-25 17:25:45,20260525_172452_dk2022_150mw_300mwh_soc10_90_v5,1,2883,93.016,0.0
2026-05-25 17:25:45,20260525_172452_dk2022_150mw_300mwh_soc10_90_v5,1,2884,93.016,0.0
2026-05-25 17:25:45,20260525_172452_dk2022_150mw_300mwh_soc10_90_v5,1,2885,93.016,0.0
2026-05-25 17:25:45,20260525_172452_dk2022_150mw_300mwh_soc10_90_v5,1,2886,93.016,0.0
2026-05-25 17:25:45,20260525_172452_dk2022_150mw_300mwh_soc10_90_v5,1,2887,93.016,0.0
2026-05-25 17:25:45,20260525_172452_dk2022_150mw_300mwh_soc10_90_v5,1,2888,93.016,0.0
2026-05-25 17:25:45,20260525_172452_dk2022_150mw_300mwh_soc10_90_v5,1,2889,93.016,0.0
2026-05-25 17:25:45,20260525_172452_dk2022_150mw_300mwh_soc10_90_v5,1,2890,93.016,0.0
2026-05-25 17:25:45,20260525_172452_dk2022_150mw_300mwh_soc10_90_v5,1,2891,93.016,0.0
2026-05-25 17:25:45,20260525_172452_dk2022_150mw_300mwh_soc10_90_v5,1,2892,93.016,3.70309301
2026-05-25 17:25:45,20260525_172452_dk2022_150mw_300mwh_soc10_90_v5,1,2893,93.016,0.0
2026-05-25 17:25:45,20260525_172452_dk2022_150mw_300mwh_soc10_90_v5,1,2894,93.016,0.0
2026-05-25 17:25:45,20260525_172452_dk2022_150mw_300mwh_soc10_90_v5,1,2895,93.016,0.0
2026-05-25 17:25:45,20260525_172452_dk2022_150mw_300mwh_soc10_90_v5,1,2896,93.016,0.0
2026-05-25 17:25:45,20260525_172452_dk2022_150mw_300mwh_soc10_90_v5,1,2897,93.016,0.0
2026-05-25 17:25:45,20260525_172452_dk2022_150mw_300mwh_soc10_90_v5,1,2898,93.016,0.0
2026-05-25 17:25:45,20260525_172452_dk2022_150mw_300mwh_soc10_90_v5,1,2899,93.016,0.0
2026-05-25 17:25:45,20260525_172452_dk2022_150mw_300mwh_soc10_90_v5,1,2900,93.016,0.0
2026-05-25 17:25:45,20260525_172452_dk2022_150mw_300mwh_soc10_90_v5,1,2901,93.016,0.0
2026-05-25 17:25:45,20260525_172452_dk2022_150mw_300mwh_soc10_90_v5,1,2902,93.016,0.0
2026-05-25 17:25:45,20260525_172452_dk2022_150mw_300mwh_soc10_90_v5,1,2903,93.016,0.0
2026-05-25 17:25:45,20260525_172452_dk2022_150mw_300mwh_soc10_90_v5,1,2904,93.016,0.0
2026-05-25 17:25:45,20260525_172452_dk2022_150mw_300mwh_soc10_90_v5,1,2905,93.016,0.0
2026-05-25 17:25:45,20260525_172452_dk2022_150mw_300mwh_soc10_90_v5,1,2906,93.016,0.0
2026-05-25 17:25:45,20260525_172452_dk2022_150mw_300mwh_soc10_90_v5,1,2907,93.016,0.0
2026-05-25 17:25:45,20260525_172452_dk2022_150mw_300mwh_soc10_90_v5,1,2908,93.016,0.0
2026-05-25 17:25:45,20260525_172452_dk2022_150mw_300mwh_soc10_90_v5,1,2909,93.016,0.0
2026-05-25 17:25:45,20260525_172452_dk2022_150mw_300mwh_soc10_90_v5,1,2910,93.016,0.0
2026-05-25 17:25:45,20260525_172452_dk2022_150mw_300mwh_soc10_90_v5,1,2911,93.016,0.0
2026-05-25 17:25:45,20260525_172452_dk2022_150mw_300mwh_soc10_90_v5,1,2912,93.016,0.0
2026-05-25 17:25:45,20260525_172452_dk2022_150mw_300mwh_soc10_90_v5,1,2913,93.016,0.0
2026-05-25 17:25:45,20260525_172452_dk2022_150mw_300mwh_soc10_90_v5,1,2914,93.016,0.0
2026-05-25 17:25:45,20260525_172452_dk2022_150mw_300mwh_soc10_90_v5,1,2915,93.016,0.0
2026-05-25 17:25:45,20260525_172452_dk2022_150mw_300mwh_soc10_90_v5,1,2916,93.016,0.0
2026-05-25 17:25:45,20260525_172452_dk2022_150mw_300mwh_soc10_90_v5,1,2917,93.016,0.0
2026-05-25 17:25:45,20260525_172452_dk2022_150mw_300mwh_soc10_90_v5,1,2918,93.016,-3.24911932
2026-05-25 17:25:45,20260525_172452_dk2022_150mw_300mwh_soc10_90_v5,1,2919,93.016,-3.24911932
2026-05-25 17:25:45,20260525_172452_dk2022_150mw_300mwh_soc10_90_v5,1,2920,93.016,0.0
2026-05-25 17:25:45,20260525_172452_dk2022_150mw_300mwh_soc10_90_v5,1,2921,93.016,0.0
2026-05-25 17:25:45,20260525_172452_dk2022_150mw_300mwh_soc10_90_v5,1,2922,93.016,0.0
2026-05-25 17:25:45,20260525_172452_dk2022_150mw_300mwh_soc10_90_v5,1,2923,93.016,0.0
2026-05-25 17:25:45,20260525_172452_dk2022_150mw_300mwh_soc10_90_v5,1,2924,93.016,0.0
2026-05-25 17:25:45,20260525_172452_dk2022_150mw_300mwh_soc10_90_v5,1,2925,93.016,0.0
2026-05-25 17:25:45,20260525_172452_dk2022_150mw_300mwh_soc10_90_v5,1,2926,93.016,0.0
2026-05-25 17:25:45,20260525_172452_dk2022_150mw_300mwh_soc10_90_v5,1,2927,93.016,0.0
2026-05-25 17:25:45,20260525_172452_dk2022_150mw_300mwh_soc10_90_v5,1,2928,93.016,0.0
2026-05-25 17:25:45,20260525_172452_dk2022_150mw_300mwh_soc10_90_v5,1,2929,93.016,0.0
2026-05-25 17:25:45,20260525_172452_dk2022_150mw_300mwh_soc10_90_v5,1,2930,93.016,0.0
2026-05-25 17:25:45,20260525_172452_dk2022_150mw_300mwh_soc10_90_v5,1,2931,93.016,0.0
2026-05-25 17:25:45,20260525_172452_dk2022_150mw_300mwh_soc10_90_v5,1,2932,93.016,0.0
2026-05-25 17:25:45,20260525_172452_dk2022_150mw_300mwh_soc10_90_v5,1,2933,93.016,0.0
2026-05-25 17:25:45,20260525_172452_dk2022_150mw_300mwh_soc10_90_v5,1,2934,93.016,0.0
2026-05-25 17:25:45,20260525_172452_dk2022_150mw_300mwh_soc10_90_v5,1,2935,93.016,0.0
2026-05-25 17:25:45,20260525_172452_dk2022_150mw_300mwh_soc10_90_v5,1,2936,93.016,0.0
2026-05-25 17:25:45,20260525_172452_dk2022_150mw_300mwh_soc10_90_v5,1,2937,93.016,0.0
2026-05-25 17:25:45,20260525_172452_dk2022_150mw_300mwh_soc10_90_v5,1,2938,93.016,0.0
2026-05-25 17:25:45,20260525_172452_dk2022_150mw_300mwh_soc10_90_v5,1,2939,93.016,0.0
2026-05-25 17:25:45,20260525_172452_dk2022_150mw_300mwh_soc10_90_v5,1,2940,93.016,0.0
2026-05-25 17:25:45,20260525_172452_dk2022_150mw_300mwh_soc10_90_v5,1,2941,93.016,0.0
2026-05-25 17:25:45,20260525_172452_dk2022_150mw_300mwh_soc10_90_v5,1,2942,93.016,0.0
2026-05-25 17:25:45,20260525_172452_dk2022_150mw_300mwh_soc10_90_v5,1,2943,93.016,0.0
2026-05-25 17:25:45,20260525_172452_dk2022_150mw_300mwh_soc10_90_v5,1,2944,93.016,0.0
2026-05-25 17:25:45,20260525_172452_dk2022_150mw_300mwh_soc10_90_v5,1,2945,93.016,0.0
2026-05-25 17:25:45,20260525_172452_dk2022_150mw_300mwh_soc10_90_v5,1,2946,93.016,0.0
2026-05-25 17:25:45,20260525_172452_dk2022_150mw_300mwh_soc10_90_v5,1,2947,93.016,0.0
2026-05-25 17:25:45,20260525_172452_dk2022_150mw_300mwh_soc10_90_v5,1,2948,93.016,0.0
2026-05-25 17:25:45,20260525_172452_dk2022_150mw_300mwh_soc10_90_v5,1,2949,93.016,0.0
2026-05-25 17:25:45,20260525_172452_dk2022_150mw_300mwh_soc10_90_v5,1,2950,93.016,0.0
2026-05-25 17:25:45,20260525_172452_dk2022_150mw_300mwh_soc10_90_v5,1,2951,93.016,0.0
2026-05-25 17:25:45,20260525_172452_dk2022_150mw_300mwh_soc10_90_v5,1,2952,93.016,0.0
2026-05-25 17:25:45,20260525_172452_dk2022_150mw_300mwh_soc10_90_v5,1,2953,93.016,0.0
2026-05-25 17:25:45,20260525_172452_dk2022_150mw_300mwh_soc10_90_v5,1,2954,93.016,0.0
2026-05-25 17:25:45,20260525_172452_dk2022_150mw_300mwh_soc10_90_v5,1,2955,93.016,0.0
2026-05-25 17:25:45,20260525_172452_dk2022_150mw_300mwh_soc10_90_v5,1,2956,93.016,0.0
2026-05-25 17:25:45,20260525_172452_dk2022_150mw_300mwh_soc10_90_v5,1,2957,93.016,0.0
2026-05-25 17:25:45,20260525_172452_dk2022_150mw_300mwh_soc10_90_v5,1,2958,93.016,0.0
2026-05-25 17:25:45,20260525_172452_dk2022_150mw_300mwh_soc10_90_v5,1,2959,93.016,0.0
2026-05-25 17:25:45,20260525_172452_dk2022_150mw_300mwh_soc10_90_v5,1,2960,93.016,0.0
2026-05-25 17:25:45,20260525_172452_dk2022_150mw_300mwh_soc10_90_v5,1,2961,93.016,0.0
2026-05-25 17:25:45,20260525_172452_dk2022_150mw_300mwh_soc10_90_v5,1,2962,93.016,0.0
2026-05-25 17:25:45,20260525_172452_dk2022_150mw_300mwh_soc10_90_v5,1,2963,93.016,0.0
2026-05-25 17:25:45,20260525_172452_dk2022_150mw_300mwh_soc10_90_v5,1,2964,93.016,0.0
2026-05-25 17:25:45,20260525_172452_dk2022_150mw_300mwh_soc10_90_v5,1,2965,93.016,0.0
2026-05-25 17:25:45,20260525_172452_dk2022_150mw_300mwh_soc10_90_v5,1,2966,93.016,0.0
2026-05-25 17:25:45,20260525_172452_dk2022_150mw_300mwh_soc10_90_v5,1,2967,93.016,0.0
2026-05-25 17:25:45,20260525_172452_dk2022_150mw_300mwh_soc10_90_v5,1,2968,93.016,0.0
2026-05-25 17:25:45,20260525_172452_dk2022_150mw_300mwh_soc10_90_v5,1,2969,93.016,0.0
2026-05-25 17:25:45,20260525_172452_dk2022_150mw_300mwh_soc10_90_v5,1,2970,93.016,0.0
2026-05-25 17:25:45,20260525_172452_dk2022_150mw_300mwh_soc10_90_v5,1,2971,93.016,0.0
2026-05-25 17:25:45,20260525_172452_dk2022_150mw_300mwh_soc10_90_v5,1,2972,93.016,0.0
2026-05-25 17:25:45,20260525_172452_dk2022_150mw_300mwh_soc10_90_v5,1,2973,93.016,0.0
2026-05-25 17:25:45,20260525_172452_dk2022_150mw_300mwh_soc10_90_v5,1,2974,93.016,0.0
2026-05-25 17:25:45,20260525_172452_dk2022_150mw_300mwh_soc10_90_v5,1,2975,93.016,0.0
2026-05-25 17:25:45,20260525_172452_dk2022_150mw_300mwh_soc10_90_v5,1,2976,93.016,0.0
2026-05-25 17:25:45,20260525_172452_dk2022_150mw_300mwh_soc10_90_v5,1,2977,93.016,0.0
2026-05-25 17:25:45,20260525_172452_dk2022_150mw_300mwh_soc10_90_v5,1,2978,93.016,0.0
2026-05-25 17:25:45,20260525_172452_dk2022_150mw_300mwh_soc10_90_v5,1,2979,93.016,0.0
2026-05-25 17:25:45,20260525_172452_dk2022_150mw_300mwh_soc10_90_v5,1,2980,93.016,0.0
2026-05-25 17:25:45,20260525_172452_dk2022_150mw_300mwh_soc10_90_v5,1,2981,93.016,0.0
2026-05-25 17:25:45,20260525_172452_dk2022_150mw_300mwh_soc10_90_v5,1,2982,93.016,0.0
2026-05-25 17:25:45,20260525_172452_dk2022_150mw_300mwh_soc10_90_v5,1,2983,93.016,0.0
2026-05-25 17:25:45,20260525_172452_dk2022_150mw_300mwh_soc10_90_v5,1,2984,93.016,0.0
2026-05-25 17:25:45,20260525_172452_dk2022_150mw_300mwh_soc10_90_v5,1,2985,93.016,0.0
2026-05-25 17:25:45,20260525_172452_dk2022_150mw_300mwh_soc10_90_v5,1,2986,93.016,0.0
2026-05-25 17:25:45,20260525_172452_dk2022_150mw_300mwh_soc10_90_v5,1,2987,93.016,0.0
2026-05-25 17:25:45,20260525_172452_dk2022_150mw_300mwh_soc10_90_v5,1,2988,93.016,0.0
2026-05-25 17:25:45,20260525_172452_dk2022_150mw_300mwh_soc10_90_v5,1,2989,93.016,0.0
2026-05-25 17:25:45,20260525_172452_dk2022_150mw_300mwh_soc10_90_v5,1,2990,93.016,0.0
2026-05-25 17:25:45,20260525_172452_dk2022_150mw_300mwh_soc10_90_v5,1,2991,93.016,0.0
2026-05-25 17:25:45,20260525_172452_dk2022_150mw_300mwh_soc10_90_v5,1,2992,93.016,0.0
2026-05-25 17:25:45,20260525_172452_dk2022_150mw_300mwh_soc10_90_v5,1,2993,93.016,0.0
2026-05-25 17:25:45,20260525_172452_dk2022_150mw_300mwh_soc10_90_v5,1,2994,93.016,0.0
2026-05-25 17:25:45,20260525_172452_dk2022_150mw_300mwh_soc10_90_v5,1,2995,93.016,0.0
2026-05-25 17:25:45,20260525_172452_dk2022_150mw_300mwh_soc10_90_v5,1,2996,93.016,0.0
2026-05-25 17:25:45,20260525_172452_dk2022_150mw_300mwh_soc10_90_v5,1,2997,93.016,0.0
2026-05-25 17:25:45,20260525_172452_dk2022_150mw_300mwh_soc10_90_v5,1,2998,93.016,0.0
2026-05-25 17:25:45,20260525_172452_dk2022_150mw_300mwh_soc10_90_v5,1,2999,93.016,3.70309301
2026-05-25 17:25:45,20260525_172452_dk2022_150mw_300mwh_soc10_90_v5,1,3000,93.016,0.0
2026-05-25 17:25:45,20260525_172452_dk2022_150mw_300mwh_soc10_90_v5,1,3001,93.016,0.0
2026-05-25 17:25:45,20260525_172452_dk2022_150mw_300mwh_soc10_90_v5,1,3002,93.016,0.0
2026-05-25 17:25:45,20260525_172452_dk2022_150mw_300mwh_soc10_90_v5,1,3003,93.016,0.0
2026-05-25 17:25:45,20260525_172452_dk2022_150mw_300mwh_soc10_90_v5,1,3004,93.016,0.0
2026-05-25 17:25:45,20260525_172452_dk2022_150mw_300mwh_soc10_90_v5,1,3005,93.016,0.0
2026-05-25 17:25:45,20260525_172452_dk2022_150mw_300mwh_soc10_90_v5,1,3006,93.016,0.0
2026-05-25 17:25:45,20260525_172452_dk2022_150mw_300mwh_soc10_90_v5,1,3007,93.016,0.0
2026-05-25 17:25:45,20260525_172452_dk2022_150mw_300mwh_soc10_90_v5,1,3008,93.016,0.0
2026-05-25 17:25:45,20260525_172452_dk2022_150mw_300mwh_soc10_90_v5,1,3009,93.016,0.0
2026-05-25 17:25:45,20260525_172452_dk2022_150mw_300mwh_soc10_90_v5,1,3010,93.016,0.0
2026-05-25 17:25:45,20260525_172452_dk2022_150mw_300mwh_soc10_90_v5,1,3011,93.016,0.0
2026-05-25 17:25:45,20260525_172452_dk2022_150mw_300mwh_soc10_90_v5,1,3012,93.016,0.0
2026-05-25 17:25:45,20260525_172452_dk2022_150mw_300mwh_soc10_90_v5,1,3013,93.016,0.0
2026-05-25 17:25:45,20260525_172452_dk2022_150mw_300mwh_soc10_90_v5,1,3014,93.016,0.0
2026-05-25 17:25:45,20260525_172452_dk2022_150mw_300mwh_soc10_90_v5,1,3015,93.016,0.0
2026-05-25 17:25:45,20260525_172452_dk2022_150mw_300mwh_soc10_90_v5,1,3016,93.016,0.0
2026-05-25 17:25:45,20260525_172452_dk2022_150mw_300mwh_soc10_90_v5,1,3017,93.016,0.0
2026-05-25 17:25:45,20260525_172452_dk2022_150mw_300mwh_soc10_90_v5,1,3018,93.016,0.0
2026-05-25 17:25:45,20260525_172452_dk2022_150mw_300mwh_soc10_90_v5,1,3019,93.016,0.0
2026-05-25 17:25:45,20260525_172452_dk2022_150mw_300mwh_soc10_90_v5,1,3020,93.016,0.0
2026-05-25 17:25:45,20260525_172452_dk2022_150mw_300mwh_soc10_90_v5,1,3021,93.016,0.0
2026-05-25 17:25:45,20260525_172452_dk2022_150mw_300mwh_soc10_90_v5,1,3022,93.016,0.0
2026-05-25 17:25:45,20260525_172452_dk2022_150mw_300mwh_soc10_90_v5,1,3023,93.016,0.0
2026-05-25 17:25:45,20260525_172452_dk2022_150mw_300mwh_soc10_90_v5,1,3024,93.016,0.0
2026-05-25 17:25:45,20260525_172452_dk2022_150mw_300mwh_soc10_90_v5,1,3025,93.016,0.0
2026-05-25 17:25:45,20260525_172452_dk2022_150mw_300mwh_soc10_90_v5,1,3026,93.016,0.0
2026-05-25 17:25:45,20260525_172452_dk2022_150mw_300mwh_soc10_90_v5,1,3027,93.016,0.0
2026-05-25 17:25:45,20260525_172452_dk2022_150mw_300mwh_soc10_90_v5,1,3028,93.016,0.0
2026-05-25 17:25:45,20260525_172452_dk2022_150mw_300mwh_soc10_90_v5,1,3029,93.016,0.0
2026-05-25 17:25:45,20260525_172452_dk2022_150mw_300mwh_soc10_90_v5,1,3030,93.016,0.0
2026-05-25 17:25:45,20260525_172452_dk2022_150mw_300mwh_soc10_90_v5,1,3031,93.016,0.0
2026-05-25 17:25:45,20260525_172452_dk2022_150mw_300mwh_soc10_90_v5,1,3032,93.016,0.0
2026-05-25 17:25:45,20260525_172452_dk2022_150mw_300mwh_soc10_90_v5,1,3033,93.016,0.0
2026-05-25 17:25:45,20260525_172452_dk2022_150mw_300mwh_soc10_90_v5,1,3034,93.016,0.0
2026-05-25 17:25:45,20260525_172452_dk2022_150mw_300mwh_soc10_90_v5,1,3035,93.016,-3.24911932
2026-05-25 17:25:45,20260525_172452_dk2022_150mw_300mwh_soc10_90_v5,1,3036,93.016,-3.24911932
2026-05-25 17:25:45,20260525_172452_dk2022_150mw_300mwh_soc10_90_v5,1,3037,93.016,0.0
2026-05-25 17:25:45,20260525_172452_dk2022_150mw_300mwh_soc10_90_v5,1,3038,93.016,0.0
2026-05-25 17:25:45,20260525_172452_dk2022_150mw_300mwh_soc10_90_v5,1,3039,93.016,0.0
2026-05-25 17:25:45,20260525_172452_dk2022_150mw_300mwh_soc10_90_v5,1,3040,93.016,0.0
2026-05-25 17:25:45,20260525_172452_dk2022_150mw_300mwh_soc10_90_v5,1,3041,93.016,0.0
2026-05-25 17:25:45,20260525_172452_dk2022_150mw_300mwh_soc10_90_v5,1,3042,93.016,0.0
2026-05-25 17:25:45,20260525_172452_dk2022_150mw_300mwh_soc10_90_v5,1,3043,93.016,0.0
2026-05-25 17:25:45,20260525_172452_dk2022_150mw_300mwh_soc10_90_v5,1,3044,93.016,0.0
2026-05-25 17:25:45,20260525_172452_dk2022_150mw_300mwh_soc10_90_v5,1,3045,93.016,0.0
2026-05-25 17:25:45,20260525_172452_dk2022_150mw_300mwh_soc10_90_v5,1,3046,93.016,0.0
2026-05-25 17:25:45,20260525_172452_dk2022_150mw_300mwh_soc10_90_v5,1,3047,93.016,0.0
2026-05-25 17:25:45,20260525_172452_dk2022_150mw_300mwh_soc10_90_v5,1,3048,93.016,0.0
2026-05-25 17:25:45,20260525_172452_dk2022_150mw_300mwh_soc10_90_v5,1,3049,93.016,0.0
2026-05-25 17:25:45,20260525_172452_dk2022_150mw_300mwh_soc10_90_v5,1,3050,93.016,0.0
2026-05-25 17:25:45,20260525_172452_dk2022_150mw_300mwh_soc10_90_v5,1,3051,93.016,0.0
2026-05-25 17:25:45,20260525_172452_dk2022_150mw_300mwh_soc10_90_v5,1,3052,93.016,0.0
2026-05-25 17:25:45,20260525_172452_dk2022_150mw_300mwh_soc10_90_v5,1,3053,93.016,0.0
2026-05-25 17:25:45,20260525_172452_dk2022_150mw_300mwh_soc10_90_v5,1,3054,93.016,0.0
2026-05-25 17:25:45,20260525_172452_dk2022_150mw_300mwh_soc10_90_v5,1,3055,93.016,0.0
2026-05-25 17:25:45,20260525_172452_dk2022_150mw_300mwh_soc10_90_v5,1,3056,93.016,0.0
2026-05-25 17:25:45,20260525_172452_dk2022_150mw_300mwh_soc10_90_v5,1,3057,93.016,0.0
2026-05-25 17:25:45,20260525_172452_dk2022_150mw_300mwh_soc10_90_v5,1,3058,93.016,0.0
2026-05-25 17:25:45,20260525_172452_dk2022_150mw_300mwh_soc10_90_v5,1,3059,93.016,0.0
2026-05-25 17:25:45,20260525_172452_dk2022_150mw_300mwh_soc10_90_v5,1,3060,93.016,0.0
2026-05-25 17:25:45,20260525_172452_dk2022_150mw_300mwh_soc10_90_v5,1,3061,93.016,0.0
2026-05-25 17:25:45,20260525_172452_dk2022_150mw_300mwh_soc10_90_v5,1,3062,93.016,0.0
2026-05-25 17:25:45,20260525_172452_dk2022_150mw_300mwh_soc10_90_v5,1,3063,93.016,0.0
2026-05-25 17:25:45,20260525_172452_dk2022_150mw_300mwh_soc10_90_v5,1,3064,93.016,0.0
2026-05-25 17:25:45,20260525_172452_dk2022_150mw_300mwh_soc10_90_v5,1,3065,93.016,0.0
2026-05-25 17:25:45,20260525_172452_dk2022_150mw_300mwh_soc10_90_v5,1,3066,93.016,0.0
2026-05-25 17:25:45,20260525_172452_dk2022_150mw_300mwh_soc10_90_v5,1,3067,93.016,0.0
2026-05-25 17:25:45,20260525_172452_dk2022_150mw_300mwh_soc10_90_v5,1,3068,93.016,0.0
2026-05-25 17:25:45,20260525_172452_dk2022_150mw_300mwh_soc10_90_v5,1,3069,93.016,0.0
2026-05-25 17:25:45,20260525_172452_dk2022_150mw_300mwh_soc10_90_v5,1,3070,93.016,0.0
2026-05-25 17:25:45,20260525_172452_dk2022_150mw_300mwh_soc10_90_v5,1,3071,93.016,0.0
2026-05-25 17:25:45,20260525_172452_dk2022_150mw_300mwh_soc10_90_v5,1,3072,93.016,0.0
2026-05-25 17:25:45,20260525_172452_dk2022_150mw_300mwh_soc10_90_v5,1,3073,93.016,0.0
2026-05-25 17:25:45,20260525_172452_dk2022_150mw_300mwh_soc10_90_v5,1,3074,93.016,0.0
2026-05-25 17:25:45,20260525_172452_dk2022_150mw_300mwh_soc10_90_v5,1,3075,93.016,0.0
2026-05-25 17:25:45,20260525_172452_dk2022_150mw_300mwh_soc10_90_v5,1,3076,93.016,0.0
2026-05-25 17:25:45,20260525_172452_dk2022_150mw_300mwh_soc10_90_v5,1,3077,93.016,0.0
2026-05-25 17:25:45,20260525_172452_dk2022_150mw_300mwh_soc10_90_v5,1,3078,93.016,0.0
2026-05-25 17:25:45,20260525_172452_dk2022_150mw_300mwh_soc10_90_v5,1,3079,93.016,0.0
2026-05-25 17:25:45,20260525_172452_dk2022_150mw_300mwh_soc10_90_v5,1,3080,93.016,0.0
2026-05-25 17:25:45,20260525_172452_dk2022_150mw_300mwh_soc10_90_v5,1,3081,93.016,0.0
2026-05-25 17:25:45,20260525_172452_dk2022_150mw_300mwh_soc10_90_v5,1,3082,93.016,0.0
2026-05-25 17:25:45,20260525_172452_dk2022_150mw_300mwh_soc10_90_v5,1,3083,93.016,0.0
2026-05-25 17:25:45,20260525_172452_dk2022_150mw_300mwh_soc10_90_v5,1,3084,93.016,0.0
2026-05-25 17:25:45,20260525_172452_dk2022_150mw_300mwh_soc10_90_v5,1,3085,93.016,0.0
2026-05-25 17:25:45,20260525_172452_dk2022_150mw_300mwh_soc10_90_v5,1,3086,93.016,0.0
2026-05-25 17:25:45,20260525_172452_dk2022_150mw_300mwh_soc10_90_v5,1,3087,93.016,0.0
2026-05-25 17:25:45,20260525_172452_dk2022_150mw_300mwh_soc10_90_v5,1,3088,93.016,0.0
2026-05-25 17:25:45,20260525_172452_dk2022_150mw_300mwh_soc10_90_v5,1,3089,93.016,0.0
2026-05-25 17:25:45,20260525_172452_dk2022_150mw_300mwh_soc10_90_v5,1,3090,93.016,0.0
2026-05-25 17:25:45,20260525_172452_dk2022_150mw_300mwh_soc10_90_v5,1,3091,93.016,0.0
2026-05-25 17:25:45,20260525_172452_dk2022_150mw_300mwh_soc10_90_v5,1,3092,93.016,0.0
2026-05-25 17:25:45,20260525_172452_dk2022_150mw_300mwh_soc10_90_v5,1,3093,93.016,0.0
2026-05-25 17:25:45,20260525_172452_dk2022_150mw_300mwh_soc10_90_v5,1,3094,93.016,0.0
2026-05-25 17:25:45,20260525_172452_dk2022_150mw_300mwh_soc10_90_v5,1,3095,93.016,0.0
2026-05-25 17:25:45,20260525_172452_dk2022_150mw_300mwh_soc10_90_v5,1,3096,93.016,0.0
2026-05-25 17:25:45,20260525_172452_dk2022_150mw_300mwh_soc10_90_v5,1,3097,93.016,0.0
2026-05-25 17:25:45,20260525_172452_dk2022_150mw_300mwh_soc10_90_v5,1,3098,93.016,0.0
2026-05-25 17:25:45,20260525_172452_dk2022_150mw_300mwh_soc10_90_v5,1,3099,93.016,0.0
2026-05-25 17:25:45,20260525_172452_dk2022_150mw_300mwh_soc10_90_v5,1,3100,93.016,0.0
2026-05-25 17:25:45,20260525_172452_dk2022_150mw_300mwh_soc10_90_v5,1,3101,93.016,0.0
2026-05-25 17:25:45,20260525_172452_dk2022_150mw_300mwh_soc10_90_v5,1,3102,93.016,0.0
2026-05-25 17:25:45,20260525_172452_dk2022_150mw_300mwh_soc10_90_v5,1,3103,93.016,0.0
2026-05-25 17:25:45,20260525_172452_dk2022_150mw_300mwh_soc10_90_v5,1,3104,93.016,0.0
2026-05-25 17:25:45,20260525_172452_dk2022_150mw_300mwh_soc10_90_v5,1,3105,93.016,0.0
2026-05-25 17:25:45,20260525_172452_dk2022_150mw_300mwh_soc10_90_v5,1,3106,93.016,0.0
2026-05-25 17:25:45,20260525_172452_dk2022_150mw_300mwh_soc10_90_v5,1,3107,93.016,0.0
2026-05-25 17:25:45,20260525_172452_dk2022_150mw_300mwh_soc10_90_v5,1,3108,93.016,0.0
2026-05-25 17:25:45,20260525_172452_dk2022_150mw_300mwh_soc10_90_v5,1,3109,93.016,0.0
2026-05-25 17:25:45,20260525_172452_dk2022_150mw_300mwh_soc10_90_v5,1,3110,93.016,0.0
2026-05-25 17:25:45,20260525_172452_dk2022_150mw_300mwh_soc10_90_v5,1,3111,93.016,0.0
2026-05-25 17:25:45,20260525_172452_dk2022_150mw_300mwh_soc10_90_v5,1,3112,93.016,0.0
2026-05-25 17:25:45,20260525_172452_dk2022_150mw_300mwh_soc10_90_v5,1,3113,93.016,0.0
2026-05-25 17:25:45,20260525_172452_dk2022_150mw_300mwh_soc10_90_v5,1,3114,93.016,0.0
2026-05-25 17:25:45,20260525_172452_dk2022_150mw_300mwh_soc10_90_v5,1,3115,93.016,0.0
2026-05-25 17:25:45,20260525_172452_dk2022_150mw_300mwh_soc10_90_v5,1,3116,93.016,0.0
2026-05-25 17:25:45,20260525_172452_dk2022_150mw_300mwh_soc10_90_v5,1,3117,93.016,0.0
2026-05-25 17:25:45,20260525_172452_dk2022_150mw_300mwh_soc10_90_v5,1,3118,93.016,0.0
2026-05-25 17:25:45,20260525_172452_dk2022_150mw_300mwh_soc10_90_v5,1,3119,93.016,0.0
2026-05-25 17:25:45,20260525_172452_dk2022_150mw_300mwh_soc10_90_v5,1,3120,93.016,0.0
2026-05-25 17:25:45,20260525_172452_dk2022_150mw_300mwh_soc10_90_v5,1,3121,93.016,0.0
2026-05-25 17:25:45,20260525_172452_dk2022_150mw_300mwh_soc10_90_v5,1,3122,93.016,0.0
2026-05-25 17:25:45,20260525_172452_dk2022_150mw_300mwh_soc10_90_v5,1,3123,93.016,0.0
2026-05-25 17:25:45,20260525_172452_dk2022_150mw_300mwh_soc10_90_v5,1,3124,93.016,0.0
2026-05-25 17:25:45,20260525_172452_dk2022_150mw_300mwh_soc10_90_v5,1,3125,93.016,0.0
2026-05-25 17:25:45,20260525_172452_dk2022_150mw_300mwh_soc10_90_v5,1,3126,93.016,0.0
2026-05-25 17:25:45,20260525_172452_dk2022_150mw_300mwh_soc10_90_v5,1,3127,93.016,0.0
2026-05-25 17:25:45,20260525_172452_dk2022_150mw_300mwh_soc10_90_v5,1,3128,93.016,0.0
2026-05-25 17:25:45,20260525_172452_dk2022_150mw_300mwh_soc10_90_v5,1,3129,93.016,0.0
2026-05-25 17:25:45,20260525_172452_dk2022_150mw_300mwh_soc10_90_v5,1,3130,93.016,0.0
2026-05-25 17:25:45,20260525_172452_dk2022_150mw_300mwh_soc10_90_v5,1,3131,93.016,0.0
2026-05-25 17:25:45,20260525_172452_dk2022_150mw_300mwh_soc10_90_v5,1,3132,93.016,0.0
2026-05-25 17:25:45,20260525_172452_dk2022_150mw_300mwh_soc10_90_v5,1,3133,93.016,0.0
2026-05-25 17:25:45,20260525_172452_dk2022_150mw_300mwh_soc10_90_v5,1,3134,93.016,0.0
2026-05-25 17:25:45,20260525_172452_dk2022_150mw_300mwh_soc10_90_v5,1,3135,93.016,0.0
2026-05-25 17:25:45,20260525_172452_dk2022_150mw_300mwh_soc10_90_v5,1,3136,93.016,0.0
2026-05-25 17:25:45,20260525_172452_dk2022_150mw_300mwh_soc10_90_v5,1,3137,93.016,0.0
2026-05-25 17:25:45,20260525_172452_dk2022_150mw_300mwh_soc10_90_v5,1,3138,93.016,0.0
2026-05-25 17:25:45,20260525_172452_dk2022_150mw_300mwh_soc10_90_v5,1,3139,93.016,0.0
2026-05-25 17:25:45,20260525_172452_dk2022_150mw_300mwh_soc10_90_v5,1,3140,93.016,0.0
2026-05-25 17:25:45,20260525_172452_dk2022_150mw_300mwh_soc10_90_v5,1,3141,93.016,0.0
2026-05-25 17:25:45,20260525_172452_dk2022_150mw_300mwh_soc10_90_v5,1,3142,93.016,0.0
2026-05-25 17:25:45,20260525_172452_dk2022_150mw_300mwh_soc10_90_v5,1,3143,93.016,0.0
2026-05-25 17:25:45,20260525_172452_dk2022_150mw_300mwh_soc10_90_v5,1,3144,93.016,0.0
2026-05-25 17:25:45,20260525_172452_dk2022_150mw_300mwh_soc10_90_v5,1,3145,93.016,0.0
2026-05-25 17:25:45,20260525_172452_dk2022_150mw_300mwh_soc10_90_v5,1,3146,93.016,0.0
2026-05-25 17:25:45,20260525_172452_dk2022_150mw_300mwh_soc10_90_v5,1,3147,93.016,0.0
2026-05-25 17:25:45,20260525_172452_dk2022_150mw_300mwh_soc10_90_v5,1,3148,93.016,0.0
2026-05-25 17:25:45,20260525_172452_dk2022_150mw_300mwh_soc10_90_v5,1,3149,93.016,0.0
2026-05-25 17:25:45,20260525_172452_dk2022_150mw_300mwh_soc10_90_v5,1,3150,93.016,0.0
2026-05-25 17:25:45,20260525_172452_dk2022_150mw_300mwh_soc10_90_v5,1,3151,93.016,0.0
2026-05-25 17:25:45,20260525_172452_dk2022_150mw_300mwh_soc10_90_v5,1,3152,93.016,0.0
2026-05-25 17:25:45,20260525_172452_dk2022_150mw_300mwh_soc10_90_v5,1,3153,93.016,0.0
2026-05-25 17:25:45,20260525_172452_dk2022_150mw_300mwh_soc10_90_v5,1,3154,93.016,0.0
2026-05-25 17:25:45,20260525_172452_dk2022_150mw_300mwh_soc10_90_v5,1,3155,93.016,0.0
2026-05-25 17:25:45,20260525_172452_dk2022_150mw_300mwh_soc10_90_v5,1,3156,93.016,0.0
2026-05-25 17:25:45,20260525_172452_dk2022_150mw_300mwh_soc10_90_v5,1,3157,93.016,0.0
2026-05-25 17:25:45,20260525_172452_dk2022_150mw_300mwh_soc10_90_v5,1,3158,93.016,0.0
2026-05-25 17:25:45,20260525_172452_dk2022_150mw_300mwh_soc10_90_v5,1,3159,93.016,0.0
2026-05-25 17:25:45,20260525_172452_dk2022_150mw_300mwh_soc10_90_v5,1,3160,93.016,0.0
2026-05-25 17:25:45,20260525_172452_dk2022_150mw_300mwh_soc10_90_v5,1,3161,93.016,0.0
2026-05-25 17:25:45,20260525_172452_dk2022_150mw_300mwh_soc10_90_v5,1,3162,93.016,0.0
2026-05-25 17:25:45,20260525_172452_dk2022_150mw_300mwh_soc10_90_v5,1,3163,93.016,0.0
2026-05-25 17:25:45,20260525_172452_dk2022_150mw_300mwh_soc10_90_v5,1,3164,93.016,0.0
2026-05-25 17:25:45,20260525_172452_dk2022_150mw_300mwh_soc10_90_v5,1,3165,93.016,0.0
2026-05-25 17:25:45,20260525_172452_dk2022_150mw_300mwh_soc10_90_v5,1,3166,93.016,0.0
2026-05-25 17:25:45,20260525_172452_dk2022_150mw_300mwh_soc10_90_v5,1,3167,93.016,0.0
2026-05-25 17:25:45,20260525_172452_dk2022_150mw_300mwh_soc10_90_v5,1,3168,93.016,0.0
2026-05-25 17:25:45,20260525_172452_dk2022_150mw_300mwh_soc10_90_v5,1,3169,93.016,0.0
2026-05-25 17:25:45,20260525_172452_dk2022_150mw_300mwh_soc10_90_v5,1,3170,93.016,0.0
2026-05-25 17:25:45,20260525_172452_dk2022_150mw_300mwh_soc10_90_v5,1,3171,93.016,0.0
2026-05-25 17:25:45,20260525_172452_dk2022_150mw_300mwh_soc10_90_v5,1,3172,93.016,0.0
2026-05-25 17:25:45,20260525_172452_dk2022_150mw_300mwh_soc10_90_v5,1,3173,93.016,0.0
2026-05-25 17:25:45,20260525_172452_dk2022_150mw_300mwh_soc10_90_v5,1,3174,93.016,0.0
2026-05-25 17:25:45,20260525_172452_dk2022_150mw_300mwh_soc10_90_v5,1,3175,93.016,0.0
2026-05-25 17:25:45,20260525_172452_dk2022_150mw_300mwh_soc10_90_v5,1,3176,93.016,0.0
2026-05-25 17:25:45,20260525_172452_dk2022_150mw_300mwh_soc10_90_v5,1,3177,93.016,0.0
2026-05-25 17:25:45,20260525_172452_dk2022_150mw_300mwh_soc10_90_v5,1,3178,93.016,0.0
2026-05-25 17:25:45,20260525_172452_dk2022_150mw_300mwh_soc10_90_v5,1,3179,93.016,0.0
2026-05-25 17:25:45,20260525_172452_dk2022_150mw_300mwh_soc10_90_v5,1,3180,93.016,0.0
2026-05-25 17:25:45,20260525_172452_dk2022_150mw_300mwh_soc10_90_v5,1,3181,93.016,0.0
2026-05-25 17:25:45,20260525_172452_dk2022_150mw_300mwh_soc10_90_v5,1,3182,93.016,0.0
2026-05-25 17:25:45,20260525_172452_dk2022_150mw_300mwh_soc10_90_v5,1,3183,93.016,0.0
2026-05-25 17:25:45,20260525_172452_dk2022_150mw_300mwh_soc10_90_v5,1,3184,93.016,0.0
2026-05-25 17:25:45,20260525_172452_dk2022_150mw_300mwh_soc10_90_v5,1,3185,93.016,0.0
2026-05-25 17:25:45,20260525_172452_dk2022_150mw_300mwh_soc10_90_v5,1,3186,93.016,0.0
2026-05-25 17:25:45,20260525_172452_dk2022_150mw_300mwh_soc10_90_v5,1,3187,93.016,0.0
2026-05-25 17:25:45,20260525_172452_dk2022_150mw_300mwh_soc10_90_v5,1,3188,93.016,0.0
2026-05-25 17:25:45,20260525_172452_dk2022_150mw_300mwh_soc10_90_v5,1,3189,93.016,0.0
2026-05-25 17:25:45,20260525_172452_dk2022_150mw_300mwh_soc10_90_v5,1,3190,93.016,0.0
2026-05-25 17:25:45,20260525_172452_dk2022_150mw_300mwh_soc10_90_v5,1,3191,93.016,0.0
2026-05-25 17:25:45,20260525_172452_dk2022_150mw_300mwh_soc10_90_v5,1,3192,93.016,0.0
2026-05-25 17:25:45,20260525_172452_dk2022_150mw_300mwh_soc10_90_v5,1,3193,93.016,0.0
2026-05-25 17:25:45,20260525_172452_dk2022_150mw_300mwh_soc10_90_v5,1,3194,93.016,0.0
2026-05-25 17:25:45,20260525_172452_dk2022_150mw_300mwh_soc10_90_v5,1,3195,93.016,0.0
2026-05-25 17:25:45,20260525_172452_dk2022_150mw_300mwh_soc10_90_v5,1,3196,93.016,0.0
2026-05-25 17:25:45,20260525_172452_dk2022_150mw_300mwh_soc10_90_v5,1,3197,93.016,0.0
2026-05-25 17:25:45,20260525_172452_dk2022_150mw_300mwh_soc10_90_v5,1,3198,93.016,0.0
2026-05-25 17:25:45,20260525_172452_dk2022_150mw_300mwh_soc10_90_v5,1,3199,93.016,0.0
2026-05-25 17:25:45,20260525_172452_dk2022_150mw_300mwh_soc10_90_v5,1,3200,93.016,0.0
2026-05-25 17:25:45,20260525_172452_dk2022_150mw_300mwh_soc10_90_v5,1,3201,93.016,0.0
2026-05-25 17:25:45,20260525_172452_dk2022_150mw_300mwh_soc10_90_v5,1,3202,93.016,0.0
2026-05-25 17:25:45,20260525_172452_dk2022_150mw_300mwh_soc10_90_v5,1,3203,93.016,0.0
2026-05-25 17:25:45,20260525_172452_dk2022_150mw_300mwh_soc10_90_v5,1,3204,93.016,0.0
2026-05-25 17:25:45,20260525_172452_dk2022_150mw_300mwh_soc10_90_v5,1,3205,93.016,0.0
2026-05-25 17:25:45,20260525_172452_dk2022_150mw_300mwh_soc10_90_v5,1,3206,93.016,0.0
2026-05-25 17:25:45,20260525_172452_dk2022_150mw_300mwh_soc10_90_v5,1,3207,93.016,0.0
2026-05-25 17:25:45,20260525_172452_dk2022_150mw_300mwh_soc10_90_v5,1,3208,93.016,0.0
2026-05-25 17:25:45,20260525_172452_dk2022_150mw_300mwh_soc10_90_v5,1,3209,93.016,0.0
2026-05-25 17:25:45,20260525_172452_dk2022_150mw_300mwh_soc10_90_v5,1,3210,93.016,0.0
2026-05-25 17:25:45,20260525_172452_dk2022_150mw_300mwh_soc10_90_v5,1,3211,93.016,0.0
2026-05-25 17:25:45,20260525_172452_dk2022_150mw_300mwh_soc10_90_v5,1,3212,93.016,0.0
2026-05-25 17:25:45,20260525_172452_dk2022_150mw_300mwh_soc10_90_v5,1,3213,93.016,0.0
2026-05-25 17:25:45,20260525_172452_dk2022_150mw_300mwh_soc10_90_v5,1,3214,93.016,0.0
2026-05-25 17:25:45,20260525_172452_dk2022_150mw_300mwh_soc10_90_v5,1,3215,93.016,0.0
2026-05-25 17:25:45,20260525_172452_dk2022_150mw_300mwh_soc10_90_v5,1,3216,93.016,0.0
2026-05-25 17:25:45,20260525_172452_dk2022_150mw_300mwh_soc10_90_v5,1,3217,93.016,0.0
2026-05-25 17:25:45,20260525_172452_dk2022_150mw_300mwh_soc10_90_v5,1,3218,93.016,0.0
2026-05-25 17:25:45,20260525_172452_dk2022_150mw_300mwh_soc10_90_v5,1,3219,93.016,0.0
2026-05-25 17:25:45,20260525_172452_dk2022_150mw_300mwh_soc10_90_v5,1,3220,93.016,0.0
2026-05-25 17:25:45,20260525_172452_dk2022_150mw_300mwh_soc10_90_v5,1,3221,93.016,0.0
2026-05-25 17:25:45,20260525_172452_dk2022_150mw_300mwh_soc10_90_v5,1,3222,93.016,0.0
2026-05-25 17:25:45,20260525_172452_dk2022_150mw_300mwh_soc10_90_v5,1,3223,93.016,0.0
2026-05-25 17:25:45,20260525_172452_dk2022_150mw_300mwh_soc10_90_v5,1,3224,93.016,0.0
2026-05-25 17:25:45,20260525_172452_dk2022_150mw_300mwh_soc10_90_v5,1,3225,93.016,0.0
2026-05-25 17:25:45,20260525_172452_dk2022_150mw_300mwh_soc10_90_v5,1,3226,93.016,0.0
2026-05-25 17:25:45,20260525_172452_dk2022_150mw_300mwh_soc10_90_v5,1,3227,93.016,0.0
2026-05-25 17:25:45,20260525_172452_dk2022_150mw_300mwh_soc10_90_v5,1,3228,93.016,0.0
2026-05-25 17:25:45,20260525_172452_dk2022_150mw_300mwh_soc10_90_v5,1,3229,93.016,0.0
2026-05-25 17:25:45,20260525_172452_dk2022_150mw_300mwh_soc10_90_v5,1,3230,93.016,0.0
2026-05-25 17:25:45,20260525_172452_dk2022_150mw_300mwh_soc10_90_v5,1,3231,93.016,0.0
2026-05-25 17:25:45,20260525_172452_dk2022_150mw_300mwh_soc10_90_v5,1,3232,93.016,0.0
2026-05-25 17:25:45,20260525_172452_dk2022_150mw_300mwh_soc10_90_v5,1,3233,93.016,0.0
2026-05-25 17:25:45,20260525_172452_dk2022_150mw_300mwh_soc10_90_v5,1,3234,93.016,0.0
2026-05-25 17:25:45,20260525_172452_dk2022_150mw_300mwh_soc10_90_v5,1,3235,93.016,0.0
2026-05-25 17:25:45,20260525_172452_dk2022_150mw_300mwh_soc10_90_v5,1,3236,93.016,0.0
2026-05-25 17:25:45,20260525_172452_dk2022_150mw_300mwh_soc10_90_v5,1,3237,93.016,0.0
2026-05-25 17:25:45,20260525_172452_dk2022_150mw_300mwh_soc10_90_v5,1,3238,93.016,0.0
2026-05-25 17:25:45,20260525_172452_dk2022_150mw_300mwh_soc10_90_v5,1,3239,93.016,0.0
2026-05-25 17:25:45,20260525_172452_dk2022_150mw_300mwh_soc10_90_v5,1,3240,93.016,0.0
2026-05-25 17:25:45,20260525_172452_dk2022_150mw_300mwh_soc10_90_v5,1,3241,93.016,0.0
2026-05-25 17:25:45,20260525_172452_dk2022_150mw_300mwh_soc10_90_v5,1,3242,93.016,0.0
2026-05-25 17:25:45,20260525_172452_dk2022_150mw_300mwh_soc10_90_v5,1,3243,93.016,0.0
2026-05-25 17:25:45,20260525_172452_dk2022_150mw_300mwh_soc10_90_v5,1,3244,93.016,0.0
2026-05-25 17:25:45,20260525_172452_dk2022_150mw_300mwh_soc10_90_v5,1,3245,93.016,0.0
2026-05-25 17:25:45,20260525_172452_dk2022_150mw_300mwh_soc10_90_v5,1,3246,93.016,0.0
2026-05-25 17:25:45,20260525_172452_dk2022_150mw_300mwh_soc10_90_v5,1,3247,93.016,0.0
2026-05-25 17:25:45,20260525_172452_dk2022_150mw_300mwh_soc10_90_v5,1,3248,93.016,0.0
2026-05-25 17:25:45,20260525_172452_dk2022_150mw_300mwh_soc10_90_v5,1,3249,93.016,0.0
2026-05-25 17:25:45,20260525_172452_dk2022_150mw_300mwh_soc10_90_v5,1,3250,93.016,0.0
2026-05-25 17:25:45,20260525_172452_dk2022_150mw_300mwh_soc10_90_v5,1,3251,93.016,0.0
2026-05-25 17:25:45,20260525_172452_dk2022_150mw_300mwh_soc10_90_v5,1,3252,93.016,0.0
2026-05-25 17:25:45,20260525_172452_dk2022_150mw_300mwh_soc10_90_v5,1,3253,93.016,0.0
2026-05-25 17:25:45,20260525_172452_dk2022_150mw_300mwh_soc10_90_v5,1,3254,93.016,0.0
2026-05-25 17:25:45,20260525_172452_dk2022_150mw_300mwh_soc10_90_v5,1,3255,93.016,0.0
2026-05-25 17:25:45,20260525_172452_dk2022_150mw_300mwh_soc10_90_v5,1,3256,93.016,0.0
2026-05-25 17:25:45,20260525_172452_dk2022_150mw_300mwh_soc10_90_v5,1,3257,93.016,0.0
2026-05-25 17:25:45,20260525_172452_dk2022_150mw_300mwh_soc10_90_v5,1,3258,93.016,0.0
2026-05-25 17:25:45,20260525_172452_dk2022_150mw_300mwh_soc10_90_v5,1,3259,93.016,0.0
2026-05-25 17:25:45,20260525_172452_dk2022_150mw_300mwh_soc10_90_v5,1,3260,93.016,0.0
2026-05-25 17:25:45,20260525_172452_dk2022_150mw_300mwh_soc10_90_v5,1,3261,93.016,0.0
2026-05-25 17:25:45,20260525_172452_dk2022_150mw_300mwh_soc10_90_v5,1,3262,93.016,0.0
2026-05-25 17:25:45,20260525_172452_dk2022_150mw_300mwh_soc10_90_v5,1,3263,93.016,0.0
2026-05-25 17:25:45,20260525_172452_dk2022_150mw_300mwh_soc10_90_v5,1,3264,93.016,0.0
2026-05-25 17:25:45,20260525_172452_dk2022_150mw_300mwh_soc10_90_v5,1,3265,93.016,0.0
2026-05-25 17:25:45,20260525_172452_dk2022_150mw_300mwh_soc10_90_v5,1,3266,93.016,0.0
2026-05-25 17:25:45,20260525_172452_dk2022_150mw_300mwh_soc10_90_v5,1,3267,93.016,0.0
2026-05-25 17:25:45,20260525_172452_dk2022_150mw_300mwh_soc10_90_v5,1,3268,93.016,0.0
2026-05-25 17:25:45,20260525_172452_dk2022_150mw_300mwh_soc10_90_v5,1,3269,93.016,0.0
2026-05-25 17:25:45,20260525_172452_dk2022_150mw_300mwh_soc10_90_v5,1,3270,93.016,0.0
2026-05-25 17:25:45,20260525_172452_dk2022_150mw_300mwh_soc10_90_v5,1,3271,93.016,0.0
2026-05-25 17:25:45,20260525_172452_dk2022_150mw_300mwh_soc10_90_v5,1,3272,93.016,0.0
2026-05-25 17:25:45,20260525_172452_dk2022_150mw_300mwh_soc10_90_v5,1,3273,93.016,0.0
2026-05-25 17:25:45,20260525_172452_dk2022_150mw_300mwh_soc10_90_v5,1,3274,93.016,0.0
2026-05-25 17:25:45,20260525_172452_dk2022_150mw_300mwh_soc10_90_v5,1,3275,93.016,0.0
2026-05-25 17:25:45,20260525_172452_dk2022_150mw_300mwh_soc10_90_v5,1,3276,93.016,0.0
2026-05-25 17:25:45,20260525_172452_dk2022_150mw_300mwh_soc10_90_v5,1,3277,93.016,0.0
2026-05-25 17:25:45,20260525_172452_dk2022_150mw_300mwh_soc10_90_v5,1,3278,93.016,0.0
2026-05-25 17:25:45,20260525_172452_dk2022_150mw_300mwh_soc10_90_v5,1,3279,93.016,0.0
2026-05-25 17:25:45,20260525_172452_dk2022_150mw_300mwh_soc10_90_v5,1,3280,93.016,0.0
2026-05-25 17:25:45,20260525_172452_dk2022_150mw_300mwh_soc10_90_v5,1,3281,93.016,0.0
2026-05-25 17:25:45,20260525_172452_dk2022_150mw_300mwh_soc10_90_v5,1,3282,93.016,0.0
2026-05-25 17:25:45,20260525_172452_dk2022_150mw_300mwh_soc10_90_v5,1,3283,93.016,0.0
2026-05-25 17:25:45,20260525_172452_dk2022_150mw_300mwh_soc10_90_v5,1,3284,93.016,0.0
2026-05-25 17:25:45,20260525_172452_dk2022_150mw_300mwh_soc10_90_v5,1,3285,93.016,0.0
2026-05-25 17:25:45,20260525_172452_dk2022_150mw_300mwh_soc10_90_v5,1,3286,93.016,0.0
2026-05-25 17:25:45,20260525_172452_dk2022_150mw_300mwh_soc10_90_v5,1,3287,93.016,0.0
2026-05-25 17:25:45,20260525_172452_dk2022_150mw_300mwh_soc10_90_v5,1,3288,93.016,0.0
2026-05-25 17:25:45,20260525_172452_dk2022_150mw_300mwh_soc10_90_v5,1,3289,93.016,0.0
2026-05-25 17:25:45,20260525_172452_dk2022_150mw_300mwh_soc10_90_v5,1,3290,93.016,0.0
2026-05-25 17:25:45,20260525_172452_dk2022_150mw_300mwh_soc10_90_v5,1,3291,93.016,0.0
2026-05-25 17:25:45,20260525_172452_dk2022_150mw_300mwh_soc10_90_v5,1,3292,93.016,0.0
2026-05-25 17:25:45,20260525_172452_dk2022_150mw_300mwh_soc10_90_v5,1,3293,93.016,0.0
2026-05-25 17:25:45,20260525_172452_dk2022_150mw_300mwh_soc10_90_v5,1,3294,93.016,0.0
2026-05-25 17:25:45,20260525_172452_dk2022_150mw_300mwh_soc10_90_v5,1,3295,93.016,0.0
2026-05-25 17:25:45,20260525_172452_dk2022_150mw_300mwh_soc10_90_v5,1,3296,93.016,0.0
2026-05-25 17:25:45,20260525_172452_dk2022_150mw_300mwh_soc10_90_v5,1,3297,93.016,0.0
2026-05-25 17:25:45,20260525_172452_dk2022_150mw_300mwh_soc10_90_v5,1,3298,93.016,0.0
2026-05-25 17:25:45,20260525_172452_dk2022_150mw_300mwh_soc10_90_v5,1,3299,93.016,0.0
2026-05-25 17:25:45,20260525_172452_dk2022_150mw_300mwh_soc10_90_v5,1,3300,93.016,0.0
2026-05-25 17:25:45,20260525_172452_dk2022_150mw_300mwh_soc10_90_v5,1,3301,93.016,0.0
2026-05-25 17:25:45,20260525_172452_dk2022_150mw_300mwh_soc10_90_v5,1,3302,93.016,0.0
2026-05-25 17:25:45,20260525_172452_dk2022_150mw_300mwh_soc10_90_v5,1,3303,93.016,0.0
2026-05-25 17:25:45,20260525_172452_dk2022_150mw_300mwh_soc10_90_v5,1,3304,93.016,0.0
2026-05-25 17:25:45,20260525_172452_dk2022_150mw_300mwh_soc10_90_v5,1,3305,93.016,0.0
2026-05-25 17:25:45,20260525_172452_dk2022_150mw_300mwh_soc10_90_v5,1,3306,93.016,0.0
2026-05-25 17:25:45,20260525_172452_dk2022_150mw_300mwh_soc10_90_v5,1,3307,93.016,0.0
2026-05-25 17:25:45,20260525_172452_dk2022_150mw_300mwh_soc10_90_v5,1,3308,93.016,0.0
2026-05-25 17:25:45,20260525_172452_dk2022_150mw_300mwh_soc10_90_v5,1,3309,93.016,0.0
2026-05-25 17:25:45,20260525_172452_dk2022_150mw_300mwh_soc10_90_v5,1,3310,93.016,0.0
2026-05-25 17:25:45,20260525_172452_dk2022_150mw_300mwh_soc10_90_v5,1,3311,93.016,0.0
2026-05-25 17:25:45,20260525_172452_dk2022_150mw_300mwh_soc10_90_v5,1,3312,93.016,0.0
2026-05-25 17:25:45,20260525_172452_dk2022_150mw_300mwh_soc10_90_v5,1,3313,93.016,0.0
2026-05-25 17:25:45,20260525_172452_dk2022_150mw_300mwh_soc10_90_v5,1,3314,93.016,0.0
2026-05-25 17:25:45,20260525_172452_dk2022_150mw_300mwh_soc10_90_v5,1,3315,93.016,0.0
2026-05-25 17:25:45,20260525_172452_dk2022_150mw_300mwh_soc10_90_v5,1,3316,93.016,0.0
2026-05-25 17:25:45,20260525_172452_dk2022_150mw_300mwh_soc10_90_v5,1,3317,93.016,0.0
2026-05-25 17:25:45,20260525_172452_dk2022_150mw_300mwh_soc10_90_v5,1,3318,93.016,0.0
2026-05-25 17:25:45,20260525_172452_dk2022_150mw_300mwh_soc10_90_v5,1,3319,93.016,0.0
2026-05-25 17:25:45,20260525_172452_dk2022_150mw_300mwh_soc10_90_v5,1,3320,93.016,0.0
2026-05-25 17:25:45,20260525_172452_dk2022_150mw_300mwh_soc10_90_v5,1,3321,93.016,0.0
2026-05-25 17:25:45,20260525_172452_dk2022_150mw_300mwh_soc10_90_v5,1,3322,93.016,0.0
2026-05-25 17:25:45,20260525_172452_dk2022_150mw_300mwh_soc10_90_v5,1,3323,93.016,0.0
2026-05-25 17:25:45,20260525_172452_dk2022_150mw_300mwh_soc10_90_v5,1,3324,93.016,0.0
2026-05-25 17:25:45,20260525_172452_dk2022_150mw_300mwh_soc10_90_v5,1,3325,93.016,0.0
2026-05-25 17:25:45,20260525_172452_dk2022_150mw_300mwh_soc10_90_v5,1,3326,93.016,0.0
2026-05-25 17:25:45,20260525_172452_dk2022_150mw_300mwh_soc10_90_v5,1,3327,93.016,0.0
2026-05-25 17:25:45,20260525_172452_dk2022_150mw_300mwh_soc10_90_v5,1,3328,93.016,0.0
2026-05-25 17:25:45,20260525_172452_dk2022_150mw_300mwh_soc10_90_v5,1,3329,93.016,0.0
2026-05-25 17:25:45,20260525_172452_dk2022_150mw_300mwh_soc10_90_v5,1,3330,93.016,0.0
2026-05-25 17:25:45,20260525_172452_dk2022_150mw_300mwh_soc10_90_v5,1,3331,93.016,0.0
2026-05-25 17:25:45,20260525_172452_dk2022_150mw_300mwh_soc10_90_v5,1,3332,93.016,0.0
2026-05-25 17:25:45,20260525_172452_dk2022_150mw_300mwh_soc10_90_v5,1,3333,93.016,0.0
2026-05-25 17:25:45,20260525_172452_dk2022_150mw_300mwh_soc10_90_v5,1,3334,93.016,0.0
2026-05-25 17:25:45,20260525_172452_dk2022_150mw_300mwh_soc10_90_v5,1,3335,93.016,0.0
2026-05-25 17:25:45,20260525_172452_dk2022_150mw_300mwh_soc10_90_v5,1,3336,93.016,0.0
2026-05-25 17:25:45,20260525_172452_dk2022_150mw_300mwh_soc10_90_v5,1,3337,93.016,0.0
2026-05-25 17:25:45,20260525_172452_dk2022_150mw_300mwh_soc10_90_v5,1,3338,93.016,0.0
2026-05-25 17:25:45,20260525_172452_dk2022_150mw_300mwh_soc10_90_v5,1,3339,93.016,0.0
2026-05-25 17:25:45,20260525_172452_dk2022_150mw_300mwh_soc10_90_v5,1,3340,93.016,0.0
2026-05-25 17:25:45,20260525_172452_dk2022_150mw_300mwh_soc10_90_v5,1,3341,93.016,3.70309301
2026-05-25 17:25:45,20260525_172452_dk2022_150mw_300mwh_soc10_90_v5,1,3342,93.016,0.0
2026-05-25 17:25:45,20260525_172452_dk2022_150mw_300mwh_soc10_90_v5,1,3343,93.016,0.0
2026-05-25 17:25:45,20260525_172452_dk2022_150mw_300mwh_soc10_90_v5,1,3344,93.016,0.0
2026-05-25 17:25:45,20260525_172452_dk2022_150mw_300mwh_soc10_90_v5,1,3345,93.016,0.0
2026-05-25 17:25:45,20260525_172452_dk2022_150mw_300mwh_soc10_90_v5,1,3346,93.016,0.0
2026-05-25 17:25:45,20260525_172452_dk2022_150mw_300mwh_soc10_90_v5,1,3347,93.016,0.0
2026-05-25 17:25:45,20260525_172452_dk2022_150mw_300mwh_soc10_90_v5,1,3348,93.016,0.0
2026-05-25 17:25:45,20260525_172452_dk2022_150mw_300mwh_soc10_90_v5,1,3349,93.016,0.0
2026-05-25 17:25:45,20260525_172452_dk2022_150mw_300mwh_soc10_90_v5,1,3350,93.016,0.0
2026-05-25 17:25:45,20260525_172452_dk2022_150mw_300mwh_soc10_90_v5,1,3351,93.016,0.0
2026-05-25 17:25:45,20260525_172452_dk2022_150mw_300mwh_soc10_90_v5,1,3352,93.016,0.0
2026-05-25 17:25:45,20260525_172452_dk2022_150mw_300mwh_soc10_90_v5,1,3353,93.016,0.0
2026-05-25 17:25:45,20260525_172452_dk2022_150mw_300mwh_soc10_90_v5,1,3354,93.016,0.0
2026-05-25 17:25:45,20260525_172452_dk2022_150mw_300mwh_soc10_90_v5,1,3355,93.016,0.0
2026-05-25 17:25:45,20260525_172452_dk2022_150mw_300mwh_soc10_90_v5,1,3356,93.016,0.0
2026-05-25 17:25:45,20260525_172452_dk2022_150mw_300mwh_soc10_90_v5,1,3357,93.016,0.0
2026-05-25 17:25:45,20260525_172452_dk2022_150mw_300mwh_soc10_90_v5,1,3358,93.016,0.0
2026-05-25 17:25:45,20260525_172452_dk2022_150mw_300mwh_soc10_90_v5,1,3359,93.016,0.0
2026-05-25 17:25:45,20260525_172452_dk2022_150mw_300mwh_soc10_90_v5,1,3360,93.016,0.0
2026-05-25 17:25:45,20260525_172452_dk2022_150mw_300mwh_soc10_90_v5,1,3361,93.016,0.0
2026-05-25 17:25:45,20260525_172452_dk2022_150mw_300mwh_soc10_90_v5,1,3362,93.016,0.0
2026-05-25 17:25:45,20260525_172452_dk2022_150mw_300mwh_soc10_90_v5,1,3363,93.016,0.0
2026-05-25 17:25:45,20260525_172452_dk2022_150mw_300mwh_soc10_90_v5,1,3364,93.016,0.0
2026-05-25 17:25:45,20260525_172452_dk2022_150mw_300mwh_soc10_90_v5,1,3365,93.016,-3.24911932
2026-05-25 17:25:45,20260525_172452_dk2022_150mw_300mwh_soc10_90_v5,1,3366,93.016,-3.24911932
2026-05-25 17:25:45,20260525_172452_dk2022_150mw_300mwh_soc10_90_v5,1,3367,93.016,0.0
2026-05-25 17:25:45,20260525_172452_dk2022_150mw_300mwh_soc10_90_v5,1,3368,93.016,0.0
2026-05-25 17:25:45,20260525_172452_dk2022_150mw_300mwh_soc10_90_v5,1,3369,93.016,0.0
2026-05-25 17:25:45,20260525_172452_dk2022_150mw_300mwh_soc10_90_v5,1,3370,93.016,0.0
2026-05-25 17:25:45,20260525_172452_dk2022_150mw_300mwh_soc10_90_v5,1,3371,93.016,0.0
2026-05-25 17:25:45,20260525_172452_dk2022_150mw_300mwh_soc10_90_v5,1,3372,93.016,0.0
2026-05-25 17:25:45,20260525_172452_dk2022_150mw_300mwh_soc10_90_v5,1,3373,93.016,0.0
2026-05-25 17:25:45,20260525_172452_dk2022_150mw_300mwh_soc10_90_v5,1,3374,93.016,0.0
2026-05-25 17:25:45,20260525_172452_dk2022_150mw_300mwh_soc10_90_v5,1,3375,93.016,0.0
2026-05-25 17:25:45,20260525_172452_dk2022_150mw_300mwh_soc10_90_v5,1,3376,93.016,0.0
2026-05-25 17:25:45,20260525_172452_dk2022_150mw_300mwh_soc10_90_v5,1,3377,93.016,0.0
2026-05-25 17:25:45,20260525_172452_dk2022_150mw_300mwh_soc10_90_v5,1,3378,93.016,0.0
2026-05-25 17:25:45,20260525_172452_dk2022_150mw_300mwh_soc10_90_v5,1,3379,93.016,0.0
2026-05-25 17:25:45,20260525_172452_dk2022_150mw_300mwh_soc10_90_v5,1,3380,93.016,0.0
2026-05-25 17:25:45,20260525_172452_dk2022_150mw_300mwh_soc10_90_v5,1,3381,93.016,0.0
2026-05-25 17:25:45,20260525_172452_dk2022_150mw_300mwh_soc10_90_v5,1,3382,93.016,0.0
2026-05-25 17:25:45,20260525_172452_dk2022_150mw_300mwh_soc10_90_v5,1,3383,93.016,0.0
2026-05-25 17:25:45,20260525_172452_dk2022_150mw_300mwh_soc10_90_v5,1,3384,93.016,0.0
2026-05-25 17:25:45,20260525_172452_dk2022_150mw_300mwh_soc10_90_v5,1,3385,93.016,0.0
2026-05-25 17:25:45,20260525_172452_dk2022_150mw_300mwh_soc10_90_v5,1,3386,93.016,0.0
2026-05-25 17:25:45,20260525_172452_dk2022_150mw_300mwh_soc10_90_v5,1,3387,93.016,0.0
2026-05-25 17:25:45,20260525_172452_dk2022_150mw_300mwh_soc10_90_v5,1,3388,93.016,0.0
2026-05-25 17:25:45,20260525_172452_dk2022_150mw_300mwh_soc10_90_v5,1,3389,93.016,0.0
2026-05-25 17:25:45,20260525_172452_dk2022_150mw_300mwh_soc10_90_v5,1,3390,93.016,0.0
2026-05-25 17:25:45,20260525_172452_dk2022_150mw_300mwh_soc10_90_v5,1,3391,93.016,0.0
2026-05-25 17:25:45,20260525_172452_dk2022_150mw_300mwh_soc10_90_v5,1,3392,93.016,0.0
2026-05-25 17:25:45,20260525_172452_dk2022_150mw_300mwh_soc10_90_v5,1,3393,93.016,0.0
2026-05-25 17:25:45,20260525_172452_dk2022_150mw_300mwh_soc10_90_v5,1,3394,93.016,0.0
2026-05-25 17:25:45,20260525_172452_dk2022_150mw_300mwh_soc10_90_v5,1,3395,93.016,0.0
2026-05-25 17:25:45,20260525_172452_dk2022_150mw_300mwh_soc10_90_v5,1,3396,93.016,0.0
2026-05-25 17:25:45,20260525_172452_dk2022_150mw_300mwh_soc10_90_v5,1,3397,93.016,0.0
2026-05-25 17:25:45,20260525_172452_dk2022_150mw_300mwh_soc10_90_v5,1,3398,93.016,0.0
2026-05-25 17:25:45,20260525_172452_dk2022_150mw_300mwh_soc10_90_v5,1,3399,93.016,0.0
2026-05-25 17:25:45,20260525_172452_dk2022_150mw_300mwh_soc10_90_v5,1,3400,93.016,0.0
2026-05-25 17:25:45,20260525_172452_dk2022_150mw_300mwh_soc10_90_v5,1,3401,93.016,0.0
2026-05-25 17:25:45,20260525_172452_dk2022_150mw_300mwh_soc10_90_v5,1,3402,93.016,0.0
2026-05-25 17:25:45,20260525_172452_dk2022_150mw_300mwh_soc10_90_v5,1,3403,93.016,0.0
2026-05-25 17:25:45,20260525_172452_dk2022_150mw_300mwh_soc10_90_v5,1,3404,93.016,0.0
2026-05-25 17:25:45,20260525_172452_dk2022_150mw_300mwh_soc10_90_v5,1,3405,93.016,0.0
2026-05-25 17:25:45,20260525_172452_dk2022_150mw_300mwh_soc10_90_v5,1,3406,93.016,0.0
2026-05-25 17:25:45,20260525_172452_dk2022_150mw_300mwh_soc10_90_v5,1,3407,93.016,0.0
2026-05-25 17:25:45,20260525_172452_dk2022_150mw_300mwh_soc10_90_v5,1,3408,93.016,0.0
2026-05-25 17:25:45,20260525_172452_dk2022_150mw_300mwh_soc10_90_v5,1,3409,93.016,0.0
2026-05-25 17:25:45,20260525_172452_dk2022_150mw_300mwh_soc10_90_v5,1,3410,93.016,0.0
2026-05-25 17:25:45,20260525_172452_dk2022_150mw_300mwh_soc10_90_v5,1,3411,93.016,0.0
2026-05-25 17:25:45,20260525_172452_dk2022_150mw_300mwh_soc10_90_v5,1,3412,93.016,0.0
2026-05-25 17:25:45,20260525_172452_dk2022_150mw_300mwh_soc10_90_v5,1,3413,93.016,0.0
2026-05-25 17:25:45,20260525_172452_dk2022_150mw_300mwh_soc10_90_v5,1,3414,93.016,0.0
2026-05-25 17:25:45,20260525_172452_dk2022_150mw_300mwh_soc10_90_v5,1,3415,93.016,0.0
2026-05-25 17:25:45,20260525_172452_dk2022_150mw_300mwh_soc10_90_v5,1,3416,93.016,0.0
2026-05-25 17:25:45,20260525_172452_dk2022_150mw_300mwh_soc10_90_v5,1,3417,93.016,0.0
2026-05-25 17:25:45,20260525_172452_dk2022_150mw_300mwh_soc10_90_v5,1,3418,93.016,0.0
2026-05-25 17:25:45,20260525_172452_dk2022_150mw_300mwh_soc10_90_v5,1,3419,93.016,0.0
2026-05-25 17:25:45,20260525_172452_dk2022_150mw_300mwh_soc10_90_v5,1,3420,93.016,0.0
2026-05-25 17:25:45,20260525_172452_dk2022_150mw_300mwh_soc10_90_v5,1,3421,93.016,0.0
2026-05-25 17:25:45,20260525_172452_dk2022_150mw_300mwh_soc10_90_v5,1,3422,93.016,0.0
2026-05-25 17:25:45,20260525_172452_dk2022_150mw_300mwh_soc10_90_v5,1,3423,93.016,0.0
2026-05-25 17:25:45,20260525_172452_dk2022_150mw_300mwh_soc10_90_v5,1,3424,93.016,0.0
2026-05-25 17:25:45,20260525_172452_dk2022_150mw_300mwh_soc10_90_v5,1,3425,93.016,0.0
2026-05-25 17:25:45,20260525_172452_dk2022_150mw_300mwh_soc10_90_v5,1,3426,93.016,0.0
2026-05-25 17:25:45,20260525_172452_dk2022_150mw_300mwh_soc10_90_v5,1,3427,93.016,0.0
2026-05-25 17:25:45,20260525_172452_dk2022_150mw_300mwh_soc10_90_v5,1,3428,93.016,0.0
2026-05-25 17:25:45,20260525_172452_dk2022_150mw_300mwh_soc10_90_v5,1,3429,93.016,0.0
2026-05-25 17:25:45,20260525_172452_dk2022_150mw_300mwh_soc10_90_v5,1,3430,93.016,0.0
2026-05-25 17:25:45,20260525_172452_dk2022_150mw_300mwh_soc10_90_v5,1,3431,93.016,0.0
2026-05-25 17:25:45,20260525_172452_dk2022_150mw_300mwh_soc10_90_v5,1,3432,93.016,0.0
2026-05-25 17:25:45,20260525_172452_dk2022_150mw_300mwh_soc10_90_v5,1,3433,93.016,0.0
2026-05-25 17:25:45,20260525_172452_dk2022_150mw_300mwh_soc10_90_v5,1,3434,93.016,0.0
2026-05-25 17:25:45,20260525_172452_dk2022_150mw_300mwh_soc10_90_v5,1,3435,93.016,0.0
2026-05-25 17:25:45,20260525_172452_dk2022_150mw_300mwh_soc10_90_v5,1,3436,93.016,0.0
2026-05-25 17:25:45,20260525_172452_dk2022_150mw_300mwh_soc10_90_v5,1,3437,93.016,0.0
2026-05-25 17:25:45,20260525_172452_dk2022_150mw_300mwh_soc10_90_v5,1,3438,93.016,0.0
2026-05-25 17:25:45,20260525_172452_dk2022_150mw_300mwh_soc10_90_v5,1,3439,93.016,0.0
2026-05-25 17:25:45,20260525_172452_dk2022_150mw_300mwh_soc10_90_v5,1,3440,93.016,0.0
2026-05-25 17:25:45,20260525_172452_dk2022_150mw_300mwh_soc10_90_v5,1,3441,93.016,0.0
2026-05-25 17:25:45,20260525_172452_dk2022_150mw_300mwh_soc10_90_v5,1,3442,93.016,0.0
2026-05-25 17:25:45,20260525_172452_dk2022_150mw_300mwh_soc10_90_v5,1,3443,93.016,0.0
2026-05-25 17:25:45,20260525_172452_dk2022_150mw_300mwh_soc10_90_v5,1,3444,93.016,0.0
2026-05-25 17:25:45,20260525_172452_dk2022_150mw_300mwh_soc10_90_v5,1,3445,93.016,0.0
2026-05-25 17:25:45,20260525_172452_dk2022_150mw_300mwh_soc10_90_v5,1,3446,93.016,0.0
2026-05-25 17:25:45,20260525_172452_dk2022_150mw_300mwh_soc10_90_v5,1,3447,93.016,0.0
2026-05-25 17:25:45,20260525_172452_dk2022_150mw_300mwh_soc10_90_v5,1,3448,93.016,0.0
2026-05-25 17:25:45,20260525_172452_dk2022_150mw_300mwh_soc10_90_v5,1,3449,93.016,0.0
2026-05-25 17:25:45,20260525_172452_dk2022_150mw_300mwh_soc10_90_v5,1,3450,93.016,0.0
2026-05-25 17:25:45,20260525_172452_dk2022_150mw_300mwh_soc10_90_v5,1,3451,93.016,0.0
2026-05-25 17:25:45,20260525_172452_dk2022_150mw_300mwh_soc10_90_v5,1,3452,93.016,0.0
2026-05-25 17:25:45,20260525_172452_dk2022_150mw_300mwh_soc10_90_v5,1,3453,93.016,0.0
2026-05-25 17:25:45,20260525_172452_dk2022_150mw_300mwh_soc10_90_v5,1,3454,93.016,0.0
2026-05-25 17:25:45,20260525_172452_dk2022_150mw_300mwh_soc10_90_v5,1,3455,93.016,0.0
2026-05-25 17:25:45,20260525_172452_dk2022_150mw_300mwh_soc10_90_v5,1,3456,93.016,0.0
2026-05-25 17:25:45,20260525_172452_dk2022_150mw_300mwh_soc10_90_v5,1,3457,93.016,0.0
2026-05-25 17:25:45,20260525_172452_dk2022_150mw_300mwh_soc10_90_v5,1,3458,93.016,0.0
2026-05-25 17:25:45,20260525_172452_dk2022_150mw_300mwh_soc10_90_v5,1,3459,93.016,0.0
2026-05-25 17:25:45,20260525_172452_dk2022_150mw_300mwh_soc10_90_v5,1,3460,93.016,0.0
2026-05-25 17:25:45,20260525_172452_dk2022_150mw_300mwh_soc10_90_v5,1,3461,93.016,0.0
2026-05-25 17:25:45,20260525_172452_dk2022_150mw_300mwh_soc10_90_v5,1,3462,93.016,0.0
2026-05-25 17:25:45,20260525_172452_dk2022_150mw_300mwh_soc10_90_v5,1,3463,93.016,0.0
2026-05-25 17:25:45,20260525_172452_dk2022_150mw_300mwh_soc10_90_v5,1,3464,93.016,0.0
2026-05-25 17:25:45,20260525_172452_dk2022_150mw_300mwh_soc10_90_v5,1,3465,93.016,0.0
2026-05-25 17:25:45,20260525_172452_dk2022_150mw_300mwh_soc10_90_v5,1,3466,93.016,0.0
2026-05-25 17:25:45,20260525_172452_dk2022_150mw_300mwh_soc10_90_v5,1,3467,93.016,0.0
2026-05-25 17:25:45,20260525_172452_dk2022_150mw_300mwh_soc10_90_v5,1,3468,93.016,0.0
2026-05-25 17:25:45,20260525_172452_dk2022_150mw_300mwh_soc10_90_v5,1,3469,93.016,0.0
2026-05-25 17:25:45,20260525_172452_dk2022_150mw_300mwh_soc10_90_v5,1,3470,93.016,0.0
2026-05-25 17:25:45,20260525_172452_dk2022_150mw_300mwh_soc10_90_v5,1,3471,93.016,0.0
2026-05-25 17:25:45,20260525_172452_dk2022_150mw_300mwh_soc10_90_v5,1,3472,93.016,0.0
2026-05-25 17:25:45,20260525_172452_dk2022_150mw_300mwh_soc10_90_v5,1,3473,93.016,0.0
2026-05-25 17:25:45,20260525_172452_dk2022_150mw_300mwh_soc10_90_v5,1,3474,93.016,0.0
2026-05-25 17:25:45,20260525_172452_dk2022_150mw_300mwh_soc10_90_v5,1,3475,93.016,0.0
2026-05-25 17:25:45,20260525_172452_dk2022_150mw_300mwh_soc10_90_v5,1,3476,93.016,0.0
2026-05-25 17:25:45,20260525_172452_dk2022_150mw_300mwh_soc10_90_v5,1,3477,93.016,0.0
2026-05-25 17:25:45,20260525_172452_dk2022_150mw_300mwh_soc10_90_v5,1,3478,93.016,0.0
2026-05-25 17:25:45,20260525_172452_dk2022_150mw_300mwh_soc10_90_v5,1,3479,93.016,0.0
2026-05-25 17:25:45,20260525_172452_dk2022_150mw_300mwh_soc10_90_v5,1,3480,93.016,0.0
2026-05-25 17:25:45,20260525_172452_dk2022_150mw_300mwh_soc10_90_v5,1,3481,93.016,0.0
2026-05-25 17:25:45,20260525_172452_dk2022_150mw_300mwh_soc10_90_v5,1,3482,93.016,0.0
2026-05-25 17:25:45,20260525_172452_dk2022_150mw_300mwh_soc10_90_v5,1,3483,93.016,0.0
2026-05-25 17:25:45,20260525_172452_dk2022_150mw_300mwh_soc10_90_v5,1,3484,93.016,0.0
2026-05-25 17:25:45,20260525_172452_dk2022_150mw_300mwh_soc10_90_v5,1,3485,93.016,0.0
2026-05-25 17:25:45,20260525_172452_dk2022_150mw_300mwh_soc10_90_v5,1,3486,93.016,0.0
2026-05-25 17:25:45,20260525_172452_dk2022_150mw_300mwh_soc10_90_v5,1,3487,93.016,0.0
2026-05-25 17:25:45,20260525_172452_dk2022_150mw_300mwh_soc10_90_v5,1,3488,93.016,0.0
2026-05-25 17:25:45,20260525_172452_dk2022_150mw_300mwh_soc10_90_v5,1,3489,93.016,0.0
2026-05-25 17:25:45,20260525_172452_dk2022_150mw_300mwh_soc10_90_v5,1,3490,93.016,0.0
2026-05-25 17:25:45,20260525_172452_dk2022_150mw_300mwh_soc10_90_v5,1,3491,93.016,0.0
2026-05-25 17:25:45,20260525_172452_dk2022_150mw_300mwh_soc10_90_v5,1,3492,93.016,0.0
2026-05-25 17:25:45,20260525_172452_dk2022_150mw_300mwh_soc10_90_v5,1,3493,93.016,0.0
2026-05-25 17:25:45,20260525_172452_dk2022_150mw_300mwh_soc10_90_v5,1,3494,93.016,0.0
2026-05-25 17:25:45,20260525_172452_dk2022_150mw_300mwh_soc10_90_v5,1,3495,93.016,0.0
2026-05-25 17:25:45,20260525_172452_dk2022_150mw_300mwh_soc10_90_v5,1,3496,93.016,0.0
2026-05-25 17:25:45,20260525_172452_dk2022_150mw_300mwh_soc10_90_v5,1,3497,93.016,0.0
2026-05-25 17:25:45,20260525_172452_dk2022_150mw_300mwh_soc10_90_v5,1,3498,93.016,0.0
2026-05-25 17:25:45,20260525_172452_dk2022_150mw_300mwh_soc10_90_v5,1,3499,93.016,0.0
2026-05-25 17:25:45,20260525_172452_dk2022_150mw_300mwh_soc10_90_v5,1,3500,93.016,0.0
2026-05-25 17:25:45,20260525_172452_dk2022_150mw_300mwh_soc10_90_v5,1,3501,93.016,0.0
2026-05-25 17:25:45,20260525_172452_dk2022_150mw_300mwh_soc10_90_v5,1,3502,93.016,0.0
2026-05-25 17:25:45,20260525_172452_dk2022_150mw_300mwh_soc10_90_v5,1,3503,93.016,0.0
2026-05-25 17:25:45,20260525_172452_dk2022_150mw_300mwh_soc10_90_v5,1,3504,93.016,0.0
2026-05-25 17:25:45,20260525_172452_dk2022_150mw_300mwh_soc10_90_v5,1,3505,93.016,0.0
2026-05-25 17:25:45,20260525_172452_dk2022_150mw_300mwh_soc10_90_v5,1,3506,93.016,0.0
2026-05-25 17:25:45,20260525_172452_dk2022_150mw_300mwh_soc10_90_v5,1,3507,93.016,0.0
2026-05-25 17:25:45,20260525_172452_dk2022_150mw_300mwh_soc10_90_v5,1,3508,93.016,0.0
2026-05-25 17:25:45,20260525_172452_dk2022_150mw_300mwh_soc10_90_v5,1,3509,93.016,0.0
2026-05-25 17:25:45,20260525_172452_dk2022_150mw_300mwh_soc10_90_v5,1,3510,93.016,0.0
2026-05-25 17:25:45,20260525_172452_dk2022_150mw_300mwh_soc10_90_v5,1,3511,93.016,0.0
2026-05-25 17:25:45,20260525_172452_dk2022_150mw_300mwh_soc10_90_v5,1,3512,93.016,0.0
2026-05-25 17:25:45,20260525_172452_dk2022_150mw_300mwh_soc10_90_v5,1,3513,93.016,0.0
2026-05-25 17:25:45,20260525_172452_dk2022_150mw_300mwh_soc10_90_v5,1,3514,93.016,0.0
2026-05-25 17:25:45,20260525_172452_dk2022_150mw_300mwh_soc10_90_v5,1,3515,93.016,0.0
2026-05-25 17:25:45,20260525_172452_dk2022_150mw_300mwh_soc10_90_v5,1,3516,93.016,0.0
2026-05-25 17:25:45,20260525_172452_dk2022_150mw_300mwh_soc10_90_v5,1,3517,93.016,0.0
2026-05-25 17:25:45,20260525_172452_dk2022_150mw_300mwh_soc10_90_v5,1,3518,93.016,0.0
2026-05-25 17:25:45,20260525_172452_dk2022_150mw_300mwh_soc10_90_v5,1,3519,93.016,0.0
2026-05-25 17:25:45,20260525_172452_dk2022_150mw_300mwh_soc10_90_v5,1,3520,93.016,0.0
2026-05-25 17:25:45,20260525_172452_dk2022_150mw_300mwh_soc10_90_v5,1,3521,93.016,0.0
2026-05-25 17:25:45,20260525_172452_dk2022_150mw_300mwh_soc10_90_v5,1,3522,93.016,0.0
2026-05-25 17:25:45,20260525_172452_dk2022_150mw_300mwh_soc10_90_v5,1,3523,93.016,0.0
2026-05-25 17:25:45,20260525_172452_dk2022_150mw_300mwh_soc10_90_v5,1,3524,93.016,0.0
2026-05-25 17:25:45,20260525_172452_dk2022_150mw_300mwh_soc10_90_v5,1,3525,93.016,0.0
2026-05-25 17:25:45,20260525_172452_dk2022_150mw_300mwh_soc10_90_v5,1,3526,93.016,0.0
2026-05-25 17:25:45,20260525_172452_dk2022_150mw_300mwh_soc10_90_v5,1,3527,93.016,0.0
2026-05-25 17:25:45,20260525_172452_dk2022_150mw_300mwh_soc10_90_v5,1,3528,93.016,0.0
2026-05-25 17:25:45,20260525_172452_dk2022_150mw_300mwh_soc10_90_v5,1,3529,93.016,0.0
2026-05-25 17:25:45,20260525_172452_dk2022_150mw_300mwh_soc10_90_v5,1,3530,93.016,0.0
2026-05-25 17:25:45,20260525_172452_dk2022_150mw_300mwh_soc10_90_v5,1,3531,93.016,0.0
2026-05-25 17:25:45,20260525_172452_dk2022_150mw_300mwh_soc10_90_v5,1,3532,93.016,0.0
2026-05-25 17:25:45,20260525_172452_dk2022_150mw_300mwh_soc10_90_v5,1,3533,93.016,0.0
2026-05-25 17:25:45,20260525_172452_dk2022_150mw_300mwh_soc10_90_v5,1,3534,93.016,0.0
2026-05-25 17:25:45,20260525_172452_dk2022_150mw_300mwh_soc10_90_v5,1,3535,93.016,0.0
2026-05-25 17:25:45,20260525_172452_dk2022_150mw_300mwh_soc10_90_v5,1,3536,93.016,0.0
2026-05-25 17:25:45,20260525_172452_dk2022_150mw_300mwh_soc10_90_v5,1,3537,93.016,0.0
2026-05-25 17:25:45,20260525_172452_dk2022_150mw_300mwh_soc10_90_v5,1,3538,93.016,0.0
2026-05-25 17:25:45,20260525_172452_dk2022_150mw_300mwh_soc10_90_v5,1,3539,93.016,0.0
2026-05-25 17:25:45,20260525_172452_dk2022_150mw_300mwh_soc10_90_v5,1,3540,93.016,0.0
2026-05-25 17:25:45,20260525_172452_dk2022_150mw_300mwh_soc10_90_v5,1,3541,93.016,0.0
2026-05-25 17:25:45,20260525_172452_dk2022_150mw_300mwh_soc10_90_v5,1,3542,93.016,0.0
2026-05-25 17:25:45,20260525_172452_dk2022_150mw_300mwh_soc10_90_v5,1,3543,93.016,0.0
2026-05-25 17:25:45,20260525_172452_dk2022_150mw_300mwh_soc10_90_v5,1,3544,93.016,0.0
2026-05-25 17:25:45,20260525_172452_dk2022_150mw_300mwh_soc10_90_v5,1,3545,93.016,0.0
2026-05-25 17:25:45,20260525_172452_dk2022_150mw_300mwh_soc10_90_v5,1,3546,93.016,0.0
2026-05-25 17:25:45,20260525_172452_dk2022_150mw_300mwh_soc10_90_v5,1,3547,93.016,0.0
2026-05-25 17:25:45,20260525_172452_dk2022_150mw_300mwh_soc10_90_v5,1,3548,93.016,0.0
2026-05-25 17:25:45,20260525_172452_dk2022_150mw_300mwh_soc10_90_v5,1,3549,93.016,0.0
2026-05-25 17:25:45,20260525_172452_dk2022_150mw_300mwh_soc10_90_v5,1,3550,93.016,0.0
2026-05-25 17:25:45,20260525_172452_dk2022_150mw_300mwh_soc10_90_v5,1,3551,93.016,0.0
2026-05-25 17:25:45,20260525_172452_dk2022_150mw_300mwh_soc10_90_v5,1,3552,93.016,0.0
2026-05-25 17:25:45,20260525_172452_dk2022_150mw_300mwh_soc10_90_v5,1,3553,93.016,0.0
2026-05-25 17:25:45,20260525_172452_dk2022_150mw_300mwh_soc10_90_v5,1,3554,93.016,0.0
2026-05-25 17:25:45,20260525_172452_dk2022_150mw_300mwh_soc10_90_v5,1,3555,93.016,0.0
2026-05-25 17:25:45,20260525_172452_dk2022_150mw_300mwh_soc10_90_v5,1,3556,93.016,0.0
2026-05-25 17:25:45,20260525_172452_dk2022_150mw_300mwh_soc10_90_v5,1,3557,93.016,0.0
2026-05-25 17:25:45,20260525_172452_dk2022_150mw_300mwh_soc10_90_v5,1,3558,93.016,0.0
2026-05-25 17:25:45,20260525_172452_dk2022_150mw_300mwh_soc10_90_v5,1,3559,93.016,0.0
2026-05-25 17:25:45,20260525_172452_dk2022_150mw_300mwh_soc10_90_v5,1,3560,93.016,0.0
2026-05-25 17:25:45,20260525_172452_dk2022_150mw_300mwh_soc10_90_v5,1,3561,93.016,0.0
2026-05-25 17:25:45,20260525_172452_dk2022_150mw_300mwh_soc10_90_v5,1,3562,93.016,0.0
2026-05-25 17:25:45,20260525_172452_dk2022_150mw_300mwh_soc10_90_v5,1,3563,93.016,0.0
2026-05-25 17:25:45,20260525_172452_dk2022_150mw_300mwh_soc10_90_v5,1,3564,93.016,0.0
2026-05-25 17:25:45,20260525_172452_dk2022_150mw_300mwh_soc10_90_v5,1,3565,93.016,0.0
2026-05-25 17:25:45,20260525_172452_dk2022_150mw_300mwh_soc10_90_v5,1,3566,93.016,0.0
2026-05-25 17:25:45,20260525_172452_dk2022_150mw_300mwh_soc10_90_v5,1,3567,93.016,0.0
2026-05-25 17:25:45,20260525_172452_dk2022_150mw_300mwh_soc10_90_v5,1,3568,93.016,0.0
2026-05-25 17:25:45,20260525_172452_dk2022_150mw_300mwh_soc10_90_v5,1,3569,93.016,0.0
2026-05-25 17:25:45,20260525_172452_dk2022_150mw_300mwh_soc10_90_v5,1,3570,93.016,0.0
2026-05-25 17:25:45,20260525_172452_dk2022_150mw_300mwh_soc10_90_v5,1,3571,93.016,0.0
2026-05-25 17:25:45,20260525_172452_dk2022_150mw_300mwh_soc10_90_v5,1,3572,93.016,0.0
2026-05-25 17:25:45,20260525_172452_dk2022_150mw_300mwh_soc10_90_v5,1,3573,93.016,0.0
2026-05-25 17:25:45,20260525_172452_dk2022_150mw_300mwh_soc10_90_v5,1,3574,93.016,0.0
2026-05-25 17:25:45,20260525_172452_dk2022_150mw_300mwh_soc10_90_v5,1,3575,93.016,0.0
2026-05-25 17:25:45,20260525_172452_dk2022_150mw_300mwh_soc10_90_v5,1,3576,93.016,0.0
2026-05-25 17:25:45,20260525_172452_dk2022_150mw_300mwh_soc10_90_v5,1,3577,93.016,0.0
2026-05-25 17:25:45,20260525_172452_dk2022_150mw_300mwh_soc10_90_v5,1,3578,93.016,0.0
2026-05-25 17:25:45,20260525_172452_dk2022_150mw_300mwh_soc10_90_v5,1,3579,93.016,0.0
2026-05-25 17:25:45,20260525_172452_dk2022_150mw_300mwh_soc10_90_v5,1,3580,93.016,0.0
2026-05-25 17:25:45,20260525_172452_dk2022_150mw_300mwh_soc10_90_v5,1,3581,93.016,0.0
2026-05-25 17:25:45,20260525_172452_dk2022_150mw_300mwh_soc10_90_v5,1,3582,93.016,0.0
2026-05-25 17:25:45,20260525_172452_dk2022_150mw_300mwh_soc10_90_v5,1,3583,93.016,0.0
2026-05-25 17:25:45,20260525_172452_dk2022_150mw_300mwh_soc10_90_v5,1,3584,93.016,0.0
2026-05-25 17:25:45,20260525_172452_dk2022_150mw_300mwh_soc10_90_v5,1,3585,93.016,0.0
2026-05-25 17:25:45,20260525_172452_dk2022_150mw_300mwh_soc10_90_v5,1,3586,93.016,0.0
2026-05-25 17:25:45,20260525_172452_dk2022_150mw_300mwh_soc10_90_v5,1,3587,93.016,0.0
2026-05-25 17:25:45,20260525_172452_dk2022_150mw_300mwh_soc10_90_v5,1,3588,93.016,0.0
2026-05-25 17:25:45,20260525_172452_dk2022_150mw_300mwh_soc10_90_v5,1,3589,93.016,0.0
2026-05-25 17:25:45,20260525_172452_dk2022_150mw_300mwh_soc10_90_v5,1,3590,93.016,0.0
2026-05-25 17:25:45,20260525_172452_dk2022_150mw_300mwh_soc10_90_v5,1,3591,93.016,0.0
2026-05-25 17:25:45,20260525_172452_dk2022_150mw_300mwh_soc10_90_v5,1,3592,93.016,0.0
2026-05-25 17:25:45,20260525_172452_dk2022_150mw_300mwh_soc10_90_v5,1,3593,93.016,0.0
2026-05-25 17:25:45,20260525_172452_dk2022_150mw_300mwh_soc10_90_v5,1,3594,93.016,0.0
2026-05-25 17:25:45,20260525_172452_dk2022_150mw_300mwh_soc10_90_v5,1,3595,93.016,0.0
2026-05-25 17:25:45,20260525_172452_dk2022_150mw_300mwh_soc10_90_v5,1,3596,93.016,0.0
2026-05-25 17:25:45,20260525_172452_dk2022_150mw_300mwh_soc10_90_v5,1,3597,93.016,0.0
2026-05-25 17:25:45,20260525_172452_dk2022_150mw_300mwh_soc10_90_v5,1,3598,93.016,0.0
2026-05-25 17:25:45,20260525_172452_dk2022_150mw_300mwh_soc10_90_v5,1,3599,93.016,0.0
2026-05-25 17:25:45,20260525_172452_dk2022_150mw_300mwh_soc10_90_v5,1,3600,93.016,0.0
2026-05-25 17:25:45,20260525_172452_dk2022_150mw_300mwh_soc10_90_v5,1,3601,93.016,0.0
2026-05-25 17:25:45,20260525_172452_dk2022_150mw_300mwh_soc10_90_v5,1,3602,93.016,0.0
2026-05-25 17:25:45,20260525_172452_dk2022_150mw_300mwh_soc10_90_v5,1,3603,93.016,0.0
2026-05-25 17:25:45,20260525_172452_dk2022_150mw_300mwh_soc10_90_v5,1,3604,93.016,0.0
2026-05-25 17:25:45,20260525_172452_dk2022_150mw_300mwh_soc10_90_v5,1,3605,93.016,0.0
2026-05-25 17:25:45,20260525_172452_dk2022_150mw_300mwh_soc10_90_v5,1,3606,93.016,0.0
2026-05-25 17:25:45,20260525_172452_dk2022_150mw_300mwh_soc10_90_v5,1,3607,93.016,0.0
2026-05-25 17:25:45,20260525_172452_dk2022_150mw_300mwh_soc10_90_v5,1,3608,93.016,0.0
2026-05-25 17:25:45,20260525_172452_dk2022_150mw_300mwh_soc10_90_v5,1,3609,93.016,0.0
2026-05-25 17:25:45,20260525_172452_dk2022_150mw_300mwh_soc10_90_v5,1,3610,93.016,0.0
2026-05-25 17:25:45,20260525_172452_dk2022_150mw_300mwh_soc10_90_v5,1,3611,93.016,0.0
2026-05-25 17:25:45,20260525_172452_dk2022_150mw_300mwh_soc10_90_v5,1,3612,93.016,0.0
2026-05-25 17:25:45,20260525_172452_dk2022_150mw_300mwh_soc10_90_v5,1,3613,93.016,0.0
2026-05-25 17:25:45,20260525_172452_dk2022_150mw_300mwh_soc10_90_v5,1,3614,93.016,0.0
2026-05-25 17:25:45,20260525_172452_dk2022_150mw_300mwh_soc10_90_v5,1,3615,93.016,0.0
2026-05-25 17:25:45,20260525_172452_dk2022_150mw_300mwh_soc10_90_v5,1,3616,93.016,0.0
2026-05-25 17:25:45,20260525_172452_dk2022_150mw_300mwh_soc10_90_v5,1,3617,93.016,0.0
2026-05-25 17:25:45,20260525_172452_dk2022_150mw_300mwh_soc10_90_v5,1,3618,93.016,0.0
2026-05-25 17:25:45,20260525_172452_dk2022_150mw_300mwh_soc10_90_v5,1,3619,93.016,0.0
2026-05-25 17:25:45,20260525_172452_dk2022_150mw_300mwh_soc10_90_v5,1,3620,93.016,0.0
2026-05-25 17:25:45,20260525_172452_dk2022_150mw_300mwh_soc10_90_v5,1,3621,93.016,0.0
2026-05-25 17:25:45,20260525_172452_dk2022_150mw_300mwh_soc10_90_v5,1,3622,93.016,0.0
2026-05-25 17:25:45,20260525_172452_dk2022_150mw_300mwh_soc10_90_v5,1,3623,93.016,0.0
2026-05-25 17:25:45,20260525_172452_dk2022_150mw_300mwh_soc10_90_v5,1,3624,93.016,0.0
2026-05-25 17:25:45,20260525_172452_dk2022_150mw_300mwh_soc10_90_v5,1,3625,93.016,3.70309301
2026-05-25 17:25:45,20260525_172452_dk2022_150mw_300mwh_soc10_90_v5,1,3626,93.016,0.0
2026-05-25 17:25:45,20260525_172452_dk2022_150mw_300mwh_soc10_90_v5,1,3627,93.016,0.0
2026-05-25 17:25:45,20260525_172452_dk2022_150mw_300mwh_soc10_90_v5,1,3628,93.016,0.0
2026-05-25 17:25:45,20260525_172452_dk2022_150mw_300mwh_soc10_90_v5,1,3629,93.016,0.0
2026-05-25 17:25:45,20260525_172452_dk2022_150mw_300mwh_soc10_90_v5,1,3630,93.016,0.0
2026-05-25 17:25:45,20260525_172452_dk2022_150mw_300mwh_soc10_90_v5,1,3631,93.016,0.0
2026-05-25 17:25:45,20260525_172452_dk2022_150mw_300mwh_soc10_90_v5,1,3632,93.016,0.0
2026-05-25 17:25:45,20260525_172452_dk2022_150mw_300mwh_soc10_90_v5,1,3633,93.016,0.0
2026-05-25 17:25:45,20260525_172452_dk2022_150mw_300mwh_soc10_90_v5,1,3634,93.016,0.0
2026-05-25 17:25:45,20260525_172452_dk2022_150mw_300mwh_soc10_90_v5,1,3635,93.016,0.0
2026-05-25 17:25:45,20260525_172452_dk2022_150mw_300mwh_soc10_90_v5,1,3636,93.016,0.0
2026-05-25 17:25:45,20260525_172452_dk2022_150mw_300mwh_soc10_90_v5,1,3637,93.016,0.0
2026-05-25 17:25:45,20260525_172452_dk2022_150mw_300mwh_soc10_90_v5,1,3638,93.016,0.0
2026-05-25 17:25:45,20260525_172452_dk2022_150mw_300mwh_soc10_90_v5,1,3639,93.016,0.0
2026-05-25 17:25:45,20260525_172452_dk2022_150mw_300mwh_soc10_90_v5,1,3640,93.016,0.0
2026-05-25 17:25:45,20260525_172452_dk2022_150mw_300mwh_soc10_90_v5,1,3641,93.016,0.0
2026-05-25 17:25:45,20260525_172452_dk2022_150mw_300mwh_soc10_90_v5,1,3642,93.016,0.0
2026-05-25 17:25:45,20260525_172452_dk2022_150mw_300mwh_soc10_90_v5,1,3643,93.016,0.0
2026-05-25 17:25:45,20260525_172452_dk2022_150mw_300mwh_soc10_90_v5,1,3644,93.016,0.0
2026-05-25 17:25:45,20260525_172452_dk2022_150mw_300mwh_soc10_90_v5,1,3645,93.016,0.0
2026-05-25 17:25:45,20260525_172452_dk2022_150mw_300mwh_soc10_90_v5,1,3646,93.016,0.0
2026-05-25 17:25:45,20260525_172452_dk2022_150mw_300mwh_soc10_90_v5,1,3647,93.016,0.0
2026-05-25 17:25:45,20260525_172452_dk2022_150mw_300mwh_soc10_90_v5,1,3648,93.016,0.0
2026-05-25 17:25:45,20260525_172452_dk2022_150mw_300mwh_soc10_90_v5,1,3649,93.016,0.0
2026-05-25 17:25:45,20260525_172452_dk2022_150mw_300mwh_soc10_90_v5,1,3650,93.016,0.0
2026-05-25 17:25:45,20260525_172452_dk2022_150mw_300mwh_soc10_90_v5,1,3651,93.016,0.0
2026-05-25 17:25:45,20260525_172452_dk2022_150mw_300mwh_soc10_90_v5,1,3652,93.016,0.0
2026-05-25 17:25:45,20260525_172452_dk2022_150mw_300mwh_soc10_90_v5,1,3653,93.016,0.0
2026-05-25 17:25:45,20260525_172452_dk2022_150mw_300mwh_soc10_90_v5,1,3654,93.016,-3.24911932
2026-05-25 17:25:45,20260525_172452_dk2022_150mw_300mwh_soc10_90_v5,1,3655,93.016,-3.24911932
2026-05-25 17:25:45,20260525_172452_dk2022_150mw_300mwh_soc10_90_v5,1,3656,93.016,0.0
2026-05-25 17:25:45,20260525_172452_dk2022_150mw_300mwh_soc10_90_v5,1,3657,93.016,0.0
2026-05-25 17:25:45,20260525_172452_dk2022_150mw_300mwh_soc10_90_v5,1,3658,93.016,0.0
2026-05-25 17:25:45,20260525_172452_dk2022_150mw_300mwh_soc10_90_v5,1,3659,93.016,0.0
2026-05-25 17:25:45,20260525_172452_dk2022_150mw_300mwh_soc10_90_v5,1,3660,93.016,0.0
2026-05-25 17:25:45,20260525_172452_dk2022_150mw_300mwh_soc10_90_v5,1,3661,93.016,0.0
2026-05-25 17:25:45,20260525_172452_dk2022_150mw_300mwh_soc10_90_v5,1,3662,93.016,0.0
2026-05-25 17:25:45,20260525_172452_dk2022_150mw_300mwh_soc10_90_v5,1,3663,93.016,0.0
2026-05-25 17:25:45,20260525_172452_dk2022_150mw_300mwh_soc10_90_v5,1,3664,93.016,0.0
2026-05-25 17:25:45,20260525_172452_dk2022_150mw_300mwh_soc10_90_v5,1,3665,93.016,0.0
2026-05-25 17:25:45,20260525_172452_dk2022_150mw_300mwh_soc10_90_v5,1,3666,93.016,0.0
2026-05-25 17:25:45,20260525_172452_dk2022_150mw_300mwh_soc10_90_v5,1,3667,93.016,0.0
2026-05-25 17:25:45,20260525_172452_dk2022_150mw_300mwh_soc10_90_v5,1,3668,93.016,0.0
2026-05-25 17:25:45,20260525_172452_dk2022_150mw_300mwh_soc10_90_v5,1,3669,93.016,0.0
2026-05-25 17:25:45,20260525_172452_dk2022_150mw_300mwh_soc10_90_v5,1,3670,93.016,0.0
2026-05-25 17:25:45,20260525_172452_dk2022_150mw_300mwh_soc10_90_v5,1,3671,93.016,0.0
2026-05-25 17:25:45,20260525_172452_dk2022_150mw_300mwh_soc10_90_v5,1,3672,93.016,0.0
2026-05-25 17:25:45,20260525_172452_dk2022_150mw_300mwh_soc10_90_v5,1,3673,93.016,0.0
2026-05-25 17:25:45,20260525_172452_dk2022_150mw_300mwh_soc10_90_v5,1,3674,93.016,0.0
2026-05-25 17:25:45,20260525_172452_dk2022_150mw_300mwh_soc10_90_v5,1,3675,93.016,0.0
2026-05-25 17:25:45,20260525_172452_dk2022_150mw_300mwh_soc10_90_v5,1,3676,93.016,0.0
2026-05-25 17:25:45,20260525_172452_dk2022_150mw_300mwh_soc10_90_v5,1,3677,93.016,0.0
2026-05-25 17:25:45,20260525_172452_dk2022_150mw_300mwh_soc10_90_v5,1,3678,93.016,0.0
2026-05-25 17:25:45,20260525_172452_dk2022_150mw_300mwh_soc10_90_v5,1,3679,93.016,0.0
2026-05-25 17:25:45,20260525_172452_dk2022_150mw_300mwh_soc10_90_v5,1,3680,93.016,0.0
2026-05-25 17:25:45,20260525_172452_dk2022_150mw_300mwh_soc10_90_v5,1,3681,93.016,0.0
2026-05-25 17:25:45,20260525_172452_dk2022_150mw_300mwh_soc10_90_v5,1,3682,93.016,0.0
2026-05-25 17:25:45,20260525_172452_dk2022_150mw_300mwh_soc10_90_v5,1,3683,93.016,0.0
2026-05-25 17:25:45,20260525_172452_dk2022_150mw_300mwh_soc10_90_v5,1,3684,93.016,0.0
2026-05-25 17:25:45,20260525_172452_dk2022_150mw_300mwh_soc10_90_v5,1,3685,93.016,0.0
2026-05-25 17:25:45,20260525_172452_dk2022_150mw_300mwh_soc10_90_v5,1,3686,93.016,0.0
2026-05-25 17:25:45,20260525_172452_dk2022_150mw_300mwh_soc10_90_v5,1,3687,93.016,0.0
2026-05-25 17:25:45,20260525_172452_dk2022_150mw_300mwh_soc10_90_v5,1,3688,93.016,0.0
2026-05-25 17:25:45,20260525_172452_dk2022_150mw_300mwh_soc10_90_v5,1,3689,93.016,0.0
2026-05-25 17:25:45,20260525_172452_dk2022_150mw_300mwh_soc10_90_v5,1,3690,93.016,0.0
2026-05-25 17:25:45,20260525_172452_dk2022_150mw_300mwh_soc10_90_v5,1,3691,93.016,0.0
2026-05-25 17:25:45,20260525_172452_dk2022_150mw_300mwh_soc10_90_v5,1,3692,93.016,0.0
2026-05-25 17:25:45,20260525_172452_dk2022_150mw_300mwh_soc10_90_v5,1,3693,93.016,0.0
2026-05-25 17:25:45,20260525_172452_dk2022_150mw_300mwh_soc10_90_v5,1,3694,93.016,0.0
2026-05-25 17:25:45,20260525_172452_dk2022_150mw_300mwh_soc10_90_v5,1,3695,93.016,0.0
2026-05-25 17:25:45,20260525_172452_dk2022_150mw_300mwh_soc10_90_v5,1,3696,93.016,0.0
2026-05-25 17:25:45,20260525_172452_dk2022_150mw_300mwh_soc10_90_v5,1,3697,93.016,0.0
2026-05-25 17:25:45,20260525_172452_dk2022_150mw_300mwh_soc10_90_v5,1,3698,93.016,0.0
2026-05-25 17:25:45,20260525_172452_dk2022_150mw_300mwh_soc10_90_v5,1,3699,93.016,0.0
2026-05-25 17:25:45,20260525_172452_dk2022_150mw_300mwh_soc10_90_v5,1,3700,93.016,0.0
2026-05-25 17:25:45,20260525_172452_dk2022_150mw_300mwh_soc10_90_v5,1,3701,93.016,0.0
2026-05-25 17:25:45,20260525_172452_dk2022_150mw_300mwh_soc10_90_v5,1,3702,93.016,0.0
2026-05-25 17:25:45,20260525_172452_dk2022_150mw_300mwh_soc10_90_v5,1,3703,93.016,0.0
2026-05-25 17:25:45,20260525_172452_dk2022_150mw_300mwh_soc10_90_v5,1,3704,93.016,0.0
2026-05-25 17:25:45,20260525_172452_dk2022_150mw_300mwh_soc10_90_v5,1,3705,93.016,0.0
2026-05-25 17:25:45,20260525_172452_dk2022_150mw_300mwh_soc10_90_v5,1,3706,93.016,0.0
2026-05-25 17:25:45,20260525_172452_dk2022_150mw_300mwh_soc10_90_v5,1,3707,93.016,0.0
2026-05-25 17:25:45,20260525_172452_dk2022_150mw_300mwh_soc10_90_v5,1,3708,93.016,0.0
2026-05-25 17:25:45,20260525_172452_dk2022_150mw_300mwh_soc10_90_v5,1,3709,93.016,0.0
2026-05-25 17:25:45,20260525_172452_dk2022_150mw_300mwh_soc10_90_v5,1,3710,93.016,0.0
2026-05-25 17:25:45,20260525_172452_dk2022_150mw_300mwh_soc10_90_v5,1,3711,93.016,0.0
2026-05-25 17:25:45,20260525_172452_dk2022_150mw_300mwh_soc10_90_v5,1,3712,93.016,0.0
2026-05-25 17:25:45,20260525_172452_dk2022_150mw_300mwh_soc10_90_v5,1,3713,93.016,0.0
2026-05-25 17:25:45,20260525_172452_dk2022_150mw_300mwh_soc10_90_v5,1,3714,93.016,0.0
2026-05-25 17:25:45,20260525_172452_dk2022_150mw_300mwh_soc10_90_v5,1,3715,93.016,0.0
2026-05-25 17:25:45,20260525_172452_dk2022_150mw_300mwh_soc10_90_v5,1,3716,93.016,0.0
2026-05-25 17:25:45,20260525_172452_dk2022_150mw_300mwh_soc10_90_v5,1,3717,93.016,0.0
2026-05-25 17:25:45,20260525_172452_dk2022_150mw_300mwh_soc10_90_v5,1,3718,93.016,0.0
2026-05-25 17:25:45,20260525_172452_dk2022_150mw_300mwh_soc10_90_v5,1,3719,93.016,0.0
2026-05-25 17:25:45,20260525_172452_dk2022_150mw_300mwh_soc10_90_v5,1,3720,93.016,0.0
2026-05-25 17:25:45,20260525_172452_dk2022_150mw_300mwh_soc10_90_v5,1,3721,93.016,0.0
2026-05-25 17:25:45,20260525_172452_dk2022_150mw_300mwh_soc10_90_v5,1,3722,93.016,0.0
2026-05-25 17:25:45,20260525_172452_dk2022_150mw_300mwh_soc10_90_v5,1,3723,93.016,0.0
2026-05-25 17:25:45,20260525_172452_dk2022_150mw_300mwh_soc10_90_v5,1,3724,93.016,0.0
2026-05-25 17:25:45,20260525_172452_dk2022_150mw_300mwh_soc10_90_v5,1,3725,93.016,0.0
2026-05-25 17:25:45,20260525_172452_dk2022_150mw_300mwh_soc10_90_v5,1,3726,93.016,3.70309301
2026-05-25 17:25:45,20260525_172452_dk2022_150mw_300mwh_soc10_90_v5,1,3727,93.016,0.0
2026-05-25 17:25:45,20260525_172452_dk2022_150mw_300mwh_soc10_90_v5,1,3728,93.016,0.0
2026-05-25 17:25:45,20260525_172452_dk2022_150mw_300mwh_soc10_90_v5,1,3729,93.016,0.0
2026-05-25 17:25:45,20260525_172452_dk2022_150mw_300mwh_soc10_90_v5,1,3730,93.016,0.0
2026-05-25 17:25:45,20260525_172452_dk2022_150mw_300mwh_soc10_90_v5,1,3731,93.016,0.0
2026-05-25 17:25:45,20260525_172452_dk2022_150mw_300mwh_soc10_90_v5,1,3732,93.016,0.0
2026-05-25 17:25:45,20260525_172452_dk2022_150mw_300mwh_soc10_90_v5,1,3733,93.016,0.0
2026-05-25 17:25:45,20260525_172452_dk2022_150mw_300mwh_soc10_90_v5,1,3734,93.016,0.0
2026-05-25 17:25:45,20260525_172452_dk2022_150mw_300mwh_soc10_90_v5,1,3735,93.016,0.0
2026-05-25 17:25:45,20260525_172452_dk2022_150mw_300mwh_soc10_90_v5,1,3736,93.016,0.0
2026-05-25 17:25:45,20260525_172452_dk2022_150mw_300mwh_soc10_90_v5,1,3737,93.016,0.0
2026-05-25 17:25:45,20260525_172452_dk2022_150mw_300mwh_soc10_90_v5,1,3738,93.016,0.0
2026-05-25 17:25:45,20260525_172452_dk2022_150mw_300mwh_soc10_90_v5,1,3739,93.016,0.0
2026-05-25 17:25:45,20260525_172452_dk2022_150mw_300mwh_soc10_90_v5,1,3740,93.016,0.0
2026-05-25 17:25:45,20260525_172452_dk2022_150mw_300mwh_soc10_90_v5,1,3741,93.016,0.0
2026-05-25 17:25:45,20260525_172452_dk2022_150mw_300mwh_soc10_90_v5,1,3742,93.016,0.0
2026-05-25 17:25:45,20260525_172452_dk2022_150mw_300mwh_soc10_90_v5,1,3743,93.016,0.0
2026-05-25 17:25:45,20260525_172452_dk2022_150mw_300mwh_soc10_90_v5,1,3744,93.016,0.0
2026-05-25 17:25:45,20260525_172452_dk2022_150mw_300mwh_soc10_90_v5,1,3745,93.016,0.0
2026-05-25 17:25:45,20260525_172452_dk2022_150mw_300mwh_soc10_90_v5,1,3746,93.016,0.0
2026-05-25 17:25:45,20260525_172452_dk2022_150mw_300mwh_soc10_90_v5,1,3747,93.016,0.0
2026-05-25 17:25:45,20260525_172452_dk2022_150mw_300mwh_soc10_90_v5,1,3748,93.016,-3.24911932
2026-05-25 17:25:45,20260525_172452_dk2022_150mw_300mwh_soc10_90_v5,1,3749,93.016,-3.24911932
2026-05-25 17:25:45,20260525_172452_dk2022_150mw_300mwh_soc10_90_v5,1,3750,93.016,0.0
2026-05-25 17:25:45,20260525_172452_dk2022_150mw_300mwh_soc10_90_v5,1,3751,93.016,0.0
2026-05-25 17:25:45,20260525_172452_dk2022_150mw_300mwh_soc10_90_v5,1,3752,93.016,0.0
2026-05-25 17:25:45,20260525_172452_dk2022_150mw_300mwh_soc10_90_v5,1,3753,93.016,0.0
2026-05-25 17:25:45,20260525_172452_dk2022_150mw_300mwh_soc10_90_v5,1,3754,93.016,0.0
2026-05-25 17:25:45,20260525_172452_dk2022_150mw_300mwh_soc10_90_v5,1,3755,93.016,0.0
2026-05-25 17:25:45,20260525_172452_dk2022_150mw_300mwh_soc10_90_v5,1,3756,93.016,0.0
2026-05-25 17:25:45,20260525_172452_dk2022_150mw_300mwh_soc10_90_v5,1,3757,93.016,0.0
2026-05-25 17:25:45,20260525_172452_dk2022_150mw_300mwh_soc10_90_v5,1,3758,93.016,0.0
2026-05-25 17:25:45,20260525_172452_dk2022_150mw_300mwh_soc10_90_v5,1,3759,93.016,0.0
2026-05-25 17:25:45,20260525_172452_dk2022_150mw_300mwh_soc10_90_v5,1,3760,93.016,0.0
2026-05-25 17:25:45,20260525_172452_dk2022_150mw_300mwh_soc10_90_v5,1,3761,93.016,0.0
2026-05-25 17:25:45,20260525_172452_dk2022_150mw_300mwh_soc10_90_v5,1,3762,93.016,0.0
2026-05-25 17:25:45,20260525_172452_dk2022_150mw_300mwh_soc10_90_v5,1,3763,93.016,0.0
2026-05-25 17:25:45,20260525_172452_dk2022_150mw_300mwh_soc10_90_v5,1,3764,93.016,0.0
2026-05-25 17:25:45,20260525_172452_dk2022_150mw_300mwh_soc10_90_v5,1,3765,93.016,0.0
2026-05-25 17:25:45,20260525_172452_dk2022_150mw_300mwh_soc10_90_v5,1,3766,93.016,0.0
2026-05-25 17:25:45,20260525_172452_dk2022_150mw_300mwh_soc10_90_v5,1,3767,93.016,0.0
2026-05-25 17:25:45,20260525_172452_dk2022_150mw_300mwh_soc10_90_v5,1,3768,93.016,0.0
2026-05-25 17:25:45,20260525_172452_dk2022_150mw_300mwh_soc10_90_v5,1,3769,93.016,0.0
2026-05-25 17:25:45,20260525_172452_dk2022_150mw_300mwh_soc10_90_v5,1,3770,93.016,0.0
2026-05-25 17:25:45,20260525_172452_dk2022_150mw_300mwh_soc10_90_v5,1,3771,93.016,0.0
2026-05-25 17:25:45,20260525_172452_dk2022_150mw_300mwh_soc10_90_v5,1,3772,93.016,0.0
2026-05-25 17:25:45,20260525_172452_dk2022_150mw_300mwh_soc10_90_v5,1,3773,93.016,0.0
2026-05-25 17:25:45,20260525_172452_dk2022_150mw_300mwh_soc10_90_v5,1,3774,93.016,0.0
2026-05-25 17:25:45,20260525_172452_dk2022_150mw_300mwh_soc10_90_v5,1,3775,93.016,0.0
2026-05-25 17:25:45,20260525_172452_dk2022_150mw_300mwh_soc10_90_v5,1,3776,93.016,0.0
2026-05-25 17:25:45,20260525_172452_dk2022_150mw_300mwh_soc10_90_v5,1,3777,93.016,0.0
2026-05-25 17:25:45,20260525_172452_dk2022_150mw_300mwh_soc10_90_v5,1,3778,93.016,0.0
2026-05-25 17:25:45,20260525_172452_dk2022_150mw_300mwh_soc10_90_v5,1,3779,93.016,0.0
2026-05-25 17:25:45,20260525_172452_dk2022_150mw_300mwh_soc10_90_v5,1,3780,93.016,0.0
2026-05-25 17:25:45,20260525_172452_dk2022_150mw_300mwh_soc10_90_v5,1,3781,93.016,0.0
2026-05-25 17:25:45,20260525_172452_dk2022_150mw_300mwh_soc10_90_v5,1,3782,93.016,0.0
2026-05-25 17:25:45,20260525_172452_dk2022_150mw_300mwh_soc10_90_v5,1,3783,93.016,0.0
2026-05-25 17:25:45,20260525_172452_dk2022_150mw_300mwh_soc10_90_v5,1,3784,93.016,0.0
2026-05-25 17:25:45,20260525_172452_dk2022_150mw_300mwh_soc10_90_v5,1,3785,93.016,0.0
2026-05-25 17:25:45,20260525_172452_dk2022_150mw_300mwh_soc10_90_v5,1,3786,93.016,0.0
2026-05-25 17:25:45,20260525_172452_dk2022_150mw_300mwh_soc10_90_v5,1,3787,93.016,0.0
2026-05-25 17:25:45,20260525_172452_dk2022_150mw_300mwh_soc10_90_v5,1,3788,93.016,0.0
2026-05-25 17:25:45,20260525_172452_dk2022_150mw_300mwh_soc10_90_v5,1,3789,93.016,0.0
2026-05-25 17:25:45,20260525_172452_dk2022_150mw_300mwh_soc10_90_v5,1,3790,93.016,0.0
2026-05-25 17:25:45,20260525_172452_dk2022_150mw_300mwh_soc10_90_v5,1,3791,93.016,0.0
2026-05-25 17:25:45,20260525_172452_dk2022_150mw_300mwh_soc10_90_v5,1,3792,93.016,0.0
2026-05-25 17:25:45,20260525_172452_dk2022_150mw_300mwh_soc10_90_v5,1,3793,93.016,0.0
2026-05-25 17:25:45,20260525_172452_dk2022_150mw_300mwh_soc10_90_v5,1,3794,93.016,0.0
2026-05-25 17:25:45,20260525_172452_dk2022_150mw_300mwh_soc10_90_v5,1,3795,93.016,0.0
2026-05-25 17:25:45,20260525_172452_dk2022_150mw_300mwh_soc10_90_v5,1,3796,93.016,0.0
2026-05-25 17:25:45,20260525_172452_dk2022_150mw_300mwh_soc10_90_v5,1,3797,93.016,0.0
2026-05-25 17:25:45,20260525_172452_dk2022_150mw_300mwh_soc10_90_v5,1,3798,93.016,0.0
2026-05-25 17:25:45,20260525_172452_dk2022_150mw_300mwh_soc10_90_v5,1,3799,93.016,0.0
2026-05-25 17:25:45,20260525_172452_dk2022_150mw_300mwh_soc10_90_v5,1,3800,93.016,0.0
2026-05-25 17:25:45,20260525_172452_dk2022_150mw_300mwh_soc10_90_v5,1,3801,93.016,0.0
2026-05-25 17:25:45,20260525_172452_dk2022_150mw_300mwh_soc10_90_v5,1,3802,93.016,0.0
2026-05-25 17:25:45,20260525_172452_dk2022_150mw_300mwh_soc10_90_v5,1,3803,93.016,0.0
2026-05-25 17:25:45,20260525_172452_dk2022_150mw_300mwh_soc10_90_v5,1,3804,93.016,0.0
2026-05-25 17:25:45,20260525_172452_dk2022_150mw_300mwh_soc10_90_v5,1,3805,93.016,0.0
2026-05-25 17:25:45,20260525_172452_dk2022_150mw_300mwh_soc10_90_v5,1,3806,93.016,0.0
2026-05-25 17:25:45,20260525_172452_dk2022_150mw_300mwh_soc10_90_v5,1,3807,93.016,0.0
2026-05-25 17:25:45,20260525_172452_dk2022_150mw_300mwh_soc10_90_v5,1,3808,93.016,0.0
2026-05-25 17:25:45,20260525_172452_dk2022_150mw_300mwh_soc10_90_v5,1,3809,93.016,0.0
2026-05-25 17:25:45,20260525_172452_dk2022_150mw_300mwh_soc10_90_v5,1,3810,93.016,0.0
2026-05-25 17:25:45,20260525_172452_dk2022_150mw_300mwh_soc10_90_v5,1,3811,93.016,0.0
2026-05-25 17:25:45,20260525_172452_dk2022_150mw_300mwh_soc10_90_v5,1,3812,93.016,0.0
2026-05-25 17:25:45,20260525_172452_dk2022_150mw_300mwh_soc10_90_v5,1,3813,93.016,0.0
2026-05-25 17:25:45,20260525_172452_dk2022_150mw_300mwh_soc10_90_v5,1,3814,93.016,0.0
2026-05-25 17:25:45,20260525_172452_dk2022_150mw_300mwh_soc10_90_v5,1,3815,93.016,0.0
2026-05-25 17:25:45,20260525_172452_dk2022_150mw_300mwh_soc10_90_v5,1,3816,93.016,0.0
2026-05-25 17:25:45,20260525_172452_dk2022_150mw_300mwh_soc10_90_v5,1,3817,93.016,0.0
2026-05-25 17:25:45,20260525_172452_dk2022_150mw_300mwh_soc10_90_v5,1,3818,93.016,0.0
2026-05-25 17:25:45,20260525_172452_dk2022_150mw_300mwh_soc10_90_v5,1,3819,93.016,0.0
2026-05-25 17:25:45,20260525_172452_dk2022_150mw_300mwh_soc10_90_v5,1,3820,93.016,0.0
2026-05-25 17:25:45,20260525_172452_dk2022_150mw_300mwh_soc10_90_v5,1,3821,93.016,0.0
2026-05-25 17:25:45,20260525_172452_dk2022_150mw_300mwh_soc10_90_v5,1,3822,93.016,0.0
2026-05-25 17:25:45,20260525_172452_dk2022_150mw_300mwh_soc10_90_v5,1,3823,93.016,0.0
2026-05-25 17:25:45,20260525_172452_dk2022_150mw_300mwh_soc10_90_v5,1,3824,93.016,0.0
2026-05-25 17:25:45,20260525_172452_dk2022_150mw_300mwh_soc10_90_v5,1,3825,93.016,0.0
2026-05-25 17:25:45,20260525_172452_dk2022_150mw_300mwh_soc10_90_v5,1,3826,93.016,0.0
2026-05-25 17:25:45,20260525_172452_dk2022_150mw_300mwh_soc10_90_v5,1,3827,93.016,0.0
2026-05-25 17:25:45,20260525_172452_dk2022_150mw_300mwh_soc10_90_v5,1,3828,93.016,0.0
2026-05-25 17:25:45,20260525_172452_dk2022_150mw_300mwh_soc10_90_v5,1,3829,93.016,0.0
2026-05-25 17:25:45,20260525_172452_dk2022_150mw_300mwh_soc10_90_v5,1,3830,93.016,0.0
2026-05-25 17:25:45,20260525_172452_dk2022_150mw_300mwh_soc10_90_v5,1,3831,93.016,0.0
2026-05-25 17:25:45,20260525_172452_dk2022_150mw_300mwh_soc10_90_v5,1,3832,93.016,0.0
2026-05-25 17:25:45,20260525_172452_dk2022_150mw_300mwh_soc10_90_v5,1,3833,93.016,0.0
2026-05-25 17:25:45,20260525_172452_dk2022_150mw_300mwh_soc10_90_v5,1,3834,93.016,0.0
2026-05-25 17:25:45,20260525_172452_dk2022_150mw_300mwh_soc10_90_v5,1,3835,93.016,0.0
2026-05-25 17:25:45,20260525_172452_dk2022_150mw_300mwh_soc10_90_v5,1,3836,93.016,0.0
2026-05-25 17:25:45,20260525_172452_dk2022_150mw_300mwh_soc10_90_v5,1,3837,93.016,0.0
2026-05-25 17:25:45,20260525_172452_dk2022_150mw_300mwh_soc10_90_v5,1,3838,93.016,0.0
2026-05-25 17:25:45,20260525_172452_dk2022_150mw_300mwh_soc10_90_v5,1,3839,93.016,0.0
2026-05-25 17:25:45,20260525_172452_dk2022_150mw_300mwh_soc10_90_v5,1,3840,93.016,0.0
2026-05-25 17:25:45,20260525_172452_dk2022_150mw_300mwh_soc10_90_v5,1,3841,93.016,0.0
2026-05-25 17:25:45,20260525_172452_dk2022_150mw_300mwh_soc10_90_v5,1,3842,93.016,0.0
2026-05-25 17:25:45,20260525_172452_dk2022_150mw_300mwh_soc10_90_v5,1,3843,93.016,0.0
2026-05-25 17:25:45,20260525_172452_dk2022_150mw_300mwh_soc10_90_v5,1,3844,93.016,0.0
2026-05-25 17:25:45,20260525_172452_dk2022_150mw_300mwh_soc10_90_v5,1,3845,93.016,0.0
2026-05-25 17:25:45,20260525_172452_dk2022_150mw_300mwh_soc10_90_v5,1,3846,93.016,0.0
2026-05-25 17:25:45,20260525_172452_dk2022_150mw_300mwh_soc10_90_v5,1,3847,93.016,0.0
2026-05-25 17:25:45,20260525_172452_dk2022_150mw_300mwh_soc10_90_v5,1,3848,93.016,0.0
2026-05-25 17:25:45,20260525_172452_dk2022_150mw_300mwh_soc10_90_v5,1,3849,93.016,0.0
2026-05-25 17:25:45,20260525_172452_dk2022_150mw_300mwh_soc10_90_v5,1,3850,93.016,0.0
2026-05-25 17:25:45,20260525_172452_dk2022_150mw_300mwh_soc10_90_v5,1,3851,93.016,0.0
2026-05-25 17:25:45,20260525_172452_dk2022_150mw_300mwh_soc10_90_v5,1,3852,93.016,0.0
2026-05-25 17:25:45,20260525_172452_dk2022_150mw_300mwh_soc10_90_v5,1,3853,93.016,0.0
2026-05-25 17:25:45,20260525_172452_dk2022_150mw_300mwh_soc10_90_v5,1,3854,93.016,0.0
2026-05-25 17:25:45,20260525_172452_dk2022_150mw_300mwh_soc10_90_v5,1,3855,93.016,0.0
2026-05-25 17:25:45,20260525_172452_dk2022_150mw_300mwh_soc10_90_v5,1,3856,93.016,0.0
2026-05-25 17:25:45,20260525_172452_dk2022_150mw_300mwh_soc10_90_v5,1,3857,93.016,0.0
2026-05-25 17:25:45,20260525_172452_dk2022_150mw_300mwh_soc10_90_v5,1,3858,93.016,0.0
2026-05-25 17:25:45,20260525_172452_dk2022_150mw_300mwh_soc10_90_v5,1,3859,93.016,0.0
2026-05-25 17:25:45,20260525_172452_dk2022_150mw_300mwh_soc10_90_v5,1,3860,93.016,0.0
2026-05-25 17:25:45,20260525_172452_dk2022_150mw_300mwh_soc10_90_v5,1,3861,93.016,0.0
2026-05-25 17:25:45,20260525_172452_dk2022_150mw_300mwh_soc10_90_v5,1,3862,93.016,0.0
2026-05-25 17:25:45,20260525_172452_dk2022_150mw_300mwh_soc10_90_v5,1,3863,93.016,0.0
2026-05-25 17:25:45,20260525_172452_dk2022_150mw_300mwh_soc10_90_v5,1,3864,93.016,0.0
2026-05-25 17:25:45,20260525_172452_dk2022_150mw_300mwh_soc10_90_v5,1,3865,93.016,0.0
2026-05-25 17:25:45,20260525_172452_dk2022_150mw_300mwh_soc10_90_v5,1,3866,93.016,0.0
2026-05-25 17:25:45,20260525_172452_dk2022_150mw_300mwh_soc10_90_v5,1,3867,93.016,0.0
2026-05-25 17:25:45,20260525_172452_dk2022_150mw_300mwh_soc10_90_v5,1,3868,93.016,0.0
2026-05-25 17:25:45,20260525_172452_dk2022_150mw_300mwh_soc10_90_v5,1,3869,93.016,0.0
2026-05-25 17:25:45,20260525_172452_dk2022_150mw_300mwh_soc10_90_v5,1,3870,93.016,0.0
2026-05-25 17:25:45,20260525_172452_dk2022_150mw_300mwh_soc10_90_v5,1,3871,93.016,0.0
2026-05-25 17:25:45,20260525_172452_dk2022_150mw_300mwh_soc10_90_v5,1,3872,93.016,0.0
2026-05-25 17:25:45,20260525_172452_dk2022_150mw_300mwh_soc10_90_v5,1,3873,93.016,0.0
2026-05-25 17:25:45,20260525_172452_dk2022_150mw_300mwh_soc10_90_v5,1,3874,93.016,0.0
2026-05-25 17:25:45,20260525_172452_dk2022_150mw_300mwh_soc10_90_v5,1,3875,93.016,0.0
2026-05-25 17:25:45,20260525_172452_dk2022_150mw_300mwh_soc10_90_v5,1,3876,93.016,0.0
2026-05-25 17:25:45,20260525_172452_dk2022_150mw_300mwh_soc10_90_v5,1,3877,93.016,0.0
2026-05-25 17:25:45,20260525_172452_dk2022_150mw_300mwh_soc10_90_v5,1,3878,93.016,0.0
2026-05-25 17:25:45,20260525_172452_dk2022_150mw_300mwh_soc10_90_v5,1,3879,93.016,0.0
2026-05-25 17:25:45,20260525_172452_dk2022_150mw_300mwh_soc10_90_v5,1,3880,93.016,0.0
2026-05-25 17:25:45,20260525_172452_dk2022_150mw_300mwh_soc10_90_v5,1,3881,93.016,0.0
2026-05-25 17:25:45,20260525_172452_dk2022_150mw_300mwh_soc10_90_v5,1,3882,93.016,0.0
2026-05-25 17:25:45,20260525_172452_dk2022_150mw_300mwh_soc10_90_v5,1,3883,93.016,0.0
2026-05-25 17:25:45,20260525_172452_dk2022_150mw_300mwh_soc10_90_v5,1,3884,93.016,0.0
2026-05-25 17:25:45,20260525_172452_dk2022_150mw_300mwh_soc10_90_v5,1,3885,93.016,0.0
2026-05-25 17:25:45,20260525_172452_dk2022_150mw_300mwh_soc10_90_v5,1,3886,93.016,0.0
2026-05-25 17:25:45,20260525_172452_dk2022_150mw_300mwh_soc10_90_v5,1,3887,93.016,0.0
2026-05-25 17:25:45,20260525_172452_dk2022_150mw_300mwh_soc10_90_v5,1,3888,93.016,0.0
2026-05-25 17:25:45,20260525_172452_dk2022_150mw_300mwh_soc10_90_v5,1,3889,93.016,0.0
2026-05-25 17:25:45,20260525_172452_dk2022_150mw_300mwh_soc10_90_v5,1,3890,93.016,0.0
2026-05-25 17:25:45,20260525_172452_dk2022_150mw_300mwh_soc10_90_v5,1,3891,93.016,0.0
2026-05-25 17:25:45,20260525_172452_dk2022_150mw_300mwh_soc10_90_v5,1,3892,93.016,0.0
2026-05-25 17:25:45,20260525_172452_dk2022_150mw_300mwh_soc10_90_v5,1,3893,93.016,0.0
2026-05-25 17:25:45,20260525_172452_dk2022_150mw_300mwh_soc10_90_v5,1,3894,93.016,0.0
2026-05-25 17:25:45,20260525_172452_dk2022_150mw_300mwh_soc10_90_v5,1,3895,93.016,0.0
2026-05-25 17:25:45,20260525_172452_dk2022_150mw_300mwh_soc10_90_v5,1,3896,93.016,0.0
2026-05-25 17:25:45,20260525_172452_dk2022_150mw_300mwh_soc10_90_v5,1,3897,93.016,0.0
2026-05-25 17:25:45,20260525_172452_dk2022_150mw_300mwh_soc10_90_v5,1,3898,93.016,0.0
2026-05-25 17:25:45,20260525_172452_dk2022_150mw_300mwh_soc10_90_v5,1,3899,93.016,0.0
2026-05-25 17:25:45,20260525_172452_dk2022_150mw_300mwh_soc10_90_v5,1,3900,93.016,0.0
2026-05-25 17:25:45,20260525_172452_dk2022_150mw_300mwh_soc10_90_v5,1,3901,93.016,0.0
2026-05-25 17:25:45,20260525_172452_dk2022_150mw_300mwh_soc10_90_v5,1,3902,93.016,0.0
2026-05-25 17:25:45,20260525_172452_dk2022_150mw_300mwh_soc10_90_v5,1,3903,93.016,0.0
2026-05-25 17:25:45,20260525_172452_dk2022_150mw_300mwh_soc10_90_v5,1,3904,93.016,0.0
2026-05-25 17:25:45,20260525_172452_dk2022_150mw_300mwh_soc10_90_v5,1,3905,93.016,0.0
2026-05-25 17:25:45,20260525_172452_dk2022_150mw_300mwh_soc10_90_v5,1,3906,93.016,0.0
2026-05-25 17:25:45,20260525_172452_dk2022_150mw_300mwh_soc10_90_v5,1,3907,93.016,0.0
2026-05-25 17:25:45,20260525_172452_dk2022_150mw_300mwh_soc10_90_v5,1,3908,93.016,0.0
2026-05-25 17:25:45,20260525_172452_dk2022_150mw_300mwh_soc10_90_v5,1,3909,93.016,0.0
2026-05-25 17:25:45,20260525_172452_dk2022_150mw_300mwh_soc10_90_v5,1,3910,93.016,0.0
2026-05-25 17:25:45,20260525_172452_dk2022_150mw_300mwh_soc10_90_v5,1,3911,93.016,0.0
2026-05-25 17:25:45,20260525_172452_dk2022_150mw_300mwh_soc10_90_v5,1,3912,93.016,0.0
2026-05-25 17:25:45,20260525_172452_dk2022_150mw_300mwh_soc10_90_v5,1,3913,93.016,0.0
2026-05-25 17:25:45,20260525_172452_dk2022_150mw_300mwh_soc10_90_v5,1,3914,93.016,0.0
2026-05-25 17:25:45,20260525_172452_dk2022_150mw_300mwh_soc10_90_v5,1,3915,93.016,0.0
2026-05-25 17:25:45,20260525_172452_dk2022_150mw_300mwh_soc10_90_v5,1,3916,93.016,0.0
2026-05-25 17:25:45,20260525_172452_dk2022_150mw_300mwh_soc10_90_v5,1,3917,93.016,0.0
2026-05-25 17:25:45,20260525_172452_dk2022_150mw_300mwh_soc10_90_v5,1,3918,93.016,0.0
2026-05-25 17:25:45,20260525_172452_dk2022_150mw_300mwh_soc10_90_v5,1,3919,93.016,0.0
2026-05-25 17:25:45,20260525_172452_dk2022_150mw_300mwh_soc10_90_v5,1,3920,93.016,0.0
2026-05-25 17:25:45,20260525_172452_dk2022_150mw_300mwh_soc10_90_v5,1,3921,93.016,0.0
2026-05-25 17:25:45,20260525_172452_dk2022_150mw_300mwh_soc10_90_v5,1,3922,93.016,0.0
2026-05-25 17:25:45,20260525_172452_dk2022_150mw_300mwh_soc10_90_v5,1,3923,93.016,0.0
2026-05-25 17:25:45,20260525_172452_dk2022_150mw_300mwh_soc10_90_v5,1,3924,93.016,0.0
2026-05-25 17:25:45,20260525_172452_dk2022_150mw_300mwh_soc10_90_v5,1,3925,93.016,0.0
2026-05-25 17:25:45,20260525_172452_dk2022_150mw_300mwh_soc10_90_v5,1,3926,93.016,0.0
2026-05-25 17:25:45,20260525_172452_dk2022_150mw_300mwh_soc10_90_v5,1,3927,93.016,0.0
2026-05-25 17:25:45,20260525_172452_dk2022_150mw_300mwh_soc10_90_v5,1,3928,93.016,0.0
2026-05-25 17:25:45,20260525_172452_dk2022_150mw_300mwh_soc10_90_v5,1,3929,93.016,0.0
2026-05-25 17:25:45,20260525_172452_dk2022_150mw_300mwh_soc10_90_v5,1,3930,93.016,0.0
2026-05-25 17:25:45,20260525_172452_dk2022_150mw_300mwh_soc10_90_v5,1,3931,93.016,0.0
2026-05-25 17:25:45,20260525_172452_dk2022_150mw_300mwh_soc10_90_v5,1,3932,93.016,0.0
2026-05-25 17:25:45,20260525_172452_dk2022_150mw_300mwh_soc10_90_v5,1,3933,93.016,0.0
2026-05-25 17:25:45,20260525_172452_dk2022_150mw_300mwh_soc10_90_v5,1,3934,93.016,0.0
2026-05-25 17:25:45,20260525_172452_dk2022_150mw_300mwh_soc10_90_v5,1,3935,93.016,0.0
2026-05-25 17:25:45,20260525_172452_dk2022_150mw_300mwh_soc10_90_v5,1,3936,93.016,0.0
2026-05-25 17:25:45,20260525_172452_dk2022_150mw_300mwh_soc10_90_v5,1,3937,93.016,0.0
2026-05-25 17:25:45,20260525_172452_dk2022_150mw_300mwh_soc10_90_v5,1,3938,93.016,0.0
2026-05-25 17:25:45,20260525_172452_dk2022_150mw_300mwh_soc10_90_v5,1,3939,93.016,0.0
2026-05-25 17:25:45,20260525_172452_dk2022_150mw_300mwh_soc10_90_v5,1,3940,93.016,0.0
2026-05-25 17:25:45,20260525_172452_dk2022_150mw_300mwh_soc10_90_v5,1,3941,93.016,0.0
2026-05-25 17:25:45,20260525_172452_dk2022_150mw_300mwh_soc10_90_v5,1,3942,93.016,0.0
2026-05-25 17:25:45,20260525_172452_dk2022_150mw_300mwh_soc10_90_v5,1,3943,93.016,0.0
2026-05-25 17:25:45,20260525_172452_dk2022_150mw_300mwh_soc10_90_v5,1,3944,93.016,0.0
2026-05-25 17:25:45,20260525_172452_dk2022_150mw_300mwh_soc10_90_v5,1,3945,93.016,0.0
2026-05-25 17:25:45,20260525_172452_dk2022_150mw_300mwh_soc10_90_v5,1,3946,93.016,0.0
2026-05-25 17:25:45,20260525_172452_dk2022_150mw_300mwh_soc10_90_v5,1,3947,93.016,0.0
2026-05-25 17:25:45,20260525_172452_dk2022_150mw_300mwh_soc10_90_v5,1,3948,93.016,0.0
2026-05-25 17:25:45,20260525_172452_dk2022_150mw_300mwh_soc10_90_v5,1,3949,93.016,0.0
2026-05-25 17:25:45,20260525_172452_dk2022_150mw_300mwh_soc10_90_v5,1,3950,93.016,0.0
2026-05-25 17:25:45,20260525_172452_dk2022_150mw_300mwh_soc10_90_v5,1,3951,93.016,0.0
2026-05-25 17:25:45,20260525_172452_dk2022_150mw_300mwh_soc10_90_v5,1,3952,93.016,0.0
2026-05-25 17:25:45,20260525_172452_dk2022_150mw_300mwh_soc10_90_v5,1,3953,93.016,0.0
2026-05-25 17:25:45,20260525_172452_dk2022_150mw_300mwh_soc10_90_v5,1,3954,93.016,0.0
2026-05-25 17:25:45,20260525_172452_dk2022_150mw_300mwh_soc10_90_v5,1,3955,93.016,0.0
2026-05-25 17:25:45,20260525_172452_dk2022_150mw_300mwh_soc10_90_v5,1,3956,93.016,0.0
2026-05-25 17:25:45,20260525_172452_dk2022_150mw_300mwh_soc10_90_v5,1,3957,93.016,0.0
2026-05-25 17:25:45,20260525_172452_dk2022_150mw_300mwh_soc10_90_v5,1,3958,93.016,0.0
2026-05-25 17:25:45,20260525_172452_dk2022_150mw_300mwh_soc10_90_v5,1,3959,93.016,0.0
2026-05-25 17:25:45,20260525_172452_dk2022_150mw_300mwh_soc10_90_v5,1,3960,93.016,0.0
2026-05-25 17:25:45,20260525_172452_dk2022_150mw_300mwh_soc10_90_v5,1,3961,93.016,0.0
2026-05-25 17:25:45,20260525_172452_dk2022_150mw_300mwh_soc10_90_v5,1,3962,93.016,0.0
2026-05-25 17:25:45,20260525_172452_dk2022_150mw_300mwh_soc10_90_v5,1,3963,93.016,0.0
2026-05-25 17:25:45,20260525_172452_dk2022_150mw_300mwh_soc10_90_v5,1,3964,93.016,0.0
2026-05-25 17:25:45,20260525_172452_dk2022_150mw_300mwh_soc10_90_v5,1,3965,93.016,0.0
2026-05-25 17:25:45,20260525_172452_dk2022_150mw_300mwh_soc10_90_v5,1,3966,93.016,0.0
2026-05-25 17:25:45,20260525_172452_dk2022_150mw_300mwh_soc10_90_v5,1,3967,93.016,0.0
2026-05-25 17:25:45,20260525_172452_dk2022_150mw_300mwh_soc10_90_v5,1,3968,93.016,0.0
2026-05-25 17:25:45,20260525_172452_dk2022_150mw_300mwh_soc10_90_v5,1,3969,93.016,0.0
2026-05-25 17:25:45,20260525_172452_dk2022_150mw_300mwh_soc10_90_v5,1,3970,93.016,0.0
2026-05-25 17:25:45,20260525_172452_dk2022_150mw_300mwh_soc10_90_v5,1,3971,93.016,0.0
2026-05-25 17:25:45,20260525_172452_dk2022_150mw_300mwh_soc10_90_v5,1,3972,93.016,0.0
2026-05-25 17:25:45,20260525_172452_dk2022_150mw_300mwh_soc10_90_v5,1,3973,93.016,0.0
2026-05-25 17:25:45,20260525_172452_dk2022_150mw_300mwh_soc10_90_v5,1,3974,93.016,0.0
2026-05-25 17:25:45,20260525_172452_dk2022_150mw_300mwh_soc10_90_v5,1,3975,93.016,0.0
2026-05-25 17:25:45,20260525_172452_dk2022_150mw_300mwh_soc10_90_v5,1,3976,93.016,0.0
2026-05-25 17:25:45,20260525_172452_dk2022_150mw_300mwh_soc10_90_v5,1,3977,93.016,0.0
2026-05-25 17:25:45,20260525_172452_dk2022_150mw_300mwh_soc10_90_v5,1,3978,93.016,0.0
2026-05-25 17:25:45,20260525_172452_dk2022_150mw_300mwh_soc10_90_v5,1,3979,93.016,0.0
2026-05-25 17:25:45,20260525_172452_dk2022_150mw_300mwh_soc10_90_v5,1,3980,93.016,0.0
2026-05-25 17:25:45,20260525_172452_dk2022_150mw_300mwh_soc10_90_v5,1,3981,93.016,0.0
2026-05-25 17:25:45,20260525_172452_dk2022_150mw_300mwh_soc10_90_v5,1,3982,93.016,0.0
2026-05-25 17:25:45,20260525_172452_dk2022_150mw_300mwh_soc10_90_v5,1,3983,93.016,0.0
2026-05-25 17:25:45,20260525_172452_dk2022_150mw_300mwh_soc10_90_v5,1,3984,93.016,0.0
2026-05-25 17:25:45,20260525_172452_dk2022_150mw_300mwh_soc10_90_v5,1,3985,93.016,0.0
2026-05-25 17:25:45,20260525_172452_dk2022_150mw_300mwh_soc10_90_v5,1,3986,93.016,0.0
2026-05-25 17:25:45,20260525_172452_dk2022_150mw_300mwh_soc10_90_v5,1,3987,93.016,0.0
2026-05-25 17:25:45,20260525_172452_dk2022_150mw_300mwh_soc10_90_v5,1,3988,93.016,0.0
2026-05-25 17:25:45,20260525_172452_dk2022_150mw_300mwh_soc10_90_v5,1,3989,93.016,0.0
2026-05-25 17:25:45,20260525_172452_dk2022_150mw_300mwh_soc10_90_v5,1,3990,93.016,0.0
2026-05-25 17:25:45,20260525_172452_dk2022_150mw_300mwh_soc10_90_v5,1,3991,93.016,0.0
2026-05-25 17:25:45,20260525_172452_dk2022_150mw_300mwh_soc10_90_v5,1,3992,93.016,0.0
2026-05-25 17:25:45,20260525_172452_dk2022_150mw_300mwh_soc10_90_v5,1,3993,93.016,0.0
2026-05-25 17:25:45,20260525_172452_dk2022_150mw_300mwh_soc10_90_v5,1,3994,93.016,0.0
2026-05-25 17:25:45,20260525_172452_dk2022_150mw_300mwh_soc10_90_v5,1,3995,93.016,0.0
2026-05-25 17:25:45,20260525_172452_dk2022_150mw_300mwh_soc10_90_v5,1,3996,93.016,0.0
2026-05-25 17:25:45,20260525_172452_dk2022_150mw_300mwh_soc10_90_v5,1,3997,93.016,0.0
2026-05-25 17:25:45,20260525_172452_dk2022_150mw_300mwh_soc10_90_v5,1,3998,93.016,0.0
2026-05-25 17:25:45,20260525_172452_dk2022_150mw_300mwh_soc10_90_v5,1,3999,93.016,0.0
2026-05-25 17:25:45,20260525_172452_dk2022_150mw_300mwh_soc10_90_v5,1,4000,93.016,0.0
2026-05-25 17:25:45,20260525_172452_dk2022_150mw_300mwh_soc10_90_v5,1,4001,93.016,0.0
2026-05-25 17:25:45,20260525_172452_dk2022_150mw_300mwh_soc10_90_v5,1,4002,93.016,0.0
2026-05-25 17:25:45,20260525_172452_dk2022_150mw_300mwh_soc10_90_v5,1,4003,93.016,0.0
2026-05-25 17:25:45,20260525_172452_dk2022_150mw_300mwh_soc10_90_v5,1,4004,93.016,0.0
2026-05-25 17:25:45,20260525_172452_dk2022_150mw_300mwh_soc10_90_v5,1,4005,93.016,0.0
2026-05-25 17:25:45,20260525_172452_dk2022_150mw_300mwh_soc10_90_v5,1,4006,93.016,0.0
2026-05-25 17:25:45,20260525_172452_dk2022_150mw_300mwh_soc10_90_v5,1,4007,93.016,0.0
2026-05-25 17:25:45,20260525_172452_dk2022_150mw_300mwh_soc10_90_v5,1,4008,93.016,0.0
2026-05-25 17:25:45,20260525_172452_dk2022_150mw_300mwh_soc10_90_v5,1,4009,93.016,0.0
2026-05-25 17:25:45,20260525_172452_dk2022_150mw_300mwh_soc10_90_v5,1,4010,93.016,0.0
2026-05-25 17:25:45,20260525_172452_dk2022_150mw_300mwh_soc10_90_v5,1,4011,93.016,0.0
2026-05-25 17:25:45,20260525_172452_dk2022_150mw_300mwh_soc10_90_v5,1,4012,93.016,0.0
2026-05-25 17:25:45,20260525_172452_dk2022_150mw_300mwh_soc10_90_v5,1,4013,93.016,0.0
2026-05-25 17:25:45,20260525_172452_dk2022_150mw_300mwh_soc10_90_v5,1,4014,93.016,0.0
2026-05-25 17:25:45,20260525_172452_dk2022_150mw_300mwh_soc10_90_v5,1,4015,93.016,0.0
2026-05-25 17:25:45,20260525_172452_dk2022_150mw_300mwh_soc10_90_v5,1,4016,93.016,0.0
2026-05-25 17:25:45,20260525_172452_dk2022_150mw_300mwh_soc10_90_v5,1,4017,93.016,0.0
2026-05-25 17:25:45,20260525_172452_dk2022_150mw_300mwh_soc10_90_v5,1,4018,93.016,0.0
2026-05-25 17:25:45,20260525_172452_dk2022_150mw_300mwh_soc10_90_v5,1,4019,93.016,0.0
2026-05-25 17:25:45,20260525_172452_dk2022_150mw_300mwh_soc10_90_v5,1,4020,93.016,0.0
2026-05-25 17:25:45,20260525_172452_dk2022_150mw_300mwh_soc10_90_v5,1,4021,93.016,0.0
2026-05-25 17:25:45,20260525_172452_dk2022_150mw_300mwh_soc10_90_v5,1,4022,93.016,0.0
2026-05-25 17:25:45,20260525_172452_dk2022_150mw_300mwh_soc10_90_v5,1,4023,93.016,0.0
2026-05-25 17:25:45,20260525_172452_dk2022_150mw_300mwh_soc10_90_v5,1,4024,93.016,0.0
2026-05-25 17:25:45,20260525_172452_dk2022_150mw_300mwh_soc10_90_v5,1,4025,93.016,0.0
2026-05-25 17:25:45,20260525_172452_dk2022_150mw_300mwh_soc10_90_v5,1,4026,93.016,0.0
2026-05-25 17:25:45,20260525_172452_dk2022_150mw_300mwh_soc10_90_v5,1,4027,93.016,0.0
2026-05-25 17:25:45,20260525_172452_dk2022_150mw_300mwh_soc10_90_v5,1,4028,93.016,0.0
2026-05-25 17:25:45,20260525_172452_dk2022_150mw_300mwh_soc10_90_v5,1,4029,93.016,0.0
2026-05-25 17:25:45,20260525_172452_dk2022_150mw_300mwh_soc10_90_v5,1,4030,93.016,0.0
2026-05-25 17:25:45,20260525_172452_dk2022_150mw_300mwh_soc10_90_v5,1,4031,93.016,0.0
2026-05-25 17:25:45,20260525_172452_dk2022_150mw_300mwh_soc10_90_v5,1,4032,93.016,0.0
2026-05-25 17:25:45,20260525_172452_dk2022_150mw_300mwh_soc10_90_v5,1,4033,93.016,0.0
2026-05-25 17:25:45,20260525_172452_dk2022_150mw_300mwh_soc10_90_v5,1,4034,93.016,0.0
2026-05-25 17:25:45,20260525_172452_dk2022_150mw_300mwh_soc10_90_v5,1,4035,93.016,0.0
2026-05-25 17:25:45,20260525_172452_dk2022_150mw_300mwh_soc10_90_v5,1,4036,93.016,0.0
2026-05-25 17:25:45,20260525_172452_dk2022_150mw_300mwh_soc10_90_v5,1,4037,93.016,0.0
2026-05-25 17:25:45,20260525_172452_dk2022_150mw_300mwh_soc10_90_v5,1,4038,93.016,0.0
2026-05-25 17:25:45,20260525_172452_dk2022_150mw_300mwh_soc10_90_v5,1,4039,93.016,0.0
2026-05-25 17:25:45,20260525_172452_dk2022_150mw_300mwh_soc10_90_v5,1,4040,93.016,0.0
2026-05-25 17:25:45,20260525_172452_dk2022_150mw_300mwh_soc10_90_v5,1,4041,93.016,0.0
2026-05-25 17:25:45,20260525_172452_dk2022_150mw_300mwh_soc10_90_v5,1,4042,93.016,0.0
2026-05-25 17:25:45,20260525_172452_dk2022_150mw_300mwh_soc10_90_v5,1,4043,93.016,0.0
2026-05-25 17:25:45,20260525_172452_dk2022_150mw_300mwh_soc10_90_v5,1,4044,93.016,0.0
2026-05-25 17:25:45,20260525_172452_dk2022_150mw_300mwh_soc10_90_v5,1,4045,93.016,0.0
2026-05-25 17:25:45,20260525_172452_dk2022_150mw_300mwh_soc10_90_v5,1,4046,93.016,0.0
2026-05-25 17:25:45,20260525_172452_dk2022_150mw_300mwh_soc10_90_v5,1,4047,93.016,0.0
2026-05-25 17:25:45,20260525_172452_dk2022_150mw_300mwh_soc10_90_v5,1,4048,93.016,0.0
2026-05-25 17:25:45,20260525_172452_dk2022_150mw_300mwh_soc10_90_v5,1,4049,93.016,0.0
2026-05-25 17:25:45,20260525_172452_dk2022_150mw_300mwh_soc10_90_v5,1,4050,93.016,0.0
2026-05-25 17:25:45,20260525_172452_dk2022_150mw_300mwh_soc10_90_v5,1,4051,93.016,0.0
2026-05-25 17:25:45,20260525_172452_dk2022_150mw_300mwh_soc10_90_v5,1,4052,93.016,0.0
2026-05-25 17:25:45,20260525_172452_dk2022_150mw_300mwh_soc10_90_v5,1,4053,93.016,0.0
2026-05-25 17:25:45,20260525_172452_dk2022_150mw_300mwh_soc10_90_v5,1,4054,93.016,0.0
2026-05-25 17:25:45,20260525_172452_dk2022_150mw_300mwh_soc10_90_v5,1,4055,93.016,0.0
2026-05-25 17:25:45,20260525_172452_dk2022_150mw_300mwh_soc10_90_v5,1,4056,93.016,0.0
2026-05-25 17:25:45,20260525_172452_dk2022_150mw_300mwh_soc10_90_v5,1,4057,93.016,0.0
2026-05-25 17:25:45,20260525_172452_dk2022_150mw_300mwh_soc10_90_v5,1,4058,93.016,0.0
2026-05-25 17:25:45,20260525_172452_dk2022_150mw_300mwh_soc10_90_v5,1,4059,93.016,0.0
2026-05-25 17:25:45,20260525_172452_dk2022_150mw_300mwh_soc10_90_v5,1,4060,93.016,0.0
2026-05-25 17:25:45,20260525_172452_dk2022_150mw_300mwh_soc10_90_v5,1,4061,93.016,0.0
2026-05-25 17:25:45,20260525_172452_dk2022_150mw_300mwh_soc10_90_v5,1,4062,93.016,0.0
2026-05-25 17:25:45,20260525_172452_dk2022_150mw_300mwh_soc10_90_v5,1,4063,93.016,0.0
2026-05-25 17:25:45,20260525_172452_dk2022_150mw_300mwh_soc10_90_v5,1,4064,93.016,0.0
2026-05-25 17:25:45,20260525_172452_dk2022_150mw_300mwh_soc10_90_v5,1,4065,93.016,0.0
2026-05-25 17:25:45,20260525_172452_dk2022_150mw_300mwh_soc10_90_v5,1,4066,93.016,0.0
2026-05-25 17:25:45,20260525_172452_dk2022_150mw_300mwh_soc10_90_v5,1,4067,93.016,0.0
2026-05-25 17:25:45,20260525_172452_dk2022_150mw_300mwh_soc10_90_v5,1,4068,93.016,0.0
2026-05-25 17:25:45,20260525_172452_dk2022_150mw_300mwh_soc10_90_v5,1,4069,93.016,0.0
2026-05-25 17:25:45,20260525_172452_dk2022_150mw_300mwh_soc10_90_v5,1,4070,93.016,0.0
2026-05-25 17:25:45,20260525_172452_dk2022_150mw_300mwh_soc10_90_v5,1,4071,93.016,0.0
2026-05-25 17:25:45,20260525_172452_dk2022_150mw_300mwh_soc10_90_v5,1,4072,93.016,0.0
2026-05-25 17:25:45,20260525_172452_dk2022_150mw_300mwh_soc10_90_v5,1,4073,93.016,0.0
2026-05-25 17:25:45,20260525_172452_dk2022_150mw_300mwh_soc10_90_v5,1,4074,93.016,0.0
2026-05-25 17:25:45,20260525_172452_dk2022_150mw_300mwh_soc10_90_v5,1,4075,93.016,0.0
2026-05-25 17:25:45,20260525_172452_dk2022_150mw_300mwh_soc10_90_v5,1,4076,93.016,0.0
2026-05-25 17:25:45,20260525_172452_dk2022_150mw_300mwh_soc10_90_v5,1,4077,93.016,0.0
2026-05-25 17:25:45,20260525_172452_dk2022_150mw_300mwh_soc10_90_v5,1,4078,93.016,0.0
2026-05-25 17:25:45,20260525_172452_dk2022_150mw_300mwh_soc10_90_v5,1,4079,93.016,0.0
2026-05-25 17:25:45,20260525_172452_dk2022_150mw_300mwh_soc10_90_v5,1,4080,93.016,0.0
2026-05-25 17:25:45,20260525_172452_dk2022_150mw_300mwh_soc10_90_v5,1,4081,93.016,0.0
2026-05-25 17:25:45,20260525_172452_dk2022_150mw_300mwh_soc10_90_v5,1,4082,93.016,0.0
2026-05-25 17:25:45,20260525_172452_dk2022_150mw_300mwh_soc10_90_v5,1,4083,93.016,0.0
2026-05-25 17:25:45,20260525_172452_dk2022_150mw_300mwh_soc10_90_v5,1,4084,93.016,0.0
2026-05-25 17:25:45,20260525_172452_dk2022_150mw_300mwh_soc10_90_v5,1,4085,93.016,0.0
2026-05-25 17:25:45,20260525_172452_dk2022_150mw_300mwh_soc10_90_v5,1,4086,93.016,0.0
2026-05-25 17:25:45,20260525_172452_dk2022_150mw_300mwh_soc10_90_v5,1,4087,93.016,0.0
2026-05-25 17:25:45,20260525_172452_dk2022_150mw_300mwh_soc10_90_v5,1,4088,93.016,0.0
2026-05-25 17:25:45,20260525_172452_dk2022_150mw_300mwh_soc10_90_v5,1,4089,93.016,0.0
2026-05-25 17:25:45,20260525_172452_dk2022_150mw_300mwh_soc10_90_v5,1,4090,93.016,0.0
2026-05-25 17:25:45,20260525_172452_dk2022_150mw_300mwh_soc10_90_v5,1,4091,93.016,0.0
2026-05-25 17:25:45,20260525_172452_dk2022_150mw_300mwh_soc10_90_v5,1,4092,93.016,0.0
2026-05-25 17:25:45,20260525_172452_dk2022_150mw_300mwh_soc10_90_v5,1,4093,93.016,0.0
2026-05-25 17:25:45,20260525_172452_dk2022_150mw_300mwh_soc10_90_v5,1,4094,93.016,3.70309301
2026-05-25 17:25:45,20260525_172452_dk2022_150mw_300mwh_soc10_90_v5,1,4095,93.016,0.0
2026-05-25 17:25:45,20260525_172452_dk2022_150mw_300mwh_soc10_90_v5,1,4096,93.016,0.0
2026-05-25 17:25:45,20260525_172452_dk2022_150mw_300mwh_soc10_90_v5,1,4097,93.016,0.0
2026-05-25 17:25:45,20260525_172452_dk2022_150mw_300mwh_soc10_90_v5,1,4098,93.016,0.0
2026-05-25 17:25:45,20260525_172452_dk2022_150mw_300mwh_soc10_90_v5,1,4099,93.016,0.0
2026-05-25 17:25:45,20260525_172452_dk2022_150mw_300mwh_soc10_90_v5,1,4100,93.016,0.0
2026-05-25 17:25:45,20260525_172452_dk2022_150mw_300mwh_soc10_90_v5,1,4101,93.016,0.0
2026-05-25 17:25:45,20260525_172452_dk2022_150mw_300mwh_soc10_90_v5,1,4102,93.016,-3.24911932
2026-05-25 17:25:45,20260525_172452_dk2022_150mw_300mwh_soc10_90_v5,1,4103,93.016,-3.24911932
2026-05-25 17:25:45,20260525_172452_dk2022_150mw_300mwh_soc10_90_v5,1,4104,93.016,0.0
2026-05-25 17:25:45,20260525_172452_dk2022_150mw_300mwh_soc10_90_v5,1,4105,93.016,0.0
2026-05-25 17:25:45,20260525_172452_dk2022_150mw_300mwh_soc10_90_v5,1,4106,93.016,0.0
2026-05-25 17:25:45,20260525_172452_dk2022_150mw_300mwh_soc10_90_v5,1,4107,93.016,0.0
2026-05-25 17:25:45,20260525_172452_dk2022_150mw_300mwh_soc10_90_v5,1,4108,93.016,0.0
2026-05-25 17:25:45,20260525_172452_dk2022_150mw_300mwh_soc10_90_v5,1,4109,93.016,0.0
2026-05-25 17:25:45,20260525_172452_dk2022_150mw_300mwh_soc10_90_v5,1,4110,93.016,0.0
2026-05-25 17:25:45,20260525_172452_dk2022_150mw_300mwh_soc10_90_v5,1,4111,93.016,0.0
2026-05-25 17:25:45,20260525_172452_dk2022_150mw_300mwh_soc10_90_v5,1,4112,93.016,0.0
2026-05-25 17:25:45,20260525_172452_dk2022_150mw_300mwh_soc10_90_v5,1,4113,93.016,0.0
2026-05-25 17:25:45,20260525_172452_dk2022_150mw_300mwh_soc10_90_v5,1,4114,93.016,0.0
2026-05-25 17:25:45,20260525_172452_dk2022_150mw_300mwh_soc10_90_v5,1,4115,93.016,0.0
2026-05-25 17:25:45,20260525_172452_dk2022_150mw_300mwh_soc10_90_v5,1,4116,93.016,0.0
2026-05-25 17:25:45,20260525_172452_dk2022_150mw_300mwh_soc10_90_v5,1,4117,93.016,0.0
2026-05-25 17:25:45,20260525_172452_dk2022_150mw_300mwh_soc10_90_v5,1,4118,93.016,0.0
2026-05-25 17:25:45,20260525_172452_dk2022_150mw_300mwh_soc10_90_v5,1,4119,93.016,0.0
2026-05-25 17:25:45,20260525_172452_dk2022_150mw_300mwh_soc10_90_v5,1,4120,93.016,0.0
2026-05-25 17:25:45,20260525_172452_dk2022_150mw_300mwh_soc10_90_v5,1,4121,93.016,0.0
2026-05-25 17:25:45,20260525_172452_dk2022_150mw_300mwh_soc10_90_v5,1,4122,93.016,0.0
2026-05-25 17:25:45,20260525_172452_dk2022_150mw_300mwh_soc10_90_v5,1,4123,93.016,0.0
2026-05-25 17:25:45,20260525_172452_dk2022_150mw_300mwh_soc10_90_v5,1,4124,93.016,0.0
2026-05-25 17:25:45,20260525_172452_dk2022_150mw_300mwh_soc10_90_v5,1,4125,93.016,0.0
2026-05-25 17:25:45,20260525_172452_dk2022_150mw_300mwh_soc10_90_v5,1,4126,93.016,0.0
2026-05-25 17:25:45,20260525_172452_dk2022_150mw_300mwh_soc10_90_v5,1,4127,93.016,0.0
2026-05-25 17:25:45,20260525_172452_dk2022_150mw_300mwh_soc10_90_v5,1,4128,93.016,0.0
2026-05-25 17:25:45,20260525_172452_dk2022_150mw_300mwh_soc10_90_v5,1,4129,93.016,0.0
2026-05-25 17:25:45,20260525_172452_dk2022_150mw_300mwh_soc10_90_v5,1,4130,93.016,0.0
2026-05-25 17:25:45,20260525_172452_dk2022_150mw_300mwh_soc10_90_v5,1,4131,93.016,0.0
2026-05-25 17:25:45,20260525_172452_dk2022_150mw_300mwh_soc10_90_v5,1,4132,93.016,0.0
2026-05-25 17:25:45,20260525_172452_dk2022_150mw_300mwh_soc10_90_v5,1,4133,93.016,0.0
2026-05-25 17:25:45,20260525_172452_dk2022_150mw_300mwh_soc10_90_v5,1,4134,93.016,0.0
2026-05-25 17:25:45,20260525_172452_dk2022_150mw_300mwh_soc10_90_v5,1,4135,93.016,0.0
2026-05-25 17:25:45,20260525_172452_dk2022_150mw_300mwh_soc10_90_v5,1,4136,93.016,0.0
2026-05-25 17:25:45,20260525_172452_dk2022_150mw_300mwh_soc10_90_v5,1,4137,93.016,0.0
2026-05-25 17:25:45,20260525_172452_dk2022_150mw_300mwh_soc10_90_v5,1,4138,93.016,0.0
2026-05-25 17:25:45,20260525_172452_dk2022_150mw_300mwh_soc10_90_v5,1,4139,93.016,0.0
2026-05-25 17:25:45,20260525_172452_dk2022_150mw_300mwh_soc10_90_v5,1,4140,93.016,0.0
2026-05-25 17:25:45,20260525_172452_dk2022_150mw_300mwh_soc10_90_v5,1,4141,93.016,0.0
2026-05-25 17:25:45,20260525_172452_dk2022_150mw_300mwh_soc10_90_v5,1,4142,93.016,0.0
2026-05-25 17:25:45,20260525_172452_dk2022_150mw_300mwh_soc10_90_v5,1,4143,93.016,0.0
2026-05-25 17:25:45,20260525_172452_dk2022_150mw_300mwh_soc10_90_v5,1,4144,93.016,0.0
2026-05-25 17:25:45,20260525_172452_dk2022_150mw_300mwh_soc10_90_v5,1,4145,93.016,0.0
2026-05-25 17:25:45,20260525_172452_dk2022_150mw_300mwh_soc10_90_v5,1,4146,93.016,0.0
2026-05-25 17:25:45,20260525_172452_dk2022_150mw_300mwh_soc10_90_v5,1,4147,93.016,0.0
2026-05-25 17:25:45,20260525_172452_dk2022_150mw_300mwh_soc10_90_v5,1,4148,93.016,0.0
2026-05-25 17:25:45,20260525_172452_dk2022_150mw_300mwh_soc10_90_v5,1,4149,93.016,0.0
2026-05-25 17:25:45,20260525_172452_dk2022_150mw_300mwh_soc10_90_v5,1,4150,93.016,0.0
2026-05-25 17:25:45,20260525_172452_dk2022_150mw_300mwh_soc10_90_v5,1,4151,93.016,0.0
2026-05-25 17:25:45,20260525_172452_dk2022_150mw_300mwh_soc10_90_v5,1,4152,93.016,0.0
2026-05-25 17:25:45,20260525_172452_dk2022_150mw_300mwh_soc10_90_v5,1,4153,93.016,0.0
2026-05-25 17:25:45,20260525_172452_dk2022_150mw_300mwh_soc10_90_v5,1,4154,93.016,0.0
2026-05-25 17:25:45,20260525_172452_dk2022_150mw_300mwh_soc10_90_v5,1,4155,93.016,0.0
2026-05-25 17:25:45,20260525_172452_dk2022_150mw_300mwh_soc10_90_v5,1,4156,93.016,0.0
2026-05-25 17:25:45,20260525_172452_dk2022_150mw_300mwh_soc10_90_v5,1,4157,93.016,0.0
2026-05-25 17:25:45,20260525_172452_dk2022_150mw_300mwh_soc10_90_v5,1,4158,93.016,0.0
2026-05-25 17:25:45,20260525_172452_dk2022_150mw_300mwh_soc10_90_v5,1,4159,93.016,0.0
2026-05-25 17:25:45,20260525_172452_dk2022_150mw_300mwh_soc10_90_v5,1,4160,93.016,0.0
2026-05-25 17:25:45,20260525_172452_dk2022_150mw_300mwh_soc10_90_v5,1,4161,93.016,0.0
2026-05-25 17:25:45,20260525_172452_dk2022_150mw_300mwh_soc10_90_v5,1,4162,93.016,0.0
2026-05-25 17:25:45,20260525_172452_dk2022_150mw_300mwh_soc10_90_v5,1,4163,93.016,0.0
2026-05-25 17:25:45,20260525_172452_dk2022_150mw_300mwh_soc10_90_v5,1,4164,93.016,0.0
2026-05-25 17:25:45,20260525_172452_dk2022_150mw_300mwh_soc10_90_v5,1,4165,93.016,0.0
2026-05-25 17:25:45,20260525_172452_dk2022_150mw_300mwh_soc10_90_v5,1,4166,93.016,0.0
2026-05-25 17:25:45,20260525_172452_dk2022_150mw_300mwh_soc10_90_v5,1,4167,93.016,0.0
2026-05-25 17:25:45,20260525_172452_dk2022_150mw_300mwh_soc10_90_v5,1,4168,93.016,0.0
2026-05-25 17:25:45,20260525_172452_dk2022_150mw_300mwh_soc10_90_v5,1,4169,93.016,0.0
2026-05-25 17:25:45,20260525_172452_dk2022_150mw_300mwh_soc10_90_v5,1,4170,93.016,0.0
2026-05-25 17:25:45,20260525_172452_dk2022_150mw_300mwh_soc10_90_v5,1,4171,93.016,0.0
2026-05-25 17:25:45,20260525_172452_dk2022_150mw_300mwh_soc10_90_v5,1,4172,93.016,0.0
2026-05-25 17:25:45,20260525_172452_dk2022_150mw_300mwh_soc10_90_v5,1,4173,93.016,3.70309301
2026-05-25 17:25:45,20260525_172452_dk2022_150mw_300mwh_soc10_90_v5,1,4174,93.016,0.0
2026-05-25 17:25:45,20260525_172452_dk2022_150mw_300mwh_soc10_90_v5,1,4175,93.016,0.0
2026-05-25 17:25:45,20260525_172452_dk2022_150mw_300mwh_soc10_90_v5,1,4176,93.016,0.0
2026-05-25 17:25:45,20260525_172452_dk2022_150mw_300mwh_soc10_90_v5,1,4177,93.016,0.0
2026-05-25 17:25:45,20260525_172452_dk2022_150mw_300mwh_soc10_90_v5,1,4178,93.016,0.0
2026-05-25 17:25:45,20260525_172452_dk2022_150mw_300mwh_soc10_90_v5,1,4179,93.016,-3.24911932
2026-05-25 17:25:45,20260525_172452_dk2022_150mw_300mwh_soc10_90_v5,1,4180,93.016,-3.24911932
2026-05-25 17:25:45,20260525_172452_dk2022_150mw_300mwh_soc10_90_v5,1,4181,93.016,0.0
2026-05-25 17:25:45,20260525_172452_dk2022_150mw_300mwh_soc10_90_v5,1,4182,93.016,0.0
2026-05-25 17:25:45,20260525_172452_dk2022_150mw_300mwh_soc10_90_v5,1,4183,93.016,0.0
2026-05-25 17:25:45,20260525_172452_dk2022_150mw_300mwh_soc10_90_v5,1,4184,93.016,0.0
2026-05-25 17:25:45,20260525_172452_dk2022_150mw_300mwh_soc10_90_v5,1,4185,93.016,0.0
2026-05-25 17:25:45,20260525_172452_dk2022_150mw_300mwh_soc10_90_v5,1,4186,93.016,0.0
2026-05-25 17:25:45,20260525_172452_dk2022_150mw_300mwh_soc10_90_v5,1,4187,93.016,0.0
2026-05-25 17:25:45,20260525_172452_dk2022_150mw_300mwh_soc10_90_v5,1,4188,93.016,0.0
2026-05-25 17:25:45,20260525_172452_dk2022_150mw_300mwh_soc10_90_v5,1,4189,93.016,0.0
2026-05-25 17:25:45,20260525_172452_dk2022_150mw_300mwh_soc10_90_v5,1,4190,93.016,0.0
2026-05-25 17:25:45,20260525_172452_dk2022_150mw_300mwh_soc10_90_v5,1,4191,93.016,0.0
2026-05-25 17:25:45,20260525_172452_dk2022_150mw_300mwh_soc10_90_v5,1,4192,93.016,0.0
2026-05-25 17:25:45,20260525_172452_dk2022_150mw_300mwh_soc10_90_v5,1,4193,93.016,0.0
2026-05-25 17:25:45,20260525_172452_dk2022_150mw_300mwh_soc10_90_v5,1,4194,93.016,0.0
2026-05-25 17:25:45,20260525_172452_dk2022_150mw_300mwh_soc10_90_v5,1,4195,93.016,0.0
2026-05-25 17:25:45,20260525_172452_dk2022_150mw_300mwh_soc10_90_v5,1,4196,93.016,0.0
2026-05-25 17:25:45,20260525_172452_dk2022_150mw_300mwh_soc10_90_v5,1,4197,93.016,0.0
2026-05-25 17:25:45,20260525_172452_dk2022_150mw_300mwh_soc10_90_v5,1,4198,93.016,0.0
2026-05-25 17:25:45,20260525_172452_dk2022_150mw_300mwh_soc10_90_v5,1,4199,93.016,0.0
2026-05-25 17:25:45,20260525_172452_dk2022_150mw_300mwh_soc10_90_v5,1,4200,93.016,0.0
2026-05-25 17:25:45,20260525_172452_dk2022_150mw_300mwh_soc10_90_v5,1,4201,93.016,0.0
2026-05-25 17:25:45,20260525_172452_dk2022_150mw_300mwh_soc10_90_v5,1,4202,93.016,0.0
2026-05-25 17:25:45,20260525_172452_dk2022_150mw_300mwh_soc10_90_v5,1,4203,93.016,0.0
2026-05-25 17:25:45,20260525_172452_dk2022_150mw_300mwh_soc10_90_v5,1,4204,93.016,0.0
2026-05-25 17:25:45,20260525_172452_dk2022_150mw_300mwh_soc10_90_v5,1,4205,93.016,0.0
2026-05-25 17:25:45,20260525_172452_dk2022_150mw_300mwh_soc10_90_v5,1,4206,93.016,0.0
2026-05-25 17:25:45,20260525_172452_dk2022_150mw_300mwh_soc10_90_v5,1,4207,93.016,0.0
2026-05-25 17:25:45,20260525_172452_dk2022_150mw_300mwh_soc10_90_v5,1,4208,93.016,0.0
2026-05-25 17:25:45,20260525_172452_dk2022_150mw_300mwh_soc10_90_v5,1,4209,93.016,0.0
2026-05-25 17:25:45,20260525_172452_dk2022_150mw_300mwh_soc10_90_v5,1,4210,93.016,0.0
2026-05-25 17:25:45,20260525_172452_dk2022_150mw_300mwh_soc10_90_v5,1,4211,93.016,0.0
2026-05-25 17:25:45,20260525_172452_dk2022_150mw_300mwh_soc10_90_v5,1,4212,93.016,0.0
2026-05-25 17:25:45,20260525_172452_dk2022_150mw_300mwh_soc10_90_v5,1,4213,93.016,0.0
2026-05-25 17:25:45,20260525_172452_dk2022_150mw_300mwh_soc10_90_v5,1,4214,93.016,0.0
2026-05-25 17:25:45,20260525_172452_dk2022_150mw_300mwh_soc10_90_v5,1,4215,93.016,0.0
2026-05-25 17:25:45,20260525_172452_dk2022_150mw_300mwh_soc10_90_v5,1,4216,93.016,0.0
2026-05-25 17:25:45,20260525_172452_dk2022_150mw_300mwh_soc10_90_v5,1,4217,93.016,0.0
2026-05-25 17:25:45,20260525_172452_dk2022_150mw_300mwh_soc10_90_v5,1,4218,93.016,0.0
2026-05-25 17:25:45,20260525_172452_dk2022_150mw_300mwh_soc10_90_v5,1,4219,93.016,0.0
2026-05-25 17:25:45,20260525_172452_dk2022_150mw_300mwh_soc10_90_v5,1,4220,93.016,0.0
2026-05-25 17:25:45,20260525_172452_dk2022_150mw_300mwh_soc10_90_v5,1,4221,93.016,0.0
2026-05-25 17:25:45,20260525_172452_dk2022_150mw_300mwh_soc10_90_v5,1,4222,93.016,0.0
2026-05-25 17:25:45,20260525_172452_dk2022_150mw_300mwh_soc10_90_v5,1,4223,93.016,0.0
2026-05-25 17:25:45,20260525_172452_dk2022_150mw_300mwh_soc10_90_v5,1,4224,93.016,0.0
2026-05-25 17:25:45,20260525_172452_dk2022_150mw_300mwh_soc10_90_v5,1,4225,93.016,0.0
2026-05-25 17:25:45,20260525_172452_dk2022_150mw_300mwh_soc10_90_v5,1,4226,93.016,0.0
2026-05-25 17:25:45,20260525_172452_dk2022_150mw_300mwh_soc10_90_v5,1,4227,93.016,0.0
2026-05-25 17:25:45,20260525_172452_dk2022_150mw_300mwh_soc10_90_v5,1,4228,93.016,0.0
2026-05-25 17:25:45,20260525_172452_dk2022_150mw_300mwh_soc10_90_v5,1,4229,93.016,0.0
2026-05-25 17:25:45,20260525_172452_dk2022_150mw_300mwh_soc10_90_v5,1,4230,93.016,0.0
2026-05-25 17:25:45,20260525_172452_dk2022_150mw_300mwh_soc10_90_v5,1,4231,93.016,0.0
2026-05-25 17:25:45,20260525_172452_dk2022_150mw_300mwh_soc10_90_v5,1,4232,93.016,0.0
2026-05-25 17:25:45,20260525_172452_dk2022_150mw_300mwh_soc10_90_v5,1,4233,93.016,0.0
2026-05-25 17:25:45,20260525_172452_dk2022_150mw_300mwh_soc10_90_v5,1,4234,93.016,0.0
2026-05-25 17:25:45,20260525_172452_dk2022_150mw_300mwh_soc10_90_v5,1,4235,93.016,0.0
2026-05-25 17:25:45,20260525_172452_dk2022_150mw_300mwh_soc10_90_v5,1,4236,93.016,0.0
2026-05-25 17:25:45,20260525_172452_dk2022_150mw_300mwh_soc10_90_v5,1,4237,93.016,0.0
2026-05-25 17:25:45,20260525_172452_dk2022_150mw_300mwh_soc10_90_v5,1,4238,93.016,0.0
2026-05-25 17:25:45,20260525_172452_dk2022_150mw_300mwh_soc10_90_v5,1,4239,93.016,0.0
2026-05-25 17:25:45,20260525_172452_dk2022_150mw_300mwh_soc10_90_v5,1,4240,93.016,0.0
2026-05-25 17:25:45,20260525_172452_dk2022_150mw_300mwh_soc10_90_v5,1,4241,93.016,0.0
2026-05-25 17:25:45,20260525_172452_dk2022_150mw_300mwh_soc10_90_v5,1,4242,93.016,0.0
2026-05-25 17:25:45,20260525_172452_dk2022_150mw_300mwh_soc10_90_v5,1,4243,93.016,0.0
2026-05-25 17:25:45,20260525_172452_dk2022_150mw_300mwh_soc10_90_v5,1,4244,93.016,0.0
2026-05-25 17:25:45,20260525_172452_dk2022_150mw_300mwh_soc10_90_v5,1,4245,93.016,0.0
2026-05-25 17:25:45,20260525_172452_dk2022_150mw_300mwh_soc10_90_v5,1,4246,93.016,0.0
2026-05-25 17:25:45,20260525_172452_dk2022_150mw_300mwh_soc10_90_v5,1,4247,93.016,0.0
2026-05-25 17:25:45,20260525_172452_dk2022_150mw_300mwh_soc10_90_v5,1,4248,93.016,0.0
2026-05-25 17:25:45,20260525_172452_dk2022_150mw_300mwh_soc10_90_v5,1,4249,93.016,0.0
2026-05-25 17:25:45,20260525_172452_dk2022_150mw_300mwh_soc10_90_v5,1,4250,93.016,0.0
2026-05-25 17:25:45,20260525_172452_dk2022_150mw_300mwh_soc10_90_v5,1,4251,93.016,0.0
2026-05-25 17:25:45,20260525_172452_dk2022_150mw_300mwh_soc10_90_v5,1,4252,93.016,0.0
2026-05-25 17:25:45,20260525_172452_dk2022_150mw_300mwh_soc10_90_v5,1,4253,93.016,0.0
2026-05-25 17:25:45,20260525_172452_dk2022_150mw_300mwh_soc10_90_v5,1,4254,93.016,0.0
2026-05-25 17:25:45,20260525_172452_dk2022_150mw_300mwh_soc10_90_v5,1,4255,93.016,0.0
2026-05-25 17:25:45,20260525_172452_dk2022_150mw_300mwh_soc10_90_v5,1,4256,93.016,0.0
2026-05-25 17:25:45,20260525_172452_dk2022_150mw_300mwh_soc10_90_v5,1,4257,93.016,0.0
2026-05-25 17:25:45,20260525_172452_dk2022_150mw_300mwh_soc10_90_v5,1,4258,93.016,0.0
2026-05-25 17:25:45,20260525_172452_dk2022_150mw_300mwh_soc10_90_v5,1,4259,93.016,0.0
2026-05-25 17:25:45,20260525_172452_dk2022_150mw_300mwh_soc10_90_v5,1,4260,93.016,0.0
2026-05-25 17:25:45,20260525_172452_dk2022_150mw_300mwh_soc10_90_v5,1,4261,93.016,0.0
2026-05-25 17:25:45,20260525_172452_dk2022_150mw_300mwh_soc10_90_v5,1,4262,93.016,0.0
2026-05-25 17:25:45,20260525_172452_dk2022_150mw_300mwh_soc10_90_v5,1,4263,93.016,0.0
2026-05-25 17:25:45,20260525_172452_dk2022_150mw_300mwh_soc10_90_v5,1,4264,93.016,0.0
2026-05-25 17:25:45,20260525_172452_dk2022_150mw_300mwh_soc10_90_v5,1,4265,93.016,0.0
2026-05-25 17:25:45,20260525_172452_dk2022_150mw_300mwh_soc10_90_v5,1,4266,93.016,0.0
2026-05-25 17:25:45,20260525_172452_dk2022_150mw_300mwh_soc10_90_v5,1,4267,93.016,0.0
2026-05-25 17:25:45,20260525_172452_dk2022_150mw_300mwh_soc10_90_v5,1,4268,93.016,0.0
2026-05-25 17:25:45,20260525_172452_dk2022_150mw_300mwh_soc10_90_v5,1,4269,93.016,0.0
2026-05-25 17:25:45,20260525_172452_dk2022_150mw_300mwh_soc10_90_v5,1,4270,93.016,0.0
2026-05-25 17:25:45,20260525_172452_dk2022_150mw_300mwh_soc10_90_v5,1,4271,93.016,0.0
2026-05-25 17:25:45,20260525_172452_dk2022_150mw_300mwh_soc10_90_v5,1,4272,93.016,0.0
2026-05-25 17:25:45,20260525_172452_dk2022_150mw_300mwh_soc10_90_v5,1,4273,93.016,0.0
2026-05-25 17:25:45,20260525_172452_dk2022_150mw_300mwh_soc10_90_v5,1,4274,93.016,0.0
2026-05-25 17:25:45,20260525_172452_dk2022_150mw_300mwh_soc10_90_v5,1,4275,93.016,0.0
2026-05-25 17:25:45,20260525_172452_dk2022_150mw_300mwh_soc10_90_v5,1,4276,93.016,0.0
2026-05-25 17:25:45,20260525_172452_dk2022_150mw_300mwh_soc10_90_v5,1,4277,93.016,0.0
2026-05-25 17:25:45,20260525_172452_dk2022_150mw_300mwh_soc10_90_v5,1,4278,93.016,0.0
2026-05-25 17:25:45,20260525_172452_dk2022_150mw_300mwh_soc10_90_v5,1,4279,93.016,0.0
2026-05-25 17:25:45,20260525_172452_dk2022_150mw_300mwh_soc10_90_v5,1,4280,93.016,0.0
2026-05-25 17:25:45,20260525_172452_dk2022_150mw_300mwh_soc10_90_v5,1,4281,93.016,0.0
2026-05-25 17:25:45,20260525_172452_dk2022_150mw_300mwh_soc10_90_v5,1,4282,93.016,0.0
2026-05-25 17:25:45,20260525_172452_dk2022_150mw_300mwh_soc10_90_v5,1,4283,93.016,0.0
2026-05-25 17:25:45,20260525_172452_dk2022_150mw_300mwh_soc10_90_v5,1,4284,93.016,0.0
2026-05-25 17:25:45,20260525_172452_dk2022_150mw_300mwh_soc10_90_v5,1,4285,93.016,0.0
2026-05-25 17:25:45,20260525_172452_dk2022_150mw_300mwh_soc10_90_v5,1,4286,93.016,3.70309301
2026-05-25 17:25:45,20260525_172452_dk2022_150mw_300mwh_soc10_90_v5,1,4287,93.016,0.0
2026-05-25 17:25:45,20260525_172452_dk2022_150mw_300mwh_soc10_90_v5,1,4288,93.016,0.0
2026-05-25 17:25:45,20260525_172452_dk2022_150mw_300mwh_soc10_90_v5,1,4289,93.016,0.0
2026-05-25 17:25:45,20260525_172452_dk2022_150mw_300mwh_soc10_90_v5,1,4290,93.016,0.0
2026-05-25 17:25:45,20260525_172452_dk2022_150mw_300mwh_soc10_90_v5,1,4291,93.016,0.0
2026-05-25 17:25:45,20260525_172452_dk2022_150mw_300mwh_soc10_90_v5,1,4292,93.016,0.0
2026-05-25 17:25:45,20260525_172452_dk2022_150mw_300mwh_soc10_90_v5,1,4293,93.016,0.0
2026-05-25 17:25:45,20260525_172452_dk2022_150mw_300mwh_soc10_90_v5,1,4294,93.016,0.0
2026-05-25 17:25:45,20260525_172452_dk2022_150mw_300mwh_soc10_90_v5,1,4295,93.016,0.0
2026-05-25 17:25:45,20260525_172452_dk2022_150mw_300mwh_soc10_90_v5,1,4296,93.016,0.0
2026-05-25 17:25:45,20260525_172452_dk2022_150mw_300mwh_soc10_90_v5,1,4297,93.016,0.0
2026-05-25 17:25:45,20260525_172452_dk2022_150mw_300mwh_soc10_90_v5,1,4298,93.016,0.0
2026-05-25 17:25:45,20260525_172452_dk2022_150mw_300mwh_soc10_90_v5,1,4299,93.016,0.0
2026-05-25 17:25:45,20260525_172452_dk2022_150mw_300mwh_soc10_90_v5,1,4300,93.016,0.0
2026-05-25 17:25:45,20260525_172452_dk2022_150mw_300mwh_soc10_90_v5,1,4301,93.016,0.0
2026-05-25 17:25:45,20260525_172452_dk2022_150mw_300mwh_soc10_90_v5,1,4302,93.016,0.0
2026-05-25 17:25:45,20260525_172452_dk2022_150mw_300mwh_soc10_90_v5,1,4303,93.016,0.0
2026-05-25 17:25:45,20260525_172452_dk2022_150mw_300mwh_soc10_90_v5,1,4304,93.016,0.0
2026-05-25 17:25:45,20260525_172452_dk2022_150mw_300mwh_soc10_90_v5,1,4305,93.016,0.0
2026-05-25 17:25:45,20260525_172452_dk2022_150mw_300mwh_soc10_90_v5,1,4306,93.016,0.0
2026-05-25 17:25:45,20260525_172452_dk2022_150mw_300mwh_soc10_90_v5,1,4307,93.016,0.0
2026-05-25 17:25:45,20260525_172452_dk2022_150mw_300mwh_soc10_90_v5,1,4308,93.016,0.0
2026-05-25 17:25:45,20260525_172452_dk2022_150mw_300mwh_soc10_90_v5,1,4309,93.016,0.0
2026-05-25 17:25:45,20260525_172452_dk2022_150mw_300mwh_soc10_90_v5,1,4310,93.016,0.0
2026-05-25 17:25:45,20260525_172452_dk2022_150mw_300mwh_soc10_90_v5,1,4311,93.016,0.0
2026-05-25 17:25:45,20260525_172452_dk2022_150mw_300mwh_soc10_90_v5,1,4312,93.016,0.0
2026-05-25 17:25:45,20260525_172452_dk2022_150mw_300mwh_soc10_90_v5,1,4313,93.016,0.0
2026-05-25 17:25:45,20260525_172452_dk2022_150mw_300mwh_soc10_90_v5,1,4314,93.016,0.0
2026-05-25 17:25:45,20260525_172452_dk2022_150mw_300mwh_soc10_90_v5,1,4315,93.016,0.0
2026-05-25 17:25:45,20260525_172452_dk2022_150mw_300mwh_soc10_90_v5,1,4316,93.016,0.0
2026-05-25 17:25:45,20260525_172452_dk2022_150mw_300mwh_soc10_90_v5,1,4317,93.016,0.0
2026-05-25 17:25:45,20260525_172452_dk2022_150mw_300mwh_soc10_90_v5,1,4318,93.016,0.0
2026-05-25 17:25:45,20260525_172452_dk2022_150mw_300mwh_soc10_90_v5,1,4319,93.016,0.0
2026-05-25 17:25:45,20260525_172452_dk2022_150mw_300mwh_soc10_90_v5,1,4320,93.016,0.0
2026-05-25 17:25:45,20260525_172452_dk2022_150mw_300mwh_soc10_90_v5,1,4321,93.016,0.0
2026-05-25 17:25:45,20260525_172452_dk2022_150mw_300mwh_soc10_90_v5,1,4322,93.016,0.0
2026-05-25 17:25:45,20260525_172452_dk2022_150mw_300mwh_soc10_90_v5,1,4323,93.016,0.0
2026-05-25 17:25:45,20260525_172452_dk2022_150mw_300mwh_soc10_90_v5,1,4324,93.016,0.0
2026-05-25 17:25:45,20260525_172452_dk2022_150mw_300mwh_soc10_90_v5,1,4325,93.016,0.0
2026-05-25 17:25:45,20260525_172452_dk2022_150mw_300mwh_soc10_90_v5,1,4326,93.016,0.0
2026-05-25 17:25:45,20260525_172452_dk2022_150mw_300mwh_soc10_90_v5,1,4327,93.016,0.0
2026-05-25 17:25:45,20260525_172452_dk2022_150mw_300mwh_soc10_90_v5,1,4328,93.016,0.0
2026-05-25 17:25:45,20260525_172452_dk2022_150mw_300mwh_soc10_90_v5,1,4329,93.016,0.0
2026-05-25 17:25:45,20260525_172452_dk2022_150mw_300mwh_soc10_90_v5,1,4330,93.016,0.0
2026-05-25 17:25:45,20260525_172452_dk2022_150mw_300mwh_soc10_90_v5,1,4331,93.016,0.0
2026-05-25 17:25:45,20260525_172452_dk2022_150mw_300mwh_soc10_90_v5,1,4332,93.016,0.0
2026-05-25 17:25:45,20260525_172452_dk2022_150mw_300mwh_soc10_90_v5,1,4333,93.016,0.0
2026-05-25 17:25:45,20260525_172452_dk2022_150mw_300mwh_soc10_90_v5,1,4334,93.016,0.0
2026-05-25 17:25:45,20260525_172452_dk2022_150mw_300mwh_soc10_90_v5,1,4335,93.016,0.0
2026-05-25 17:25:45,20260525_172452_dk2022_150mw_300mwh_soc10_90_v5,1,4336,93.016,0.0
2026-05-25 17:25:45,20260525_172452_dk2022_150mw_300mwh_soc10_90_v5,1,4337,93.016,0.0
2026-05-25 17:25:45,20260525_172452_dk2022_150mw_300mwh_soc10_90_v5,1,4338,93.016,0.0
2026-05-25 17:25:45,20260525_172452_dk2022_150mw_300mwh_soc10_90_v5,1,4339,93.016,0.0
2026-05-25 17:25:45,20260525_172452_dk2022_150mw_300mwh_soc10_90_v5,1,4340,93.016,0.0
2026-05-25 17:25:45,20260525_172452_dk2022_150mw_300mwh_soc10_90_v5,1,4341,93.016,0.0
2026-05-25 17:25:45,20260525_172452_dk2022_150mw_300mwh_soc10_90_v5,1,4342,93.016,0.0
2026-05-25 17:25:45,20260525_172452_dk2022_150mw_300mwh_soc10_90_v5,1,4343,93.016,0.0
2026-05-25 17:25:45,20260525_172452_dk2022_150mw_300mwh_soc10_90_v5,1,4344,93.016,0.0
2026-05-25 17:25:45,20260525_172452_dk2022_150mw_300mwh_soc10_90_v5,1,4345,93.016,0.0
2026-05-25 17:25:45,20260525_172452_dk2022_150mw_300mwh_soc10_90_v5,1,4346,93.016,0.0
2026-05-25 17:25:45,20260525_172452_dk2022_150mw_300mwh_soc10_90_v5,1,4347,93.016,0.0
2026-05-25 17:25:45,20260525_172452_dk2022_150mw_300mwh_soc10_90_v5,1,4348,93.016,0.0
2026-05-25 17:25:45,20260525_172452_dk2022_150mw_300mwh_soc10_90_v5,1,4349,93.016,-3.24911932
2026-05-25 17:25:45,20260525_172452_dk2022_150mw_300mwh_soc10_90_v5,1,4350,93.016,-3.24911932
2026-05-25 17:25:45,20260525_172452_dk2022_150mw_300mwh_soc10_90_v5,1,4351,93.016,0.0
2026-05-25 17:25:45,20260525_172452_dk2022_150mw_300mwh_soc10_90_v5,1,4352,93.016,0.0
2026-05-25 17:25:45,20260525_172452_dk2022_150mw_300mwh_soc10_90_v5,1,4353,93.016,0.0
2026-05-25 17:25:45,20260525_172452_dk2022_150mw_300mwh_soc10_90_v5,1,4354,93.016,0.0
2026-05-25 17:25:45,20260525_172452_dk2022_150mw_300mwh_soc10_90_v5,1,4355,93.016,0.0
2026-05-25 17:25:45,20260525_172452_dk2022_150mw_300mwh_soc10_90_v5,1,4356,93.016,0.0
2026-05-25 17:25:45,20260525_172452_dk2022_150mw_300mwh_soc10_90_v5,1,4357,93.016,0.0
2026-05-25 17:25:45,20260525_172452_dk2022_150mw_300mwh_soc10_90_v5,1,4358,93.016,0.0
2026-05-25 17:25:45,20260525_172452_dk2022_150mw_300mwh_soc10_90_v5,1,4359,93.016,0.0
2026-05-25 17:25:45,20260525_172452_dk2022_150mw_300mwh_soc10_90_v5,1,4360,93.016,0.0
2026-05-25 17:25:45,20260525_172452_dk2022_150mw_300mwh_soc10_90_v5,1,4361,93.016,0.0
2026-05-25 17:25:45,20260525_172452_dk2022_150mw_300mwh_soc10_90_v5,1,4362,93.016,0.0
2026-05-25 17:25:45,20260525_172452_dk2022_150mw_300mwh_soc10_90_v5,1,4363,93.016,0.0
2026-05-25 17:25:45,20260525_172452_dk2022_150mw_300mwh_soc10_90_v5,1,4364,93.016,0.0
2026-05-25 17:25:45,20260525_172452_dk2022_150mw_300mwh_soc10_90_v5,1,4365,93.016,0.0
2026-05-25 17:25:45,20260525_172452_dk2022_150mw_300mwh_soc10_90_v5,1,4366,93.016,0.0
2026-05-25 17:25:45,20260525_172452_dk2022_150mw_300mwh_soc10_90_v5,1,4367,93.016,0.0
2026-05-25 17:25:45,20260525_172452_dk2022_150mw_300mwh_soc10_90_v5,1,4368,93.016,0.0
2026-05-25 17:25:45,20260525_172452_dk2022_150mw_300mwh_soc10_90_v5,1,4369,93.016,0.0
2026-05-25 17:25:45,20260525_172452_dk2022_150mw_300mwh_soc10_90_v5,1,4370,93.016,0.0
2026-05-25 17:25:45,20260525_172452_dk2022_150mw_300mwh_soc10_90_v5,1,4371,93.016,0.0
2026-05-25 17:25:45,20260525_172452_dk2022_150mw_300mwh_soc10_90_v5,1,4372,93.016,0.0
2026-05-25 17:25:45,20260525_172452_dk2022_150mw_300mwh_soc10_90_v5,1,4373,93.016,0.0
2026-05-25 17:25:45,20260525_172452_dk2022_150mw_300mwh_soc10_90_v5,1,4374,93.016,0.0
2026-05-25 17:25:45,20260525_172452_dk2022_150mw_300mwh_soc10_90_v5,1,4375,93.016,0.0
2026-05-25 17:25:45,20260525_172452_dk2022_150mw_300mwh_soc10_90_v5,1,4376,93.016,0.0
2026-05-25 17:25:45,20260525_172452_dk2022_150mw_300mwh_soc10_90_v5,1,4377,93.016,0.0
2026-05-25 17:25:45,20260525_172452_dk2022_150mw_300mwh_soc10_90_v5,1,4378,93.016,0.0
2026-05-25 17:25:45,20260525_172452_dk2022_150mw_300mwh_soc10_90_v5,1,4379,93.016,0.0
2026-05-25 17:25:45,20260525_172452_dk2022_150mw_300mwh_soc10_90_v5,1,4380,93.016,0.0
2026-05-25 17:25:45,20260525_172452_dk2022_150mw_300mwh_soc10_90_v5,1,4381,93.016,0.0
2026-05-25 17:25:45,20260525_172452_dk2022_150mw_300mwh_soc10_90_v5,1,4382,93.016,0.0
2026-05-25 17:25:45,20260525_172452_dk2022_150mw_300mwh_soc10_90_v5,1,4383,93.016,0.0
2026-05-25 17:25:45,20260525_172452_dk2022_150mw_300mwh_soc10_90_v5,1,4384,93.016,0.0
2026-05-25 17:25:45,20260525_172452_dk2022_150mw_300mwh_soc10_90_v5,1,4385,93.016,0.0
2026-05-25 17:25:45,20260525_172452_dk2022_150mw_300mwh_soc10_90_v5,1,4386,93.016,0.0
2026-05-25 17:25:45,20260525_172452_dk2022_150mw_300mwh_soc10_90_v5,1,4387,93.016,0.0
2026-05-25 17:25:45,20260525_172452_dk2022_150mw_300mwh_soc10_90_v5,1,4388,93.016,0.0
2026-05-25 17:25:45,20260525_172452_dk2022_150mw_300mwh_soc10_90_v5,1,4389,93.016,0.0
2026-05-25 17:25:45,20260525_172452_dk2022_150mw_300mwh_soc10_90_v5,1,4390,93.016,0.0
2026-05-25 17:25:45,20260525_172452_dk2022_150mw_300mwh_soc10_90_v5,1,4391,93.016,0.0
2026-05-25 17:25:45,20260525_172452_dk2022_150mw_300mwh_soc10_90_v5,1,4392,93.016,0.0
2026-05-25 17:25:45,20260525_172452_dk2022_150mw_300mwh_soc10_90_v5,1,4393,93.016,0.0
2026-05-25 17:25:45,20260525_172452_dk2022_150mw_300mwh_soc10_90_v5,1,4394,93.016,0.0
2026-05-25 17:25:45,20260525_172452_dk2022_150mw_300mwh_soc10_90_v5,1,4395,93.016,0.0
2026-05-25 17:25:45,20260525_172452_dk2022_150mw_300mwh_soc10_90_v5,1,4396,93.016,0.0
2026-05-25 17:25:45,20260525_172452_dk2022_150mw_300mwh_soc10_90_v5,1,4397,93.016,0.0
2026-05-25 17:25:45,20260525_172452_dk2022_150mw_300mwh_soc10_90_v5,1,4398,93.016,0.0
2026-05-25 17:25:45,20260525_172452_dk2022_150mw_300mwh_soc10_90_v5,1,4399,93.016,0.0
2026-05-25 17:25:45,20260525_172452_dk2022_150mw_300mwh_soc10_90_v5,1,4400,93.016,0.0
2026-05-25 17:25:45,20260525_172452_dk2022_150mw_300mwh_soc10_90_v5,1,4401,93.016,0.0
2026-05-25 17:25:45,20260525_172452_dk2022_150mw_300mwh_soc10_90_v5,1,4402,93.016,0.0
2026-05-25 17:25:45,20260525_172452_dk2022_150mw_300mwh_soc10_90_v5,1,4403,93.016,0.0
2026-05-25 17:25:45,20260525_172452_dk2022_150mw_300mwh_soc10_90_v5,1,4404,93.016,0.0
2026-05-25 17:25:45,20260525_172452_dk2022_150mw_300mwh_soc10_90_v5,1,4405,93.016,0.0
2026-05-25 17:25:45,20260525_172452_dk2022_150mw_300mwh_soc10_90_v5,1,4406,93.016,0.0
2026-05-25 17:25:45,20260525_172452_dk2022_150mw_300mwh_soc10_90_v5,1,4407,93.016,0.0
2026-05-25 17:25:45,20260525_172452_dk2022_150mw_300mwh_soc10_90_v5,1,4408,93.016,0.0
2026-05-25 17:25:45,20260525_172452_dk2022_150mw_300mwh_soc10_90_v5,1,4409,93.016,0.0
2026-05-25 17:25:45,20260525_172452_dk2022_150mw_300mwh_soc10_90_v5,1,4410,93.016,0.0
2026-05-25 17:25:45,20260525_172452_dk2022_150mw_300mwh_soc10_90_v5,1,4411,93.016,0.0
2026-05-25 17:25:45,20260525_172452_dk2022_150mw_300mwh_soc10_90_v5,1,4412,93.016,0.0
2026-05-25 17:25:45,20260525_172452_dk2022_150mw_300mwh_soc10_90_v5,1,4413,93.016,0.0
2026-05-25 17:25:45,20260525_172452_dk2022_150mw_300mwh_soc10_90_v5,1,4414,93.016,0.0
2026-05-25 17:25:45,20260525_172452_dk2022_150mw_300mwh_soc10_90_v5,1,4415,93.016,0.0
2026-05-25 17:25:45,20260525_172452_dk2022_150mw_300mwh_soc10_90_v5,1,4416,93.016,0.0
2026-05-25 17:25:45,20260525_172452_dk2022_150mw_300mwh_soc10_90_v5,1,4417,93.016,0.0
2026-05-25 17:25:45,20260525_172452_dk2022_150mw_300mwh_soc10_90_v5,1,4418,93.016,0.0
2026-05-25 17:25:45,20260525_172452_dk2022_150mw_300mwh_soc10_90_v5,1,4419,93.016,0.0
2026-05-25 17:25:45,20260525_172452_dk2022_150mw_300mwh_soc10_90_v5,1,4420,93.016,0.0
2026-05-25 17:25:45,20260525_172452_dk2022_150mw_300mwh_soc10_90_v5,1,4421,93.016,0.0
2026-05-25 17:25:45,20260525_172452_dk2022_150mw_300mwh_soc10_90_v5,1,4422,93.016,0.0
2026-05-25 17:25:45,20260525_172452_dk2022_150mw_300mwh_soc10_90_v5,1,4423,93.016,0.0
2026-05-25 17:25:45,20260525_172452_dk2022_150mw_300mwh_soc10_90_v5,1,4424,93.016,0.0
2026-05-25 17:25:45,20260525_172452_dk2022_150mw_300mwh_soc10_90_v5,1,4425,93.016,0.0
2026-05-25 17:25:45,20260525_172452_dk2022_150mw_300mwh_soc10_90_v5,1,4426,93.016,0.0
2026-05-25 17:25:45,20260525_172452_dk2022_150mw_300mwh_soc10_90_v5,1,4427,93.016,0.0
2026-05-25 17:25:45,20260525_172452_dk2022_150mw_300mwh_soc10_90_v5,1,4428,93.016,0.0
2026-05-25 17:25:45,20260525_172452_dk2022_150mw_300mwh_soc10_90_v5,1,4429,93.016,0.0
2026-05-25 17:25:45,20260525_172452_dk2022_150mw_300mwh_soc10_90_v5,1,4430,93.016,0.0
2026-05-25 17:25:45,20260525_172452_dk2022_150mw_300mwh_soc10_90_v5,1,4431,93.016,0.0
2026-05-25 17:25:45,20260525_172452_dk2022_150mw_300mwh_soc10_90_v5,1,4432,93.016,0.0
2026-05-25 17:25:45,20260525_172452_dk2022_150mw_300mwh_soc10_90_v5,1,4433,93.016,0.0
2026-05-25 17:25:45,20260525_172452_dk2022_150mw_300mwh_soc10_90_v5,1,4434,93.016,0.0
2026-05-25 17:25:45,20260525_172452_dk2022_150mw_300mwh_soc10_90_v5,1,4435,93.016,0.0
2026-05-25 17:25:45,20260525_172452_dk2022_150mw_300mwh_soc10_90_v5,1,4436,93.016,0.0
2026-05-25 17:25:45,20260525_172452_dk2022_150mw_300mwh_soc10_90_v5,1,4437,93.016,0.0
2026-05-25 17:25:45,20260525_172452_dk2022_150mw_300mwh_soc10_90_v5,1,4438,93.016,0.0
2026-05-25 17:25:45,20260525_172452_dk2022_150mw_300mwh_soc10_90_v5,1,4439,93.016,0.0
2026-05-25 17:25:45,20260525_172452_dk2022_150mw_300mwh_soc10_90_v5,1,4440,93.016,0.0
2026-05-25 17:25:45,20260525_172452_dk2022_150mw_300mwh_soc10_90_v5,1,4441,93.016,0.0
2026-05-25 17:25:45,20260525_172452_dk2022_150mw_300mwh_soc10_90_v5,1,4442,93.016,0.0
2026-05-25 17:25:45,20260525_172452_dk2022_150mw_300mwh_soc10_90_v5,1,4443,93.016,0.0
2026-05-25 17:25:45,20260525_172452_dk2022_150mw_300mwh_soc10_90_v5,1,4444,93.016,0.0
2026-05-25 17:25:45,20260525_172452_dk2022_150mw_300mwh_soc10_90_v5,1,4445,93.016,0.0
2026-05-25 17:25:45,20260525_172452_dk2022_150mw_300mwh_soc10_90_v5,1,4446,93.016,0.0
2026-05-25 17:25:45,20260525_172452_dk2022_150mw_300mwh_soc10_90_v5,1,4447,93.016,0.0
2026-05-25 17:25:45,20260525_172452_dk2022_150mw_300mwh_soc10_90_v5,1,4448,93.016,0.0
2026-05-25 17:25:45,20260525_172452_dk2022_150mw_300mwh_soc10_90_v5,1,4449,93.016,0.0
2026-05-25 17:25:45,20260525_172452_dk2022_150mw_300mwh_soc10_90_v5,1,4450,93.016,0.0
2026-05-25 17:25:45,20260525_172452_dk2022_150mw_300mwh_soc10_90_v5,1,4451,93.016,0.0
2026-05-25 17:25:45,20260525_172452_dk2022_150mw_300mwh_soc10_90_v5,1,4452,93.016,0.0
2026-05-25 17:25:45,20260525_172452_dk2022_150mw_300mwh_soc10_90_v5,1,4453,93.016,0.0
2026-05-25 17:25:45,20260525_172452_dk2022_150mw_300mwh_soc10_90_v5,1,4454,93.016,0.0
2026-05-25 17:25:45,20260525_172452_dk2022_150mw_300mwh_soc10_90_v5,1,4455,93.016,0.0
2026-05-25 17:25:45,20260525_172452_dk2022_150mw_300mwh_soc10_90_v5,1,4456,93.016,0.0
2026-05-25 17:25:45,20260525_172452_dk2022_150mw_300mwh_soc10_90_v5,1,4457,93.016,0.0
2026-05-25 17:25:45,20260525_172452_dk2022_150mw_300mwh_soc10_90_v5,1,4458,93.016,0.0
2026-05-25 17:25:45,20260525_172452_dk2022_150mw_300mwh_soc10_90_v5,1,4459,93.016,0.0
2026-05-25 17:25:45,20260525_172452_dk2022_150mw_300mwh_soc10_90_v5,1,4460,93.016,0.0
2026-05-25 17:25:45,20260525_172452_dk2022_150mw_300mwh_soc10_90_v5,1,4461,93.016,0.0
2026-05-25 17:25:45,20260525_172452_dk2022_150mw_300mwh_soc10_90_v5,1,4462,93.016,0.0
2026-05-25 17:25:45,20260525_172452_dk2022_150mw_300mwh_soc10_90_v5,1,4463,93.016,0.0
2026-05-25 17:25:45,20260525_172452_dk2022_150mw_300mwh_soc10_90_v5,1,4464,93.016,0.0
2026-05-25 17:25:45,20260525_172452_dk2022_150mw_300mwh_soc10_90_v5,1,4465,93.016,0.0
2026-05-25 17:25:45,20260525_172452_dk2022_150mw_300mwh_soc10_90_v5,1,4466,93.016,0.0
2026-05-25 17:25:45,20260525_172452_dk2022_150mw_300mwh_soc10_90_v5,1,4467,93.016,0.0
2026-05-25 17:25:45,20260525_172452_dk2022_150mw_300mwh_soc10_90_v5,1,4468,93.016,0.0
2026-05-25 17:25:45,20260525_172452_dk2022_150mw_300mwh_soc10_90_v5,1,4469,93.016,0.0
2026-05-25 17:25:45,20260525_172452_dk2022_150mw_300mwh_soc10_90_v5,1,4470,93.016,0.0
2026-05-25 17:25:45,20260525_172452_dk2022_150mw_300mwh_soc10_90_v5,1,4471,93.016,0.0
2026-05-25 17:25:45,20260525_172452_dk2022_150mw_300mwh_soc10_90_v5,1,4472,93.016,0.0
2026-05-25 17:25:45,20260525_172452_dk2022_150mw_300mwh_soc10_90_v5,1,4473,93.016,0.0
2026-05-25 17:25:45,20260525_172452_dk2022_150mw_300mwh_soc10_90_v5,1,4474,93.016,0.0
2026-05-25 17:25:45,20260525_172452_dk2022_150mw_300mwh_soc10_90_v5,1,4475,93.016,0.0
2026-05-25 17:25:45,20260525_172452_dk2022_150mw_300mwh_soc10_90_v5,1,4476,93.016,0.0
2026-05-25 17:25:45,20260525_172452_dk2022_150mw_300mwh_soc10_90_v5,1,4477,93.016,0.0
2026-05-25 17:25:45,20260525_172452_dk2022_150mw_300mwh_soc10_90_v5,1,4478,93.016,0.0
2026-05-25 17:25:45,20260525_172452_dk2022_150mw_300mwh_soc10_90_v5,1,4479,93.016,0.0
2026-05-25 17:25:45,20260525_172452_dk2022_150mw_300mwh_soc10_90_v5,1,4480,93.016,0.0
2026-05-25 17:25:45,20260525_172452_dk2022_150mw_300mwh_soc10_90_v5,1,4481,93.016,0.0
2026-05-25 17:25:45,20260525_172452_dk2022_150mw_300mwh_soc10_90_v5,1,4482,93.016,0.0
2026-05-25 17:25:45,20260525_172452_dk2022_150mw_300mwh_soc10_90_v5,1,4483,93.016,0.0
2026-05-25 17:25:45,20260525_172452_dk2022_150mw_300mwh_soc10_90_v5,1,4484,93.016,0.0
2026-05-25 17:25:45,20260525_172452_dk2022_150mw_300mwh_soc10_90_v5,1,4485,93.016,0.0
2026-05-25 17:25:45,20260525_172452_dk2022_150mw_300mwh_soc10_90_v5,1,4486,93.016,0.0
2026-05-25 17:25:45,20260525_172452_dk2022_150mw_300mwh_soc10_90_v5,1,4487,93.016,0.0
2026-05-25 17:25:45,20260525_172452_dk2022_150mw_300mwh_soc10_90_v5,1,4488,93.016,0.0
2026-05-25 17:25:45,20260525_172452_dk2022_150mw_300mwh_soc10_90_v5,1,4489,93.016,0.0
2026-05-25 17:25:45,20260525_172452_dk2022_150mw_300mwh_soc10_90_v5,1,4490,93.016,0.0
2026-05-25 17:25:45,20260525_172452_dk2022_150mw_300mwh_soc10_90_v5,1,4491,93.016,0.0
2026-05-25 17:25:45,20260525_172452_dk2022_150mw_300mwh_soc10_90_v5,1,4492,93.016,0.0
2026-05-25 17:25:45,20260525_172452_dk2022_150mw_300mwh_soc10_90_v5,1,4493,93.016,0.0
2026-05-25 17:25:45,20260525_172452_dk2022_150mw_300mwh_soc10_90_v5,1,4494,93.016,0.0
2026-05-25 17:25:45,20260525_172452_dk2022_150mw_300mwh_soc10_90_v5,1,4495,93.016,0.0
2026-05-25 17:25:45,20260525_172452_dk2022_150mw_300mwh_soc10_90_v5,1,4496,93.016,0.0
2026-05-25 17:25:45,20260525_172452_dk2022_150mw_300mwh_soc10_90_v5,1,4497,93.016,0.0
2026-05-25 17:25:45,20260525_172452_dk2022_150mw_300mwh_soc10_90_v5,1,4498,93.016,0.0
2026-05-25 17:25:45,20260525_172452_dk2022_150mw_300mwh_soc10_90_v5,1,4499,93.016,0.0
2026-05-25 17:25:45,20260525_172452_dk2022_150mw_300mwh_soc10_90_v5,1,4500,93.016,0.0
2026-05-25 17:25:45,20260525_172452_dk2022_150mw_300mwh_soc10_90_v5,1,4501,93.016,0.0
2026-05-25 17:25:45,20260525_172452_dk2022_150mw_300mwh_soc10_90_v5,1,4502,93.016,0.0
2026-05-25 17:25:45,20260525_172452_dk2022_150mw_300mwh_soc10_90_v5,1,4503,93.016,0.0
2026-05-25 17:25:45,20260525_172452_dk2022_150mw_300mwh_soc10_90_v5,1,4504,93.016,0.0
2026-05-25 17:25:45,20260525_172452_dk2022_150mw_300mwh_soc10_90_v5,1,4505,93.016,0.0
2026-05-25 17:25:45,20260525_172452_dk2022_150mw_300mwh_soc10_90_v5,1,4506,93.016,0.0
2026-05-25 17:25:45,20260525_172452_dk2022_150mw_300mwh_soc10_90_v5,1,4507,93.016,0.0
2026-05-25 17:25:45,20260525_172452_dk2022_150mw_300mwh_soc10_90_v5,1,4508,93.016,0.0
2026-05-25 17:25:45,20260525_172452_dk2022_150mw_300mwh_soc10_90_v5,1,4509,93.016,0.0
2026-05-25 17:25:45,20260525_172452_dk2022_150mw_300mwh_soc10_90_v5,1,4510,93.016,0.0
2026-05-25 17:25:45,20260525_172452_dk2022_150mw_300mwh_soc10_90_v5,1,4511,93.016,0.0
2026-05-25 17:25:45,20260525_172452_dk2022_150mw_300mwh_soc10_90_v5,1,4512,93.016,0.0
2026-05-25 17:25:45,20260525_172452_dk2022_150mw_300mwh_soc10_90_v5,1,4513,93.016,0.0
2026-05-25 17:25:45,20260525_172452_dk2022_150mw_300mwh_soc10_90_v5,1,4514,93.016,0.0
2026-05-25 17:25:45,20260525_172452_dk2022_150mw_300mwh_soc10_90_v5,1,4515,93.016,0.0
2026-05-25 17:25:45,20260525_172452_dk2022_150mw_300mwh_soc10_90_v5,1,4516,93.016,0.0
2026-05-25 17:25:45,20260525_172452_dk2022_150mw_300mwh_soc10_90_v5,1,4517,93.016,0.0
2026-05-25 17:25:45,20260525_172452_dk2022_150mw_300mwh_soc10_90_v5,1,4518,93.016,0.0
2026-05-25 17:25:45,20260525_172452_dk2022_150mw_300mwh_soc10_90_v5,1,4519,93.016,0.0
2026-05-25 17:25:45,20260525_172452_dk2022_150mw_300mwh_soc10_90_v5,1,4520,93.016,0.0
2026-05-25 17:25:45,20260525_172452_dk2022_150mw_300mwh_soc10_90_v5,1,4521,93.016,0.0
2026-05-25 17:25:45,20260525_172452_dk2022_150mw_300mwh_soc10_90_v5,1,4522,93.016,0.0
2026-05-25 17:25:45,20260525_172452_dk2022_150mw_300mwh_soc10_90_v5,1,4523,93.016,0.0
2026-05-25 17:25:45,20260525_172452_dk2022_150mw_300mwh_soc10_90_v5,1,4524,93.016,0.0
2026-05-25 17:25:45,20260525_172452_dk2022_150mw_300mwh_soc10_90_v5,1,4525,93.016,0.0
2026-05-25 17:25:45,20260525_172452_dk2022_150mw_300mwh_soc10_90_v5,1,4526,93.016,0.0
2026-05-25 17:25:45,20260525_172452_dk2022_150mw_300mwh_soc10_90_v5,1,4527,93.016,0.0
2026-05-25 17:25:45,20260525_172452_dk2022_150mw_300mwh_soc10_90_v5,1,4528,93.016,0.0
2026-05-25 17:25:45,20260525_172452_dk2022_150mw_300mwh_soc10_90_v5,1,4529,93.016,0.0
2026-05-25 17:25:45,20260525_172452_dk2022_150mw_300mwh_soc10_90_v5,1,4530,93.016,0.0
2026-05-25 17:25:45,20260525_172452_dk2022_150mw_300mwh_soc10_90_v5,1,4531,93.016,0.0
2026-05-25 17:25:45,20260525_172452_dk2022_150mw_300mwh_soc10_90_v5,1,4532,93.016,0.0
2026-05-25 17:25:45,20260525_172452_dk2022_150mw_300mwh_soc10_90_v5,1,4533,93.016,0.0
2026-05-25 17:25:45,20260525_172452_dk2022_150mw_300mwh_soc10_90_v5,1,4534,93.016,0.0
2026-05-25 17:25:45,20260525_172452_dk2022_150mw_300mwh_soc10_90_v5,1,4535,93.016,0.0
2026-05-25 17:25:45,20260525_172452_dk2022_150mw_300mwh_soc10_90_v5,1,4536,93.016,0.0
2026-05-25 17:25:45,20260525_172452_dk2022_150mw_300mwh_soc10_90_v5,1,4537,93.016,0.0
2026-05-25 17:25:45,20260525_172452_dk2022_150mw_300mwh_soc10_90_v5,1,4538,93.016,0.0
2026-05-25 17:25:45,20260525_172452_dk2022_150mw_300mwh_soc10_90_v5,1,4539,93.016,0.0
2026-05-25 17:25:45,20260525_172452_dk2022_150mw_300mwh_soc10_90_v5,1,4540,93.016,0.0
2026-05-25 17:25:45,20260525_172452_dk2022_150mw_300mwh_soc10_90_v5,1,4541,93.016,0.0
2026-05-25 17:25:45,20260525_172452_dk2022_150mw_300mwh_soc10_90_v5,1,4542,93.016,0.0
2026-05-25 17:25:45,20260525_172452_dk2022_150mw_300mwh_soc10_90_v5,1,4543,93.016,0.0
2026-05-25 17:25:45,20260525_172452_dk2022_150mw_300mwh_soc10_90_v5,1,4544,93.016,0.0
2026-05-25 17:25:45,20260525_172452_dk2022_150mw_300mwh_soc10_90_v5,1,4545,93.016,0.0
2026-05-25 17:25:45,20260525_172452_dk2022_150mw_300mwh_soc10_90_v5,1,4546,93.016,0.0
2026-05-25 17:25:45,20260525_172452_dk2022_150mw_300mwh_soc10_90_v5,1,4547,93.016,0.0
2026-05-25 17:25:45,20260525_172452_dk2022_150mw_300mwh_soc10_90_v5,1,4548,93.016,0.0
2026-05-25 17:25:45,20260525_172452_dk2022_150mw_300mwh_soc10_90_v5,1,4549,93.016,0.0
2026-05-25 17:25:45,20260525_172452_dk2022_150mw_300mwh_soc10_90_v5,1,4550,93.016,0.0
2026-05-25 17:25:45,20260525_172452_dk2022_150mw_300mwh_soc10_90_v5,1,4551,93.016,0.0
2026-05-25 17:25:45,20260525_172452_dk2022_150mw_300mwh_soc10_90_v5,1,4552,93.016,0.0
2026-05-25 17:25:45,20260525_172452_dk2022_150mw_300mwh_soc10_90_v5,1,4553,93.016,0.0
2026-05-25 17:25:45,20260525_172452_dk2022_150mw_300mwh_soc10_90_v5,1,4554,93.016,0.0
2026-05-25 17:25:45,20260525_172452_dk2022_150mw_300mwh_soc10_90_v5,1,4555,93.016,0.0
2026-05-25 17:25:45,20260525_172452_dk2022_150mw_300mwh_soc10_90_v5,1,4556,93.016,0.0
2026-05-25 17:25:45,20260525_172452_dk2022_150mw_300mwh_soc10_90_v5,1,4557,93.016,0.0
2026-05-25 17:25:45,20260525_172452_dk2022_150mw_300mwh_soc10_90_v5,1,4558,93.016,0.0
2026-05-25 17:25:45,20260525_172452_dk2022_150mw_300mwh_soc10_90_v5,1,4559,93.016,0.0
2026-05-25 17:25:45,20260525_172452_dk2022_150mw_300mwh_soc10_90_v5,1,4560,93.016,0.0
2026-05-25 17:25:45,20260525_172452_dk2022_150mw_300mwh_soc10_90_v5,1,4561,93.016,0.0
2026-05-25 17:25:45,20260525_172452_dk2022_150mw_300mwh_soc10_90_v5,1,4562,93.016,0.0
2026-05-25 17:25:45,20260525_172452_dk2022_150mw_300mwh_soc10_90_v5,1,4563,93.016,0.0
2026-05-25 17:25:45,20260525_172452_dk2022_150mw_300mwh_soc10_90_v5,1,4564,93.016,0.0
2026-05-25 17:25:45,20260525_172452_dk2022_150mw_300mwh_soc10_90_v5,1,4565,93.016,0.0
2026-05-25 17:25:45,20260525_172452_dk2022_150mw_300mwh_soc10_90_v5,1,4566,93.016,0.0
2026-05-25 17:25:45,20260525_172452_dk2022_150mw_300mwh_soc10_90_v5,1,4567,93.016,0.0
2026-05-25 17:25:45,20260525_172452_dk2022_150mw_300mwh_soc10_90_v5,1,4568,93.016,0.0
2026-05-25 17:25:45,20260525_172452_dk2022_150mw_300mwh_soc10_90_v5,1,4569,93.016,0.0
2026-05-25 17:25:45,20260525_172452_dk2022_150mw_300mwh_soc10_90_v5,1,4570,93.016,0.0
2026-05-25 17:25:45,20260525_172452_dk2022_150mw_300mwh_soc10_90_v5,1,4571,93.016,0.0
2026-05-25 17:25:45,20260525_172452_dk2022_150mw_300mwh_soc10_90_v5,1,4572,93.016,0.0
2026-05-25 17:25:45,20260525_172452_dk2022_150mw_300mwh_soc10_90_v5,1,4573,93.016,0.0
2026-05-25 17:25:45,20260525_172452_dk2022_150mw_300mwh_soc10_90_v5,1,4574,93.016,0.0
2026-05-25 17:25:45,20260525_172452_dk2022_150mw_300mwh_soc10_90_v5,1,4575,93.016,0.0
2026-05-25 17:25:45,20260525_172452_dk2022_150mw_300mwh_soc10_90_v5,1,4576,93.016,0.0
2026-05-25 17:25:45,20260525_172452_dk2022_150mw_300mwh_soc10_90_v5,1,4577,93.016,0.0
2026-05-25 17:25:45,20260525_172452_dk2022_150mw_300mwh_soc10_90_v5,1,4578,93.016,0.0
2026-05-25 17:25:45,20260525_172452_dk2022_150mw_300mwh_soc10_90_v5,1,4579,93.016,0.0
2026-05-25 17:25:45,20260525_172452_dk2022_150mw_300mwh_soc10_90_v5,1,4580,93.016,0.0
2026-05-25 17:25:45,20260525_172452_dk2022_150mw_300mwh_soc10_90_v5,1,4581,93.016,0.0
2026-05-25 17:25:45,20260525_172452_dk2022_150mw_300mwh_soc10_90_v5,1,4582,93.016,0.0
2026-05-25 17:25:45,20260525_172452_dk2022_150mw_300mwh_soc10_90_v5,1,4583,93.016,0.0
2026-05-25 17:25:45,20260525_172452_dk2022_150mw_300mwh_soc10_90_v5,1,4584,93.016,0.0
2026-05-25 17:25:45,20260525_172452_dk2022_150mw_300mwh_soc10_90_v5,1,4585,93.016,0.0
2026-05-25 17:25:45,20260525_172452_dk2022_150mw_300mwh_soc10_90_v5,1,4586,93.016,0.0
2026-05-25 17:25:45,20260525_172452_dk2022_150mw_300mwh_soc10_90_v5,1,4587,93.016,0.0
2026-05-25 17:25:45,20260525_172452_dk2022_150mw_300mwh_soc10_90_v5,1,4588,93.016,0.0
2026-05-25 17:25:45,20260525_172452_dk2022_150mw_300mwh_soc10_90_v5,1,4589,93.016,0.0
2026-05-25 17:25:45,20260525_172452_dk2022_150mw_300mwh_soc10_90_v5,1,4590,93.016,0.0
2026-05-25 17:25:45,20260525_172452_dk2022_150mw_300mwh_soc10_90_v5,1,4591,93.016,0.0
2026-05-25 17:25:45,20260525_172452_dk2022_150mw_300mwh_soc10_90_v5,1,4592,93.016,0.0
2026-05-25 17:25:45,20260525_172452_dk2022_150mw_300mwh_soc10_90_v5,1,4593,93.016,0.0
2026-05-25 17:25:45,20260525_172452_dk2022_150mw_300mwh_soc10_90_v5,1,4594,93.016,0.0
2026-05-25 17:25:45,20260525_172452_dk2022_150mw_300mwh_soc10_90_v5,1,4595,93.016,0.0
2026-05-25 17:25:45,20260525_172452_dk2022_150mw_300mwh_soc10_90_v5,1,4596,93.016,0.0
2026-05-25 17:25:45,20260525_172452_dk2022_150mw_300mwh_soc10_90_v5,1,4597,93.016,0.0
2026-05-25 17:25:45,20260525_172452_dk2022_150mw_300mwh_soc10_90_v5,1,4598,93.016,0.0
2026-05-25 17:25:45,20260525_172452_dk2022_150mw_300mwh_soc10_90_v5,1,4599,93.016,0.0
2026-05-25 17:25:45,20260525_172452_dk2022_150mw_300mwh_soc10_90_v5,1,4600,93.016,0.0
2026-05-25 17:25:45,20260525_172452_dk2022_150mw_300mwh_soc10_90_v5,1,4601,93.016,0.0
2026-05-25 17:25:45,20260525_172452_dk2022_150mw_300mwh_soc10_90_v5,1,4602,93.016,0.0
2026-05-25 17:25:45,20260525_172452_dk2022_150mw_300mwh_soc10_90_v5,1,4603,93.016,0.0
2026-05-25 17:25:45,20260525_172452_dk2022_150mw_300mwh_soc10_90_v5,1,4604,93.016,0.0
2026-05-25 17:25:45,20260525_172452_dk2022_150mw_300mwh_soc10_90_v5,1,4605,93.016,0.0
2026-05-25 17:25:45,20260525_172452_dk2022_150mw_300mwh_soc10_90_v5,1,4606,93.016,0.0
2026-05-25 17:25:45,20260525_172452_dk2022_150mw_300mwh_soc10_90_v5,1,4607,93.016,0.0
2026-05-25 17:25:45,20260525_172452_dk2022_150mw_300mwh_soc10_90_v5,1,4608,93.016,0.0
2026-05-25 17:25:45,20260525_172452_dk2022_150mw_300mwh_soc10_90_v5,1,4609,93.016,0.0
2026-05-25 17:25:45,20260525_172452_dk2022_150mw_300mwh_soc10_90_v5,1,4610,93.016,0.0
2026-05-25 17:25:45,20260525_172452_dk2022_150mw_300mwh_soc10_90_v5,1,4611,93.016,0.0
2026-05-25 17:25:45,20260525_172452_dk2022_150mw_300mwh_soc10_90_v5,1,4612,93.016,0.0
2026-05-25 17:25:45,20260525_172452_dk2022_150mw_300mwh_soc10_90_v5,1,4613,93.016,0.0
2026-05-25 17:25:45,20260525_172452_dk2022_150mw_300mwh_soc10_90_v5,1,4614,93.016,0.0
2026-05-25 17:25:45,20260525_172452_dk2022_150mw_300mwh_soc10_90_v5,1,4615,93.016,0.0
2026-05-25 17:25:45,20260525_172452_dk2022_150mw_300mwh_soc10_90_v5,1,4616,93.016,0.0
2026-05-25 17:25:45,20260525_172452_dk2022_150mw_300mwh_soc10_90_v5,1,4617,93.016,0.0
2026-05-25 17:25:45,20260525_172452_dk2022_150mw_300mwh_soc10_90_v5,1,4618,93.016,0.0
2026-05-25 17:25:45,20260525_172452_dk2022_150mw_300mwh_soc10_90_v5,1,4619,93.016,0.0
2026-05-25 17:25:45,20260525_172452_dk2022_150mw_300mwh_soc10_90_v5,1,4620,93.016,0.0
2026-05-25 17:25:45,20260525_172452_dk2022_150mw_300mwh_soc10_90_v5,1,4621,93.016,0.0
2026-05-25 17:25:45,20260525_172452_dk2022_150mw_300mwh_soc10_90_v5,1,4622,93.016,0.0
2026-05-25 17:25:45,20260525_172452_dk2022_150mw_300mwh_soc10_90_v5,1,4623,93.016,0.0
2026-05-25 17:25:45,20260525_172452_dk2022_150mw_300mwh_soc10_90_v5,1,4624,93.016,0.0
2026-05-25 17:25:45,20260525_172452_dk2022_150mw_300mwh_soc10_90_v5,1,4625,93.016,0.0
2026-05-25 17:25:45,20260525_172452_dk2022_150mw_300mwh_soc10_90_v5,1,4626,93.016,0.0
2026-05-25 17:25:45,20260525_172452_dk2022_150mw_300mwh_soc10_90_v5,1,4627,93.016,0.0
2026-05-25 17:25:45,20260525_172452_dk2022_150mw_300mwh_soc10_90_v5,1,4628,93.016,0.0
2026-05-25 17:25:45,20260525_172452_dk2022_150mw_300mwh_soc10_90_v5,1,4629,93.016,0.0
2026-05-25 17:25:45,20260525_172452_dk2022_150mw_300mwh_soc10_90_v5,1,4630,93.016,0.0
2026-05-25 17:25:45,20260525_172452_dk2022_150mw_300mwh_soc10_90_v5,1,4631,93.016,0.0
2026-05-25 17:25:45,20260525_172452_dk2022_150mw_300mwh_soc10_90_v5,1,4632,93.016,0.0
2026-05-25 17:25:45,20260525_172452_dk2022_150mw_300mwh_soc10_90_v5,1,4633,93.016,0.0
2026-05-25 17:25:45,20260525_172452_dk2022_150mw_300mwh_soc10_90_v5,1,4634,93.016,0.0
2026-05-25 17:25:45,20260525_172452_dk2022_150mw_300mwh_soc10_90_v5,1,4635,93.016,0.0
2026-05-25 17:25:45,20260525_172452_dk2022_150mw_300mwh_soc10_90_v5,1,4636,93.016,0.0
2026-05-25 17:25:45,20260525_172452_dk2022_150mw_300mwh_soc10_90_v5,1,4637,93.016,0.0
2026-05-25 17:25:45,20260525_172452_dk2022_150mw_300mwh_soc10_90_v5,1,4638,93.016,0.0
2026-05-25 17:25:45,20260525_172452_dk2022_150mw_300mwh_soc10_90_v5,1,4639,93.016,0.0
2026-05-25 17:25:45,20260525_172452_dk2022_150mw_300mwh_soc10_90_v5,1,4640,93.016,0.0
2026-05-25 17:25:45,20260525_172452_dk2022_150mw_300mwh_soc10_90_v5,1,4641,93.016,0.0
2026-05-25 17:25:45,20260525_172452_dk2022_150mw_300mwh_soc10_90_v5,1,4642,93.016,0.0
2026-05-25 17:25:45,20260525_172452_dk2022_150mw_300mwh_soc10_90_v5,1,4643,93.016,0.0
2026-05-25 17:25:45,20260525_172452_dk2022_150mw_300mwh_soc10_90_v5,1,4644,93.016,0.0
2026-05-25 17:25:45,20260525_172452_dk2022_150mw_300mwh_soc10_90_v5,1,4645,93.016,0.0
2026-05-25 17:25:45,20260525_172452_dk2022_150mw_300mwh_soc10_90_v5,1,4646,93.016,0.0
2026-05-25 17:25:45,20260525_172452_dk2022_150mw_300mwh_soc10_90_v5,1,4647,93.016,0.0
2026-05-25 17:25:45,20260525_172452_dk2022_150mw_300mwh_soc10_90_v5,1,4648,93.016,0.0
2026-05-25 17:25:45,20260525_172452_dk2022_150mw_300mwh_soc10_90_v5,1,4649,93.016,0.0
2026-05-25 17:25:45,20260525_172452_dk2022_150mw_300mwh_soc10_90_v5,1,4650,93.016,0.0
2026-05-25 17:25:45,20260525_172452_dk2022_150mw_300mwh_soc10_90_v5,1,4651,93.016,0.0
2026-05-25 17:25:45,20260525_172452_dk2022_150mw_300mwh_soc10_90_v5,1,4652,93.016,0.0
2026-05-25 17:25:45,20260525_172452_dk2022_150mw_300mwh_soc10_90_v5,1,4653,93.016,0.0
2026-05-25 17:25:45,20260525_172452_dk2022_150mw_300mwh_soc10_90_v5,1,4654,93.016,0.0
2026-05-25 17:25:45,20260525_172452_dk2022_150mw_300mwh_soc10_90_v5,1,4655,93.016,0.0
2026-05-25 17:25:45,20260525_172452_dk2022_150mw_300mwh_soc10_90_v5,1,4656,93.016,0.0
2026-05-25 17:25:45,20260525_172452_dk2022_150mw_300mwh_soc10_90_v5,1,4657,93.016,0.0
2026-05-25 17:25:45,20260525_172452_dk2022_150mw_300mwh_soc10_90_v5,1,4658,93.016,0.0
2026-05-25 17:25:45,20260525_172452_dk2022_150mw_300mwh_soc10_90_v5,1,4659,93.016,0.0
2026-05-25 17:25:45,20260525_172452_dk2022_150mw_300mwh_soc10_90_v5,1,4660,93.016,0.0
2026-05-25 17:25:45,20260525_172452_dk2022_150mw_300mwh_soc10_90_v5,1,4661,93.016,0.0
2026-05-25 17:25:45,20260525_172452_dk2022_150mw_300mwh_soc10_90_v5,1,4662,93.016,0.0
2026-05-25 17:25:45,20260525_172452_dk2022_150mw_300mwh_soc10_90_v5,1,4663,93.016,0.0
2026-05-25 17:25:45,20260525_172452_dk2022_150mw_300mwh_soc10_90_v5,1,4664,93.016,0.0
2026-05-25 17:25:45,20260525_172452_dk2022_150mw_300mwh_soc10_90_v5,1,4665,93.016,0.0
2026-05-25 17:25:45,20260525_172452_dk2022_150mw_300mwh_soc10_90_v5,1,4666,93.016,0.0
2026-05-25 17:25:45,20260525_172452_dk2022_150mw_300mwh_soc10_90_v5,1,4667,93.016,0.0
2026-05-25 17:25:45,20260525_172452_dk2022_150mw_300mwh_soc10_90_v5,1,4668,93.016,0.0
2026-05-25 17:25:45,20260525_172452_dk2022_150mw_300mwh_soc10_90_v5,1,4669,93.016,0.0
2026-05-25 17:25:45,20260525_172452_dk2022_150mw_300mwh_soc10_90_v5,1,4670,93.016,0.0
2026-05-25 17:25:45,20260525_172452_dk2022_150mw_300mwh_soc10_90_v5,1,4671,93.016,0.0
2026-05-25 17:25:45,20260525_172452_dk2022_150mw_300mwh_soc10_90_v5,1,4672,93.016,0.0
2026-05-25 17:25:45,20260525_172452_dk2022_150mw_300mwh_soc10_90_v5,1,4673,93.016,0.0
2026-05-25 17:25:45,20260525_172452_dk2022_150mw_300mwh_soc10_90_v5,1,4674,93.016,0.0
2026-05-25 17:25:45,20260525_172452_dk2022_150mw_300mwh_soc10_90_v5,1,4675,93.016,0.0
2026-05-25 17:25:45,20260525_172452_dk2022_150mw_300mwh_soc10_90_v5,1,4676,93.016,0.0
2026-05-25 17:25:45,20260525_172452_dk2022_150mw_300mwh_soc10_90_v5,1,4677,93.016,0.0
2026-05-25 17:25:45,20260525_172452_dk2022_150mw_300mwh_soc10_90_v5,1,4678,93.016,0.0
2026-05-25 17:25:45,20260525_172452_dk2022_150mw_300mwh_soc10_90_v5,1,4679,93.016,0.0
2026-05-25 17:25:45,20260525_172452_dk2022_150mw_300mwh_soc10_90_v5,1,4680,93.016,0.0
2026-05-25 17:25:45,20260525_172452_dk2022_150mw_300mwh_soc10_90_v5,1,4681,93.016,0.0
2026-05-25 17:25:45,20260525_172452_dk2022_150mw_300mwh_soc10_90_v5,1,4682,93.016,0.0
2026-05-25 17:25:45,20260525_172452_dk2022_150mw_300mwh_soc10_90_v5,1,4683,93.016,0.0
2026-05-25 17:25:45,20260525_172452_dk2022_150mw_300mwh_soc10_90_v5,1,4684,93.016,0.0
2026-05-25 17:25:45,20260525_172452_dk2022_150mw_300mwh_soc10_90_v5,1,4685,93.016,0.0
2026-05-25 17:25:45,20260525_172452_dk2022_150mw_300mwh_soc10_90_v5,1,4686,93.016,0.0
2026-05-25 17:25:45,20260525_172452_dk2022_150mw_300mwh_soc10_90_v5,1,4687,93.016,0.0
2026-05-25 17:25:45,20260525_172452_dk2022_150mw_300mwh_soc10_90_v5,1,4688,93.016,0.0
2026-05-25 17:25:45,20260525_172452_dk2022_150mw_300mwh_soc10_90_v5,1,4689,93.016,0.0
2026-05-25 17:25:45,20260525_172452_dk2022_150mw_300mwh_soc10_90_v5,1,4690,93.016,0.0
2026-05-25 17:25:45,20260525_172452_dk2022_150mw_300mwh_soc10_90_v5,1,4691,93.016,0.0
2026-05-25 17:25:45,20260525_172452_dk2022_150mw_300mwh_soc10_90_v5,1,4692,93.016,0.0
2026-05-25 17:25:45,20260525_172452_dk2022_150mw_300mwh_soc10_90_v5,1,4693,93.016,0.0
2026-05-25 17:25:45,20260525_172452_dk2022_150mw_300mwh_soc10_90_v5,1,4694,93.016,0.0
2026-05-25 17:25:45,20260525_172452_dk2022_150mw_300mwh_soc10_90_v5,1,4695,93.016,0.0
2026-05-25 17:25:45,20260525_172452_dk2022_150mw_300mwh_soc10_90_v5,1,4696,93.016,0.0
2026-05-25 17:25:45,20260525_172452_dk2022_150mw_300mwh_soc10_90_v5,1,4697,93.016,0.0
2026-05-25 17:25:45,20260525_172452_dk2022_150mw_300mwh_soc10_90_v5,1,4698,93.016,0.0
2026-05-25 17:25:45,20260525_172452_dk2022_150mw_300mwh_soc10_90_v5,1,4699,93.016,0.0
2026-05-25 17:25:45,20260525_172452_dk2022_150mw_300mwh_soc10_90_v5,1,4700,93.016,0.0
2026-05-25 17:25:45,20260525_172452_dk2022_150mw_300mwh_soc10_90_v5,1,4701,93.016,0.0
2026-05-25 17:25:45,20260525_172452_dk2022_150mw_300mwh_soc10_90_v5,1,4702,93.016,0.0
2026-05-25 17:25:45,20260525_172452_dk2022_150mw_300mwh_soc10_90_v5,1,4703,93.016,0.0
2026-05-25 17:25:45,20260525_172452_dk2022_150mw_300mwh_soc10_90_v5,1,4704,93.016,0.0
2026-05-25 17:25:45,20260525_172452_dk2022_150mw_300mwh_soc10_90_v5,1,4705,93.016,0.0
2026-05-25 17:25:45,20260525_172452_dk2022_150mw_300mwh_soc10_90_v5,1,4706,93.016,0.0
2026-05-25 17:25:45,20260525_172452_dk2022_150mw_300mwh_soc10_90_v5,1,4707,93.016,0.0
2026-05-25 17:25:45,20260525_172452_dk2022_150mw_300mwh_soc10_90_v5,1,4708,93.016,0.0
2026-05-25 17:25:45,20260525_172452_dk2022_150mw_300mwh_soc10_90_v5,1,4709,93.016,0.0
2026-05-25 17:25:45,20260525_172452_dk2022_150mw_300mwh_soc10_90_v5,1,4710,93.016,0.0
2026-05-25 17:25:45,20260525_172452_dk2022_150mw_300mwh_soc10_90_v5,1,4711,93.016,0.0
2026-05-25 17:25:45,20260525_172452_dk2022_150mw_300mwh_soc10_90_v5,1,4712,93.016,0.0
2026-05-25 17:25:45,20260525_172452_dk2022_150mw_300mwh_soc10_90_v5,1,4713,93.016,0.0
2026-05-25 17:25:45,20260525_172452_dk2022_150mw_300mwh_soc10_90_v5,1,4714,93.016,0.0
2026-05-25 17:25:45,20260525_172452_dk2022_150mw_300mwh_soc10_90_v5,1,4715,93.016,0.0
2026-05-25 17:25:45,20260525_172452_dk2022_150mw_300mwh_soc10_90_v5,1,4716,93.016,0.0
2026-05-25 17:25:45,20260525_172452_dk2022_150mw_300mwh_soc10_90_v5,1,4717,93.016,0.0
2026-05-25 17:25:45,20260525_172452_dk2022_150mw_300mwh_soc10_90_v5,1,4718,93.016,0.0
2026-05-25 17:25:45,20260525_172452_dk2022_150mw_300mwh_soc10_90_v5,1,4719,93.016,0.0
2026-05-25 17:25:45,20260525_172452_dk2022_150mw_300mwh_soc10_90_v5,1,4720,93.016,0.0
2026-05-25 17:25:45,20260525_172452_dk2022_150mw_300mwh_soc10_90_v5,1,4721,93.016,0.0
2026-05-25 17:25:45,20260525_172452_dk2022_150mw_300mwh_soc10_90_v5,1,4722,93.016,0.0
2026-05-25 17:25:45,20260525_172452_dk2022_150mw_300mwh_soc10_90_v5,1,4723,93.016,0.0
2026-05-25 17:25:45,20260525_172452_dk2022_150mw_300mwh_soc10_90_v5,1,4724,93.016,0.0
2026-05-25 17:25:45,20260525_172452_dk2022_150mw_300mwh_soc10_90_v5,1,4725,93.016,0.0
2026-05-25 17:25:45,20260525_172452_dk2022_150mw_300mwh_soc10_90_v5,1,4726,93.016,0.0
2026-05-25 17:25:45,20260525_172452_dk2022_150mw_300mwh_soc10_90_v5,1,4727,93.016,0.0
2026-05-25 17:25:45,20260525_172452_dk2022_150mw_300mwh_soc10_90_v5,1,4728,93.016,0.0
2026-05-25 17:25:45,20260525_172452_dk2022_150mw_300mwh_soc10_90_v5,1,4729,93.016,0.0
2026-05-25 17:25:45,20260525_172452_dk2022_150mw_300mwh_soc10_90_v5,1,4730,93.016,0.0
2026-05-25 17:25:45,20260525_172452_dk2022_150mw_300mwh_soc10_90_v5,1,4731,93.016,0.0
2026-05-25 17:25:45,20260525_172452_dk2022_150mw_300mwh_soc10_90_v5,1,4732,93.016,0.0
2026-05-25 17:25:45,20260525_172452_dk2022_150mw_300mwh_soc10_90_v5,1,4733,93.016,0.0
2026-05-25 17:25:45,20260525_172452_dk2022_150mw_300mwh_soc10_90_v5,1,4734,93.016,0.0
2026-05-25 17:25:45,20260525_172452_dk2022_150mw_300mwh_soc10_90_v5,1,4735,93.016,0.0
2026-05-25 17:25:45,20260525_172452_dk2022_150mw_300mwh_soc10_90_v5,1,4736,93.016,0.0
2026-05-25 17:25:45,20260525_172452_dk2022_150mw_300mwh_soc10_90_v5,1,4737,93.016,0.0
2026-05-25 17:25:45,20260525_172452_dk2022_150mw_300mwh_soc10_90_v5,1,4738,93.016,0.0
2026-05-25 17:25:45,20260525_172452_dk2022_150mw_300mwh_soc10_90_v5,1,4739,93.016,0.0
2026-05-25 17:25:45,20260525_172452_dk2022_150mw_300mwh_soc10_90_v5,1,4740,93.016,0.0
2026-05-25 17:25:45,20260525_172452_dk2022_150mw_300mwh_soc10_90_v5,1,4741,93.016,0.0
2026-05-25 17:25:45,20260525_172452_dk2022_150mw_300mwh_soc10_90_v5,1,4742,93.016,0.0
2026-05-25 17:25:45,20260525_172452_dk2022_150mw_300mwh_soc10_90_v5,1,4743,93.016,0.0
2026-05-25 17:25:45,20260525_172452_dk2022_150mw_300mwh_soc10_90_v5,1,4744,93.016,0.0
2026-05-25 17:25:45,20260525_172452_dk2022_150mw_300mwh_soc10_90_v5,1,4745,93.016,0.0
2026-05-25 17:25:45,20260525_172452_dk2022_150mw_300mwh_soc10_90_v5,1,4746,93.016,0.0
2026-05-25 17:25:45,20260525_172452_dk2022_150mw_300mwh_soc10_90_v5,1,4747,93.016,0.0
2026-05-25 17:25:45,20260525_172452_dk2022_150mw_300mwh_soc10_90_v5,1,4748,93.016,0.0
2026-05-25 17:25:45,20260525_172452_dk2022_150mw_300mwh_soc10_90_v5,1,4749,93.016,0.0
2026-05-25 17:25:45,20260525_172452_dk2022_150mw_300mwh_soc10_90_v5,1,4750,93.016,0.0
2026-05-25 17:25:45,20260525_172452_dk2022_150mw_300mwh_soc10_90_v5,1,4751,93.016,0.0
2026-05-25 17:25:45,20260525_172452_dk2022_150mw_300mwh_soc10_90_v5,1,4752,93.016,0.0
2026-05-25 17:25:45,20260525_172452_dk2022_150mw_300mwh_soc10_90_v5,1,4753,93.016,0.0
2026-05-25 17:25:45,20260525_172452_dk2022_150mw_300mwh_soc10_90_v5,1,4754,93.016,0.0
2026-05-25 17:25:45,20260525_172452_dk2022_150mw_300mwh_soc10_90_v5,1,4755,93.016,0.0
2026-05-25 17:25:45,20260525_172452_dk2022_150mw_300mwh_soc10_90_v5,1,4756,93.016,0.0
2026-05-25 17:25:45,20260525_172452_dk2022_150mw_300mwh_soc10_90_v5,1,4757,93.016,0.0
2026-05-25 17:25:45,20260525_172452_dk2022_150mw_300mwh_soc10_90_v5,1,4758,93.016,0.0
2026-05-25 17:25:45,20260525_172452_dk2022_150mw_300mwh_soc10_90_v5,1,4759,93.016,0.0
2026-05-25 17:25:45,20260525_172452_dk2022_150mw_300mwh_soc10_90_v5,1,4760,93.016,0.0
2026-05-25 17:25:45,20260525_172452_dk2022_150mw_300mwh_soc10_90_v5,1,4761,93.016,0.0
2026-05-25 17:25:45,20260525_172452_dk2022_150mw_300mwh_soc10_90_v5,1,4762,93.016,0.0
2026-05-25 17:25:45,20260525_172452_dk2022_150mw_300mwh_soc10_90_v5,1,4763,93.016,0.0
2026-05-25 17:25:45,20260525_172452_dk2022_150mw_300mwh_soc10_90_v5,1,4764,93.016,0.0
2026-05-25 17:25:45,20260525_172452_dk2022_150mw_300mwh_soc10_90_v5,1,4765,93.016,0.0
2026-05-25 17:25:45,20260525_172452_dk2022_150mw_300mwh_soc10_90_v5,1,4766,93.016,0.0
2026-05-25 17:25:45,20260525_172452_dk2022_150mw_300mwh_soc10_90_v5,1,4767,93.016,0.0
2026-05-25 17:25:45,20260525_172452_dk2022_150mw_300mwh_soc10_90_v5,1,4768,93.016,0.0
2026-05-25 17:25:45,20260525_172452_dk2022_150mw_300mwh_soc10_90_v5,1,4769,93.016,0.0
2026-05-25 17:25:45,20260525_172452_dk2022_150mw_300mwh_soc10_90_v5,1,4770,93.016,0.0
2026-05-25 17:25:45,20260525_172452_dk2022_150mw_300mwh_soc10_90_v5,1,4771,93.016,0.0
2026-05-25 17:25:45,20260525_172452_dk2022_150mw_300mwh_soc10_90_v5,1,4772,93.016,0.0
2026-05-25 17:25:45,20260525_172452_dk2022_150mw_300mwh_soc10_90_v5,1,4773,93.016,0.0
2026-05-25 17:25:45,20260525_172452_dk2022_150mw_300mwh_soc10_90_v5,1,4774,93.016,0.0
2026-05-25 17:25:45,20260525_172452_dk2022_150mw_300mwh_soc10_90_v5,1,4775,93.016,0.0
2026-05-25 17:25:45,20260525_172452_dk2022_150mw_300mwh_soc10_90_v5,1,4776,93.016,0.0
2026-05-25 17:25:45,20260525_172452_dk2022_150mw_300mwh_soc10_90_v5,1,4777,93.016,0.0
2026-05-25 17:25:45,20260525_172452_dk2022_150mw_300mwh_soc10_90_v5,1,4778,93.016,0.0
2026-05-25 17:25:45,20260525_172452_dk2022_150mw_300mwh_soc10_90_v5,1,4779,93.016,0.0
2026-05-25 17:25:45,20260525_172452_dk2022_150mw_300mwh_soc10_90_v5,1,4780,93.016,0.0
2026-05-25 17:25:45,20260525_172452_dk2022_150mw_300mwh_soc10_90_v5,1,4781,93.016,0.0
2026-05-25 17:25:45,20260525_172452_dk2022_150mw_300mwh_soc10_90_v5,1,4782,93.016,0.0
2026-05-25 17:25:45,20260525_172452_dk2022_150mw_300mwh_soc10_90_v5,1,4783,93.016,0.0
2026-05-25 17:25:45,20260525_172452_dk2022_150mw_300mwh_soc10_90_v5,1,4784,93.016,0.0
2026-05-25 17:25:45,20260525_172452_dk2022_150mw_300mwh_soc10_90_v5,1,4785,93.016,0.0
2026-05-25 17:25:45,20260525_172452_dk2022_150mw_300mwh_soc10_90_v5,1,4786,93.016,0.0
2026-05-25 17:25:45,20260525_172452_dk2022_150mw_300mwh_soc10_90_v5,1,4787,93.016,0.0
2026-05-25 17:25:45,20260525_172452_dk2022_150mw_300mwh_soc10_90_v5,1,4788,93.016,0.0
2026-05-25 17:25:45,20260525_172452_dk2022_150mw_300mwh_soc10_90_v5,1,4789,93.016,0.0
2026-05-25 17:25:45,20260525_172452_dk2022_150mw_300mwh_soc10_90_v5,1,4790,93.016,0.0
2026-05-25 17:25:45,20260525_172452_dk2022_150mw_300mwh_soc10_90_v5,1,4791,93.016,0.0
2026-05-25 17:25:45,20260525_172452_dk2022_150mw_300mwh_soc10_90_v5,1,4792,93.016,0.0
2026-05-25 17:25:45,20260525_172452_dk2022_150mw_300mwh_soc10_90_v5,1,4793,93.016,0.0
2026-05-25 17:25:45,20260525_172452_dk2022_150mw_300mwh_soc10_90_v5,1,4794,93.016,0.0
2026-05-25 17:25:45,20260525_172452_dk2022_150mw_300mwh_soc10_90_v5,1,4795,93.016,0.0
2026-05-25 17:25:45,20260525_172452_dk2022_150mw_300mwh_soc10_90_v5,1,4796,93.016,0.0
2026-05-25 17:25:45,20260525_172452_dk2022_150mw_300mwh_soc10_90_v5,1,4797,93.016,0.0
2026-05-25 17:25:45,20260525_172452_dk2022_150mw_300mwh_soc10_90_v5,1,4798,93.016,0.0
2026-05-25 17:25:45,20260525_172452_dk2022_150mw_300mwh_soc10_90_v5,1,4799,93.016,0.0
2026-05-25 17:25:45,20260525_172452_dk2022_150mw_300mwh_soc10_90_v5,1,4800,93.016,0.0
2026-05-25 17:25:45,20260525_172452_dk2022_150mw_300mwh_soc10_90_v5,1,4801,93.016,0.0
2026-05-25 17:25:45,20260525_172452_dk2022_150mw_300mwh_soc10_90_v5,1,4802,93.016,0.0
2026-05-25 17:25:45,20260525_172452_dk2022_150mw_300mwh_soc10_90_v5,1,4803,93.016,0.0
2026-05-25 17:25:45,20260525_172452_dk2022_150mw_300mwh_soc10_90_v5,1,4804,93.016,0.0
2026-05-25 17:25:45,20260525_172452_dk2022_150mw_300mwh_soc10_90_v5,1,4805,93.016,0.0
2026-05-25 17:25:45,20260525_172452_dk2022_150mw_300mwh_soc10_90_v5,1,4806,93.016,0.0
2026-05-25 17:25:45,20260525_172452_dk2022_150mw_300mwh_soc10_90_v5,1,4807,93.016,0.0
2026-05-25 17:25:45,20260525_172452_dk2022_150mw_300mwh_soc10_90_v5,1,4808,93.016,0.0
2026-05-25 17:25:45,20260525_172452_dk2022_150mw_300mwh_soc10_90_v5,1,4809,93.016,0.0
2026-05-25 17:25:45,20260525_172452_dk2022_150mw_300mwh_soc10_90_v5,1,4810,93.016,0.0
2026-05-25 17:25:45,20260525_172452_dk2022_150mw_300mwh_soc10_90_v5,1,4811,93.016,0.0
2026-05-25 17:25:45,20260525_172452_dk2022_150mw_300mwh_soc10_90_v5,1,4812,93.016,0.0
2026-05-25 17:25:45,20260525_172452_dk2022_150mw_300mwh_soc10_90_v5,1,4813,93.016,0.0
2026-05-25 17:25:45,20260525_172452_dk2022_150mw_300mwh_soc10_90_v5,1,4814,93.016,0.0
2026-05-25 17:25:45,20260525_172452_dk2022_150mw_300mwh_soc10_90_v5,1,4815,93.016,0.0
2026-05-25 17:25:45,20260525_172452_dk2022_150mw_300mwh_soc10_90_v5,1,4816,93.016,0.0
2026-05-25 17:25:45,20260525_172452_dk2022_150mw_300mwh_soc10_90_v5,1,4817,93.016,0.0
2026-05-25 17:25:45,20260525_172452_dk2022_150mw_300mwh_soc10_90_v5,1,4818,93.016,0.0
2026-05-25 17:25:45,20260525_172452_dk2022_150mw_300mwh_soc10_90_v5,1,4819,93.016,0.0
2026-05-25 17:25:45,20260525_172452_dk2022_150mw_300mwh_soc10_90_v5,1,4820,93.016,0.0
2026-05-25 17:25:45,20260525_172452_dk2022_150mw_300mwh_soc10_90_v5,1,4821,93.016,0.0
2026-05-25 17:25:45,20260525_172452_dk2022_150mw_300mwh_soc10_90_v5,1,4822,93.016,0.0
2026-05-25 17:25:45,20260525_172452_dk2022_150mw_300mwh_soc10_90_v5,1,4823,93.016,0.0
2026-05-25 17:25:45,20260525_172452_dk2022_150mw_300mwh_soc10_90_v5,1,4824,93.016,0.0
2026-05-25 17:25:45,20260525_172452_dk2022_150mw_300mwh_soc10_90_v5,1,4825,93.016,0.0
2026-05-25 17:25:45,20260525_172452_dk2022_150mw_300mwh_soc10_90_v5,1,4826,93.016,0.0
2026-05-25 17:25:45,20260525_172452_dk2022_150mw_300mwh_soc10_90_v5,1,4827,93.016,0.0
2026-05-25 17:25:45,20260525_172452_dk2022_150mw_300mwh_soc10_90_v5,1,4828,93.016,0.0
2026-05-25 17:25:45,20260525_172452_dk2022_150mw_300mwh_soc10_90_v5,1,4829,93.016,0.0
2026-05-25 17:25:45,20260525_172452_dk2022_150mw_300mwh_soc10_90_v5,1,4830,93.016,0.0
2026-05-25 17:25:45,20260525_172452_dk2022_150mw_300mwh_soc10_90_v5,1,4831,93.016,0.0
2026-05-25 17:25:45,20260525_172452_dk2022_150mw_300mwh_soc10_90_v5,1,4832,93.016,0.0
2026-05-25 17:25:45,20260525_172452_dk2022_150mw_300mwh_soc10_90_v5,1,4833,93.016,0.0
2026-05-25 17:25:45,20260525_172452_dk2022_150mw_300mwh_soc10_90_v5,1,4834,93.016,0.0
2026-05-25 17:25:45,20260525_172452_dk2022_150mw_300mwh_soc10_90_v5,1,4835,93.016,0.0
2026-05-25 17:25:45,20260525_172452_dk2022_150mw_300mwh_soc10_90_v5,1,4836,93.016,0.0
2026-05-25 17:25:45,20260525_172452_dk2022_150mw_300mwh_soc10_90_v5,1,4837,93.016,0.0
2026-05-25 17:25:45,20260525_172452_dk2022_150mw_300mwh_soc10_90_v5,1,4838,93.016,0.0
2026-05-25 17:25:45,20260525_172452_dk2022_150mw_300mwh_soc10_90_v5,1,4839,93.016,0.0
2026-05-25 17:25:45,20260525_172452_dk2022_150mw_300mwh_soc10_90_v5,1,4840,93.016,0.0
2026-05-25 17:25:45,20260525_172452_dk2022_150mw_300mwh_soc10_90_v5,1,4841,93.016,0.0
2026-05-25 17:25:45,20260525_172452_dk2022_150mw_300mwh_soc10_90_v5,1,4842,93.016,0.0
2026-05-25 17:25:45,20260525_172452_dk2022_150mw_300mwh_soc10_90_v5,1,4843,93.016,0.0
2026-05-25 17:25:45,20260525_172452_dk2022_150mw_300mwh_soc10_90_v5,1,4844,93.016,0.0
2026-05-25 17:25:45,20260525_172452_dk2022_150mw_300mwh_soc10_90_v5,1,4845,93.016,0.0
2026-05-25 17:25:45,20260525_172452_dk2022_150mw_300mwh_soc10_90_v5,1,4846,93.016,0.0
2026-05-25 17:25:45,20260525_172452_dk2022_150mw_300mwh_soc10_90_v5,1,4847,93.016,0.0
2026-05-25 17:25:45,20260525_172452_dk2022_150mw_300mwh_soc10_90_v5,1,4848,93.016,0.0
2026-05-25 17:25:45,20260525_172452_dk2022_150mw_300mwh_soc10_90_v5,1,4849,93.016,0.0
2026-05-25 17:25:45,20260525_172452_dk2022_150mw_300mwh_soc10_90_v5,1,4850,93.016,0.0
2026-05-25 17:25:45,20260525_172452_dk2022_150mw_300mwh_soc10_90_v5,1,4851,93.016,0.0
2026-05-25 17:25:45,20260525_172452_dk2022_150mw_300mwh_soc10_90_v5,1,4852,93.016,0.0
2026-05-25 17:25:45,20260525_172452_dk2022_150mw_300mwh_soc10_90_v5,1,4853,93.016,0.0
2026-05-25 17:25:45,20260525_172452_dk2022_150mw_300mwh_soc10_90_v5,1,4854,93.016,0.0
2026-05-25 17:25:45,20260525_172452_dk2022_150mw_300mwh_soc10_90_v5,1,4855,93.016,0.0
2026-05-25 17:25:45,20260525_172452_dk2022_150mw_300mwh_soc10_90_v5,1,4856,93.016,0.0
2026-05-25 17:25:45,20260525_172452_dk2022_150mw_300mwh_soc10_90_v5,1,4857,93.016,0.0
2026-05-25 17:25:45,20260525_172452_dk2022_150mw_300mwh_soc10_90_v5,1,4858,93.016,0.0
2026-05-25 17:25:45,20260525_172452_dk2022_150mw_300mwh_soc10_90_v5,1,4859,93.016,0.0
2026-05-25 17:25:45,20260525_172452_dk2022_150mw_300mwh_soc10_90_v5,1,4860,93.016,0.0
2026-05-25 17:25:45,20260525_172452_dk2022_150mw_300mwh_soc10_90_v5,1,4861,93.016,0.0
2026-05-25 17:25:45,20260525_172452_dk2022_150mw_300mwh_soc10_90_v5,1,4862,93.016,0.0
2026-05-25 17:25:45,20260525_172452_dk2022_150mw_300mwh_soc10_90_v5,1,4863,93.016,0.0
2026-05-25 17:25:45,20260525_172452_dk2022_150mw_300mwh_soc10_90_v5,1,4864,93.016,0.0
2026-05-25 17:25:45,20260525_172452_dk2022_150mw_300mwh_soc10_90_v5,1,4865,93.016,0.0
2026-05-25 17:25:45,20260525_172452_dk2022_150mw_300mwh_soc10_90_v5,1,4866,93.016,0.0
2026-05-25 17:25:45,20260525_172452_dk2022_150mw_300mwh_soc10_90_v5,1,4867,93.016,0.0
2026-05-25 17:25:45,20260525_172452_dk2022_150mw_300mwh_soc10_90_v5,1,4868,93.016,0.0
2026-05-25 17:25:45,20260525_172452_dk2022_150mw_300mwh_soc10_90_v5,1,4869,93.016,0.0
2026-05-25 17:25:45,20260525_172452_dk2022_150mw_300mwh_soc10_90_v5,1,4870,93.016,0.0
2026-05-25 17:25:45,20260525_172452_dk2022_150mw_300mwh_soc10_90_v5,1,4871,93.016,0.0
2026-05-25 17:25:45,20260525_172452_dk2022_150mw_300mwh_soc10_90_v5,1,4872,93.016,0.0
2026-05-25 17:25:45,20260525_172452_dk2022_150mw_300mwh_soc10_90_v5,1,4873,93.016,0.0
2026-05-25 17:25:45,20260525_172452_dk2022_150mw_300mwh_soc10_90_v5,1,4874,93.016,0.0
2026-05-25 17:25:45,20260525_172452_dk2022_150mw_300mwh_soc10_90_v5,1,4875,93.016,0.0
2026-05-25 17:25:45,20260525_172452_dk2022_150mw_300mwh_soc10_90_v5,1,4876,93.016,0.0
2026-05-25 17:25:45,20260525_172452_dk2022_150mw_300mwh_soc10_90_v5,1,4877,93.016,0.0
2026-05-25 17:25:45,20260525_172452_dk2022_150mw_300mwh_soc10_90_v5,1,4878,93.016,0.0
2026-05-25 17:25:45,20260525_172452_dk2022_150mw_300mwh_soc10_90_v5,1,4879,93.016,0.0
2026-05-25 17:25:45,20260525_172452_dk2022_150mw_300mwh_soc10_90_v5,1,4880,93.016,0.0
2026-05-25 17:25:45,20260525_172452_dk2022_150mw_300mwh_soc10_90_v5,1,4881,93.016,0.0
2026-05-25 17:25:45,20260525_172452_dk2022_150mw_300mwh_soc10_90_v5,1,4882,93.016,0.0
2026-05-25 17:25:45,20260525_172452_dk2022_150mw_300mwh_soc10_90_v5,1,4883,93.016,0.0
2026-05-25 17:25:45,20260525_172452_dk2022_150mw_300mwh_soc10_90_v5,1,4884,93.016,0.0
2026-05-25 17:25:45,20260525_172452_dk2022_150mw_300mwh_soc10_90_v5,1,4885,93.016,0.0
2026-05-25 17:25:45,20260525_172452_dk2022_150mw_300mwh_soc10_90_v5,1,4886,93.016,0.0
2026-05-25 17:25:45,20260525_172452_dk2022_150mw_300mwh_soc10_90_v5,1,4887,93.016,0.0
2026-05-25 17:25:45,20260525_172452_dk2022_150mw_300mwh_soc10_90_v5,1,4888,93.016,0.0
2026-05-25 17:25:45,20260525_172452_dk2022_150mw_300mwh_soc10_90_v5,1,4889,93.016,0.0
2026-05-25 17:25:45,20260525_172452_dk2022_150mw_300mwh_soc10_90_v5,1,4890,93.016,0.0
2026-05-25 17:25:45,20260525_172452_dk2022_150mw_300mwh_soc10_90_v5,1,4891,93.016,0.0
2026-05-25 17:25:45,20260525_172452_dk2022_150mw_300mwh_soc10_90_v5,1,4892,93.016,0.0
2026-05-25 17:25:45,20260525_172452_dk2022_150mw_300mwh_soc10_90_v5,1,4893,93.016,0.0
2026-05-25 17:25:45,20260525_172452_dk2022_150mw_300mwh_soc10_90_v5,1,4894,93.016,0.0
2026-05-25 17:25:45,20260525_172452_dk2022_150mw_300mwh_soc10_90_v5,1,4895,93.016,0.0
2026-05-25 17:25:45,20260525_172452_dk2022_150mw_300mwh_soc10_90_v5,1,4896,93.016,0.0
2026-05-25 17:25:45,20260525_172452_dk2022_150mw_300mwh_soc10_90_v5,1,4897,93.016,0.0
2026-05-25 17:25:45,20260525_172452_dk2022_150mw_300mwh_soc10_90_v5,1,4898,93.016,0.0
2026-05-25 17:25:45,20260525_172452_dk2022_150mw_300mwh_soc10_90_v5,1,4899,93.016,0.0
2026-05-25 17:25:45,20260525_172452_dk2022_150mw_300mwh_soc10_90_v5,1,4900,93.016,0.0
2026-05-25 17:25:45,20260525_172452_dk2022_150mw_300mwh_soc10_90_v5,1,4901,93.016,0.0
2026-05-25 17:25:45,20260525_172452_dk2022_150mw_300mwh_soc10_90_v5,1,4902,93.016,0.0
2026-05-25 17:25:45,20260525_172452_dk2022_150mw_300mwh_soc10_90_v5,1,4903,93.016,0.0
2026-05-25 17:25:45,20260525_172452_dk2022_150mw_300mwh_soc10_90_v5,1,4904,93.016,0.0
2026-05-25 17:25:45,20260525_172452_dk2022_150mw_300mwh_soc10_90_v5,1,4905,93.016,0.0
2026-05-25 17:25:45,20260525_172452_dk2022_150mw_300mwh_soc10_90_v5,1,4906,93.016,0.0
2026-05-25 17:25:45,20260525_172452_dk2022_150mw_300mwh_soc10_90_v5,1,4907,93.016,0.0
2026-05-25 17:25:45,20260525_172452_dk2022_150mw_300mwh_soc10_90_v5,1,4908,93.016,0.0
2026-05-25 17:25:45,20260525_172452_dk2022_150mw_300mwh_soc10_90_v5,1,4909,93.016,0.0
2026-05-25 17:25:45,20260525_172452_dk2022_150mw_300mwh_soc10_90_v5,1,4910,93.016,0.0
2026-05-25 17:25:45,20260525_172452_dk2022_150mw_300mwh_soc10_90_v5,1,4911,93.016,0.0
2026-05-25 17:25:45,20260525_172452_dk2022_150mw_300mwh_soc10_90_v5,1,4912,93.016,0.0
2026-05-25 17:25:45,20260525_172452_dk2022_150mw_300mwh_soc10_90_v5,1,4913,93.016,0.0
2026-05-25 17:25:45,20260525_172452_dk2022_150mw_300mwh_soc10_90_v5,1,4914,93.016,0.0
2026-05-25 17:25:45,20260525_172452_dk2022_150mw_300mwh_soc10_90_v5,1,4915,93.016,0.0
2026-05-25 17:25:45,20260525_172452_dk2022_150mw_300mwh_soc10_90_v5,1,4916,93.016,0.0
2026-05-25 17:25:45,20260525_172452_dk2022_150mw_300mwh_soc10_90_v5,1,4917,93.016,0.0
2026-05-25 17:25:45,20260525_172452_dk2022_150mw_300mwh_soc10_90_v5,1,4918,93.016,0.0
2026-05-25 17:25:45,20260525_172452_dk2022_150mw_300mwh_soc10_90_v5,1,4919,93.016,0.0
2026-05-25 17:25:45,20260525_172452_dk2022_150mw_300mwh_soc10_90_v5,1,4920,93.016,0.0
2026-05-25 17:25:45,20260525_172452_dk2022_150mw_300mwh_soc10_90_v5,1,4921,93.016,0.0
2026-05-25 17:25:45,20260525_172452_dk2022_150mw_300mwh_soc10_90_v5,1,4922,93.016,0.0
2026-05-25 17:25:45,20260525_172452_dk2022_150mw_300mwh_soc10_90_v5,1,4923,93.016,0.0
2026-05-25 17:25:45,20260525_172452_dk2022_150mw_300mwh_soc10_90_v5,1,4924,93.016,0.0
2026-05-25 17:25:45,20260525_172452_dk2022_150mw_300mwh_soc10_90_v5,1,4925,93.016,0.0
2026-05-25 17:25:45,20260525_172452_dk2022_150mw_300mwh_soc10_90_v5,1,4926,93.016,0.0
2026-05-25 17:25:45,20260525_172452_dk2022_150mw_300mwh_soc10_90_v5,1,4927,93.016,0.0
2026-05-25 17:25:45,20260525_172452_dk2022_150mw_300mwh_soc10_90_v5,1,4928,93.016,0.0
2026-05-25 17:25:45,20260525_172452_dk2022_150mw_300mwh_soc10_90_v5,1,4929,93.016,0.0
2026-05-25 17:25:45,20260525_172452_dk2022_150mw_300mwh_soc10_90_v5,1,4930,93.016,0.0
2026-05-25 17:25:45,20260525_172452_dk2022_150mw_300mwh_soc10_90_v5,1,4931,93.016,0.0
2026-05-25 17:25:45,20260525_172452_dk2022_150mw_300mwh_soc10_90_v5,1,4932,93.016,0.0
2026-05-25 17:25:45,20260525_172452_dk2022_150mw_300mwh_soc10_90_v5,1,4933,93.016,0.0
2026-05-25 17:25:45,20260525_172452_dk2022_150mw_300mwh_soc10_90_v5,1,4934,93.016,0.0
2026-05-25 17:25:45,20260525_172452_dk2022_150mw_300mwh_soc10_90_v5,1,4935,93.016,0.0
2026-05-25 17:25:45,20260525_172452_dk2022_150mw_300mwh_soc10_90_v5,1,4936,93.016,0.0
2026-05-25 17:25:45,20260525_172452_dk2022_150mw_300mwh_soc10_90_v5,1,4937,93.016,0.0
2026-05-25 17:25:45,20260525_172452_dk2022_150mw_300mwh_soc10_90_v5,1,4938,93.016,0.0
2026-05-25 17:25:45,20260525_172452_dk2022_150mw_300mwh_soc10_90_v5,1,4939,93.016,0.0
2026-05-25 17:25:45,20260525_172452_dk2022_150mw_300mwh_soc10_90_v5,1,4940,93.016,0.0
2026-05-25 17:25:45,20260525_172452_dk2022_150mw_300mwh_soc10_90_v5,1,4941,93.016,0.0
2026-05-25 17:25:45,20260525_172452_dk2022_150mw_300mwh_soc10_90_v5,1,4942,93.016,0.0
2026-05-25 17:25:45,20260525_172452_dk2022_150mw_300mwh_soc10_90_v5,1,4943,93.016,0.0
2026-05-25 17:25:45,20260525_172452_dk2022_150mw_300mwh_soc10_90_v5,1,4944,93.016,0.0
2026-05-25 17:25:45,20260525_172452_dk2022_150mw_300mwh_soc10_90_v5,1,4945,93.016,0.0
2026-05-25 17:25:45,20260525_172452_dk2022_150mw_300mwh_soc10_90_v5,1,4946,93.016,0.0
2026-05-25 17:25:45,20260525_172452_dk2022_150mw_300mwh_soc10_90_v5,1,4947,93.016,0.0
2026-05-25 17:25:45,20260525_172452_dk2022_150mw_300mwh_soc10_90_v5,1,4948,93.016,0.0
2026-05-25 17:25:45,20260525_172452_dk2022_150mw_300mwh_soc10_90_v5,1,4949,93.016,0.0
2026-05-25 17:25:45,20260525_172452_dk2022_150mw_300mwh_soc10_90_v5,1,4950,93.016,0.0
2026-05-25 17:25:45,20260525_172452_dk2022_150mw_300mwh_soc10_90_v5,1,4951,93.016,0.0
2026-05-25 17:25:45,20260525_172452_dk2022_150mw_300mwh_soc10_90_v5,1,4952,93.016,0.0
2026-05-25 17:25:45,20260525_172452_dk2022_150mw_300mwh_soc10_90_v5,1,4953,93.016,0.0
2026-05-25 17:25:45,20260525_172452_dk2022_150mw_300mwh_soc10_90_v5,1,4954,93.016,0.0
2026-05-25 17:25:45,20260525_172452_dk2022_150mw_300mwh_soc10_90_v5,1,4955,93.016,0.0
2026-05-25 17:25:45,20260525_172452_dk2022_150mw_300mwh_soc10_90_v5,1,4956,93.016,0.0
2026-05-25 17:25:45,20260525_172452_dk2022_150mw_300mwh_soc10_90_v5,1,4957,93.016,0.0
2026-05-25 17:25:45,20260525_172452_dk2022_150mw_300mwh_soc10_90_v5,1,4958,93.016,0.0
2026-05-25 17:25:45,20260525_172452_dk2022_150mw_300mwh_soc10_90_v5,1,4959,93.016,0.0
2026-05-25 17:25:45,20260525_172452_dk2022_150mw_300mwh_soc10_90_v5,1,4960,93.016,0.0
2026-05-25 17:25:45,20260525_172452_dk2022_150mw_300mwh_soc10_90_v5,1,4961,93.016,0.0
2026-05-25 17:25:45,20260525_172452_dk2022_150mw_300mwh_soc10_90_v5,1,4962,93.016,0.0
2026-05-25 17:25:45,20260525_172452_dk2022_150mw_300mwh_soc10_90_v5,1,4963,93.016,0.0
2026-05-25 17:25:45,20260525_172452_dk2022_150mw_300mwh_soc10_90_v5,1,4964,93.016,0.0
2026-05-25 17:25:45,20260525_172452_dk2022_150mw_300mwh_soc10_90_v5,1,4965,93.016,0.0
2026-05-25 17:25:45,20260525_172452_dk2022_150mw_300mwh_soc10_90_v5,1,4966,93.016,0.0
2026-05-25 17:25:45,20260525_172452_dk2022_150mw_300mwh_soc10_90_v5,1,4967,93.016,0.0
2026-05-25 17:25:45,20260525_172452_dk2022_150mw_300mwh_soc10_90_v5,1,4968,93.016,0.0
2026-05-25 17:25:45,20260525_172452_dk2022_150mw_300mwh_soc10_90_v5,1,4969,93.016,0.0
2026-05-25 17:25:45,20260525_172452_dk2022_150mw_300mwh_soc10_90_v5,1,4970,93.016,0.0
2026-05-25 17:25:45,20260525_172452_dk2022_150mw_300mwh_soc10_90_v5,1,4971,93.016,0.0
2026-05-25 17:25:45,20260525_172452_dk2022_150mw_300mwh_soc10_90_v5,1,4972,93.016,0.0
2026-05-25 17:25:45,20260525_172452_dk2022_150mw_300mwh_soc10_90_v5,1,4973,93.016,0.0
2026-05-25 17:25:45,20260525_172452_dk2022_150mw_300mwh_soc10_90_v5,1,4974,93.016,0.0
2026-05-25 17:25:45,20260525_172452_dk2022_150mw_300mwh_soc10_90_v5,1,4975,93.016,0.0
2026-05-25 17:25:45,20260525_172452_dk2022_150mw_300mwh_soc10_90_v5,1,4976,93.016,0.0
2026-05-25 17:25:45,20260525_172452_dk2022_150mw_300mwh_soc10_90_v5,1,4977,93.016,0.0
2026-05-25 17:25:45,20260525_172452_dk2022_150mw_300mwh_soc10_90_v5,1,4978,93.016,0.0
2026-05-25 17:25:45,20260525_172452_dk2022_150mw_300mwh_soc10_90_v5,1,4979,93.016,0.0
2026-05-25 17:25:45,20260525_172452_dk2022_150mw_300mwh_soc10_90_v5,1,4980,93.016,0.0
2026-05-25 17:25:45,20260525_172452_dk2022_150mw_300mwh_soc10_90_v5,1,4981,93.016,0.0
2026-05-25 17:25:45,20260525_172452_dk2022_150mw_300mwh_soc10_90_v5,1,4982,93.016,0.0
2026-05-25 17:25:45,20260525_172452_dk2022_150mw_300mwh_soc10_90_v5,1,4983,93.016,0.0
2026-05-25 17:25:45,20260525_172452_dk2022_150mw_300mwh_soc10_90_v5,1,4984,93.016,0.0
2026-05-25 17:25:45,20260525_172452_dk2022_150mw_300mwh_soc10_90_v5,1,4985,93.016,0.0
2026-05-25 17:25:45,20260525_172452_dk2022_150mw_300mwh_soc10_90_v5,1,4986,93.016,0.0
2026-05-25 17:25:45,20260525_172452_dk2022_150mw_300mwh_soc10_90_v5,1,4987,93.016,0.0
2026-05-25 17:25:45,20260525_172452_dk2022_150mw_300mwh_soc10_90_v5,1,4988,93.016,0.0
2026-05-25 17:25:45,20260525_172452_dk2022_150mw_300mwh_soc10_90_v5,1,4989,93.016,0.0
2026-05-25 17:25:45,20260525_172452_dk2022_150mw_300mwh_soc10_90_v5,1,4990,93.016,0.0
2026-05-25 17:25:45,20260525_172452_dk2022_150mw_300mwh_soc10_90_v5,1,4991,93.016,0.0
2026-05-25 17:25:45,20260525_172452_dk2022_150mw_300mwh_soc10_90_v5,1,4992,93.016,0.0
2026-05-25 17:25:45,20260525_172452_dk2022_150mw_300mwh_soc10_90_v5,1,4993,93.016,0.0
2026-05-25 17:25:45,20260525_172452_dk2022_150mw_300mwh_soc10_90_v5,1,4994,93.016,0.0
2026-05-25 17:25:45,20260525_172452_dk2022_150mw_300mwh_soc10_90_v5,1,4995,93.016,0.0
2026-05-25 17:25:45,20260525_172452_dk2022_150mw_300mwh_soc10_90_v5,1,4996,93.016,0.0
2026-05-25 17:25:45,20260525_172452_dk2022_150mw_300mwh_soc10_90_v5,1,4997,93.016,0.0
2026-05-25 17:25:45,20260525_172452_dk2022_150mw_300mwh_soc10_90_v5,1,4998,93.016,0.0
2026-05-25 17:25:45,20260525_172452_dk2022_150mw_300mwh_soc10_90_v5,1,4999,93.016,0.0
2026-05-25 17:25:45,20260525_172452_dk2022_150mw_300mwh_soc10_90_v5,1,5000,93.016,0.0
2026-05-25 17:25:45,20260525_172452_dk2022_150mw_300mwh_soc10_90_v5,1,5001,93.016,0.0
2026-05-25 17:25:45,20260525_172452_dk2022_150mw_300mwh_soc10_90_v5,1,5002,93.016,0.0
2026-05-25 17:25:45,20260525_172452_dk2022_150mw_300mwh_soc10_90_v5,1,5003,93.016,0.0
2026-05-25 17:25:45,20260525_172452_dk2022_150mw_300mwh_soc10_90_v5,1,5004,93.016,0.0
2026-05-25 17:25:45,20260525_172452_dk2022_150mw_300mwh_soc10_90_v5,1,5005,93.016,0.0
2026-05-25 17:25:45,20260525_172452_dk2022_150mw_300mwh_soc10_90_v5,1,5006,93.016,0.0
2026-05-25 17:25:45,20260525_172452_dk2022_150mw_300mwh_soc10_90_v5,1,5007,93.016,0.0
2026-05-25 17:25:45,20260525_172452_dk2022_150mw_300mwh_soc10_90_v5,1,5008,93.016,0.0
2026-05-25 17:25:45,20260525_172452_dk2022_150mw_300mwh_soc10_90_v5,1,5009,93.016,0.0
2026-05-25 17:25:45,20260525_172452_dk2022_150mw_300mwh_soc10_90_v5,1,5010,93.016,0.0
2026-05-25 17:25:45,20260525_172452_dk2022_150mw_300mwh_soc10_90_v5,1,5011,93.016,0.0
2026-05-25 17:25:45,20260525_172452_dk2022_150mw_300mwh_soc10_90_v5,1,5012,93.016,0.0
2026-05-25 17:25:45,20260525_172452_dk2022_150mw_300mwh_soc10_90_v5,1,5013,93.016,0.0
2026-05-25 17:25:45,20260525_172452_dk2022_150mw_300mwh_soc10_90_v5,1,5014,93.016,0.0
2026-05-25 17:25:45,20260525_172452_dk2022_150mw_300mwh_soc10_90_v5,1,5015,93.016,0.0
2026-05-25 17:25:45,20260525_172452_dk2022_150mw_300mwh_soc10_90_v5,1,5016,93.016,0.0
2026-05-25 17:25:45,20260525_172452_dk2022_150mw_300mwh_soc10_90_v5,1,5017,93.016,0.0
2026-05-25 17:25:45,20260525_172452_dk2022_150mw_300mwh_soc10_90_v5,1,5018,93.016,0.0
2026-05-25 17:25:45,20260525_172452_dk2022_150mw_300mwh_soc10_90_v5,1,5019,93.016,0.0
2026-05-25 17:25:45,20260525_172452_dk2022_150mw_300mwh_soc10_90_v5,1,5020,93.016,0.0
2026-05-25 17:25:45,20260525_172452_dk2022_150mw_300mwh_soc10_90_v5,1,5021,93.016,0.0
2026-05-25 17:25:45,20260525_172452_dk2022_150mw_300mwh_soc10_90_v5,1,5022,93.016,0.0
2026-05-25 17:25:45,20260525_172452_dk2022_150mw_300mwh_soc10_90_v5,1,5023,93.016,0.0
2026-05-25 17:25:45,20260525_172452_dk2022_150mw_300mwh_soc10_90_v5,1,5024,93.016,0.0
2026-05-25 17:25:45,20260525_172452_dk2022_150mw_300mwh_soc10_90_v5,1,5025,93.016,0.0
2026-05-25 17:25:45,20260525_172452_dk2022_150mw_300mwh_soc10_90_v5,1,5026,93.016,0.0
2026-05-25 17:25:45,20260525_172452_dk2022_150mw_300mwh_soc10_90_v5,1,5027,93.016,0.0
2026-05-25 17:25:45,20260525_172452_dk2022_150mw_300mwh_soc10_90_v5,1,5028,93.016,0.0
2026-05-25 17:25:45,20260525_172452_dk2022_150mw_300mwh_soc10_90_v5,1,5029,93.016,0.0
2026-05-25 17:25:45,20260525_172452_dk2022_150mw_300mwh_soc10_90_v5,1,5030,93.016,0.0
2026-05-25 17:25:45,20260525_172452_dk2022_150mw_300mwh_soc10_90_v5,1,5031,93.016,0.0
2026-05-25 17:25:45,20260525_172452_dk2022_150mw_300mwh_soc10_90_v5,1,5032,93.016,0.0
2026-05-25 17:25:45,20260525_172452_dk2022_150mw_300mwh_soc10_90_v5,1,5033,93.016,0.0
2026-05-25 17:25:45,20260525_172452_dk2022_150mw_300mwh_soc10_90_v5,1,5034,93.016,0.0
2026-05-25 17:25:45,20260525_172452_dk2022_150mw_300mwh_soc10_90_v5,1,5035,93.016,0.0
2026-05-25 17:25:45,20260525_172452_dk2022_150mw_300mwh_soc10_90_v5,1,5036,93.016,0.0
2026-05-25 17:25:45,20260525_172452_dk2022_150mw_300mwh_soc10_90_v5,1,5037,93.016,0.0
2026-05-25 17:25:45,20260525_172452_dk2022_150mw_300mwh_soc10_90_v5,1,5038,93.016,0.0
2026-05-25 17:25:45,20260525_172452_dk2022_150mw_300mwh_soc10_90_v5,1,5039,93.016,0.0
2026-05-25 17:25:45,20260525_172452_dk2022_150mw_300mwh_soc10_90_v5,1,5040,93.016,0.0
2026-05-25 17:25:45,20260525_172452_dk2022_150mw_300mwh_soc10_90_v5,1,5041,93.016,0.0
2026-05-25 17:25:45,20260525_172452_dk2022_150mw_300mwh_soc10_90_v5,1,5042,93.016,0.0
2026-05-25 17:25:45,20260525_172452_dk2022_150mw_300mwh_soc10_90_v5,1,5043,93.016,0.0
2026-05-25 17:25:45,20260525_172452_dk2022_150mw_300mwh_soc10_90_v5,1,5044,93.016,0.0
2026-05-25 17:25:45,20260525_172452_dk2022_150mw_300mwh_soc10_90_v5,1,5045,93.016,0.0
2026-05-25 17:25:45,20260525_172452_dk2022_150mw_300mwh_soc10_90_v5,1,5046,93.016,0.0
2026-05-25 17:25:45,20260525_172452_dk2022_150mw_300mwh_soc10_90_v5,1,5047,93.016,0.0
2026-05-25 17:25:45,20260525_172452_dk2022_150mw_300mwh_soc10_90_v5,1,5048,93.016,0.0
2026-05-25 17:25:45,20260525_172452_dk2022_150mw_300mwh_soc10_90_v5,1,5049,93.016,0.0
2026-05-25 17:25:45,20260525_172452_dk2022_150mw_300mwh_soc10_90_v5,1,5050,93.016,0.0
2026-05-25 17:25:45,20260525_172452_dk2022_150mw_300mwh_soc10_90_v5,1,5051,93.016,0.0
2026-05-25 17:25:45,20260525_172452_dk2022_150mw_300mwh_soc10_90_v5,1,5052,93.016,0.0
2026-05-25 17:25:45,20260525_172452_dk2022_150mw_300mwh_soc10_90_v5,1,5053,93.016,0.0
2026-05-25 17:25:45,20260525_172452_dk2022_150mw_300mwh_soc10_90_v5,1,5054,93.016,0.0
2026-05-25 17:25:45,20260525_172452_dk2022_150mw_300mwh_soc10_90_v5,1,5055,93.016,0.0
2026-05-25 17:25:45,20260525_172452_dk2022_150mw_300mwh_soc10_90_v5,1,5056,93.016,0.0
2026-05-25 17:25:45,20260525_172452_dk2022_150mw_300mwh_soc10_90_v5,1,5057,93.016,0.0
2026-05-25 17:25:45,20260525_172452_dk2022_150mw_300mwh_soc10_90_v5,1,5058,93.016,0.0
2026-05-25 17:25:45,20260525_172452_dk2022_150mw_300mwh_soc10_90_v5,1,5059,93.016,0.0
2026-05-25 17:25:45,20260525_172452_dk2022_150mw_300mwh_soc10_90_v5,1,5060,93.016,0.0
2026-05-25 17:25:45,20260525_172452_dk2022_150mw_300mwh_soc10_90_v5,1,5061,93.016,0.0
2026-05-25 17:25:45,20260525_172452_dk2022_150mw_300mwh_soc10_90_v5,1,5062,93.016,0.0
2026-05-25 17:25:45,20260525_172452_dk2022_150mw_300mwh_soc10_90_v5,1,5063,93.016,0.0
2026-05-25 17:25:45,20260525_172452_dk2022_150mw_300mwh_soc10_90_v5,1,5064,93.016,0.0
2026-05-25 17:25:45,20260525_172452_dk2022_150mw_300mwh_soc10_90_v5,1,5065,93.016,0.0
2026-05-25 17:25:45,20260525_172452_dk2022_150mw_300mwh_soc10_90_v5,1,5066,93.016,0.0
2026-05-25 17:25:45,20260525_172452_dk2022_150mw_300mwh_soc10_90_v5,1,5067,93.016,0.0
2026-05-25 17:25:45,20260525_172452_dk2022_150mw_300mwh_soc10_90_v5,1,5068,93.016,0.0
2026-05-25 17:25:45,20260525_172452_dk2022_150mw_300mwh_soc10_90_v5,1,5069,93.016,0.0
2026-05-25 17:25:45,20260525_172452_dk2022_150mw_300mwh_soc10_90_v5,1,5070,93.016,0.0
2026-05-25 17:25:45,20260525_172452_dk2022_150mw_300mwh_soc10_90_v5,1,5071,93.016,0.0
2026-05-25 17:25:45,20260525_172452_dk2022_150mw_300mwh_soc10_90_v5,1,5072,93.016,0.0
2026-05-25 17:25:45,20260525_172452_dk2022_150mw_300mwh_soc10_90_v5,1,5073,93.016,0.0
2026-05-25 17:25:45,20260525_172452_dk2022_150mw_300mwh_soc10_90_v5,1,5074,93.016,0.0
2026-05-25 17:25:45,20260525_172452_dk2022_150mw_300mwh_soc10_90_v5,1,5075,93.016,0.0
2026-05-25 17:25:45,20260525_172452_dk2022_150mw_300mwh_soc10_90_v5,1,5076,93.016,0.0
2026-05-25 17:25:45,20260525_172452_dk2022_150mw_300mwh_soc10_90_v5,1,5077,93.016,0.0
2026-05-25 17:25:45,20260525_172452_dk2022_150mw_300mwh_soc10_90_v5,1,5078,93.016,0.0
2026-05-25 17:25:45,20260525_172452_dk2022_150mw_300mwh_soc10_90_v5,1,5079,93.016,0.0
2026-05-25 17:25:45,20260525_172452_dk2022_150mw_300mwh_soc10_90_v5,1,5080,93.016,0.0
2026-05-25 17:25:45,20260525_172452_dk2022_150mw_300mwh_soc10_90_v5,1,5081,93.016,0.0
2026-05-25 17:25:45,20260525_172452_dk2022_150mw_300mwh_soc10_90_v5,1,5082,93.016,0.0
2026-05-25 17:25:45,20260525_172452_dk2022_150mw_300mwh_soc10_90_v5,1,5083,93.016,0.0
2026-05-25 17:25:45,20260525_172452_dk2022_150mw_300mwh_soc10_90_v5,1,5084,93.016,0.0
2026-05-25 17:25:45,20260525_172452_dk2022_150mw_300mwh_soc10_90_v5,1,5085,93.016,0.0
2026-05-25 17:25:45,20260525_172452_dk2022_150mw_300mwh_soc10_90_v5,1,5086,93.016,0.0
2026-05-25 17:25:45,20260525_172452_dk2022_150mw_300mwh_soc10_90_v5,1,5087,93.016,0.0
2026-05-25 17:25:45,20260525_172452_dk2022_150mw_300mwh_soc10_90_v5,1,5088,93.016,0.0
2026-05-25 17:25:45,20260525_172452_dk2022_150mw_300mwh_soc10_90_v5,1,5089,93.016,0.0
2026-05-25 17:25:45,20260525_172452_dk2022_150mw_300mwh_soc10_90_v5,1,5090,93.016,0.0
2026-05-25 17:25:45,20260525_172452_dk2022_150mw_300mwh_soc10_90_v5,1,5091,93.016,0.0
2026-05-25 17:25:45,20260525_172452_dk2022_150mw_300mwh_soc10_90_v5,1,5092,93.016,0.0
2026-05-25 17:25:45,20260525_172452_dk2022_150mw_300mwh_soc10_90_v5,1,5093,93.016,0.0
2026-05-25 17:25:45,20260525_172452_dk2022_150mw_300mwh_soc10_90_v5,1,5094,93.016,0.0
2026-05-25 17:25:45,20260525_172452_dk2022_150mw_300mwh_soc10_90_v5,1,5095,93.016,0.0
2026-05-25 17:25:45,20260525_172452_dk2022_150mw_300mwh_soc10_90_v5,1,5096,93.016,0.0
2026-05-25 17:25:45,20260525_172452_dk2022_150mw_300mwh_soc10_90_v5,1,5097,93.016,0.0
2026-05-25 17:25:45,20260525_172452_dk2022_150mw_300mwh_soc10_90_v5,1,5098,93.016,0.0
2026-05-25 17:25:45,20260525_172452_dk2022_150mw_300mwh_soc10_90_v5,1,5099,93.016,0.0
2026-05-25 17:25:45,20260525_172452_dk2022_150mw_300mwh_soc10_90_v5,1,5100,93.016,0.0
2026-05-25 17:25:45,20260525_172452_dk2022_150mw_300mwh_soc10_90_v5,1,5101,93.016,0.0
2026-05-25 17:25:45,20260525_172452_dk2022_150mw_300mwh_soc10_90_v5,1,5102,93.016,0.0
2026-05-25 17:25:45,20260525_172452_dk2022_150mw_300mwh_soc10_90_v5,1,5103,93.016,0.0
2026-05-25 17:25:45,20260525_172452_dk2022_150mw_300mwh_soc10_90_v5,1,5104,93.016,0.0
2026-05-25 17:25:45,20260525_172452_dk2022_150mw_300mwh_soc10_90_v5,1,5105,93.016,0.0
2026-05-25 17:25:45,20260525_172452_dk2022_150mw_300mwh_soc10_90_v5,1,5106,93.016,0.0
2026-05-25 17:25:45,20260525_172452_dk2022_150mw_300mwh_soc10_90_v5,1,5107,93.016,0.0
2026-05-25 17:25:45,20260525_172452_dk2022_150mw_300mwh_soc10_90_v5,1,5108,93.016,0.0
2026-05-25 17:25:45,20260525_172452_dk2022_150mw_300mwh_soc10_90_v5,1,5109,93.016,0.0
2026-05-25 17:25:45,20260525_172452_dk2022_150mw_300mwh_soc10_90_v5,1,5110,93.016,0.0
2026-05-25 17:25:45,20260525_172452_dk2022_150mw_300mwh_soc10_90_v5,1,5111,93.016,0.0
2026-05-25 17:25:45,20260525_172452_dk2022_150mw_300mwh_soc10_90_v5,1,5112,93.016,0.0
2026-05-25 17:25:45,20260525_172452_dk2022_150mw_300mwh_soc10_90_v5,1,5113,93.016,0.0
2026-05-25 17:25:45,20260525_172452_dk2022_150mw_300mwh_soc10_90_v5,1,5114,93.016,0.0
2026-05-25 17:25:45,20260525_172452_dk2022_150mw_300mwh_soc10_90_v5,1,5115,93.016,0.0
2026-05-25 17:25:45,20260525_172452_dk2022_150mw_300mwh_soc10_90_v5,1,5116,93.016,0.0
2026-05-25 17:25:45,20260525_172452_dk2022_150mw_300mwh_soc10_90_v5,1,5117,93.016,0.0
2026-05-25 17:25:45,20260525_172452_dk2022_150mw_300mwh_soc10_90_v5,1,5118,93.016,0.0
2026-05-25 17:25:45,20260525_172452_dk2022_150mw_300mwh_soc10_90_v5,1,5119,93.016,0.0
2026-05-25 17:25:45,20260525_172452_dk2022_150mw_300mwh_soc10_90_v5,1,5120,93.016,0.0
2026-05-25 17:25:45,20260525_172452_dk2022_150mw_300mwh_soc10_90_v5,1,5121,93.016,0.0
2026-05-25 17:25:45,20260525_172452_dk2022_150mw_300mwh_soc10_90_v5,1,5122,93.016,0.0
2026-05-25 17:25:45,20260525_172452_dk2022_150mw_300mwh_soc10_90_v5,1,5123,93.016,0.0
2026-05-25 17:25:45,20260525_172452_dk2022_150mw_300mwh_soc10_90_v5,1,5124,93.016,0.0
2026-05-25 17:25:45,20260525_172452_dk2022_150mw_300mwh_soc10_90_v5,1,5125,93.016,0.0
2026-05-25 17:25:45,20260525_172452_dk2022_150mw_300mwh_soc10_90_v5,1,5126,93.016,0.0
2026-05-25 17:25:45,20260525_172452_dk2022_150mw_300mwh_soc10_90_v5,1,5127,93.016,0.0
2026-05-25 17:25:45,20260525_172452_dk2022_150mw_300mwh_soc10_90_v5,1,5128,93.016,0.0
2026-05-25 17:25:45,20260525_172452_dk2022_150mw_300mwh_soc10_90_v5,1,5129,93.016,0.0
2026-05-25 17:25:45,20260525_172452_dk2022_150mw_300mwh_soc10_90_v5,1,5130,93.016,0.0
2026-05-25 17:25:45,20260525_172452_dk2022_150mw_300mwh_soc10_90_v5,1,5131,93.016,0.0
2026-05-25 17:25:45,20260525_172452_dk2022_150mw_300mwh_soc10_90_v5,1,5132,93.016,0.0
2026-05-25 17:25:45,20260525_172452_dk2022_150mw_300mwh_soc10_90_v5,1,5133,93.016,0.0
2026-05-25 17:25:45,20260525_172452_dk2022_150mw_300mwh_soc10_90_v5,1,5134,93.016,0.0
2026-05-25 17:25:45,20260525_172452_dk2022_150mw_300mwh_soc10_90_v5,1,5135,93.016,0.0
2026-05-25 17:25:45,20260525_172452_dk2022_150mw_300mwh_soc10_90_v5,1,5136,93.016,0.0
2026-05-25 17:25:45,20260525_172452_dk2022_150mw_300mwh_soc10_90_v5,1,5137,93.016,0.0
2026-05-25 17:25:45,20260525_172452_dk2022_150mw_300mwh_soc10_90_v5,1,5138,93.016,0.0
2026-05-25 17:25:45,20260525_172452_dk2022_150mw_300mwh_soc10_90_v5,1,5139,93.016,0.0
2026-05-25 17:25:45,20260525_172452_dk2022_150mw_300mwh_soc10_90_v5,1,5140,93.016,0.0
2026-05-25 17:25:45,20260525_172452_dk2022_150mw_300mwh_soc10_90_v5,1,5141,93.016,0.0
2026-05-25 17:25:45,20260525_172452_dk2022_150mw_300mwh_soc10_90_v5,1,5142,93.016,0.0
2026-05-25 17:25:45,20260525_172452_dk2022_150mw_300mwh_soc10_90_v5,1,5143,93.016,0.0
2026-05-25 17:25:45,20260525_172452_dk2022_150mw_300mwh_soc10_90_v5,1,5144,93.016,0.0
2026-05-25 17:25:45,20260525_172452_dk2022_150mw_300mwh_soc10_90_v5,1,5145,93.016,0.0
2026-05-25 17:25:45,20260525_172452_dk2022_150mw_300mwh_soc10_90_v5,1,5146,93.016,0.0
2026-05-25 17:25:45,20260525_172452_dk2022_150mw_300mwh_soc10_90_v5,1,5147,93.016,0.0
2026-05-25 17:25:45,20260525_172452_dk2022_150mw_300mwh_soc10_90_v5,1,5148,93.016,0.0
2026-05-25 17:25:45,20260525_172452_dk2022_150mw_300mwh_soc10_90_v5,1,5149,93.016,0.0
2026-05-25 17:25:45,20260525_172452_dk2022_150mw_300mwh_soc10_90_v5,1,5150,93.016,0.0
2026-05-25 17:25:45,20260525_172452_dk2022_150mw_300mwh_soc10_90_v5,1,5151,93.016,0.0
2026-05-25 17:25:45,20260525_172452_dk2022_150mw_300mwh_soc10_90_v5,1,5152,93.016,0.0
2026-05-25 17:25:45,20260525_172452_dk2022_150mw_300mwh_soc10_90_v5,1,5153,93.016,0.0
2026-05-25 17:25:45,20260525_172452_dk2022_150mw_300mwh_soc10_90_v5,1,5154,93.016,0.0
2026-05-25 17:25:45,20260525_172452_dk2022_150mw_300mwh_soc10_90_v5,1,5155,93.016,0.0
2026-05-25 17:25:45,20260525_172452_dk2022_150mw_300mwh_soc10_90_v5,1,5156,93.016,0.0
2026-05-25 17:25:45,20260525_172452_dk2022_150mw_300mwh_soc10_90_v5,1,5157,93.016,0.0
2026-05-25 17:25:45,20260525_172452_dk2022_150mw_300mwh_soc10_90_v5,1,5158,93.016,0.0
2026-05-25 17:25:45,20260525_172452_dk2022_150mw_300mwh_soc10_90_v5,1,5159,93.016,0.0
2026-05-25 17:25:45,20260525_172452_dk2022_150mw_300mwh_soc10_90_v5,1,5160,93.016,0.0
2026-05-25 17:25:45,20260525_172452_dk2022_150mw_300mwh_soc10_90_v5,1,5161,93.016,0.0
2026-05-25 17:25:45,20260525_172452_dk2022_150mw_300mwh_soc10_90_v5,1,5162,93.016,0.0
2026-05-25 17:25:45,20260525_172452_dk2022_150mw_300mwh_soc10_90_v5,1,5163,93.016,0.0
2026-05-25 17:25:45,20260525_172452_dk2022_150mw_300mwh_soc10_90_v5,1,5164,93.016,0.0
2026-05-25 17:25:45,20260525_172452_dk2022_150mw_300mwh_soc10_90_v5,1,5165,93.016,0.0
2026-05-25 17:25:45,20260525_172452_dk2022_150mw_300mwh_soc10_90_v5,1,5166,93.016,0.0
2026-05-25 17:25:45,20260525_172452_dk2022_150mw_300mwh_soc10_90_v5,1,5167,93.016,0.0
2026-05-25 17:25:45,20260525_172452_dk2022_150mw_300mwh_soc10_90_v5,1,5168,93.016,0.0
2026-05-25 17:25:45,20260525_172452_dk2022_150mw_300mwh_soc10_90_v5,1,5169,93.016,0.0
2026-05-25 17:25:45,20260525_172452_dk2022_150mw_300mwh_soc10_90_v5,1,5170,93.016,0.0
2026-05-25 17:25:45,20260525_172452_dk2022_150mw_300mwh_soc10_90_v5,1,5171,93.016,0.0
2026-05-25 17:25:45,20260525_172452_dk2022_150mw_300mwh_soc10_90_v5,1,5172,93.016,0.0
2026-05-25 17:25:45,20260525_172452_dk2022_150mw_300mwh_soc10_90_v5,1,5173,93.016,0.0
2026-05-25 17:25:45,20260525_172452_dk2022_150mw_300mwh_soc10_90_v5,1,5174,93.016,0.0
2026-05-25 17:25:45,20260525_172452_dk2022_150mw_300mwh_soc10_90_v5,1,5175,93.016,0.0
2026-05-25 17:25:45,20260525_172452_dk2022_150mw_300mwh_soc10_90_v5,1,5176,93.016,0.0
2026-05-25 17:25:45,20260525_172452_dk2022_150mw_300mwh_soc10_90_v5,1,5177,93.016,0.0
2026-05-25 17:25:45,20260525_172452_dk2022_150mw_300mwh_soc10_90_v5,1,5178,93.016,0.0
2026-05-25 17:25:45,20260525_172452_dk2022_150mw_300mwh_soc10_90_v5,1,5179,93.016,0.0
2026-05-25 17:25:45,20260525_172452_dk2022_150mw_300mwh_soc10_90_v5,1,5180,93.016,0.0
2026-05-25 17:25:45,20260525_172452_dk2022_150mw_300mwh_soc10_90_v5,1,5181,93.016,0.0
2026-05-25 17:25:45,20260525_172452_dk2022_150mw_300mwh_soc10_90_v5,1,5182,93.016,0.0
2026-05-25 17:25:45,20260525_172452_dk2022_150mw_300mwh_soc10_90_v5,1,5183,93.016,0.0
2026-05-25 17:25:45,20260525_172452_dk2022_150mw_300mwh_soc10_90_v5,1,5184,93.016,0.0
2026-05-25 17:25:45,20260525_172452_dk2022_150mw_300mwh_soc10_90_v5,1,5185,93.016,0.0
2026-05-25 17:25:45,20260525_172452_dk2022_150mw_300mwh_soc10_90_v5,1,5186,93.016,0.0
2026-05-25 17:25:45,20260525_172452_dk2022_150mw_300mwh_soc10_90_v5,1,5187,93.016,0.0
2026-05-25 17:25:45,20260525_172452_dk2022_150mw_300mwh_soc10_90_v5,1,5188,93.016,0.0
2026-05-25 17:25:45,20260525_172452_dk2022_150mw_300mwh_soc10_90_v5,1,5189,93.016,0.0
2026-05-25 17:25:45,20260525_172452_dk2022_150mw_300mwh_soc10_90_v5,1,5190,93.016,0.0
2026-05-25 17:25:45,20260525_172452_dk2022_150mw_300mwh_soc10_90_v5,1,5191,93.016,0.0
2026-05-25 17:25:45,20260525_172452_dk2022_150mw_300mwh_soc10_90_v5,1,5192,93.016,0.0
2026-05-25 17:25:45,20260525_172452_dk2022_150mw_300mwh_soc10_90_v5,1,5193,93.016,0.0
2026-05-25 17:25:45,20260525_172452_dk2022_150mw_300mwh_soc10_90_v5,1,5194,93.016,0.0
2026-05-25 17:25:45,20260525_172452_dk2022_150mw_300mwh_soc10_90_v5,1,5195,93.016,0.0
2026-05-25 17:25:45,20260525_172452_dk2022_150mw_300mwh_soc10_90_v5,1,5196,93.016,0.0
2026-05-25 17:25:45,20260525_172452_dk2022_150mw_300mwh_soc10_90_v5,1,5197,93.016,0.0
2026-05-25 17:25:45,20260525_172452_dk2022_150mw_300mwh_soc10_90_v5,1,5198,93.016,0.0
2026-05-25 17:25:45,20260525_172452_dk2022_150mw_300mwh_soc10_90_v5,1,5199,93.016,0.0
2026-05-25 17:25:45,20260525_172452_dk2022_150mw_300mwh_soc10_90_v5,1,5200,93.016,0.0
2026-05-25 17:25:45,20260525_172452_dk2022_150mw_300mwh_soc10_90_v5,1,5201,93.016,0.0
2026-05-25 17:25:45,20260525_172452_dk2022_150mw_300mwh_soc10_90_v5,1,5202,93.016,0.0
2026-05-25 17:25:45,20260525_172452_dk2022_150mw_300mwh_soc10_90_v5,1,5203,93.016,0.0
2026-05-25 17:25:45,20260525_172452_dk2022_150mw_300mwh_soc10_90_v5,1,5204,93.016,0.0
2026-05-25 17:25:45,20260525_172452_dk2022_150mw_300mwh_soc10_90_v5,1,5205,93.016,0.0
2026-05-25 17:25:45,20260525_172452_dk2022_150mw_300mwh_soc10_90_v5,1,5206,93.016,0.0
2026-05-25 17:25:45,20260525_172452_dk2022_150mw_300mwh_soc10_90_v5,1,5207,93.016,0.0
2026-05-25 17:25:45,20260525_172452_dk2022_150mw_300mwh_soc10_90_v5,1,5208,93.016,0.0
2026-05-25 17:25:45,20260525_172452_dk2022_150mw_300mwh_soc10_90_v5,1,5209,93.016,0.0
2026-05-25 17:25:45,20260525_172452_dk2022_150mw_300mwh_soc10_90_v5,1,5210,93.016,0.0
2026-05-25 17:25:45,20260525_172452_dk2022_150mw_300mwh_soc10_90_v5,1,5211,93.016,0.0
2026-05-25 17:25:45,20260525_172452_dk2022_150mw_300mwh_soc10_90_v5,1,5212,93.016,0.0
2026-05-25 17:25:45,20260525_172452_dk2022_150mw_300mwh_soc10_90_v5,1,5213,93.016,0.0
2026-05-25 17:25:45,20260525_172452_dk2022_150mw_300mwh_soc10_90_v5,1,5214,93.016,0.0
2026-05-25 17:25:45,20260525_172452_dk2022_150mw_300mwh_soc10_90_v5,1,5215,93.016,0.0
2026-05-25 17:25:45,20260525_172452_dk2022_150mw_300mwh_soc10_90_v5,1,5216,93.016,0.0
2026-05-25 17:25:45,20260525_172452_dk2022_150mw_300mwh_soc10_90_v5,1,5217,93.016,0.0
2026-05-25 17:25:45,20260525_172452_dk2022_150mw_300mwh_soc10_90_v5,1,5218,93.016,0.0
2026-05-25 17:25:45,20260525_172452_dk2022_150mw_300mwh_soc10_90_v5,1,5219,93.016,0.0
2026-05-25 17:25:45,20260525_172452_dk2022_150mw_300mwh_soc10_90_v5,1,5220,93.016,0.0
2026-05-25 17:25:45,20260525_172452_dk2022_150mw_300mwh_soc10_90_v5,1,5221,93.016,0.0
2026-05-25 17:25:45,20260525_172452_dk2022_150mw_300mwh_soc10_90_v5,1,5222,93.016,0.0
2026-05-25 17:25:45,20260525_172452_dk2022_150mw_300mwh_soc10_90_v5,1,5223,93.016,0.0
2026-05-25 17:25:45,20260525_172452_dk2022_150mw_300mwh_soc10_90_v5,1,5224,93.016,0.0
2026-05-25 17:25:45,20260525_172452_dk2022_150mw_300mwh_soc10_90_v5,1,5225,93.016,0.0
2026-05-25 17:25:45,20260525_172452_dk2022_150mw_300mwh_soc10_90_v5,1,5226,93.016,0.0
2026-05-25 17:25:45,20260525_172452_dk2022_150mw_300mwh_soc10_90_v5,1,5227,93.016,0.0
2026-05-25 17:25:45,20260525_172452_dk2022_150mw_300mwh_soc10_90_v5,1,5228,93.016,0.0
2026-05-25 17:25:45,20260525_172452_dk2022_150mw_300mwh_soc10_90_v5,1,5229,93.016,0.0
2026-05-25 17:25:45,20260525_172452_dk2022_150mw_300mwh_soc10_90_v5,1,5230,93.016,0.0
2026-05-25 17:25:45,20260525_172452_dk2022_150mw_300mwh_soc10_90_v5,1,5231,93.016,0.0
2026-05-25 17:25:45,20260525_172452_dk2022_150mw_300mwh_soc10_90_v5,1,5232,93.016,0.0
2026-05-25 17:25:45,20260525_172452_dk2022_150mw_300mwh_soc10_90_v5,1,5233,93.016,0.0
2026-05-25 17:25:45,20260525_172452_dk2022_150mw_300mwh_soc10_90_v5,1,5234,93.016,0.0
2026-05-25 17:25:45,20260525_172452_dk2022_150mw_300mwh_soc10_90_v5,1,5235,93.016,0.0
2026-05-25 17:25:45,20260525_172452_dk2022_150mw_300mwh_soc10_90_v5,1,5236,93.016,0.0
2026-05-25 17:25:45,20260525_172452_dk2022_150mw_300mwh_soc10_90_v5,1,5237,93.016,0.0
2026-05-25 17:25:45,20260525_172452_dk2022_150mw_300mwh_soc10_90_v5,1,5238,93.016,0.0
2026-05-25 17:25:45,20260525_172452_dk2022_150mw_300mwh_soc10_90_v5,1,5239,93.016,0.0
2026-05-25 17:25:45,20260525_172452_dk2022_150mw_300mwh_soc10_90_v5,1,5240,93.016,0.0
2026-05-25 17:25:45,20260525_172452_dk2022_150mw_300mwh_soc10_90_v5,1,5241,93.016,0.0
2026-05-25 17:25:45,20260525_172452_dk2022_150mw_300mwh_soc10_90_v5,1,5242,93.016,0.0
2026-05-25 17:25:45,20260525_172452_dk2022_150mw_300mwh_soc10_90_v5,1,5243,93.016,0.0
2026-05-25 17:25:45,20260525_172452_dk2022_150mw_300mwh_soc10_90_v5,1,5244,93.016,0.0
2026-05-25 17:25:45,20260525_172452_dk2022_150mw_300mwh_soc10_90_v5,1,5245,93.016,0.0
2026-05-25 17:25:45,20260525_172452_dk2022_150mw_300mwh_soc10_90_v5,1,5246,93.016,0.0
2026-05-25 17:25:45,20260525_172452_dk2022_150mw_300mwh_soc10_90_v5,1,5247,93.016,0.0
2026-05-25 17:25:45,20260525_172452_dk2022_150mw_300mwh_soc10_90_v5,1,5248,93.016,0.0
2026-05-25 17:25:45,20260525_172452_dk2022_150mw_300mwh_soc10_90_v5,1,5249,93.016,0.0
2026-05-25 17:25:45,20260525_172452_dk2022_150mw_300mwh_soc10_90_v5,1,5250,93.016,0.0
2026-05-25 17:25:45,20260525_172452_dk2022_150mw_300mwh_soc10_90_v5,1,5251,93.016,0.0
2026-05-25 17:25:45,20260525_172452_dk2022_150mw_300mwh_soc10_90_v5,1,5252,93.016,0.0
2026-05-25 17:25:45,20260525_172452_dk2022_150mw_300mwh_soc10_90_v5,1,5253,93.016,0.0
2026-05-25 17:25:45,20260525_172452_dk2022_150mw_300mwh_soc10_90_v5,1,5254,93.016,0.0
2026-05-25 17:25:45,20260525_172452_dk2022_150mw_300mwh_soc10_90_v5,1,5255,93.016,0.0
2026-05-25 17:25:45,20260525_172452_dk2022_150mw_300mwh_soc10_90_v5,1,5256,93.016,0.0
2026-05-25 17:25:45,20260525_172452_dk2022_150mw_300mwh_soc10_90_v5,1,5257,93.016,0.0
2026-05-25 17:25:45,20260525_172452_dk2022_150mw_300mwh_soc10_90_v5,1,5258,93.016,0.0
2026-05-25 17:25:45,20260525_172452_dk2022_150mw_300mwh_soc10_90_v5,1,5259,93.016,0.0
2026-05-25 17:25:45,20260525_172452_dk2022_150mw_300mwh_soc10_90_v5,1,5260,93.016,0.0
2026-05-25 17:25:45,20260525_172452_dk2022_150mw_300mwh_soc10_90_v5,1,5261,93.016,0.0
2026-05-25 17:25:45,20260525_172452_dk2022_150mw_300mwh_soc10_90_v5,1,5262,93.016,0.0
2026-05-25 17:25:45,20260525_172452_dk2022_150mw_300mwh_soc10_90_v5,1,5263,93.016,0.0
2026-05-25 17:25:45,20260525_172452_dk2022_150mw_300mwh_soc10_90_v5,1,5264,93.016,0.0
2026-05-25 17:25:45,20260525_172452_dk2022_150mw_300mwh_soc10_90_v5,1,5265,93.016,0.0
2026-05-25 17:25:45,20260525_172452_dk2022_150mw_300mwh_soc10_90_v5,1,5266,93.016,0.0
2026-05-25 17:25:45,20260525_172452_dk2022_150mw_300mwh_soc10_90_v5,1,5267,93.016,0.0
2026-05-25 17:25:45,20260525_172452_dk2022_150mw_300mwh_soc10_90_v5,1,5268,93.016,0.0
2026-05-25 17:25:45,20260525_172452_dk2022_150mw_300mwh_soc10_90_v5,1,5269,93.016,0.0
2026-05-25 17:25:45,20260525_172452_dk2022_150mw_300mwh_soc10_90_v5,1,5270,93.016,0.0
2026-05-25 17:25:45,20260525_172452_dk2022_150mw_300mwh_soc10_90_v5,1,5271,93.016,0.0
2026-05-25 17:25:45,20260525_172452_dk2022_150mw_300mwh_soc10_90_v5,1,5272,93.016,0.0
2026-05-25 17:25:45,20260525_172452_dk2022_150mw_300mwh_soc10_90_v5,1,5273,93.016,0.0
2026-05-25 17:25:45,20260525_172452_dk2022_150mw_300mwh_soc10_90_v5,1,5274,93.016,0.0
2026-05-25 17:25:45,20260525_172452_dk2022_150mw_300mwh_soc10_90_v5,1,5275,93.016,0.0
2026-05-25 17:25:45,20260525_172452_dk2022_150mw_300mwh_soc10_90_v5,1,5276,93.016,0.0
2026-05-25 17:25:45,20260525_172452_dk2022_150mw_300mwh_soc10_90_v5,1,5277,93.016,0.0
2026-05-25 17:25:45,20260525_172452_dk2022_150mw_300mwh_soc10_90_v5,1,5278,93.016,0.0
2026-05-25 17:25:45,20260525_172452_dk2022_150mw_300mwh_soc10_90_v5,1,5279,93.016,0.0
2026-05-25 17:25:45,20260525_172452_dk2022_150mw_300mwh_soc10_90_v5,1,5280,93.016,0.0
2026-05-25 17:25:45,20260525_172452_dk2022_150mw_300mwh_soc10_90_v5,1,5281,93.016,0.0
2026-05-25 17:25:45,20260525_172452_dk2022_150mw_300mwh_soc10_90_v5,1,5282,93.016,0.0
2026-05-25 17:25:45,20260525_172452_dk2022_150mw_300mwh_soc10_90_v5,1,5283,93.016,0.0
2026-05-25 17:25:45,20260525_172452_dk2022_150mw_300mwh_soc10_90_v5,1,5284,93.016,0.0
2026-05-25 17:25:45,20260525_172452_dk2022_150mw_300mwh_soc10_90_v5,1,5285,93.016,0.0
2026-05-25 17:25:45,20260525_172452_dk2022_150mw_300mwh_soc10_90_v5,1,5286,93.016,0.0
2026-05-25 17:25:45,20260525_172452_dk2022_150mw_300mwh_soc10_90_v5,1,5287,93.016,0.0
2026-05-25 17:25:45,20260525_172452_dk2022_150mw_300mwh_soc10_90_v5,1,5288,93.016,0.0
2026-05-25 17:25:45,20260525_172452_dk2022_150mw_300mwh_soc10_90_v5,1,5289,93.016,0.0
2026-05-25 17:25:45,20260525_172452_dk2022_150mw_300mwh_soc10_90_v5,1,5290,93.016,0.0
2026-05-25 17:25:45,20260525_172452_dk2022_150mw_300mwh_soc10_90_v5,1,5291,93.016,0.0
2026-05-25 17:25:45,20260525_172452_dk2022_150mw_300mwh_soc10_90_v5,1,5292,93.016,0.0
2026-05-25 17:25:45,20260525_172452_dk2022_150mw_300mwh_soc10_90_v5,1,5293,93.016,0.0
2026-05-25 17:25:45,20260525_172452_dk2022_150mw_300mwh_soc10_90_v5,1,5294,93.016,0.0
2026-05-25 17:25:45,20260525_172452_dk2022_150mw_300mwh_soc10_90_v5,1,5295,93.016,0.0
2026-05-25 17:25:45,20260525_172452_dk2022_150mw_300mwh_soc10_90_v5,1,5296,93.016,0.0
2026-05-25 17:25:45,20260525_172452_dk2022_150mw_300mwh_soc10_90_v5,1,5297,93.016,0.0
2026-05-25 17:25:45,20260525_172452_dk2022_150mw_300mwh_soc10_90_v5,1,5298,93.016,0.0
2026-05-25 17:25:45,20260525_172452_dk2022_150mw_300mwh_soc10_90_v5,1,5299,93.016,0.0
2026-05-25 17:25:45,20260525_172452_dk2022_150mw_300mwh_soc10_90_v5,1,5300,93.016,0.0
2026-05-25 17:25:45,20260525_172452_dk2022_150mw_300mwh_soc10_90_v5,1,5301,93.016,0.0
2026-05-25 17:25:45,20260525_172452_dk2022_150mw_300mwh_soc10_90_v5,1,5302,93.016,0.0
2026-05-25 17:25:45,20260525_172452_dk2022_150mw_300mwh_soc10_90_v5,1,5303,93.016,0.0
2026-05-25 17:25:45,20260525_172452_dk2022_150mw_300mwh_soc10_90_v5,1,5304,93.016,0.0
2026-05-25 17:25:45,20260525_172452_dk2022_150mw_300mwh_soc10_90_v5,1,5305,93.016,0.0
2026-05-25 17:25:45,20260525_172452_dk2022_150mw_300mwh_soc10_90_v5,1,5306,93.016,0.0
2026-05-25 17:25:45,20260525_172452_dk2022_150mw_300mwh_soc10_90_v5,1,5307,93.016,0.0
2026-05-25 17:25:45,20260525_172452_dk2022_150mw_300mwh_soc10_90_v5,1,5308,93.016,0.0
2026-05-25 17:25:45,20260525_172452_dk2022_150mw_300mwh_soc10_90_v5,1,5309,93.016,0.0
2026-05-25 17:25:45,20260525_172452_dk2022_150mw_300mwh_soc10_90_v5,1,5310,93.016,0.0
2026-05-25 17:25:45,20260525_172452_dk2022_150mw_300mwh_soc10_90_v5,1,5311,93.016,0.0
2026-05-25 17:25:45,20260525_172452_dk2022_150mw_300mwh_soc10_90_v5,1,5312,93.016,0.0
2026-05-25 17:25:45,20260525_172452_dk2022_150mw_300mwh_soc10_90_v5,1,5313,93.016,0.0
2026-05-25 17:25:45,20260525_172452_dk2022_150mw_300mwh_soc10_90_v5,1,5314,93.016,0.0
2026-05-25 17:25:45,20260525_172452_dk2022_150mw_300mwh_soc10_90_v5,1,5315,93.016,0.0
2026-05-25 17:25:45,20260525_172452_dk2022_150mw_300mwh_soc10_90_v5,1,5316,93.016,0.0
2026-05-25 17:25:45,20260525_172452_dk2022_150mw_300mwh_soc10_90_v5,1,5317,93.016,0.0
2026-05-25 17:25:45,20260525_172452_dk2022_150mw_300mwh_soc10_90_v5,1,5318,93.016,0.0
2026-05-25 17:25:45,20260525_172452_dk2022_150mw_300mwh_soc10_90_v5,1,5319,93.016,0.0
2026-05-25 17:25:45,20260525_172452_dk2022_150mw_300mwh_soc10_90_v5,1,5320,93.016,0.0
2026-05-25 17:25:45,20260525_172452_dk2022_150mw_300mwh_soc10_90_v5,1,5321,93.016,0.0
2026-05-25 17:25:45,20260525_172452_dk2022_150mw_300mwh_soc10_90_v5,1,5322,93.016,0.0
2026-05-25 17:25:45,20260525_172452_dk2022_150mw_300mwh_soc10_90_v5,1,5323,93.016,0.0
2026-05-25 17:25:45,20260525_172452_dk2022_150mw_300mwh_soc10_90_v5,1,5324,93.016,0.0
2026-05-25 17:25:45,20260525_172452_dk2022_150mw_300mwh_soc10_90_v5,1,5325,93.016,0.0
2026-05-25 17:25:45,20260525_172452_dk2022_150mw_300mwh_soc10_90_v5,1,5326,93.016,0.0
2026-05-25 17:25:45,20260525_172452_dk2022_150mw_300mwh_soc10_90_v5,1,5327,93.016,0.0
2026-05-25 17:25:45,20260525_172452_dk2022_150mw_300mwh_soc10_90_v5,1,5328,93.016,0.0
2026-05-25 17:25:45,20260525_172452_dk2022_150mw_300mwh_soc10_90_v5,1,5329,93.016,0.0
2026-05-25 17:25:45,20260525_172452_dk2022_150mw_300mwh_soc10_90_v5,1,5330,93.016,0.0
2026-05-25 17:25:45,20260525_172452_dk2022_150mw_300mwh_soc10_90_v5,1,5331,93.016,0.0
2026-05-25 17:25:45,20260525_172452_dk2022_150mw_300mwh_soc10_90_v5,1,5332,93.016,0.0
2026-05-25 17:25:45,20260525_172452_dk2022_150mw_300mwh_soc10_90_v5,1,5333,93.016,0.0
2026-05-25 17:25:45,20260525_172452_dk2022_150mw_300mwh_soc10_90_v5,1,5334,93.016,0.0
2026-05-25 17:25:45,20260525_172452_dk2022_150mw_300mwh_soc10_90_v5,1,5335,93.016,0.0
2026-05-25 17:25:45,20260525_172452_dk2022_150mw_300mwh_soc10_90_v5,1,5336,93.016,0.0
2026-05-25 17:25:45,20260525_172452_dk2022_150mw_300mwh_soc10_90_v5,1,5337,93.016,0.0
2026-05-25 17:25:45,20260525_172452_dk2022_150mw_300mwh_soc10_90_v5,1,5338,93.016,0.0
2026-05-25 17:25:45,20260525_172452_dk2022_150mw_300mwh_soc10_90_v5,1,5339,93.016,0.0
2026-05-25 17:25:45,20260525_172452_dk2022_150mw_300mwh_soc10_90_v5,1,5340,93.016,0.0
2026-05-25 17:25:45,20260525_172452_dk2022_150mw_300mwh_soc10_90_v5,1,5341,93.016,0.0
2026-05-25 17:25:45,20260525_172452_dk2022_150mw_300mwh_soc10_90_v5,1,5342,93.016,0.0
2026-05-25 17:25:45,20260525_172452_dk2022_150mw_300mwh_soc10_90_v5,1,5343,93.016,0.0
2026-05-25 17:25:45,20260525_172452_dk2022_150mw_300mwh_soc10_90_v5,1,5344,93.016,0.0
2026-05-25 17:25:45,20260525_172452_dk2022_150mw_300mwh_soc10_90_v5,1,5345,93.016,0.0
2026-05-25 17:25:45,20260525_172452_dk2022_150mw_300mwh_soc10_90_v5,1,5346,93.016,0.0
2026-05-25 17:25:45,20260525_172452_dk2022_150mw_300mwh_soc10_90_v5,1,5347,93.016,0.0
2026-05-25 17:25:45,20260525_172452_dk2022_150mw_300mwh_soc10_90_v5,1,5348,93.016,0.0
2026-05-25 17:25:45,20260525_172452_dk2022_150mw_300mwh_soc10_90_v5,1,5349,93.016,0.0
2026-05-25 17:25:45,20260525_172452_dk2022_150mw_300mwh_soc10_90_v5,1,5350,93.016,0.0
2026-05-25 17:25:45,20260525_172452_dk2022_150mw_300mwh_soc10_90_v5,1,5351,93.016,0.0
2026-05-25 17:25:45,20260525_172452_dk2022_150mw_300mwh_soc10_90_v5,1,5352,93.016,0.0
2026-05-25 17:25:45,20260525_172452_dk2022_150mw_300mwh_soc10_90_v5,1,5353,93.016,0.0
2026-05-25 17:25:45,20260525_172452_dk2022_150mw_300mwh_soc10_90_v5,1,5354,93.016,0.0
2026-05-25 17:25:45,20260525_172452_dk2022_150mw_300mwh_soc10_90_v5,1,5355,93.016,0.0
2026-05-25 17:25:45,20260525_172452_dk2022_150mw_300mwh_soc10_90_v5,1,5356,93.016,0.0
2026-05-25 17:25:45,20260525_172452_dk2022_150mw_300mwh_soc10_90_v5,1,5357,93.016,0.0
2026-05-25 17:25:45,20260525_172452_dk2022_150mw_300mwh_soc10_90_v5,1,5358,93.016,0.0
2026-05-25 17:25:45,20260525_172452_dk2022_150mw_300mwh_soc10_90_v5,1,5359,93.016,0.0
2026-05-25 17:25:45,20260525_172452_dk2022_150mw_300mwh_soc10_90_v5,1,5360,93.016,0.0
2026-05-25 17:25:45,20260525_172452_dk2022_150mw_300mwh_soc10_90_v5,1,5361,93.016,0.0
2026-05-25 17:25:45,20260525_172452_dk2022_150mw_300mwh_soc10_90_v5,1,5362,93.016,0.0
2026-05-25 17:25:45,20260525_172452_dk2022_150mw_300mwh_soc10_90_v5,1,5363,93.016,0.0
2026-05-25 17:25:45,20260525_172452_dk2022_150mw_300mwh_soc10_90_v5,1,5364,93.016,0.0
2026-05-25 17:25:45,20260525_172452_dk2022_150mw_300mwh_soc10_90_v5,1,5365,93.016,0.0
2026-05-25 17:25:45,20260525_172452_dk2022_150mw_300mwh_soc10_90_v5,1,5366,93.016,0.0
2026-05-25 17:25:45,20260525_172452_dk2022_150mw_300mwh_soc10_90_v5,1,5367,93.016,0.0
2026-05-25 17:25:45,20260525_172452_dk2022_150mw_300mwh_soc10_90_v5,1,5368,93.016,0.0
2026-05-25 17:25:45,20260525_172452_dk2022_150mw_300mwh_soc10_90_v5,1,5369,93.016,0.0
2026-05-25 17:25:45,20260525_172452_dk2022_150mw_300mwh_soc10_90_v5,1,5370,93.016,0.0
2026-05-25 17:25:45,20260525_172452_dk2022_150mw_300mwh_soc10_90_v5,1,5371,93.016,0.0
2026-05-25 17:25:45,20260525_172452_dk2022_150mw_300mwh_soc10_90_v5,1,5372,93.016,0.0
2026-05-25 17:25:45,20260525_172452_dk2022_150mw_300mwh_soc10_90_v5,1,5373,93.016,0.0
2026-05-25 17:25:45,20260525_172452_dk2022_150mw_300mwh_soc10_90_v5,1,5374,93.016,0.0
2026-05-25 17:25:45,20260525_172452_dk2022_150mw_300mwh_soc10_90_v5,1,5375,93.016,0.0
2026-05-25 17:25:45,20260525_172452_dk2022_150mw_300mwh_soc10_90_v5,1,5376,93.016,0.0
2026-05-25 17:25:45,20260525_172452_dk2022_150mw_300mwh_soc10_90_v5,1,5377,93.016,0.0
2026-05-25 17:25:45,20260525_172452_dk2022_150mw_300mwh_soc10_90_v5,1,5378,93.016,0.0
2026-05-25 17:25:45,20260525_172452_dk2022_150mw_300mwh_soc10_90_v5,1,5379,93.016,0.0
2026-05-25 17:25:45,20260525_172452_dk2022_150mw_300mwh_soc10_90_v5,1,5380,93.016,0.0
2026-05-25 17:25:45,20260525_172452_dk2022_150mw_300mwh_soc10_90_v5,1,5381,93.016,0.0
2026-05-25 17:25:45,20260525_172452_dk2022_150mw_300mwh_soc10_90_v5,1,5382,93.016,3.70309301
2026-05-25 17:25:45,20260525_172452_dk2022_150mw_300mwh_soc10_90_v5,1,5383,93.016,0.0
2026-05-25 17:25:45,20260525_172452_dk2022_150mw_300mwh_soc10_90_v5,1,5384,93.016,0.0
2026-05-25 17:25:45,20260525_172452_dk2022_150mw_300mwh_soc10_90_v5,1,5385,93.016,0.0
2026-05-25 17:25:45,20260525_172452_dk2022_150mw_300mwh_soc10_90_v5,1,5386,93.016,0.0
2026-05-25 17:25:45,20260525_172452_dk2022_150mw_300mwh_soc10_90_v5,1,5387,93.016,0.0
2026-05-25 17:25:45,20260525_172452_dk2022_150mw_300mwh_soc10_90_v5,1,5388,93.016,0.0
2026-05-25 17:25:45,20260525_172452_dk2022_150mw_300mwh_soc10_90_v5,1,5389,93.016,0.0
2026-05-25 17:25:45,20260525_172452_dk2022_150mw_300mwh_soc10_90_v5,1,5390,93.016,0.0
2026-05-25 17:25:45,20260525_172452_dk2022_150mw_300mwh_soc10_90_v5,1,5391,93.016,0.0
2026-05-25 17:25:45,20260525_172452_dk2022_150mw_300mwh_soc10_90_v5,1,5392,93.016,0.0
2026-05-25 17:25:45,20260525_172452_dk2022_150mw_300mwh_soc10_90_v5,1,5393,93.016,0.0
2026-05-25 17:25:45,20260525_172452_dk2022_150mw_300mwh_soc10_90_v5,1,5394,93.016,0.0
2026-05-25 17:25:45,20260525_172452_dk2022_150mw_300mwh_soc10_90_v5,1,5395,93.016,0.0
2026-05-25 17:25:45,20260525_172452_dk2022_150mw_300mwh_soc10_90_v5,1,5396,93.016,0.0
2026-05-25 17:25:45,20260525_172452_dk2022_150mw_300mwh_soc10_90_v5,1,5397,93.016,0.0
2026-05-25 17:25:45,20260525_172452_dk2022_150mw_300mwh_soc10_90_v5,1,5398,93.016,0.0
2026-05-25 17:25:45,20260525_172452_dk2022_150mw_300mwh_soc10_90_v5,1,5399,93.016,0.0
2026-05-25 17:25:45,20260525_172452_dk2022_150mw_300mwh_soc10_90_v5,1,5400,93.016,0.0
2026-05-25 17:25:45,20260525_172452_dk2022_150mw_300mwh_soc10_90_v5,1,5401,93.016,0.0
2026-05-25 17:25:45,20260525_172452_dk2022_150mw_300mwh_soc10_90_v5,1,5402,93.016,0.0
2026-05-25 17:25:45,20260525_172452_dk2022_150mw_300mwh_soc10_90_v5,1,5403,93.016,0.0
2026-05-25 17:25:45,20260525_172452_dk2022_150mw_300mwh_soc10_90_v5,1,5404,93.016,0.0
2026-05-25 17:25:45,20260525_172452_dk2022_150mw_300mwh_soc10_90_v5,1,5405,93.016,0.0
2026-05-25 17:25:45,20260525_172452_dk2022_150mw_300mwh_soc10_90_v5,1,5406,93.016,0.0
2026-05-25 17:25:45,20260525_172452_dk2022_150mw_300mwh_soc10_90_v5,1,5407,93.016,0.0
2026-05-25 17:25:45,20260525_172452_dk2022_150mw_300mwh_soc10_90_v5,1,5408,93.016,0.0
2026-05-25 17:25:45,20260525_172452_dk2022_150mw_300mwh_soc10_90_v5,1,5409,93.016,0.0
2026-05-25 17:25:45,20260525_172452_dk2022_150mw_300mwh_soc10_90_v5,1,5410,93.016,0.0
2026-05-25 17:25:45,20260525_172452_dk2022_150mw_300mwh_soc10_90_v5,1,5411,93.016,0.0
2026-05-25 17:25:45,20260525_172452_dk2022_150mw_300mwh_soc10_90_v5,1,5412,93.016,0.0
2026-05-25 17:25:45,20260525_172452_dk2022_150mw_300mwh_soc10_90_v5,1,5413,93.016,0.0
2026-05-25 17:25:45,20260525_172452_dk2022_150mw_300mwh_soc10_90_v5,1,5414,93.016,0.0
2026-05-25 17:25:45,20260525_172452_dk2022_150mw_300mwh_soc10_90_v5,1,5415,93.016,0.0
2026-05-25 17:25:45,20260525_172452_dk2022_150mw_300mwh_soc10_90_v5,1,5416,93.016,0.0
2026-05-25 17:25:45,20260525_172452_dk2022_150mw_300mwh_soc10_90_v5,1,5417,93.016,0.0
2026-05-25 17:25:45,20260525_172452_dk2022_150mw_300mwh_soc10_90_v5,1,5418,93.016,0.0
2026-05-25 17:25:45,20260525_172452_dk2022_150mw_300mwh_soc10_90_v5,1,5419,93.016,0.0
2026-05-25 17:25:45,20260525_172452_dk2022_150mw_300mwh_soc10_90_v5,1,5420,93.016,0.0
2026-05-25 17:25:45,20260525_172452_dk2022_150mw_300mwh_soc10_90_v5,1,5421,93.016,-3.24911932
2026-05-25 17:25:45,20260525_172452_dk2022_150mw_300mwh_soc10_90_v5,1,5422,93.016,-3.24911932
2026-05-25 17:25:45,20260525_172452_dk2022_150mw_300mwh_soc10_90_v5,1,5423,93.016,0.0
2026-05-25 17:25:45,20260525_172452_dk2022_150mw_300mwh_soc10_90_v5,1,5424,93.016,0.0
2026-05-25 17:25:45,20260525_172452_dk2022_150mw_300mwh_soc10_90_v5,1,5425,93.016,0.0
2026-05-25 17:25:45,20260525_172452_dk2022_150mw_300mwh_soc10_90_v5,1,5426,93.016,0.0
2026-05-25 17:25:45,20260525_172452_dk2022_150mw_300mwh_soc10_90_v5,1,5427,93.016,0.0
2026-05-25 17:25:45,20260525_172452_dk2022_150mw_300mwh_soc10_90_v5,1,5428,93.016,0.0
2026-05-25 17:25:45,20260525_172452_dk2022_150mw_300mwh_soc10_90_v5,1,5429,93.016,0.0
2026-05-25 17:25:45,20260525_172452_dk2022_150mw_300mwh_soc10_90_v5,1,5430,93.016,0.0
2026-05-25 17:25:45,20260525_172452_dk2022_150mw_300mwh_soc10_90_v5,1,5431,93.016,0.0
2026-05-25 17:25:45,20260525_172452_dk2022_150mw_300mwh_soc10_90_v5,1,5432,93.016,0.0
2026-05-25 17:25:45,20260525_172452_dk2022_150mw_300mwh_soc10_90_v5,1,5433,93.016,0.0
2026-05-25 17:25:45,20260525_172452_dk2022_150mw_300mwh_soc10_90_v5,1,5434,93.016,0.0
2026-05-25 17:25:45,20260525_172452_dk2022_150mw_300mwh_soc10_90_v5,1,5435,93.016,0.0
2026-05-25 17:25:45,20260525_172452_dk2022_150mw_300mwh_soc10_90_v5,1,5436,93.016,0.0
2026-05-25 17:25:45,20260525_172452_dk2022_150mw_300mwh_soc10_90_v5,1,5437,93.016,0.0
2026-05-25 17:25:45,20260525_172452_dk2022_150mw_300mwh_soc10_90_v5,1,5438,93.016,0.0
2026-05-25 17:25:45,20260525_172452_dk2022_150mw_300mwh_soc10_90_v5,1,5439,93.016,0.0
2026-05-25 17:25:45,20260525_172452_dk2022_150mw_300mwh_soc10_90_v5,1,5440,93.016,0.0
2026-05-25 17:25:45,20260525_172452_dk2022_150mw_300mwh_soc10_90_v5,1,5441,93.016,0.0
2026-05-25 17:25:45,20260525_172452_dk2022_150mw_300mwh_soc10_90_v5,1,5442,93.016,0.0
2026-05-25 17:25:45,20260525_172452_dk2022_150mw_300mwh_soc10_90_v5,1,5443,93.016,0.0
2026-05-25 17:25:45,20260525_172452_dk2022_150mw_300mwh_soc10_90_v5,1,5444,93.016,0.0
2026-05-25 17:25:45,20260525_172452_dk2022_150mw_300mwh_soc10_90_v5,1,5445,93.016,0.0
2026-05-25 17:25:45,20260525_172452_dk2022_150mw_300mwh_soc10_90_v5,1,5446,93.016,0.0
2026-05-25 17:25:45,20260525_172452_dk2022_150mw_300mwh_soc10_90_v5,1,5447,93.016,0.0
2026-05-25 17:25:45,20260525_172452_dk2022_150mw_300mwh_soc10_90_v5,1,5448,93.016,0.0
2026-05-25 17:25:45,20260525_172452_dk2022_150mw_300mwh_soc10_90_v5,1,5449,93.016,0.0
2026-05-25 17:25:45,20260525_172452_dk2022_150mw_300mwh_soc10_90_v5,1,5450,93.016,0.0
2026-05-25 17:25:45,20260525_172452_dk2022_150mw_300mwh_soc10_90_v5,1,5451,93.016,0.0
2026-05-25 17:25:45,20260525_172452_dk2022_150mw_300mwh_soc10_90_v5,1,5452,93.016,0.0
2026-05-25 17:25:45,20260525_172452_dk2022_150mw_300mwh_soc10_90_v5,1,5453,93.016,0.0
2026-05-25 17:25:45,20260525_172452_dk2022_150mw_300mwh_soc10_90_v5,1,5454,93.016,0.0
2026-05-25 17:25:45,20260525_172452_dk2022_150mw_300mwh_soc10_90_v5,1,5455,93.016,0.0
2026-05-25 17:25:45,20260525_172452_dk2022_150mw_300mwh_soc10_90_v5,1,5456,93.016,0.0
2026-05-25 17:25:45,20260525_172452_dk2022_150mw_300mwh_soc10_90_v5,1,5457,93.016,0.0
2026-05-25 17:25:45,20260525_172452_dk2022_150mw_300mwh_soc10_90_v5,1,5458,93.016,0.0
2026-05-25 17:25:45,20260525_172452_dk2022_150mw_300mwh_soc10_90_v5,1,5459,93.016,0.0
2026-05-25 17:25:45,20260525_172452_dk2022_150mw_300mwh_soc10_90_v5,1,5460,93.016,0.0
2026-05-25 17:25:45,20260525_172452_dk2022_150mw_300mwh_soc10_90_v5,1,5461,93.016,0.0
2026-05-25 17:25:45,20260525_172452_dk2022_150mw_300mwh_soc10_90_v5,1,5462,93.016,0.0
2026-05-25 17:25:45,20260525_172452_dk2022_150mw_300mwh_soc10_90_v5,1,5463,93.016,0.0
2026-05-25 17:25:45,20260525_172452_dk2022_150mw_300mwh_soc10_90_v5,1,5464,93.016,0.0
2026-05-25 17:25:45,20260525_172452_dk2022_150mw_300mwh_soc10_90_v5,1,5465,93.016,0.0
2026-05-25 17:25:45,20260525_172452_dk2022_150mw_300mwh_soc10_90_v5,1,5466,93.016,0.0
2026-05-25 17:25:45,20260525_172452_dk2022_150mw_300mwh_soc10_90_v5,1,5467,93.016,0.0
2026-05-25 17:25:45,20260525_172452_dk2022_150mw_300mwh_soc10_90_v5,1,5468,93.016,0.0
2026-05-25 17:25:45,20260525_172452_dk2022_150mw_300mwh_soc10_90_v5,1,5469,93.016,0.0
2026-05-25 17:25:45,20260525_172452_dk2022_150mw_300mwh_soc10_90_v5,1,5470,93.016,0.0
2026-05-25 17:25:45,20260525_172452_dk2022_150mw_300mwh_soc10_90_v5,1,5471,93.016,0.0
2026-05-25 17:25:45,20260525_172452_dk2022_150mw_300mwh_soc10_90_v5,1,5472,93.016,0.0
2026-05-25 17:25:45,20260525_172452_dk2022_150mw_300mwh_soc10_90_v5,1,5473,93.016,0.0
2026-05-25 17:25:45,20260525_172452_dk2022_150mw_300mwh_soc10_90_v5,1,5474,93.016,0.0
2026-05-25 17:25:45,20260525_172452_dk2022_150mw_300mwh_soc10_90_v5,1,5475,93.016,0.0
2026-05-25 17:25:45,20260525_172452_dk2022_150mw_300mwh_soc10_90_v5,1,5476,93.016,0.0
2026-05-25 17:25:45,20260525_172452_dk2022_150mw_300mwh_soc10_90_v5,1,5477,93.016,0.0
2026-05-25 17:25:45,20260525_172452_dk2022_150mw_300mwh_soc10_90_v5,1,5478,93.016,0.0
2026-05-25 17:25:45,20260525_172452_dk2022_150mw_300mwh_soc10_90_v5,1,5479,93.016,0.0
2026-05-25 17:25:45,20260525_172452_dk2022_150mw_300mwh_soc10_90_v5,1,5480,93.016,0.0
2026-05-25 17:25:45,20260525_172452_dk2022_150mw_300mwh_soc10_90_v5,1,5481,93.016,0.0
2026-05-25 17:25:45,20260525_172452_dk2022_150mw_300mwh_soc10_90_v5,1,5482,93.016,0.0
2026-05-25 17:25:45,20260525_172452_dk2022_150mw_300mwh_soc10_90_v5,1,5483,93.016,0.0
2026-05-25 17:25:45,20260525_172452_dk2022_150mw_300mwh_soc10_90_v5,1,5484,93.016,0.0
2026-05-25 17:25:45,20260525_172452_dk2022_150mw_300mwh_soc10_90_v5,1,5485,93.016,0.0
2026-05-25 17:25:45,20260525_172452_dk2022_150mw_300mwh_soc10_90_v5,1,5486,93.016,0.0
2026-05-25 17:25:45,20260525_172452_dk2022_150mw_300mwh_soc10_90_v5,1,5487,93.016,0.0
2026-05-25 17:25:45,20260525_172452_dk2022_150mw_300mwh_soc10_90_v5,1,5488,93.016,0.0
2026-05-25 17:25:45,20260525_172452_dk2022_150mw_300mwh_soc10_90_v5,1,5489,93.016,0.0
2026-05-25 17:25:45,20260525_172452_dk2022_150mw_300mwh_soc10_90_v5,1,5490,93.016,0.0
2026-05-25 17:25:45,20260525_172452_dk2022_150mw_300mwh_soc10_90_v5,1,5491,93.016,0.0
2026-05-25 17:25:45,20260525_172452_dk2022_150mw_300mwh_soc10_90_v5,1,5492,93.016,0.0
2026-05-25 17:25:45,20260525_172452_dk2022_150mw_300mwh_soc10_90_v5,1,5493,93.016,0.0
2026-05-25 17:25:45,20260525_172452_dk2022_150mw_300mwh_soc10_90_v5,1,5494,93.016,0.0
2026-05-25 17:25:45,20260525_172452_dk2022_150mw_300mwh_soc10_90_v5,1,5495,93.016,0.0
2026-05-25 17:25:45,20260525_172452_dk2022_150mw_300mwh_soc10_90_v5,1,5496,93.016,0.0
2026-05-25 17:25:45,20260525_172452_dk2022_150mw_300mwh_soc10_90_v5,1,5497,93.016,0.0
2026-05-25 17:25:45,20260525_172452_dk2022_150mw_300mwh_soc10_90_v5,1,5498,93.016,0.0
2026-05-25 17:25:45,20260525_172452_dk2022_150mw_300mwh_soc10_90_v5,1,5499,93.016,0.0
2026-05-25 17:25:45,20260525_172452_dk2022_150mw_300mwh_soc10_90_v5,1,5500,93.016,0.0
2026-05-25 17:25:45,20260525_172452_dk2022_150mw_300mwh_soc10_90_v5,1,5501,93.016,0.0
2026-05-25 17:25:45,20260525_172452_dk2022_150mw_300mwh_soc10_90_v5,1,5502,93.016,0.0
2026-05-25 17:25:45,20260525_172452_dk2022_150mw_300mwh_soc10_90_v5,1,5503,93.016,0.0
2026-05-25 17:25:45,20260525_172452_dk2022_150mw_300mwh_soc10_90_v5,1,5504,93.016,0.0
2026-05-25 17:25:45,20260525_172452_dk2022_150mw_300mwh_soc10_90_v5,1,5505,93.016,0.0
2026-05-25 17:25:45,20260525_172452_dk2022_150mw_300mwh_soc10_90_v5,1,5506,93.016,0.0
2026-05-25 17:25:45,20260525_172452_dk2022_150mw_300mwh_soc10_90_v5,1,5507,93.016,0.0
2026-05-25 17:25:45,20260525_172452_dk2022_150mw_300mwh_soc10_90_v5,1,5508,93.016,0.0
2026-05-25 17:25:45,20260525_172452_dk2022_150mw_300mwh_soc10_90_v5,1,5509,93.016,0.0
2026-05-25 17:25:45,20260525_172452_dk2022_150mw_300mwh_soc10_90_v5,1,5510,93.016,0.0
2026-05-25 17:25:45,20260525_172452_dk2022_150mw_300mwh_soc10_90_v5,1,5511,93.016,0.0
2026-05-25 17:25:45,20260525_172452_dk2022_150mw_300mwh_soc10_90_v5,1,5512,93.016,0.0
2026-05-25 17:25:45,20260525_172452_dk2022_150mw_300mwh_soc10_90_v5,1,5513,93.016,0.0
2026-05-25 17:25:45,20260525_172452_dk2022_150mw_300mwh_soc10_90_v5,1,5514,93.016,0.0
2026-05-25 17:25:45,20260525_172452_dk2022_150mw_300mwh_soc10_90_v5,1,5515,93.016,0.0
2026-05-25 17:25:45,20260525_172452_dk2022_150mw_300mwh_soc10_90_v5,1,5516,93.016,3.70309301
2026-05-25 17:25:45,20260525_172452_dk2022_150mw_300mwh_soc10_90_v5,1,5517,93.016,0.0
2026-05-25 17:25:45,20260525_172452_dk2022_150mw_300mwh_soc10_90_v5,1,5518,93.016,0.0
2026-05-25 17:25:45,20260525_172452_dk2022_150mw_300mwh_soc10_90_v5,1,5519,93.016,0.0
2026-05-25 17:25:45,20260525_172452_dk2022_150mw_300mwh_soc10_90_v5,1,5520,93.016,0.0
2026-05-25 17:25:45,20260525_172452_dk2022_150mw_300mwh_soc10_90_v5,1,5521,93.016,0.0
2026-05-25 17:25:45,20260525_172452_dk2022_150mw_300mwh_soc10_90_v5,1,5522,93.016,0.0
2026-05-25 17:25:45,20260525_172452_dk2022_150mw_300mwh_soc10_90_v5,1,5523,93.016,0.0
2026-05-25 17:25:45,20260525_172452_dk2022_150mw_300mwh_soc10_90_v5,1,5524,93.016,0.0
2026-05-25 17:25:45,20260525_172452_dk2022_150mw_300mwh_soc10_90_v5,1,5525,93.016,0.0
2026-05-25 17:25:45,20260525_172452_dk2022_150mw_300mwh_soc10_90_v5,1,5526,93.016,0.0
2026-05-25 17:25:45,20260525_172452_dk2022_150mw_300mwh_soc10_90_v5,1,5527,93.016,0.0
2026-05-25 17:25:45,20260525_172452_dk2022_150mw_300mwh_soc10_90_v5,1,5528,93.016,0.0
2026-05-25 17:25:45,20260525_172452_dk2022_150mw_300mwh_soc10_90_v5,1,5529,93.016,0.0
2026-05-25 17:25:45,20260525_172452_dk2022_150mw_300mwh_soc10_90_v5,1,5530,93.016,0.0
2026-05-25 17:25:45,20260525_172452_dk2022_150mw_300mwh_soc10_90_v5,1,5531,93.016,0.0
2026-05-25 17:25:45,20260525_172452_dk2022_150mw_300mwh_soc10_90_v5,1,5532,93.016,0.0
2026-05-25 17:25:45,20260525_172452_dk2022_150mw_300mwh_soc10_90_v5,1,5533,93.016,0.0
2026-05-25 17:25:45,20260525_172452_dk2022_150mw_300mwh_soc10_90_v5,1,5534,93.016,0.0
2026-05-25 17:25:45,20260525_172452_dk2022_150mw_300mwh_soc10_90_v5,1,5535,93.016,0.0
2026-05-25 17:25:45,20260525_172452_dk2022_150mw_300mwh_soc10_90_v5,1,5536,93.016,0.0
2026-05-25 17:25:45,20260525_172452_dk2022_150mw_300mwh_soc10_90_v5,1,5537,93.016,0.0
2026-05-25 17:25:45,20260525_172452_dk2022_150mw_300mwh_soc10_90_v5,1,5538,93.016,0.0
2026-05-25 17:25:45,20260525_172452_dk2022_150mw_300mwh_soc10_90_v5,1,5539,93.016,0.0
2026-05-25 17:25:45,20260525_172452_dk2022_150mw_300mwh_soc10_90_v5,1,5540,93.016,0.0
2026-05-25 17:25:45,20260525_172452_dk2022_150mw_300mwh_soc10_90_v5,1,5541,93.016,0.0
2026-05-25 17:25:45,20260525_172452_dk2022_150mw_300mwh_soc10_90_v5,1,5542,93.016,0.0
2026-05-25 17:25:45,20260525_172452_dk2022_150mw_300mwh_soc10_90_v5,1,5543,93.016,0.0
2026-05-25 17:25:45,20260525_172452_dk2022_150mw_300mwh_soc10_90_v5,1,5544,93.016,0.0
2026-05-25 17:25:45,20260525_172452_dk2022_150mw_300mwh_soc10_90_v5,1,5545,93.016,0.0
2026-05-25 17:25:45,20260525_172452_dk2022_150mw_300mwh_soc10_90_v5,1,5546,93.016,0.0
2026-05-25 17:25:45,20260525_172452_dk2022_150mw_300mwh_soc10_90_v5,1,5547,93.016,0.0
2026-05-25 17:25:45,20260525_172452_dk2022_150mw_300mwh_soc10_90_v5,1,5548,93.016,0.0
2026-05-25 17:25:45,20260525_172452_dk2022_150mw_300mwh_soc10_90_v5,1,5549,93.016,0.0
2026-05-25 17:25:45,20260525_172452_dk2022_150mw_300mwh_soc10_90_v5,1,5550,93.016,0.0
2026-05-25 17:25:45,20260525_172452_dk2022_150mw_300mwh_soc10_90_v5,1,5551,93.016,0.0
2026-05-25 17:25:45,20260525_172452_dk2022_150mw_300mwh_soc10_90_v5,1,5552,93.016,0.0
2026-05-25 17:25:45,20260525_172452_dk2022_150mw_300mwh_soc10_90_v5,1,5553,93.016,0.0
2026-05-25 17:25:45,20260525_172452_dk2022_150mw_300mwh_soc10_90_v5,1,5554,93.016,0.0
2026-05-25 17:25:45,20260525_172452_dk2022_150mw_300mwh_soc10_90_v5,1,5555,93.016,0.0
2026-05-25 17:25:45,20260525_172452_dk2022_150mw_300mwh_soc10_90_v5,1,5556,93.016,0.0
2026-05-25 17:25:45,20260525_172452_dk2022_150mw_300mwh_soc10_90_v5,1,5557,93.016,0.0
2026-05-25 17:25:45,20260525_172452_dk2022_150mw_300mwh_soc10_90_v5,1,5558,93.016,0.0
2026-05-25 17:25:45,20260525_172452_dk2022_150mw_300mwh_soc10_90_v5,1,5559,93.016,0.0
2026-05-25 17:25:45,20260525_172452_dk2022_150mw_300mwh_soc10_90_v5,1,5560,93.016,0.0
2026-05-25 17:25:45,20260525_172452_dk2022_150mw_300mwh_soc10_90_v5,1,5561,93.016,0.0
2026-05-25 17:25:45,20260525_172452_dk2022_150mw_300mwh_soc10_90_v5,1,5562,93.016,0.0
2026-05-25 17:25:45,20260525_172452_dk2022_150mw_300mwh_soc10_90_v5,1,5563,93.016,0.0
2026-05-25 17:25:45,20260525_172452_dk2022_150mw_300mwh_soc10_90_v5,1,5564,93.016,0.0
2026-05-25 17:25:45,20260525_172452_dk2022_150mw_300mwh_soc10_90_v5,1,5565,93.016,0.0
2026-05-25 17:25:45,20260525_172452_dk2022_150mw_300mwh_soc10_90_v5,1,5566,93.016,0.0
2026-05-25 17:25:45,20260525_172452_dk2022_150mw_300mwh_soc10_90_v5,1,5567,93.016,0.0
2026-05-25 17:25:45,20260525_172452_dk2022_150mw_300mwh_soc10_90_v5,1,5568,93.016,0.0
2026-05-25 17:25:45,20260525_172452_dk2022_150mw_300mwh_soc10_90_v5,1,5569,93.016,0.0
2026-05-25 17:25:45,20260525_172452_dk2022_150mw_300mwh_soc10_90_v5,1,5570,93.016,0.0
2026-05-25 17:25:45,20260525_172452_dk2022_150mw_300mwh_soc10_90_v5,1,5571,93.016,0.0
2026-05-25 17:25:45,20260525_172452_dk2022_150mw_300mwh_soc10_90_v5,1,5572,93.016,0.0
2026-05-25 17:25:45,20260525_172452_dk2022_150mw_300mwh_soc10_90_v5,1,5573,93.016,0.0
2026-05-25 17:25:45,20260525_172452_dk2022_150mw_300mwh_soc10_90_v5,1,5574,93.016,0.0
2026-05-25 17:25:45,20260525_172452_dk2022_150mw_300mwh_soc10_90_v5,1,5575,93.016,0.0
2026-05-25 17:25:45,20260525_172452_dk2022_150mw_300mwh_soc10_90_v5,1,5576,93.016,0.0
2026-05-25 17:25:45,20260525_172452_dk2022_150mw_300mwh_soc10_90_v5,1,5577,93.016,0.0
2026-05-25 17:25:45,20260525_172452_dk2022_150mw_300mwh_soc10_90_v5,1,5578,93.016,0.0
2026-05-25 17:25:45,20260525_172452_dk2022_150mw_300mwh_soc10_90_v5,1,5579,93.016,-3.24911932
2026-05-25 17:25:45,20260525_172452_dk2022_150mw_300mwh_soc10_90_v5,1,5580,93.016,-3.24911932
2026-05-25 17:25:45,20260525_172452_dk2022_150mw_300mwh_soc10_90_v5,1,5581,93.016,0.0
2026-05-25 17:25:45,20260525_172452_dk2022_150mw_300mwh_soc10_90_v5,1,5582,93.016,0.0
2026-05-25 17:25:45,20260525_172452_dk2022_150mw_300mwh_soc10_90_v5,1,5583,93.016,0.0
2026-05-25 17:25:45,20260525_172452_dk2022_150mw_300mwh_soc10_90_v5,1,5584,93.016,0.0
2026-05-25 17:25:45,20260525_172452_dk2022_150mw_300mwh_soc10_90_v5,1,5585,93.016,0.0
2026-05-25 17:25:45,20260525_172452_dk2022_150mw_300mwh_soc10_90_v5,1,5586,93.016,0.0
2026-05-25 17:25:45,20260525_172452_dk2022_150mw_300mwh_soc10_90_v5,1,5587,93.016,0.0
2026-05-25 17:25:45,20260525_172452_dk2022_150mw_300mwh_soc10_90_v5,1,5588,93.016,0.0
2026-05-25 17:25:45,20260525_172452_dk2022_150mw_300mwh_soc10_90_v5,1,5589,93.016,0.0
2026-05-25 17:25:45,20260525_172452_dk2022_150mw_300mwh_soc10_90_v5,1,5590,93.016,0.0
2026-05-25 17:25:45,20260525_172452_dk2022_150mw_300mwh_soc10_90_v5,1,5591,93.016,0.0
2026-05-25 17:25:45,20260525_172452_dk2022_150mw_300mwh_soc10_90_v5,1,5592,93.016,0.0
2026-05-25 17:25:45,20260525_172452_dk2022_150mw_300mwh_soc10_90_v5,1,5593,93.016,0.0
2026-05-25 17:25:45,20260525_172452_dk2022_150mw_300mwh_soc10_90_v5,1,5594,93.016,0.0
2026-05-25 17:25:45,20260525_172452_dk2022_150mw_300mwh_soc10_90_v5,1,5595,93.016,0.0
2026-05-25 17:25:45,20260525_172452_dk2022_150mw_300mwh_soc10_90_v5,1,5596,93.016,0.0
2026-05-25 17:25:45,20260525_172452_dk2022_150mw_300mwh_soc10_90_v5,1,5597,93.016,0.0
2026-05-25 17:25:45,20260525_172452_dk2022_150mw_300mwh_soc10_90_v5,1,5598,93.016,0.0
2026-05-25 17:25:45,20260525_172452_dk2022_150mw_300mwh_soc10_90_v5,1,5599,93.016,0.0
2026-05-25 17:25:45,20260525_172452_dk2022_150mw_300mwh_soc10_90_v5,1,5600,93.016,0.0
2026-05-25 17:25:45,20260525_172452_dk2022_150mw_300mwh_soc10_90_v5,1,5601,93.016,0.0
2026-05-25 17:25:45,20260525_172452_dk2022_150mw_300mwh_soc10_90_v5,1,5602,93.016,0.0
2026-05-25 17:25:45,20260525_172452_dk2022_150mw_300mwh_soc10_90_v5,1,5603,93.016,0.0
2026-05-25 17:25:45,20260525_172452_dk2022_150mw_300mwh_soc10_90_v5,1,5604,93.016,0.0
2026-05-25 17:25:45,20260525_172452_dk2022_150mw_300mwh_soc10_90_v5,1,5605,93.016,0.0
2026-05-25 17:25:45,20260525_172452_dk2022_150mw_300mwh_soc10_90_v5,1,5606,93.016,0.0
2026-05-25 17:25:45,20260525_172452_dk2022_150mw_300mwh_soc10_90_v5,1,5607,93.016,0.0
2026-05-25 17:25:45,20260525_172452_dk2022_150mw_300mwh_soc10_90_v5,1,5608,93.016,0.0
2026-05-25 17:25:45,20260525_172452_dk2022_150mw_300mwh_soc10_90_v5,1,5609,93.016,0.0
2026-05-25 17:25:45,20260525_172452_dk2022_150mw_300mwh_soc10_90_v5,1,5610,93.016,0.0
2026-05-25 17:25:45,20260525_172452_dk2022_150mw_300mwh_soc10_90_v5,1,5611,93.016,0.0
2026-05-25 17:25:45,20260525_172452_dk2022_150mw_300mwh_soc10_90_v5,1,5612,93.016,0.0
2026-05-25 17:25:45,20260525_172452_dk2022_150mw_300mwh_soc10_90_v5,1,5613,93.016,3.70309301
2026-05-25 17:25:45,20260525_172452_dk2022_150mw_300mwh_soc10_90_v5,1,5614,93.016,0.0
2026-05-25 17:25:45,20260525_172452_dk2022_150mw_300mwh_soc10_90_v5,1,5615,93.016,0.0
2026-05-25 17:25:45,20260525_172452_dk2022_150mw_300mwh_soc10_90_v5,1,5616,93.016,0.0
2026-05-25 17:25:45,20260525_172452_dk2022_150mw_300mwh_soc10_90_v5,1,5617,93.016,0.0
2026-05-25 17:25:45,20260525_172452_dk2022_150mw_300mwh_soc10_90_v5,1,5618,93.016,0.0
2026-05-25 17:25:45,20260525_172452_dk2022_150mw_300mwh_soc10_90_v5,1,5619,93.016,0.0
2026-05-25 17:25:45,20260525_172452_dk2022_150mw_300mwh_soc10_90_v5,1,5620,93.016,0.0
2026-05-25 17:25:45,20260525_172452_dk2022_150mw_300mwh_soc10_90_v5,1,5621,93.016,0.0
2026-05-25 17:25:45,20260525_172452_dk2022_150mw_300mwh_soc10_90_v5,1,5622,93.016,-3.24911932
2026-05-25 17:25:45,20260525_172452_dk2022_150mw_300mwh_soc10_90_v5,1,5623,93.016,-3.24911932
2026-05-25 17:25:45,20260525_172452_dk2022_150mw_300mwh_soc10_90_v5,1,5624,93.016,0.0
2026-05-25 17:25:45,20260525_172452_dk2022_150mw_300mwh_soc10_90_v5,1,5625,93.016,0.0
2026-05-25 17:25:45,20260525_172452_dk2022_150mw_300mwh_soc10_90_v5,1,5626,93.016,0.0
2026-05-25 17:25:45,20260525_172452_dk2022_150mw_300mwh_soc10_90_v5,1,5627,93.016,0.0
2026-05-25 17:25:45,20260525_172452_dk2022_150mw_300mwh_soc10_90_v5,1,5628,93.016,0.0
2026-05-25 17:25:45,20260525_172452_dk2022_150mw_300mwh_soc10_90_v5,1,5629,93.016,0.0
2026-05-25 17:25:45,20260525_172452_dk2022_150mw_300mwh_soc10_90_v5,1,5630,93.016,0.0
2026-05-25 17:25:45,20260525_172452_dk2022_150mw_300mwh_soc10_90_v5,1,5631,93.016,0.0
2026-05-25 17:25:45,20260525_172452_dk2022_150mw_300mwh_soc10_90_v5,1,5632,93.016,0.0
2026-05-25 17:25:45,20260525_172452_dk2022_150mw_300mwh_soc10_90_v5,1,5633,93.016,0.0
2026-05-25 17:25:45,20260525_172452_dk2022_150mw_300mwh_soc10_90_v5,1,5634,93.016,0.0
2026-05-25 17:25:45,20260525_172452_dk2022_150mw_300mwh_soc10_90_v5,1,5635,93.016,0.0
2026-05-25 17:25:45,20260525_172452_dk2022_150mw_300mwh_soc10_90_v5,1,5636,93.016,0.0
2026-05-25 17:25:45,20260525_172452_dk2022_150mw_300mwh_soc10_90_v5,1,5637,93.016,0.0
2026-05-25 17:25:45,20260525_172452_dk2022_150mw_300mwh_soc10_90_v5,1,5638,93.016,0.0
2026-05-25 17:25:45,20260525_172452_dk2022_150mw_300mwh_soc10_90_v5,1,5639,93.016,0.0
2026-05-25 17:25:45,20260525_172452_dk2022_150mw_300mwh_soc10_90_v5,1,5640,93.016,0.0
2026-05-25 17:25:45,20260525_172452_dk2022_150mw_300mwh_soc10_90_v5,1,5641,93.016,0.0
2026-05-25 17:25:45,20260525_172452_dk2022_150mw_300mwh_soc10_90_v5,1,5642,93.016,0.0
2026-05-25 17:25:45,20260525_172452_dk2022_150mw_300mwh_soc10_90_v5,1,5643,93.016,0.0
2026-05-25 17:25:45,20260525_172452_dk2022_150mw_300mwh_soc10_90_v5,1,5644,93.016,0.0
2026-05-25 17:25:45,20260525_172452_dk2022_150mw_300mwh_soc10_90_v5,1,5645,93.016,0.0
2026-05-25 17:25:45,20260525_172452_dk2022_150mw_300mwh_soc10_90_v5,1,5646,93.016,0.0
2026-05-25 17:25:45,20260525_172452_dk2022_150mw_300mwh_soc10_90_v5,1,5647,93.016,0.0
2026-05-25 17:25:45,20260525_172452_dk2022_150mw_300mwh_soc10_90_v5,1,5648,93.016,0.0
2026-05-25 17:25:45,20260525_172452_dk2022_150mw_300mwh_soc10_90_v5,1,5649,93.016,0.0
2026-05-25 17:25:45,20260525_172452_dk2022_150mw_300mwh_soc10_90_v5,1,5650,93.016,0.0
2026-05-25 17:25:45,20260525_172452_dk2022_150mw_300mwh_soc10_90_v5,1,5651,93.016,0.0
2026-05-25 17:25:45,20260525_172452_dk2022_150mw_300mwh_soc10_90_v5,1,5652,93.016,0.0
2026-05-25 17:25:45,20260525_172452_dk2022_150mw_300mwh_soc10_90_v5,1,5653,93.016,0.0
2026-05-25 17:25:45,20260525_172452_dk2022_150mw_300mwh_soc10_90_v5,1,5654,93.016,0.0
2026-05-25 17:25:45,20260525_172452_dk2022_150mw_300mwh_soc10_90_v5,1,5655,93.016,0.0
2026-05-25 17:25:45,20260525_172452_dk2022_150mw_300mwh_soc10_90_v5,1,5656,93.016,0.0
2026-05-25 17:25:45,20260525_172452_dk2022_150mw_300mwh_soc10_90_v5,1,5657,93.016,0.0
2026-05-25 17:25:45,20260525_172452_dk2022_150mw_300mwh_soc10_90_v5,1,5658,93.016,0.0
2026-05-25 17:25:45,20260525_172452_dk2022_150mw_300mwh_soc10_90_v5,1,5659,93.016,0.0
2026-05-25 17:25:45,20260525_172452_dk2022_150mw_300mwh_soc10_90_v5,1,5660,93.016,0.0
2026-05-25 17:25:45,20260525_172452_dk2022_150mw_300mwh_soc10_90_v5,1,5661,93.016,0.0
2026-05-25 17:25:45,20260525_172452_dk2022_150mw_300mwh_soc10_90_v5,1,5662,93.016,0.0
2026-05-25 17:25:45,20260525_172452_dk2022_150mw_300mwh_soc10_90_v5,1,5663,93.016,0.0
2026-05-25 17:25:45,20260525_172452_dk2022_150mw_300mwh_soc10_90_v5,1,5664,93.016,0.0
2026-05-25 17:25:45,20260525_172452_dk2022_150mw_300mwh_soc10_90_v5,1,5665,93.016,0.0
2026-05-25 17:25:45,20260525_172452_dk2022_150mw_300mwh_soc10_90_v5,1,5666,93.016,0.0
2026-05-25 17:25:45,20260525_172452_dk2022_150mw_300mwh_soc10_90_v5,1,5667,93.016,0.0
2026-05-25 17:25:45,20260525_172452_dk2022_150mw_300mwh_soc10_90_v5,1,5668,93.016,0.0
2026-05-25 17:25:45,20260525_172452_dk2022_150mw_300mwh_soc10_90_v5,1,5669,93.016,0.0
2026-05-25 17:25:45,20260525_172452_dk2022_150mw_300mwh_soc10_90_v5,1,5670,93.016,0.0
2026-05-25 17:25:45,20260525_172452_dk2022_150mw_300mwh_soc10_90_v5,1,5671,93.016,0.0
2026-05-25 17:25:45,20260525_172452_dk2022_150mw_300mwh_soc10_90_v5,1,5672,93.016,0.0
2026-05-25 17:25:45,20260525_172452_dk2022_150mw_300mwh_soc10_90_v5,1,5673,93.016,0.0
2026-05-25 17:25:45,20260525_172452_dk2022_150mw_300mwh_soc10_90_v5,1,5674,93.016,0.0
2026-05-25 17:25:45,20260525_172452_dk2022_150mw_300mwh_soc10_90_v5,1,5675,93.016,0.0
2026-05-25 17:25:45,20260525_172452_dk2022_150mw_300mwh_soc10_90_v5,1,5676,93.016,0.0
2026-05-25 17:25:45,20260525_172452_dk2022_150mw_300mwh_soc10_90_v5,1,5677,93.016,0.0
2026-05-25 17:25:45,20260525_172452_dk2022_150mw_300mwh_soc10_90_v5,1,5678,93.016,0.0
2026-05-25 17:25:45,20260525_172452_dk2022_150mw_300mwh_soc10_90_v5,1,5679,93.016,0.0
2026-05-25 17:25:45,20260525_172452_dk2022_150mw_300mwh_soc10_90_v5,1,5680,93.016,0.0
2026-05-25 17:25:45,20260525_172452_dk2022_150mw_300mwh_soc10_90_v5,1,5681,93.016,0.0
2026-05-25 17:25:45,20260525_172452_dk2022_150mw_300mwh_soc10_90_v5,1,5682,93.016,0.0
2026-05-25 17:25:45,20260525_172452_dk2022_150mw_300mwh_soc10_90_v5,1,5683,93.016,0.0
2026-05-25 17:25:45,20260525_172452_dk2022_150mw_300mwh_soc10_90_v5,1,5684,93.016,0.0
2026-05-25 17:25:45,20260525_172452_dk2022_150mw_300mwh_soc10_90_v5,1,5685,93.016,0.0
2026-05-25 17:25:45,20260525_172452_dk2022_150mw_300mwh_soc10_90_v5,1,5686,93.016,0.0
2026-05-25 17:25:45,20260525_172452_dk2022_150mw_300mwh_soc10_90_v5,1,5687,93.016,0.0
2026-05-25 17:25:45,20260525_172452_dk2022_150mw_300mwh_soc10_90_v5,1,5688,93.016,0.0
2026-05-25 17:25:45,20260525_172452_dk2022_150mw_300mwh_soc10_90_v5,1,5689,93.016,0.0
2026-05-25 17:25:45,20260525_172452_dk2022_150mw_300mwh_soc10_90_v5,1,5690,93.016,0.0
2026-05-25 17:25:45,20260525_172452_dk2022_150mw_300mwh_soc10_90_v5,1,5691,93.016,0.0
2026-05-25 17:25:45,20260525_172452_dk2022_150mw_300mwh_soc10_90_v5,1,5692,93.016,0.0
2026-05-25 17:25:45,20260525_172452_dk2022_150mw_300mwh_soc10_90_v5,1,5693,93.016,0.0
2026-05-25 17:25:45,20260525_172452_dk2022_150mw_300mwh_soc10_90_v5,1,5694,93.016,0.0
2026-05-25 17:25:45,20260525_172452_dk2022_150mw_300mwh_soc10_90_v5,1,5695,93.016,0.0
2026-05-25 17:25:45,20260525_172452_dk2022_150mw_300mwh_soc10_90_v5,1,5696,93.016,0.0
2026-05-25 17:25:45,20260525_172452_dk2022_150mw_300mwh_soc10_90_v5,1,5697,93.016,0.0
2026-05-25 17:25:45,20260525_172452_dk2022_150mw_300mwh_soc10_90_v5,1,5698,93.016,0.0
2026-05-25 17:25:45,20260525_172452_dk2022_150mw_300mwh_soc10_90_v5,1,5699,93.016,0.0
2026-05-25 17:25:45,20260525_172452_dk2022_150mw_300mwh_soc10_90_v5,1,5700,93.016,0.0
2026-05-25 17:25:45,20260525_172452_dk2022_150mw_300mwh_soc10_90_v5,1,5701,93.016,0.0
2026-05-25 17:25:45,20260525_172452_dk2022_150mw_300mwh_soc10_90_v5,1,5702,93.016,0.0
2026-05-25 17:25:45,20260525_172452_dk2022_150mw_300mwh_soc10_90_v5,1,5703,93.016,0.0
2026-05-25 17:25:45,20260525_172452_dk2022_150mw_300mwh_soc10_90_v5,1,5704,93.016,0.0
2026-05-25 17:25:45,20260525_172452_dk2022_150mw_300mwh_soc10_90_v5,1,5705,93.016,0.0
2026-05-25 17:25:45,20260525_172452_dk2022_150mw_300mwh_soc10_90_v5,1,5706,93.016,0.0
2026-05-25 17:25:45,20260525_172452_dk2022_150mw_300mwh_soc10_90_v5,1,5707,93.016,0.0
2026-05-25 17:25:45,20260525_172452_dk2022_150mw_300mwh_soc10_90_v5,1,5708,93.016,0.0
2026-05-25 17:25:45,20260525_172452_dk2022_150mw_300mwh_soc10_90_v5,1,5709,93.016,0.0
2026-05-25 17:25:45,20260525_172452_dk2022_150mw_300mwh_soc10_90_v5,1,5710,93.016,0.0
2026-05-25 17:25:45,20260525_172452_dk2022_150mw_300mwh_soc10_90_v5,1,5711,93.016,0.0
2026-05-25 17:25:45,20260525_172452_dk2022_150mw_300mwh_soc10_90_v5,1,5712,93.016,0.0
2026-05-25 17:25:45,20260525_172452_dk2022_150mw_300mwh_soc10_90_v5,1,5713,93.016,0.0
2026-05-25 17:25:45,20260525_172452_dk2022_150mw_300mwh_soc10_90_v5,1,5714,93.016,0.0
2026-05-25 17:25:45,20260525_172452_dk2022_150mw_300mwh_soc10_90_v5,1,5715,93.016,0.0
2026-05-25 17:25:45,20260525_172452_dk2022_150mw_300mwh_soc10_90_v5,1,5716,93.016,0.0
2026-05-25 17:25:45,20260525_172452_dk2022_150mw_300mwh_soc10_90_v5,1,5717,93.016,0.0
2026-05-25 17:25:45,20260525_172452_dk2022_150mw_300mwh_soc10_90_v5,1,5718,93.016,0.0
2026-05-25 17:25:45,20260525_172452_dk2022_150mw_300mwh_soc10_90_v5,1,5719,93.016,0.0
2026-05-25 17:25:45,20260525_172452_dk2022_150mw_300mwh_soc10_90_v5,1,5720,93.016,0.0
2026-05-25 17:25:45,20260525_172452_dk2022_150mw_300mwh_soc10_90_v5,1,5721,93.016,0.0
2026-05-25 17:25:45,20260525_172452_dk2022_150mw_300mwh_soc10_90_v5,1,5722,93.016,0.0
2026-05-25 17:25:45,20260525_172452_dk2022_150mw_300mwh_soc10_90_v5,1,5723,93.016,0.0
2026-05-25 17:25:45,20260525_172452_dk2022_150mw_300mwh_soc10_90_v5,1,5724,93.016,0.0
2026-05-25 17:25:45,20260525_172452_dk2022_150mw_300mwh_soc10_90_v5,1,5725,93.016,0.0
2026-05-25 17:25:45,20260525_172452_dk2022_150mw_300mwh_soc10_90_v5,1,5726,93.016,0.0
2026-05-25 17:25:45,20260525_172452_dk2022_150mw_300mwh_soc10_90_v5,1,5727,93.016,0.0
2026-05-25 17:25:45,20260525_172452_dk2022_150mw_300mwh_soc10_90_v5,1,5728,93.016,0.0
2026-05-25 17:25:45,20260525_172452_dk2022_150mw_300mwh_soc10_90_v5,1,5729,93.016,0.0
2026-05-25 17:25:45,20260525_172452_dk2022_150mw_300mwh_soc10_90_v5,1,5730,93.016,0.0
2026-05-25 17:25:45,20260525_172452_dk2022_150mw_300mwh_soc10_90_v5,1,5731,93.016,0.0
2026-05-25 17:25:45,20260525_172452_dk2022_150mw_300mwh_soc10_90_v5,1,5732,93.016,0.0
2026-05-25 17:25:45,20260525_172452_dk2022_150mw_300mwh_soc10_90_v5,1,5733,93.016,0.0
2026-05-25 17:25:45,20260525_172452_dk2022_150mw_300mwh_soc10_90_v5,1,5734,93.016,0.0
2026-05-25 17:25:45,20260525_172452_dk2022_150mw_300mwh_soc10_90_v5,1,5735,93.016,0.0
2026-05-25 17:25:45,20260525_172452_dk2022_150mw_300mwh_soc10_90_v5,1,5736,93.016,0.0
2026-05-25 17:25:45,20260525_172452_dk2022_150mw_300mwh_soc10_90_v5,1,5737,93.016,0.0
2026-05-25 17:25:45,20260525_172452_dk2022_150mw_300mwh_soc10_90_v5,1,5738,93.016,0.0
2026-05-25 17:25:45,20260525_172452_dk2022_150mw_300mwh_soc10_90_v5,1,5739,93.016,0.0
2026-05-25 17:25:45,20260525_172452_dk2022_150mw_300mwh_soc10_90_v5,1,5740,93.016,0.0
2026-05-25 17:25:45,20260525_172452_dk2022_150mw_300mwh_soc10_90_v5,1,5741,93.016,0.0
2026-05-25 17:25:45,20260525_172452_dk2022_150mw_300mwh_soc10_90_v5,1,5742,93.016,0.0
2026-05-25 17:25:45,20260525_172452_dk2022_150mw_300mwh_soc10_90_v5,1,5743,93.016,0.0
2026-05-25 17:25:45,20260525_172452_dk2022_150mw_300mwh_soc10_90_v5,1,5744,93.016,0.0
2026-05-25 17:25:45,20260525_172452_dk2022_150mw_300mwh_soc10_90_v5,1,5745,93.016,0.0
2026-05-25 17:25:45,20260525_172452_dk2022_150mw_300mwh_soc10_90_v5,1,5746,93.016,0.0
2026-05-25 17:25:45,20260525_172452_dk2022_150mw_300mwh_soc10_90_v5,1,5747,93.016,0.0
2026-05-25 17:25:45,20260525_172452_dk2022_150mw_300mwh_soc10_90_v5,1,5748,93.016,0.0
2026-05-25 17:25:45,20260525_172452_dk2022_150mw_300mwh_soc10_90_v5,1,5749,93.016,0.0
2026-05-25 17:25:45,20260525_172452_dk2022_150mw_300mwh_soc10_90_v5,1,5750,93.016,0.0
2026-05-25 17:25:45,20260525_172452_dk2022_150mw_300mwh_soc10_90_v5,1,5751,93.016,0.0
2026-05-25 17:25:45,20260525_172452_dk2022_150mw_300mwh_soc10_90_v5,1,5752,93.016,0.0
2026-05-25 17:25:45,20260525_172452_dk2022_150mw_300mwh_soc10_90_v5,1,5753,93.016,0.0
2026-05-25 17:25:45,20260525_172452_dk2022_150mw_300mwh_soc10_90_v5,1,5754,93.016,0.0
2026-05-25 17:25:45,20260525_172452_dk2022_150mw_300mwh_soc10_90_v5,1,5755,93.016,0.0
2026-05-25 17:25:45,20260525_172452_dk2022_150mw_300mwh_soc10_90_v5,1,5756,93.016,0.0
2026-05-25 17:25:45,20260525_172452_dk2022_150mw_300mwh_soc10_90_v5,1,5757,93.016,0.0
2026-05-25 17:25:45,20260525_172452_dk2022_150mw_300mwh_soc10_90_v5,1,5758,93.016,0.0
2026-05-25 17:25:45,20260525_172452_dk2022_150mw_300mwh_soc10_90_v5,1,5759,93.016,0.0
2026-05-25 17:25:45,20260525_172452_dk2022_150mw_300mwh_soc10_90_v5,1,5760,93.016,0.0
2026-05-25 17:25:45,20260525_172452_dk2022_150mw_300mwh_soc10_90_v5,1,5761,93.016,0.0
2026-05-25 17:25:45,20260525_172452_dk2022_150mw_300mwh_soc10_90_v5,1,5762,93.016,0.0
2026-05-25 17:25:45,20260525_172452_dk2022_150mw_300mwh_soc10_90_v5,1,5763,93.016,0.0
2026-05-25 17:25:45,20260525_172452_dk2022_150mw_300mwh_soc10_90_v5,1,5764,93.016,0.0
2026-05-25 17:25:45,20260525_172452_dk2022_150mw_300mwh_soc10_90_v5,1,5765,93.016,0.0
2026-05-25 17:25:45,20260525_172452_dk2022_150mw_300mwh_soc10_90_v5,1,5766,93.016,0.0
2026-05-25 17:25:45,20260525_172452_dk2022_150mw_300mwh_soc10_90_v5,1,5767,93.016,0.0
2026-05-25 17:25:45,20260525_172452_dk2022_150mw_300mwh_soc10_90_v5,1,5768,93.016,0.0
2026-05-25 17:25:45,20260525_172452_dk2022_150mw_300mwh_soc10_90_v5,1,5769,93.016,0.0
2026-05-25 17:25:45,20260525_172452_dk2022_150mw_300mwh_soc10_90_v5,1,5770,93.016,0.0
2026-05-25 17:25:45,20260525_172452_dk2022_150mw_300mwh_soc10_90_v5,1,5771,93.016,0.0
2026-05-25 17:25:45,20260525_172452_dk2022_150mw_300mwh_soc10_90_v5,1,5772,93.016,0.0
2026-05-25 17:25:45,20260525_172452_dk2022_150mw_300mwh_soc10_90_v5,1,5773,93.016,0.0
2026-05-25 17:25:45,20260525_172452_dk2022_150mw_300mwh_soc10_90_v5,1,5774,93.016,0.0
2026-05-25 17:25:45,20260525_172452_dk2022_150mw_300mwh_soc10_90_v5,1,5775,93.016,0.0
2026-05-25 17:25:45,20260525_172452_dk2022_150mw_300mwh_soc10_90_v5,1,5776,93.016,0.0
2026-05-25 17:25:45,20260525_172452_dk2022_150mw_300mwh_soc10_90_v5,1,5777,93.016,0.0
2026-05-25 17:25:45,20260525_172452_dk2022_150mw_300mwh_soc10_90_v5,1,5778,93.016,0.0
2026-05-25 17:25:45,20260525_172452_dk2022_150mw_300mwh_soc10_90_v5,1,5779,93.016,0.0
2026-05-25 17:25:45,20260525_172452_dk2022_150mw_300mwh_soc10_90_v5,1,5780,93.016,0.0
2026-05-25 17:25:45,20260525_172452_dk2022_150mw_300mwh_soc10_90_v5,1,5781,93.016,0.0
2026-05-25 17:25:45,20260525_172452_dk2022_150mw_300mwh_soc10_90_v5,1,5782,93.016,0.0
2026-05-25 17:25:45,20260525_172452_dk2022_150mw_300mwh_soc10_90_v5,1,5783,93.016,0.0
2026-05-25 17:25:45,20260525_172452_dk2022_150mw_300mwh_soc10_90_v5,1,5784,93.016,0.0
2026-05-25 17:25:45,20260525_172452_dk2022_150mw_300mwh_soc10_90_v5,1,5785,93.016,0.0
2026-05-25 17:25:45,20260525_172452_dk2022_150mw_300mwh_soc10_90_v5,1,5786,93.016,0.0
2026-05-25 17:25:45,20260525_172452_dk2022_150mw_300mwh_soc10_90_v5,1,5787,93.016,0.0
2026-05-25 17:25:45,20260525_172452_dk2022_150mw_300mwh_soc10_90_v5,1,5788,93.016,0.0
2026-05-25 17:25:45,20260525_172452_dk2022_150mw_300mwh_soc10_90_v5,1,5789,93.016,0.0
2026-05-25 17:25:45,20260525_172452_dk2022_150mw_300mwh_soc10_90_v5,1,5790,93.016,0.0
2026-05-25 17:25:45,20260525_172452_dk2022_150mw_300mwh_soc10_90_v5,1,5791,93.016,0.0
2026-05-25 17:25:45,20260525_172452_dk2022_150mw_300mwh_soc10_90_v5,1,5792,93.016,0.0
2026-05-25 17:25:45,20260525_172452_dk2022_150mw_300mwh_soc10_90_v5,1,5793,93.016,0.0
2026-05-25 17:25:45,20260525_172452_dk2022_150mw_300mwh_soc10_90_v5,1,5794,93.016,0.0
2026-05-25 17:25:45,20260525_172452_dk2022_150mw_300mwh_soc10_90_v5,1,5795,93.016,0.0
2026-05-25 17:25:45,20260525_172452_dk2022_150mw_300mwh_soc10_90_v5,1,5796,93.016,0.0
2026-05-25 17:25:45,20260525_172452_dk2022_150mw_300mwh_soc10_90_v5,1,5797,93.016,0.0
2026-05-25 17:25:45,20260525_172452_dk2022_150mw_300mwh_soc10_90_v5,1,5798,93.016,0.0
2026-05-25 17:25:45,20260525_172452_dk2022_150mw_300mwh_soc10_90_v5,1,5799,93.016,0.0
2026-05-25 17:25:45,20260525_172452_dk2022_150mw_300mwh_soc10_90_v5,1,5800,93.016,0.0
2026-05-25 17:25:45,20260525_172452_dk2022_150mw_300mwh_soc10_90_v5,1,5801,93.016,0.0
2026-05-25 17:25:45,20260525_172452_dk2022_150mw_300mwh_soc10_90_v5,1,5802,93.016,0.0
2026-05-25 17:25:45,20260525_172452_dk2022_150mw_300mwh_soc10_90_v5,1,5803,93.016,0.0
2026-05-25 17:25:45,20260525_172452_dk2022_150mw_300mwh_soc10_90_v5,1,5804,93.016,0.0
2026-05-25 17:25:45,20260525_172452_dk2022_150mw_300mwh_soc10_90_v5,1,5805,93.016,0.0
2026-05-25 17:25:45,20260525_172452_dk2022_150mw_300mwh_soc10_90_v5,1,5806,93.016,0.0
2026-05-25 17:25:45,20260525_172452_dk2022_150mw_300mwh_soc10_90_v5,1,5807,93.016,0.0
2026-05-25 17:25:45,20260525_172452_dk2022_150mw_300mwh_soc10_90_v5,1,5808,93.016,0.0
2026-05-25 17:25:45,20260525_172452_dk2022_150mw_300mwh_soc10_90_v5,1,5809,93.016,0.0
2026-05-25 17:25:45,20260525_172452_dk2022_150mw_300mwh_soc10_90_v5,1,5810,93.016,0.0
2026-05-25 17:25:45,20260525_172452_dk2022_150mw_300mwh_soc10_90_v5,1,5811,93.016,0.0
2026-05-25 17:25:45,20260525_172452_dk2022_150mw_300mwh_soc10_90_v5,1,5812,93.016,0.0
2026-05-25 17:25:45,20260525_172452_dk2022_150mw_300mwh_soc10_90_v5,1,5813,93.016,0.0
2026-05-25 17:25:45,20260525_172452_dk2022_150mw_300mwh_soc10_90_v5,1,5814,93.016,0.0
2026-05-25 17:25:45,20260525_172452_dk2022_150mw_300mwh_soc10_90_v5,1,5815,93.016,0.0
2026-05-25 17:25:45,20260525_172452_dk2022_150mw_300mwh_soc10_90_v5,1,5816,93.016,0.0
2026-05-25 17:25:45,20260525_172452_dk2022_150mw_300mwh_soc10_90_v5,1,5817,93.016,0.0
2026-05-25 17:25:45,20260525_172452_dk2022_150mw_300mwh_soc10_90_v5,1,5818,93.016,0.0
2026-05-25 17:25:45,20260525_172452_dk2022_150mw_300mwh_soc10_90_v5,1,5819,93.016,0.0
2026-05-25 17:25:45,20260525_172452_dk2022_150mw_300mwh_soc10_90_v5,1,5820,93.016,0.0
2026-05-25 17:25:45,20260525_172452_dk2022_150mw_300mwh_soc10_90_v5,1,5821,93.016,0.0
2026-05-25 17:25:45,20260525_172452_dk2022_150mw_300mwh_soc10_90_v5,1,5822,93.016,0.0
2026-05-25 17:25:45,20260525_172452_dk2022_150mw_300mwh_soc10_90_v5,1,5823,93.016,0.0
2026-05-25 17:25:45,20260525_172452_dk2022_150mw_300mwh_soc10_90_v5,1,5824,93.016,0.0
2026-05-25 17:25:45,20260525_172452_dk2022_150mw_300mwh_soc10_90_v5,1,5825,93.016,0.0
2026-05-25 17:25:45,20260525_172452_dk2022_150mw_300mwh_soc10_90_v5,1,5826,93.016,0.0
2026-05-25 17:25:45,20260525_172452_dk2022_150mw_300mwh_soc10_90_v5,1,5827,93.016,0.0
2026-05-25 17:25:45,20260525_172452_dk2022_150mw_300mwh_soc10_90_v5,1,5828,93.016,0.0
2026-05-25 17:25:45,20260525_172452_dk2022_150mw_300mwh_soc10_90_v5,1,5829,93.016,0.0
2026-05-25 17:25:45,20260525_172452_dk2022_150mw_300mwh_soc10_90_v5,1,5830,93.016,0.0
2026-05-25 17:25:45,20260525_172452_dk2022_150mw_300mwh_soc10_90_v5,1,5831,93.016,0.0
2026-05-25 17:25:45,20260525_172452_dk2022_150mw_300mwh_soc10_90_v5,1,5832,93.016,0.0
2026-05-25 17:25:45,20260525_172452_dk2022_150mw_300mwh_soc10_90_v5,1,5833,93.016,0.0
2026-05-25 17:25:45,20260525_172452_dk2022_150mw_300mwh_soc10_90_v5,1,5834,93.016,0.0
2026-05-25 17:25:45,20260525_172452_dk2022_150mw_300mwh_soc10_90_v5,1,5835,93.016,0.0
2026-05-25 17:25:45,20260525_172452_dk2022_150mw_300mwh_soc10_90_v5,1,5836,93.016,0.0
2026-05-25 17:25:45,20260525_172452_dk2022_150mw_300mwh_soc10_90_v5,1,5837,93.016,0.0
2026-05-25 17:25:45,20260525_172452_dk2022_150mw_300mwh_soc10_90_v5,1,5838,93.016,0.0
2026-05-25 17:25:45,20260525_172452_dk2022_150mw_300mwh_soc10_90_v5,1,5839,93.016,0.0
2026-05-25 17:25:45,20260525_172452_dk2022_150mw_300mwh_soc10_90_v5,1,5840,93.016,0.0
2026-05-25 17:25:45,20260525_172452_dk2022_150mw_300mwh_soc10_90_v5,1,5841,93.016,0.0
2026-05-25 17:25:45,20260525_172452_dk2022_150mw_300mwh_soc10_90_v5,1,5842,93.016,0.0
2026-05-25 17:25:45,20260525_172452_dk2022_150mw_300mwh_soc10_90_v5,1,5843,93.016,0.0
2026-05-25 17:25:45,20260525_172452_dk2022_150mw_300mwh_soc10_90_v5,1,5844,93.016,0.0
2026-05-25 17:25:45,20260525_172452_dk2022_150mw_300mwh_soc10_90_v5,1,5845,93.016,0.0
2026-05-25 17:25:45,20260525_172452_dk2022_150mw_300mwh_soc10_90_v5,1,5846,93.016,0.0
2026-05-25 17:25:45,20260525_172452_dk2022_150mw_300mwh_soc10_90_v5,1,5847,93.016,0.0
2026-05-25 17:25:45,20260525_172452_dk2022_150mw_300mwh_soc10_90_v5,1,5848,93.016,0.0
2026-05-25 17:25:45,20260525_172452_dk2022_150mw_300mwh_soc10_90_v5,1,5849,93.016,0.0
2026-05-25 17:25:45,20260525_172452_dk2022_150mw_300mwh_soc10_90_v5,1,5850,93.016,0.0
2026-05-25 17:25:45,20260525_172452_dk2022_150mw_300mwh_soc10_90_v5,1,5851,93.016,0.0
2026-05-25 17:25:45,20260525_172452_dk2022_150mw_300mwh_soc10_90_v5,1,5852,93.016,0.0
2026-05-25 17:25:45,20260525_172452_dk2022_150mw_300mwh_soc10_90_v5,1,5853,93.016,0.0
2026-05-25 17:25:45,20260525_172452_dk2022_150mw_300mwh_soc10_90_v5,1,5854,93.016,0.0
2026-05-25 17:25:45,20260525_172452_dk2022_150mw_300mwh_soc10_90_v5,1,5855,93.016,0.0
2026-05-25 17:25:45,20260525_172452_dk2022_150mw_300mwh_soc10_90_v5,1,5856,93.016,0.0
2026-05-25 17:25:45,20260525_172452_dk2022_150mw_300mwh_soc10_90_v5,1,5857,93.016,0.0
2026-05-25 17:25:45,20260525_172452_dk2022_150mw_300mwh_soc10_90_v5,1,5858,93.016,0.0
2026-05-25 17:25:45,20260525_172452_dk2022_150mw_300mwh_soc10_90_v5,1,5859,93.016,0.0
2026-05-25 17:25:45,20260525_172452_dk2022_150mw_300mwh_soc10_90_v5,1,5860,93.016,0.0
2026-05-25 17:25:45,20260525_172452_dk2022_150mw_300mwh_soc10_90_v5,1,5861,93.016,0.0
2026-05-25 17:25:45,20260525_172452_dk2022_150mw_300mwh_soc10_90_v5,1,5862,93.016,0.0
2026-05-25 17:25:45,20260525_172452_dk2022_150mw_300mwh_soc10_90_v5,1,5863,93.016,3.70309301
2026-05-25 17:25:45,20260525_172452_dk2022_150mw_300mwh_soc10_90_v5,1,5864,93.016,0.0
2026-05-25 17:25:45,20260525_172452_dk2022_150mw_300mwh_soc10_90_v5,1,5865,93.016,0.0
2026-05-25 17:25:45,20260525_172452_dk2022_150mw_300mwh_soc10_90_v5,1,5866,93.016,0.0
2026-05-25 17:25:45,20260525_172452_dk2022_150mw_300mwh_soc10_90_v5,1,5867,93.016,0.0
2026-05-25 17:25:45,20260525_172452_dk2022_150mw_300mwh_soc10_90_v5,1,5868,93.016,0.0
2026-05-25 17:25:45,20260525_172452_dk2022_150mw_300mwh_soc10_90_v5,1,5869,93.016,0.0
2026-05-25 17:25:45,20260525_172452_dk2022_150mw_300mwh_soc10_90_v5,1,5870,93.016,0.0
2026-05-25 17:25:45,20260525_172452_dk2022_150mw_300mwh_soc10_90_v5,1,5871,93.016,0.0
2026-05-25 17:25:45,20260525_172452_dk2022_150mw_300mwh_soc10_90_v5,1,5872,93.016,0.0
2026-05-25 17:25:45,20260525_172452_dk2022_150mw_300mwh_soc10_90_v5,1,5873,93.016,0.0
2026-05-25 17:25:45,20260525_172452_dk2022_150mw_300mwh_soc10_90_v5,1,5874,93.016,0.0
2026-05-25 17:25:45,20260525_172452_dk2022_150mw_300mwh_soc10_90_v5,1,5875,93.016,0.0
2026-05-25 17:25:45,20260525_172452_dk2022_150mw_300mwh_soc10_90_v5,1,5876,93.016,0.0
2026-05-25 17:25:45,20260525_172452_dk2022_150mw_300mwh_soc10_90_v5,1,5877,93.016,0.0
2026-05-25 17:25:45,20260525_172452_dk2022_150mw_300mwh_soc10_90_v5,1,5878,93.016,0.0
2026-05-25 17:25:45,20260525_172452_dk2022_150mw_300mwh_soc10_90_v5,1,5879,93.016,0.0
2026-05-25 17:25:45,20260525_172452_dk2022_150mw_300mwh_soc10_90_v5,1,5880,93.016,-3.24911932
2026-05-25 17:25:45,20260525_172452_dk2022_150mw_300mwh_soc10_90_v5,1,5881,93.016,-3.24911932
2026-05-25 17:25:45,20260525_172452_dk2022_150mw_300mwh_soc10_90_v5,1,5882,93.016,0.0
2026-05-25 17:25:45,20260525_172452_dk2022_150mw_300mwh_soc10_90_v5,1,5883,93.016,0.0
2026-05-25 17:25:45,20260525_172452_dk2022_150mw_300mwh_soc10_90_v5,1,5884,93.016,0.0
2026-05-25 17:25:45,20260525_172452_dk2022_150mw_300mwh_soc10_90_v5,1,5885,93.016,0.0
2026-05-25 17:25:45,20260525_172452_dk2022_150mw_300mwh_soc10_90_v5,1,5886,93.016,0.0
2026-05-25 17:25:45,20260525_172452_dk2022_150mw_300mwh_soc10_90_v5,1,5887,93.016,0.0
2026-05-25 17:25:45,20260525_172452_dk2022_150mw_300mwh_soc10_90_v5,1,5888,93.016,0.0
2026-05-25 17:25:45,20260525_172452_dk2022_150mw_300mwh_soc10_90_v5,1,5889,93.016,0.0
2026-05-25 17:25:45,20260525_172452_dk2022_150mw_300mwh_soc10_90_v5,1,5890,93.016,0.0
2026-05-25 17:25:45,20260525_172452_dk2022_150mw_300mwh_soc10_90_v5,1,5891,93.016,0.0
2026-05-25 17:25:45,20260525_172452_dk2022_150mw_300mwh_soc10_90_v5,1,5892,93.016,0.0
2026-05-25 17:25:45,20260525_172452_dk2022_150mw_300mwh_soc10_90_v5,1,5893,93.016,0.0
2026-05-25 17:25:45,20260525_172452_dk2022_150mw_300mwh_soc10_90_v5,1,5894,93.016,0.0
2026-05-25 17:25:45,20260525_172452_dk2022_150mw_300mwh_soc10_90_v5,1,5895,93.016,0.0
2026-05-25 17:25:45,20260525_172452_dk2022_150mw_300mwh_soc10_90_v5,1,5896,93.016,0.0
2026-05-25 17:25:45,20260525_172452_dk2022_150mw_300mwh_soc10_90_v5,1,5897,93.016,0.0
2026-05-25 17:25:45,20260525_172452_dk2022_150mw_300mwh_soc10_90_v5,1,5898,93.016,0.0
2026-05-25 17:25:45,20260525_172452_dk2022_150mw_300mwh_soc10_90_v5,1,5899,93.016,0.0
2026-05-25 17:25:45,20260525_172452_dk2022_150mw_300mwh_soc10_90_v5,1,5900,93.016,0.0
2026-05-25 17:25:45,20260525_172452_dk2022_150mw_300mwh_soc10_90_v5,1,5901,93.016,0.0
2026-05-25 17:25:45,20260525_172452_dk2022_150mw_300mwh_soc10_90_v5,1,5902,93.016,0.0
2026-05-25 17:25:45,20260525_172452_dk2022_150mw_300mwh_soc10_90_v5,1,5903,93.016,0.0
2026-05-25 17:25:45,20260525_172452_dk2022_150mw_300mwh_soc10_90_v5,1,5904,93.016,0.0
2026-05-25 17:25:45,20260525_172452_dk2022_150mw_300mwh_soc10_90_v5,1,5905,93.016,0.0
2026-05-25 17:25:45,20260525_172452_dk2022_150mw_300mwh_soc10_90_v5,1,5906,93.016,0.0
2026-05-25 17:25:45,20260525_172452_dk2022_150mw_300mwh_soc10_90_v5,1,5907,93.016,0.0
2026-05-25 17:25:45,20260525_172452_dk2022_150mw_300mwh_soc10_90_v5,1,5908,93.016,0.0
2026-05-25 17:25:45,20260525_172452_dk2022_150mw_300mwh_soc10_90_v5,1,5909,93.016,0.0
2026-05-25 17:25:45,20260525_172452_dk2022_150mw_300mwh_soc10_90_v5,1,5910,93.016,0.0
2026-05-25 17:25:45,20260525_172452_dk2022_150mw_300mwh_soc10_90_v5,1,5911,93.016,0.0
2026-05-25 17:25:45,20260525_172452_dk2022_150mw_300mwh_soc10_90_v5,1,5912,93.016,0.0
2026-05-25 17:25:45,20260525_172452_dk2022_150mw_300mwh_soc10_90_v5,1,5913,93.016,0.0
2026-05-25 17:25:45,20260525_172452_dk2022_150mw_300mwh_soc10_90_v5,1,5914,93.016,0.0
2026-05-25 17:25:45,20260525_172452_dk2022_150mw_300mwh_soc10_90_v5,1,5915,93.016,0.0
2026-05-25 17:25:45,20260525_172452_dk2022_150mw_300mwh_soc10_90_v5,1,5916,93.016,0.0
2026-05-25 17:25:45,20260525_172452_dk2022_150mw_300mwh_soc10_90_v5,1,5917,93.016,0.0
2026-05-25 17:25:45,20260525_172452_dk2022_150mw_300mwh_soc10_90_v5,1,5918,93.016,0.0
2026-05-25 17:25:45,20260525_172452_dk2022_150mw_300mwh_soc10_90_v5,1,5919,93.016,0.0
2026-05-25 17:25:45,20260525_172452_dk2022_150mw_300mwh_soc10_90_v5,1,5920,93.016,0.0
2026-05-25 17:25:45,20260525_172452_dk2022_150mw_300mwh_soc10_90_v5,1,5921,93.016,0.0
2026-05-25 17:25:45,20260525_172452_dk2022_150mw_300mwh_soc10_90_v5,1,5922,93.016,0.0
2026-05-25 17:25:45,20260525_172452_dk2022_150mw_300mwh_soc10_90_v5,1,5923,93.016,0.0
2026-05-25 17:25:45,20260525_172452_dk2022_150mw_300mwh_soc10_90_v5,1,5924,93.016,0.0
2026-05-25 17:25:45,20260525_172452_dk2022_150mw_300mwh_soc10_90_v5,1,5925,93.016,0.0
2026-05-25 17:25:45,20260525_172452_dk2022_150mw_300mwh_soc10_90_v5,1,5926,93.016,0.0
2026-05-25 17:25:45,20260525_172452_dk2022_150mw_300mwh_soc10_90_v5,1,5927,93.016,0.0
2026-05-25 17:25:45,20260525_172452_dk2022_150mw_300mwh_soc10_90_v5,1,5928,93.016,0.0
2026-05-25 17:25:45,20260525_172452_dk2022_150mw_300mwh_soc10_90_v5,1,5929,93.016,0.0
2026-05-25 17:25:45,20260525_172452_dk2022_150mw_300mwh_soc10_90_v5,1,5930,93.016,0.0
2026-05-25 17:25:45,20260525_172452_dk2022_150mw_300mwh_soc10_90_v5,1,5931,93.016,0.0
2026-05-25 17:25:45,20260525_172452_dk2022_150mw_300mwh_soc10_90_v5,1,5932,93.016,0.0
2026-05-25 17:25:45,20260525_172452_dk2022_150mw_300mwh_soc10_90_v5,1,5933,93.016,0.0
2026-05-25 17:25:45,20260525_172452_dk2022_150mw_300mwh_soc10_90_v5,1,5934,93.016,0.0
2026-05-25 17:25:45,20260525_172452_dk2022_150mw_300mwh_soc10_90_v5,1,5935,93.016,0.0
2026-05-25 17:25:45,20260525_172452_dk2022_150mw_300mwh_soc10_90_v5,1,5936,93.016,0.0
2026-05-25 17:25:45,20260525_172452_dk2022_150mw_300mwh_soc10_90_v5,1,5937,93.016,0.0
2026-05-25 17:25:45,20260525_172452_dk2022_150mw_300mwh_soc10_90_v5,1,5938,93.016,0.0
2026-05-25 17:25:45,20260525_172452_dk2022_150mw_300mwh_soc10_90_v5,1,5939,93.016,0.0
2026-05-25 17:25:45,20260525_172452_dk2022_150mw_300mwh_soc10_90_v5,1,5940,93.016,0.0
2026-05-25 17:25:45,20260525_172452_dk2022_150mw_300mwh_soc10_90_v5,1,5941,93.016,0.0
2026-05-25 17:25:45,20260525_172452_dk2022_150mw_300mwh_soc10_90_v5,1,5942,93.016,0.0
2026-05-25 17:25:45,20260525_172452_dk2022_150mw_300mwh_soc10_90_v5,1,5943,93.016,0.0
2026-05-25 17:25:45,20260525_172452_dk2022_150mw_300mwh_soc10_90_v5,1,5944,93.016,0.0
2026-05-25 17:25:45,20260525_172452_dk2022_150mw_300mwh_soc10_90_v5,1,5945,93.016,0.0
2026-05-25 17:25:45,20260525_172452_dk2022_150mw_300mwh_soc10_90_v5,1,5946,93.016,0.0
2026-05-25 17:25:45,20260525_172452_dk2022_150mw_300mwh_soc10_90_v5,1,5947,93.016,0.0
2026-05-25 17:25:45,20260525_172452_dk2022_150mw_300mwh_soc10_90_v5,1,5948,93.016,0.0
2026-05-25 17:25:45,20260525_172452_dk2022_150mw_300mwh_soc10_90_v5,1,5949,93.016,0.0
2026-05-25 17:25:45,20260525_172452_dk2022_150mw_300mwh_soc10_90_v5,1,5950,93.016,0.0
2026-05-25 17:25:45,20260525_172452_dk2022_150mw_300mwh_soc10_90_v5,1,5951,93.016,0.0
2026-05-25 17:25:45,20260525_172452_dk2022_150mw_300mwh_soc10_90_v5,1,5952,93.016,0.0
2026-05-25 17:25:45,20260525_172452_dk2022_150mw_300mwh_soc10_90_v5,1,5953,93.016,0.0
2026-05-25 17:25:45,20260525_172452_dk2022_150mw_300mwh_soc10_90_v5,1,5954,93.016,0.0
2026-05-25 17:25:45,20260525_172452_dk2022_150mw_300mwh_soc10_90_v5,1,5955,93.016,0.0
2026-05-25 17:25:45,20260525_172452_dk2022_150mw_300mwh_soc10_90_v5,1,5956,93.016,0.0
2026-05-25 17:25:45,20260525_172452_dk2022_150mw_300mwh_soc10_90_v5,1,5957,93.016,0.0
2026-05-25 17:25:45,20260525_172452_dk2022_150mw_300mwh_soc10_90_v5,1,5958,93.016,0.0
2026-05-25 17:25:45,20260525_172452_dk2022_150mw_300mwh_soc10_90_v5,1,5959,93.016,0.0
2026-05-25 17:25:45,20260525_172452_dk2022_150mw_300mwh_soc10_90_v5,1,5960,93.016,0.0
2026-05-25 17:25:45,20260525_172452_dk2022_150mw_300mwh_soc10_90_v5,1,5961,93.016,0.0
2026-05-25 17:25:45,20260525_172452_dk2022_150mw_300mwh_soc10_90_v5,1,5962,93.016,0.0
2026-05-25 17:25:45,20260525_172452_dk2022_150mw_300mwh_soc10_90_v5,1,5963,93.016,0.0
2026-05-25 17:25:45,20260525_172452_dk2022_150mw_300mwh_soc10_90_v5,1,5964,93.016,0.0
2026-05-25 17:25:45,20260525_172452_dk2022_150mw_300mwh_soc10_90_v5,1,5965,93.016,0.0
2026-05-25 17:25:45,20260525_172452_dk2022_150mw_300mwh_soc10_90_v5,1,5966,93.016,0.0
2026-05-25 17:25:45,20260525_172452_dk2022_150mw_300mwh_soc10_90_v5,1,5967,93.016,0.0
2026-05-25 17:25:45,20260525_172452_dk2022_150mw_300mwh_soc10_90_v5,1,5968,93.016,0.0
2026-05-25 17:25:45,20260525_172452_dk2022_150mw_300mwh_soc10_90_v5,1,5969,93.016,0.0
2026-05-25 17:25:45,20260525_172452_dk2022_150mw_300mwh_soc10_90_v5,1,5970,93.016,0.0
2026-05-25 17:25:45,20260525_172452_dk2022_150mw_300mwh_soc10_90_v5,1,5971,93.016,0.0
2026-05-25 17:25:45,20260525_172452_dk2022_150mw_300mwh_soc10_90_v5,1,5972,93.016,0.0
2026-05-25 17:25:45,20260525_172452_dk2022_150mw_300mwh_soc10_90_v5,1,5973,93.016,0.0
2026-05-25 17:25:45,20260525_172452_dk2022_150mw_300mwh_soc10_90_v5,1,5974,93.016,0.0
2026-05-25 17:25:45,20260525_172452_dk2022_150mw_300mwh_soc10_90_v5,1,5975,93.016,0.0
2026-05-25 17:25:45,20260525_172452_dk2022_150mw_300mwh_soc10_90_v5,1,5976,93.016,0.0
2026-05-25 17:25:45,20260525_172452_dk2022_150mw_300mwh_soc10_90_v5,1,5977,93.016,0.0
2026-05-25 17:25:45,20260525_172452_dk2022_150mw_300mwh_soc10_90_v5,1,5978,93.016,0.0
2026-05-25 17:25:45,20260525_172452_dk2022_150mw_300mwh_soc10_90_v5,1,5979,93.016,0.0
2026-05-25 17:25:45,20260525_172452_dk2022_150mw_300mwh_soc10_90_v5,1,5980,93.016,0.0
2026-05-25 17:25:45,20260525_172452_dk2022_150mw_300mwh_soc10_90_v5,1,5981,93.016,0.0
2026-05-25 17:25:45,20260525_172452_dk2022_150mw_300mwh_soc10_90_v5,1,5982,93.016,0.0
2026-05-25 17:25:45,20260525_172452_dk2022_150mw_300mwh_soc10_90_v5,1,5983,93.016,0.0
2026-05-25 17:25:45,20260525_172452_dk2022_150mw_300mwh_soc10_90_v5,1,5984,93.016,0.0
2026-05-25 17:25:45,20260525_172452_dk2022_150mw_300mwh_soc10_90_v5,1,5985,93.016,0.0
2026-05-25 17:25:45,20260525_172452_dk2022_150mw_300mwh_soc10_90_v5,1,5986,93.016,0.0
2026-05-25 17:25:45,20260525_172452_dk2022_150mw_300mwh_soc10_90_v5,1,5987,93.016,0.0
2026-05-25 17:25:45,20260525_172452_dk2022_150mw_300mwh_soc10_90_v5,1,5988,93.016,0.0
2026-05-25 17:25:45,20260525_172452_dk2022_150mw_300mwh_soc10_90_v5,1,5989,93.016,0.0
2026-05-25 17:25:45,20260525_172452_dk2022_150mw_300mwh_soc10_90_v5,1,5990,93.016,0.0
2026-05-25 17:25:45,20260525_172452_dk2022_150mw_300mwh_soc10_90_v5,1,5991,93.016,0.0
2026-05-25 17:25:45,20260525_172452_dk2022_150mw_300mwh_soc10_90_v5,1,5992,93.016,0.0
2026-05-25 17:25:45,20260525_172452_dk2022_150mw_300mwh_soc10_90_v5,1,5993,93.016,0.0
2026-05-25 17:25:45,20260525_172452_dk2022_150mw_300mwh_soc10_90_v5,1,5994,93.016,0.0
2026-05-25 17:25:45,20260525_172452_dk2022_150mw_300mwh_soc10_90_v5,1,5995,93.016,0.0
2026-05-25 17:25:45,20260525_172452_dk2022_150mw_300mwh_soc10_90_v5,1,5996,93.016,0.0
2026-05-25 17:25:45,20260525_172452_dk2022_150mw_300mwh_soc10_90_v5,1,5997,93.016,0.0
2026-05-25 17:25:45,20260525_172452_dk2022_150mw_300mwh_soc10_90_v5,1,5998,93.016,0.0
2026-05-25 17:25:45,20260525_172452_dk2022_150mw_300mwh_soc10_90_v5,1,5999,93.016,0.0
2026-05-25 17:25:45,20260525_172452_dk2022_150mw_300mwh_soc10_90_v5,1,6000,93.016,0.0
2026-05-25 17:25:45,20260525_172452_dk2022_150mw_300mwh_soc10_90_v5,1,6001,93.016,0.0
2026-05-25 17:25:45,20260525_172452_dk2022_150mw_300mwh_soc10_90_v5,1,6002,93.016,0.0
2026-05-25 17:25:45,20260525_172452_dk2022_150mw_300mwh_soc10_90_v5,1,6003,93.016,0.0
2026-05-25 17:25:45,20260525_172452_dk2022_150mw_300mwh_soc10_90_v5,1,6004,93.016,0.0
2026-05-25 17:25:45,20260525_172452_dk2022_150mw_300mwh_soc10_90_v5,1,6005,93.016,0.0
2026-05-25 17:25:45,20260525_172452_dk2022_150mw_300mwh_soc10_90_v5,1,6006,93.016,0.0
2026-05-25 17:25:45,20260525_172452_dk2022_150mw_300mwh_soc10_90_v5,1,6007,93.016,0.0
2026-05-25 17:25:45,20260525_172452_dk2022_150mw_300mwh_soc10_90_v5,1,6008,93.016,0.0
2026-05-25 17:25:45,20260525_172452_dk2022_150mw_300mwh_soc10_90_v5,1,6009,93.016,0.0
2026-05-25 17:25:45,20260525_172452_dk2022_150mw_300mwh_soc10_90_v5,1,6010,93.016,0.0
2026-05-25 17:25:45,20260525_172452_dk2022_150mw_300mwh_soc10_90_v5,1,6011,93.016,0.0
2026-05-25 17:25:45,20260525_172452_dk2022_150mw_300mwh_soc10_90_v5,1,6012,93.016,0.0
2026-05-25 17:25:45,20260525_172452_dk2022_150mw_300mwh_soc10_90_v5,1,6013,93.016,0.0
2026-05-25 17:25:45,20260525_172452_dk2022_150mw_300mwh_soc10_90_v5,1,6014,93.016,0.0
2026-05-25 17:25:45,20260525_172452_dk2022_150mw_300mwh_soc10_90_v5,1,6015,93.016,0.0
2026-05-25 17:25:45,20260525_172452_dk2022_150mw_300mwh_soc10_90_v5,1,6016,93.016,0.0
2026-05-25 17:25:45,20260525_172452_dk2022_150mw_300mwh_soc10_90_v5,1,6017,93.016,0.0
2026-05-25 17:25:45,20260525_172452_dk2022_150mw_300mwh_soc10_90_v5,1,6018,93.016,0.0
2026-05-25 17:25:45,20260525_172452_dk2022_150mw_300mwh_soc10_90_v5,1,6019,93.016,0.0
2026-05-25 17:25:45,20260525_172452_dk2022_150mw_300mwh_soc10_90_v5,1,6020,93.016,0.0
2026-05-25 17:25:45,20260525_172452_dk2022_150mw_300mwh_soc10_90_v5,1,6021,93.016,0.0
2026-05-25 17:25:45,20260525_172452_dk2022_150mw_300mwh_soc10_90_v5,1,6022,93.016,0.0
2026-05-25 17:25:45,20260525_172452_dk2022_150mw_300mwh_soc10_90_v5,1,6023,93.016,0.0
2026-05-25 17:25:45,20260525_172452_dk2022_150mw_300mwh_soc10_90_v5,1,6024,93.016,0.0
2026-05-25 17:25:45,20260525_172452_dk2022_150mw_300mwh_soc10_90_v5,1,6025,93.016,0.0
2026-05-25 17:25:45,20260525_172452_dk2022_150mw_300mwh_soc10_90_v5,1,6026,93.016,0.0
2026-05-25 17:25:45,20260525_172452_dk2022_150mw_300mwh_soc10_90_v5,1,6027,93.016,0.0
2026-05-25 17:25:45,20260525_172452_dk2022_150mw_300mwh_soc10_90_v5,1,6028,93.016,0.0
2026-05-25 17:25:45,20260525_172452_dk2022_150mw_300mwh_soc10_90_v5,1,6029,93.016,0.0
2026-05-25 17:25:45,20260525_172452_dk2022_150mw_300mwh_soc10_90_v5,1,6030,93.016,0.0
2026-05-25 17:25:45,20260525_172452_dk2022_150mw_300mwh_soc10_90_v5,1,6031,93.016,0.0
2026-05-25 17:25:45,20260525_172452_dk2022_150mw_300mwh_soc10_90_v5,1,6032,93.016,0.0
2026-05-25 17:25:45,20260525_172452_dk2022_150mw_300mwh_soc10_90_v5,1,6033,93.016,0.0
2026-05-25 17:25:45,20260525_172452_dk2022_150mw_300mwh_soc10_90_v5,1,6034,93.016,0.0
2026-05-25 17:25:45,20260525_172452_dk2022_150mw_300mwh_soc10_90_v5,1,6035,93.016,0.0
2026-05-25 17:25:45,20260525_172452_dk2022_150mw_300mwh_soc10_90_v5,1,6036,93.016,0.0
2026-05-25 17:25:45,20260525_172452_dk2022_150mw_300mwh_soc10_90_v5,1,6037,93.016,0.0
2026-05-25 17:25:45,20260525_172452_dk2022_150mw_300mwh_soc10_90_v5,1,6038,93.016,0.0
2026-05-25 17:25:45,20260525_172452_dk2022_150mw_300mwh_soc10_90_v5,1,6039,93.016,0.0
2026-05-25 17:25:45,20260525_172452_dk2022_150mw_300mwh_soc10_90_v5,1,6040,93.016,0.0
2026-05-25 17:25:45,20260525_172452_dk2022_150mw_300mwh_soc10_90_v5,1,6041,93.016,0.0
2026-05-25 17:25:45,20260525_172452_dk2022_150mw_300mwh_soc10_90_v5,1,6042,93.016,0.0
2026-05-25 17:25:45,20260525_172452_dk2022_150mw_300mwh_soc10_90_v5,1,6043,93.016,0.0
2026-05-25 17:25:45,20260525_172452_dk2022_150mw_300mwh_soc10_90_v5,1,6044,93.016,0.0
2026-05-25 17:25:45,20260525_172452_dk2022_150mw_300mwh_soc10_90_v5,1,6045,93.016,0.0
2026-05-25 17:25:45,20260525_172452_dk2022_150mw_300mwh_soc10_90_v5,1,6046,93.016,0.0
2026-05-25 17:25:45,20260525_172452_dk2022_150mw_300mwh_soc10_90_v5,1,6047,93.016,0.0
2026-05-25 17:25:45,20260525_172452_dk2022_150mw_300mwh_soc10_90_v5,1,6048,93.016,0.0
2026-05-25 17:25:45,20260525_172452_dk2022_150mw_300mwh_soc10_90_v5,1,6049,93.016,0.0
2026-05-25 17:25:45,20260525_172452_dk2022_150mw_300mwh_soc10_90_v5,1,6050,93.016,0.0
2026-05-25 17:25:45,20260525_172452_dk2022_150mw_300mwh_soc10_90_v5,1,6051,93.016,0.0
2026-05-25 17:25:45,20260525_172452_dk2022_150mw_300mwh_soc10_90_v5,1,6052,93.016,0.0
2026-05-25 17:25:45,20260525_172452_dk2022_150mw_300mwh_soc10_90_v5,1,6053,93.016,0.0
2026-05-25 17:25:45,20260525_172452_dk2022_150mw_300mwh_soc10_90_v5,1,6054,93.016,0.0
2026-05-25 17:25:45,20260525_172452_dk2022_150mw_300mwh_soc10_90_v5,1,6055,93.016,0.0
2026-05-25 17:25:45,20260525_172452_dk2022_150mw_300mwh_soc10_90_v5,1,6056,93.016,0.0
2026-05-25 17:25:45,20260525_172452_dk2022_150mw_300mwh_soc10_90_v5,1,6057,93.016,0.0
2026-05-25 17:25:45,20260525_172452_dk2022_150mw_300mwh_soc10_90_v5,1,6058,93.016,0.0
2026-05-25 17:25:45,20260525_172452_dk2022_150mw_300mwh_soc10_90_v5,1,6059,93.016,0.0
2026-05-25 17:25:45,20260525_172452_dk2022_150mw_300mwh_soc10_90_v5,1,6060,93.016,0.0
2026-05-25 17:25:45,20260525_172452_dk2022_150mw_300mwh_soc10_90_v5,1,6061,93.016,0.0
2026-05-25 17:25:45,20260525_172452_dk2022_150mw_300mwh_soc10_90_v5,1,6062,93.016,0.0
2026-05-25 17:25:45,20260525_172452_dk2022_150mw_300mwh_soc10_90_v5,1,6063,93.016,0.0
2026-05-25 17:25:45,20260525_172452_dk2022_150mw_300mwh_soc10_90_v5,1,6064,93.016,0.0
2026-05-25 17:25:45,20260525_172452_dk2022_150mw_300mwh_soc10_90_v5,1,6065,93.016,0.0
2026-05-25 17:25:45,20260525_172452_dk2022_150mw_300mwh_soc10_90_v5,1,6066,93.016,0.0
2026-05-25 17:25:45,20260525_172452_dk2022_150mw_300mwh_soc10_90_v5,1,6067,93.016,0.0
2026-05-25 17:25:45,20260525_172452_dk2022_150mw_300mwh_soc10_90_v5,1,6068,93.016,0.0
2026-05-25 17:25:45,20260525_172452_dk2022_150mw_300mwh_soc10_90_v5,1,6069,93.016,0.0
2026-05-25 17:25:45,20260525_172452_dk2022_150mw_300mwh_soc10_90_v5,1,6070,93.016,0.0
2026-05-25 17:25:45,20260525_172452_dk2022_150mw_300mwh_soc10_90_v5,1,6071,93.016,0.0
2026-05-25 17:25:45,20260525_172452_dk2022_150mw_300mwh_soc10_90_v5,1,6072,93.016,0.0
2026-05-25 17:25:45,20260525_172452_dk2022_150mw_300mwh_soc10_90_v5,1,6073,93.016,0.0
2026-05-25 17:25:45,20260525_172452_dk2022_150mw_300mwh_soc10_90_v5,1,6074,93.016,0.0
2026-05-25 17:25:45,20260525_172452_dk2022_150mw_300mwh_soc10_90_v5,1,6075,93.016,0.0
2026-05-25 17:25:45,20260525_172452_dk2022_150mw_300mwh_soc10_90_v5,1,6076,93.016,0.0
2026-05-25 17:25:45,20260525_172452_dk2022_150mw_300mwh_soc10_90_v5,1,6077,93.016,0.0
2026-05-25 17:25:45,20260525_172452_dk2022_150mw_300mwh_soc10_90_v5,1,6078,93.016,0.0
2026-05-25 17:25:45,20260525_172452_dk2022_150mw_300mwh_soc10_90_v5,1,6079,93.016,0.0
2026-05-25 17:25:45,20260525_172452_dk2022_150mw_300mwh_soc10_90_v5,1,6080,93.016,0.0
2026-05-25 17:25:45,20260525_172452_dk2022_150mw_300mwh_soc10_90_v5,1,6081,93.016,0.0
2026-05-25 17:25:45,20260525_172452_dk2022_150mw_300mwh_soc10_90_v5,1,6082,93.016,0.0
2026-05-25 17:25:45,20260525_172452_dk2022_150mw_300mwh_soc10_90_v5,1,6083,93.016,0.0
2026-05-25 17:25:45,20260525_172452_dk2022_150mw_300mwh_soc10_90_v5,1,6084,93.016,0.0
2026-05-25 17:25:45,20260525_172452_dk2022_150mw_300mwh_soc10_90_v5,1,6085,93.016,0.0
2026-05-25 17:25:45,20260525_172452_dk2022_150mw_300mwh_soc10_90_v5,1,6086,93.016,0.0
2026-05-25 17:25:45,20260525_172452_dk2022_150mw_300mwh_soc10_90_v5,1,6087,93.016,0.0
2026-05-25 17:25:45,20260525_172452_dk2022_150mw_300mwh_soc10_90_v5,1,6088,93.016,0.0
2026-05-25 17:25:45,20260525_172452_dk2022_150mw_300mwh_soc10_90_v5,1,6089,93.016,0.0
2026-05-25 17:25:45,20260525_172452_dk2022_150mw_300mwh_soc10_90_v5,1,6090,93.016,0.0
2026-05-25 17:25:45,20260525_172452_dk2022_150mw_300mwh_soc10_90_v5,1,6091,93.016,0.0
2026-05-25 17:25:45,20260525_172452_dk2022_150mw_300mwh_soc10_90_v5,1,6092,93.016,0.0
2026-05-25 17:25:45,20260525_172452_dk2022_150mw_300mwh_soc10_90_v5,1,6093,93.016,0.0
2026-05-25 17:25:45,20260525_172452_dk2022_150mw_300mwh_soc10_90_v5,1,6094,93.016,0.0
2026-05-25 17:25:45,20260525_172452_dk2022_150mw_300mwh_soc10_90_v5,1,6095,93.016,0.0
2026-05-25 17:25:45,20260525_172452_dk2022_150mw_300mwh_soc10_90_v5,1,6096,93.016,0.0
2026-05-25 17:25:45,20260525_172452_dk2022_150mw_300mwh_soc10_90_v5,1,6097,93.016,0.0
2026-05-25 17:25:45,20260525_172452_dk2022_150mw_300mwh_soc10_90_v5,1,6098,93.016,0.0
2026-05-25 17:25:45,20260525_172452_dk2022_150mw_300mwh_soc10_90_v5,1,6099,93.016,3.70309301
2026-05-25 17:25:45,20260525_172452_dk2022_150mw_300mwh_soc10_90_v5,1,6100,93.016,0.0
2026-05-25 17:25:45,20260525_172452_dk2022_150mw_300mwh_soc10_90_v5,1,6101,93.016,0.0
2026-05-25 17:25:45,20260525_172452_dk2022_150mw_300mwh_soc10_90_v5,1,6102,93.016,0.0
2026-05-25 17:25:45,20260525_172452_dk2022_150mw_300mwh_soc10_90_v5,1,6103,93.016,-3.24911932
2026-05-25 17:25:45,20260525_172452_dk2022_150mw_300mwh_soc10_90_v5,1,6104,93.016,-3.24911932
2026-05-25 17:25:45,20260525_172452_dk2022_150mw_300mwh_soc10_90_v5,1,6105,93.016,0.0
2026-05-25 17:25:45,20260525_172452_dk2022_150mw_300mwh_soc10_90_v5,1,6106,93.016,0.0
2026-05-25 17:25:45,20260525_172452_dk2022_150mw_300mwh_soc10_90_v5,1,6107,93.016,0.0
2026-05-25 17:25:45,20260525_172452_dk2022_150mw_300mwh_soc10_90_v5,1,6108,93.016,0.0
2026-05-25 17:25:45,20260525_172452_dk2022_150mw_300mwh_soc10_90_v5,1,6109,93.016,0.0
2026-05-25 17:25:45,20260525_172452_dk2022_150mw_300mwh_soc10_90_v5,1,6110,93.016,0.0
2026-05-25 17:25:45,20260525_172452_dk2022_150mw_300mwh_soc10_90_v5,1,6111,93.016,0.0
2026-05-25 17:25:45,20260525_172452_dk2022_150mw_300mwh_soc10_90_v5,1,6112,93.016,0.0
2026-05-25 17:25:45,20260525_172452_dk2022_150mw_300mwh_soc10_90_v5,1,6113,93.016,0.0
2026-05-25 17:25:45,20260525_172452_dk2022_150mw_300mwh_soc10_90_v5,1,6114,93.016,0.0
2026-05-25 17:25:45,20260525_172452_dk2022_150mw_300mwh_soc10_90_v5,1,6115,93.016,0.0
2026-05-25 17:25:45,20260525_172452_dk2022_150mw_300mwh_soc10_90_v5,1,6116,93.016,0.0
2026-05-25 17:25:45,20260525_172452_dk2022_150mw_300mwh_soc10_90_v5,1,6117,93.016,0.0
2026-05-25 17:25:45,20260525_172452_dk2022_150mw_300mwh_soc10_90_v5,1,6118,93.016,0.0
2026-05-25 17:25:45,20260525_172452_dk2022_150mw_300mwh_soc10_90_v5,1,6119,93.016,0.0
2026-05-25 17:25:45,20260525_172452_dk2022_150mw_300mwh_soc10_90_v5,1,6120,93.016,0.0
2026-05-25 17:25:45,20260525_172452_dk2022_150mw_300mwh_soc10_90_v5,1,6121,93.016,0.0
2026-05-25 17:25:45,20260525_172452_dk2022_150mw_300mwh_soc10_90_v5,1,6122,93.016,0.0
2026-05-25 17:25:45,20260525_172452_dk2022_150mw_300mwh_soc10_90_v5,1,6123,93.016,0.0
2026-05-25 17:25:45,20260525_172452_dk2022_150mw_300mwh_soc10_90_v5,1,6124,93.016,0.0
2026-05-25 17:25:45,20260525_172452_dk2022_150mw_300mwh_soc10_90_v5,1,6125,93.016,0.0
2026-05-25 17:25:45,20260525_172452_dk2022_150mw_300mwh_soc10_90_v5,1,6126,93.016,0.0
2026-05-25 17:25:45,20260525_172452_dk2022_150mw_300mwh_soc10_90_v5,1,6127,93.016,0.0
2026-05-25 17:25:45,20260525_172452_dk2022_150mw_300mwh_soc10_90_v5,1,6128,93.016,0.0
2026-05-25 17:25:45,20260525_172452_dk2022_150mw_300mwh_soc10_90_v5,1,6129,93.016,0.0
2026-05-25 17:25:45,20260525_172452_dk2022_150mw_300mwh_soc10_90_v5,1,6130,93.016,0.0
2026-05-25 17:25:45,20260525_172452_dk2022_150mw_300mwh_soc10_90_v5,1,6131,93.016,0.0
2026-05-25 17:25:45,20260525_172452_dk2022_150mw_300mwh_soc10_90_v5,1,6132,93.016,0.0
2026-05-25 17:25:45,20260525_172452_dk2022_150mw_300mwh_soc10_90_v5,1,6133,93.016,0.0
2026-05-25 17:25:45,20260525_172452_dk2022_150mw_300mwh_soc10_90_v5,1,6134,93.016,0.0
2026-05-25 17:25:45,20260525_172452_dk2022_150mw_300mwh_soc10_90_v5,1,6135,93.016,0.0
2026-05-25 17:25:45,20260525_172452_dk2022_150mw_300mwh_soc10_90_v5,1,6136,93.016,0.0
2026-05-25 17:25:45,20260525_172452_dk2022_150mw_300mwh_soc10_90_v5,1,6137,93.016,0.0
2026-05-25 17:25:45,20260525_172452_dk2022_150mw_300mwh_soc10_90_v5,1,6138,93.016,0.0
2026-05-25 17:25:45,20260525_172452_dk2022_150mw_300mwh_soc10_90_v5,1,6139,93.016,0.0
2026-05-25 17:25:45,20260525_172452_dk2022_150mw_300mwh_soc10_90_v5,1,6140,93.016,0.0
2026-05-25 17:25:45,20260525_172452_dk2022_150mw_300mwh_soc10_90_v5,1,6141,93.016,0.0
2026-05-25 17:25:45,20260525_172452_dk2022_150mw_300mwh_soc10_90_v5,1,6142,93.016,0.0
2026-05-25 17:25:45,20260525_172452_dk2022_150mw_300mwh_soc10_90_v5,1,6143,93.016,0.0
2026-05-25 17:25:45,20260525_172452_dk2022_150mw_300mwh_soc10_90_v5,1,6144,93.016,0.0
2026-05-25 17:25:45,20260525_172452_dk2022_150mw_300mwh_soc10_90_v5,1,6145,93.016,0.0
2026-05-25 17:25:45,20260525_172452_dk2022_150mw_300mwh_soc10_90_v5,1,6146,93.016,0.0
2026-05-25 17:25:45,20260525_172452_dk2022_150mw_300mwh_soc10_90_v5,1,6147,93.016,0.0
2026-05-25 17:25:45,20260525_172452_dk2022_150mw_300mwh_soc10_90_v5,1,6148,93.016,0.0
2026-05-25 17:25:45,20260525_172452_dk2022_150mw_300mwh_soc10_90_v5,1,6149,93.016,0.0
2026-05-25 17:25:45,20260525_172452_dk2022_150mw_300mwh_soc10_90_v5,1,6150,93.016,0.0
2026-05-25 17:25:45,20260525_172452_dk2022_150mw_300mwh_soc10_90_v5,1,6151,93.016,0.0
2026-05-25 17:25:45,20260525_172452_dk2022_150mw_300mwh_soc10_90_v5,1,6152,93.016,0.0
2026-05-25 17:25:45,20260525_172452_dk2022_150mw_300mwh_soc10_90_v5,1,6153,93.016,0.0
2026-05-25 17:25:45,20260525_172452_dk2022_150mw_300mwh_soc10_90_v5,1,6154,93.016,0.0
2026-05-25 17:25:45,20260525_172452_dk2022_150mw_300mwh_soc10_90_v5,1,6155,93.016,0.0
2026-05-25 17:25:45,20260525_172452_dk2022_150mw_300mwh_soc10_90_v5,1,6156,93.016,0.0
2026-05-25 17:25:45,20260525_172452_dk2022_150mw_300mwh_soc10_90_v5,1,6157,93.016,0.0
2026-05-25 17:25:45,20260525_172452_dk2022_150mw_300mwh_soc10_90_v5,1,6158,93.016,0.0
2026-05-25 17:25:45,20260525_172452_dk2022_150mw_300mwh_soc10_90_v5,1,6159,93.016,0.0
2026-05-25 17:25:45,20260525_172452_dk2022_150mw_300mwh_soc10_90_v5,1,6160,93.016,0.0
2026-05-25 17:25:45,20260525_172452_dk2022_150mw_300mwh_soc10_90_v5,1,6161,93.016,0.0
2026-05-25 17:25:45,20260525_172452_dk2022_150mw_300mwh_soc10_90_v5,1,6162,93.016,0.0
2026-05-25 17:25:45,20260525_172452_dk2022_150mw_300mwh_soc10_90_v5,1,6163,93.016,0.0
2026-05-25 17:25:45,20260525_172452_dk2022_150mw_300mwh_soc10_90_v5,1,6164,93.016,0.0
2026-05-25 17:25:45,20260525_172452_dk2022_150mw_300mwh_soc10_90_v5,1,6165,93.016,0.0
2026-05-25 17:25:45,20260525_172452_dk2022_150mw_300mwh_soc10_90_v5,1,6166,93.016,0.0
2026-05-25 17:25:45,20260525_172452_dk2022_150mw_300mwh_soc10_90_v5,1,6167,93.016,0.0
2026-05-25 17:25:45,20260525_172452_dk2022_150mw_300mwh_soc10_90_v5,1,6168,93.016,0.0
2026-05-25 17:25:45,20260525_172452_dk2022_150mw_300mwh_soc10_90_v5,1,6169,93.016,0.0
2026-05-25 17:25:45,20260525_172452_dk2022_150mw_300mwh_soc10_90_v5,1,6170,93.016,0.0
2026-05-25 17:25:45,20260525_172452_dk2022_150mw_300mwh_soc10_90_v5,1,6171,93.016,0.0
2026-05-25 17:25:45,20260525_172452_dk2022_150mw_300mwh_soc10_90_v5,1,6172,93.016,0.0
2026-05-25 17:25:45,20260525_172452_dk2022_150mw_300mwh_soc10_90_v5,1,6173,93.016,0.0
2026-05-25 17:25:45,20260525_172452_dk2022_150mw_300mwh_soc10_90_v5,1,6174,93.016,0.0
2026-05-25 17:25:45,20260525_172452_dk2022_150mw_300mwh_soc10_90_v5,1,6175,93.016,0.0
2026-05-25 17:25:45,20260525_172452_dk2022_150mw_300mwh_soc10_90_v5,1,6176,93.016,0.0
2026-05-25 17:25:45,20260525_172452_dk2022_150mw_300mwh_soc10_90_v5,1,6177,93.016,0.0
2026-05-25 17:25:45,20260525_172452_dk2022_150mw_300mwh_soc10_90_v5,1,6178,93.016,0.0
2026-05-25 17:25:45,20260525_172452_dk2022_150mw_300mwh_soc10_90_v5,1,6179,93.016,0.0
2026-05-25 17:25:45,20260525_172452_dk2022_150mw_300mwh_soc10_90_v5,1,6180,93.016,0.0
2026-05-25 17:25:45,20260525_172452_dk2022_150mw_300mwh_soc10_90_v5,1,6181,93.016,0.0
2026-05-25 17:25:45,20260525_172452_dk2022_150mw_300mwh_soc10_90_v5,1,6182,93.016,0.0
2026-05-25 17:25:45,20260525_172452_dk2022_150mw_300mwh_soc10_90_v5,1,6183,93.016,0.0
2026-05-25 17:25:45,20260525_172452_dk2022_150mw_300mwh_soc10_90_v5,1,6184,93.016,0.0
2026-05-25 17:25:45,20260525_172452_dk2022_150mw_300mwh_soc10_90_v5,1,6185,93.016,0.0
2026-05-25 17:25:45,20260525_172452_dk2022_150mw_300mwh_soc10_90_v5,1,6186,93.016,0.0
2026-05-25 17:25:45,20260525_172452_dk2022_150mw_300mwh_soc10_90_v5,1,6187,93.016,0.0
2026-05-25 17:25:45,20260525_172452_dk2022_150mw_300mwh_soc10_90_v5,1,6188,93.016,0.0
2026-05-25 17:25:45,20260525_172452_dk2022_150mw_300mwh_soc10_90_v5,1,6189,93.016,0.0
2026-05-25 17:25:45,20260525_172452_dk2022_150mw_300mwh_soc10_90_v5,1,6190,93.016,0.0
2026-05-25 17:25:45,20260525_172452_dk2022_150mw_300mwh_soc10_90_v5,1,6191,93.016,0.0
2026-05-25 17:25:45,20260525_172452_dk2022_150mw_300mwh_soc10_90_v5,1,6192,93.016,0.0
2026-05-25 17:25:45,20260525_172452_dk2022_150mw_300mwh_soc10_90_v5,1,6193,93.016,0.0
2026-05-25 17:25:45,20260525_172452_dk2022_150mw_300mwh_soc10_90_v5,1,6194,93.016,0.0
2026-05-25 17:25:45,20260525_172452_dk2022_150mw_300mwh_soc10_90_v5,1,6195,93.016,0.0
2026-05-25 17:25:45,20260525_172452_dk2022_150mw_300mwh_soc10_90_v5,1,6196,93.016,0.0
2026-05-25 17:25:45,20260525_172452_dk2022_150mw_300mwh_soc10_90_v5,1,6197,93.016,0.0
2026-05-25 17:25:45,20260525_172452_dk2022_150mw_300mwh_soc10_90_v5,1,6198,93.016,0.0
2026-05-25 17:25:45,20260525_172452_dk2022_150mw_300mwh_soc10_90_v5,1,6199,93.016,0.0
2026-05-25 17:25:45,20260525_172452_dk2022_150mw_300mwh_soc10_90_v5,1,6200,93.016,0.0
2026-05-25 17:25:45,20260525_172452_dk2022_150mw_300mwh_soc10_90_v5,1,6201,93.016,0.0
2026-05-25 17:25:45,20260525_172452_dk2022_150mw_300mwh_soc10_90_v5,1,6202,93.016,0.0
2026-05-25 17:25:45,20260525_172452_dk2022_150mw_300mwh_soc10_90_v5,1,6203,93.016,0.0
2026-05-25 17:25:45,20260525_172452_dk2022_150mw_300mwh_soc10_90_v5,1,6204,93.016,0.0
2026-05-25 17:25:45,20260525_172452_dk2022_150mw_300mwh_soc10_90_v5,1,6205,93.016,0.0
2026-05-25 17:25:45,20260525_172452_dk2022_150mw_300mwh_soc10_90_v5,1,6206,93.016,0.0
2026-05-25 17:25:45,20260525_172452_dk2022_150mw_300mwh_soc10_90_v5,1,6207,93.016,0.0
2026-05-25 17:25:45,20260525_172452_dk2022_150mw_300mwh_soc10_90_v5,1,6208,93.016,0.0
2026-05-25 17:25:45,20260525_172452_dk2022_150mw_300mwh_soc10_90_v5,1,6209,93.016,0.0
2026-05-25 17:25:45,20260525_172452_dk2022_150mw_300mwh_soc10_90_v5,1,6210,93.016,0.0
2026-05-25 17:25:45,20260525_172452_dk2022_150mw_300mwh_soc10_90_v5,1,6211,93.016,0.0
2026-05-25 17:25:45,20260525_172452_dk2022_150mw_300mwh_soc10_90_v5,1,6212,93.016,0.0
2026-05-25 17:25:45,20260525_172452_dk2022_150mw_300mwh_soc10_90_v5,1,6213,93.016,0.0
2026-05-25 17:25:45,20260525_172452_dk2022_150mw_300mwh_soc10_90_v5,1,6214,93.016,0.0
2026-05-25 17:25:45,20260525_172452_dk2022_150mw_300mwh_soc10_90_v5,1,6215,93.016,0.0
2026-05-25 17:25:45,20260525_172452_dk2022_150mw_300mwh_soc10_90_v5,1,6216,93.016,0.0
2026-05-25 17:25:45,20260525_172452_dk2022_150mw_300mwh_soc10_90_v5,1,6217,93.016,0.0
2026-05-25 17:25:45,20260525_172452_dk2022_150mw_300mwh_soc10_90_v5,1,6218,93.016,0.0
2026-05-25 17:25:45,20260525_172452_dk2022_150mw_300mwh_soc10_90_v5,1,6219,93.016,0.0
2026-05-25 17:25:45,20260525_172452_dk2022_150mw_300mwh_soc10_90_v5,1,6220,93.016,0.0
2026-05-25 17:25:45,20260525_172452_dk2022_150mw_300mwh_soc10_90_v5,1,6221,93.016,0.0
2026-05-25 17:25:45,20260525_172452_dk2022_150mw_300mwh_soc10_90_v5,1,6222,93.016,0.0
2026-05-25 17:25:45,20260525_172452_dk2022_150mw_300mwh_soc10_90_v5,1,6223,93.016,0.0
2026-05-25 17:25:45,20260525_172452_dk2022_150mw_300mwh_soc10_90_v5,1,6224,93.016,0.0
2026-05-25 17:25:45,20260525_172452_dk2022_150mw_300mwh_soc10_90_v5,1,6225,93.016,0.0
2026-05-25 17:25:45,20260525_172452_dk2022_150mw_300mwh_soc10_90_v5,1,6226,93.016,0.0
2026-05-25 17:25:45,20260525_172452_dk2022_150mw_300mwh_soc10_90_v5,1,6227,93.016,0.0
2026-05-25 17:25:45,20260525_172452_dk2022_150mw_300mwh_soc10_90_v5,1,6228,93.016,0.0
2026-05-25 17:25:45,20260525_172452_dk2022_150mw_300mwh_soc10_90_v5,1,6229,93.016,0.0
2026-05-25 17:25:45,20260525_172452_dk2022_150mw_300mwh_soc10_90_v5,1,6230,93.016,0.0
2026-05-25 17:25:45,20260525_172452_dk2022_150mw_300mwh_soc10_90_v5,1,6231,93.016,0.0
2026-05-25 17:25:45,20260525_172452_dk2022_150mw_300mwh_soc10_90_v5,1,6232,93.016,0.0
2026-05-25 17:25:45,20260525_172452_dk2022_150mw_300mwh_soc10_90_v5,1,6233,93.016,0.0
2026-05-25 17:25:45,20260525_172452_dk2022_150mw_300mwh_soc10_90_v5,1,6234,93.016,0.0
2026-05-25 17:25:45,20260525_172452_dk2022_150mw_300mwh_soc10_90_v5,1,6235,93.016,0.0
2026-05-25 17:25:45,20260525_172452_dk2022_150mw_300mwh_soc10_90_v5,1,6236,93.016,0.0
2026-05-25 17:25:45,20260525_172452_dk2022_150mw_300mwh_soc10_90_v5,1,6237,93.016,0.0
2026-05-25 17:25:45,20260525_172452_dk2022_150mw_300mwh_soc10_90_v5,1,6238,93.016,0.0
2026-05-25 17:25:45,20260525_172452_dk2022_150mw_300mwh_soc10_90_v5,1,6239,93.016,0.0
2026-05-25 17:25:45,20260525_172452_dk2022_150mw_300mwh_soc10_90_v5,1,6240,93.016,0.0
2026-05-25 17:25:45,20260525_172452_dk2022_150mw_300mwh_soc10_90_v5,1,6241,93.016,0.0
2026-05-25 17:25:45,20260525_172452_dk2022_150mw_300mwh_soc10_90_v5,1,6242,93.016,0.0
2026-05-25 17:25:45,20260525_172452_dk2022_150mw_300mwh_soc10_90_v5,1,6243,93.016,0.0
2026-05-25 17:25:45,20260525_172452_dk2022_150mw_300mwh_soc10_90_v5,1,6244,93.016,0.0
2026-05-25 17:25:45,20260525_172452_dk2022_150mw_300mwh_soc10_90_v5,1,6245,93.016,0.0
2026-05-25 17:25:45,20260525_172452_dk2022_150mw_300mwh_soc10_90_v5,1,6246,93.016,0.0
2026-05-25 17:25:45,20260525_172452_dk2022_150mw_300mwh_soc10_90_v5,1,6247,93.016,0.0
2026-05-25 17:25:45,20260525_172452_dk2022_150mw_300mwh_soc10_90_v5,1,6248,93.016,0.0
2026-05-25 17:25:45,20260525_172452_dk2022_150mw_300mwh_soc10_90_v5,1,6249,93.016,0.0
2026-05-25 17:25:45,20260525_172452_dk2022_150mw_300mwh_soc10_90_v5,1,6250,93.016,0.0
2026-05-25 17:25:45,20260525_172452_dk2022_150mw_300mwh_soc10_90_v5,1,6251,93.016,0.0
2026-05-25 17:25:45,20260525_172452_dk2022_150mw_300mwh_soc10_90_v5,1,6252,93.016,0.0
2026-05-25 17:25:45,20260525_172452_dk2022_150mw_300mwh_soc10_90_v5,1,6253,93.016,0.0
2026-05-25 17:25:45,20260525_172452_dk2022_150mw_300mwh_soc10_90_v5,1,6254,93.016,0.0
2026-05-25 17:25:45,20260525_172452_dk2022_150mw_300mwh_soc10_90_v5,1,6255,93.016,0.0
2026-05-25 17:25:45,20260525_172452_dk2022_150mw_300mwh_soc10_90_v5,1,6256,93.016,0.0
2026-05-25 17:25:45,20260525_172452_dk2022_150mw_300mwh_soc10_90_v5,1,6257,93.016,0.0
2026-05-25 17:25:45,20260525_172452_dk2022_150mw_300mwh_soc10_90_v5,1,6258,93.016,0.0
2026-05-25 17:25:45,20260525_172452_dk2022_150mw_300mwh_soc10_90_v5,1,6259,93.016,0.0
2026-05-25 17:25:45,20260525_172452_dk2022_150mw_300mwh_soc10_90_v5,1,6260,93.016,0.0
2026-05-25 17:25:45,20260525_172452_dk2022_150mw_300mwh_soc10_90_v5,1,6261,93.016,0.0
2026-05-25 17:25:45,20260525_172452_dk2022_150mw_300mwh_soc10_90_v5,1,6262,93.016,0.0
2026-05-25 17:25:45,20260525_172452_dk2022_150mw_300mwh_soc10_90_v5,1,6263,93.016,0.0
2026-05-25 17:25:45,20260525_172452_dk2022_150mw_300mwh_soc10_90_v5,1,6264,93.016,0.0
2026-05-25 17:25:45,20260525_172452_dk2022_150mw_300mwh_soc10_90_v5,1,6265,93.016,0.0
2026-05-25 17:25:45,20260525_172452_dk2022_150mw_300mwh_soc10_90_v5,1,6266,93.016,0.0
2026-05-25 17:25:45,20260525_172452_dk2022_150mw_300mwh_soc10_90_v5,1,6267,93.016,0.0
2026-05-25 17:25:45,20260525_172452_dk2022_150mw_300mwh_soc10_90_v5,1,6268,93.016,0.0
2026-05-25 17:25:45,20260525_172452_dk2022_150mw_300mwh_soc10_90_v5,1,6269,93.016,0.0
2026-05-25 17:25:45,20260525_172452_dk2022_150mw_300mwh_soc10_90_v5,1,6270,93.016,0.0
2026-05-25 17:25:45,20260525_172452_dk2022_150mw_300mwh_soc10_90_v5,1,6271,93.016,0.0
2026-05-25 17:25:45,20260525_172452_dk2022_150mw_300mwh_soc10_90_v5,1,6272,93.016,0.0
2026-05-25 17:25:45,20260525_172452_dk2022_150mw_300mwh_soc10_90_v5,1,6273,93.016,0.0
2026-05-25 17:25:45,20260525_172452_dk2022_150mw_300mwh_soc10_90_v5,1,6274,93.016,0.0
2026-05-25 17:25:45,20260525_172452_dk2022_150mw_300mwh_soc10_90_v5,1,6275,93.016,0.0
2026-05-25 17:25:45,20260525_172452_dk2022_150mw_300mwh_soc10_90_v5,1,6276,93.016,0.0
2026-05-25 17:25:45,20260525_172452_dk2022_150mw_300mwh_soc10_90_v5,1,6277,93.016,0.0
2026-05-25 17:25:45,20260525_172452_dk2022_150mw_300mwh_soc10_90_v5,1,6278,93.016,0.0
2026-05-25 17:25:45,20260525_172452_dk2022_150mw_300mwh_soc10_90_v5,1,6279,93.016,0.0
2026-05-25 17:25:45,20260525_172452_dk2022_150mw_300mwh_soc10_90_v5,1,6280,93.016,0.0
2026-05-25 17:25:45,20260525_172452_dk2022_150mw_300mwh_soc10_90_v5,1,6281,93.016,0.0
2026-05-25 17:25:45,20260525_172452_dk2022_150mw_300mwh_soc10_90_v5,1,6282,93.016,0.0
2026-05-25 17:25:45,20260525_172452_dk2022_150mw_300mwh_soc10_90_v5,1,6283,93.016,0.0
2026-05-25 17:25:45,20260525_172452_dk2022_150mw_300mwh_soc10_90_v5,1,6284,93.016,0.0
2026-05-25 17:25:45,20260525_172452_dk2022_150mw_300mwh_soc10_90_v5,1,6285,93.016,0.0
2026-05-25 17:25:45,20260525_172452_dk2022_150mw_300mwh_soc10_90_v5,1,6286,93.016,0.0
2026-05-25 17:25:45,20260525_172452_dk2022_150mw_300mwh_soc10_90_v5,1,6287,93.016,0.0
2026-05-25 17:25:45,20260525_172452_dk2022_150mw_300mwh_soc10_90_v5,1,6288,93.016,0.0
2026-05-25 17:25:45,20260525_172452_dk2022_150mw_300mwh_soc10_90_v5,1,6289,93.016,0.0
2026-05-25 17:25:45,20260525_172452_dk2022_150mw_300mwh_soc10_90_v5,1,6290,93.016,0.0
2026-05-25 17:25:45,20260525_172452_dk2022_150mw_300mwh_soc10_90_v5,1,6291,93.016,0.0
2026-05-25 17:25:45,20260525_172452_dk2022_150mw_300mwh_soc10_90_v5,1,6292,93.016,0.0
2026-05-25 17:25:45,20260525_172452_dk2022_150mw_300mwh_soc10_90_v5,1,6293,93.016,0.0
2026-05-25 17:25:45,20260525_172452_dk2022_150mw_300mwh_soc10_90_v5,1,6294,93.016,0.0
2026-05-25 17:25:45,20260525_172452_dk2022_150mw_300mwh_soc10_90_v5,1,6295,93.016,0.0
2026-05-25 17:25:45,20260525_172452_dk2022_150mw_300mwh_soc10_90_v5,1,6296,93.016,0.0
2026-05-25 17:25:45,20260525_172452_dk2022_150mw_300mwh_soc10_90_v5,1,6297,93.016,0.0
2026-05-25 17:25:45,20260525_172452_dk2022_150mw_300mwh_soc10_90_v5,1,6298,93.016,0.0
2026-05-25 17:25:45,20260525_172452_dk2022_150mw_300mwh_soc10_90_v5,1,6299,93.016,0.0
2026-05-25 17:25:45,20260525_172452_dk2022_150mw_300mwh_soc10_90_v5,1,6300,93.016,0.0
2026-05-25 17:25:45,20260525_172452_dk2022_150mw_300mwh_soc10_90_v5,1,6301,93.016,0.0
2026-05-25 17:25:45,20260525_172452_dk2022_150mw_300mwh_soc10_90_v5,1,6302,93.016,0.0
2026-05-25 17:25:45,20260525_172452_dk2022_150mw_300mwh_soc10_90_v5,1,6303,93.016,0.0
2026-05-25 17:25:45,20260525_172452_dk2022_150mw_300mwh_soc10_90_v5,1,6304,93.016,0.0
2026-05-25 17:25:45,20260525_172452_dk2022_150mw_300mwh_soc10_90_v5,1,6305,93.016,0.0
2026-05-25 17:25:45,20260525_172452_dk2022_150mw_300mwh_soc10_90_v5,1,6306,93.016,0.0
2026-05-25 17:25:45,20260525_172452_dk2022_150mw_300mwh_soc10_90_v5,1,6307,93.016,0.0
2026-05-25 17:25:45,20260525_172452_dk2022_150mw_300mwh_soc10_90_v5,1,6308,93.016,0.0
2026-05-25 17:25:45,20260525_172452_dk2022_150mw_300mwh_soc10_90_v5,1,6309,93.016,0.0
2026-05-25 17:25:45,20260525_172452_dk2022_150mw_300mwh_soc10_90_v5,1,6310,93.016,0.0
2026-05-25 17:25:45,20260525_172452_dk2022_150mw_300mwh_soc10_90_v5,1,6311,93.016,0.0
2026-05-25 17:25:45,20260525_172452_dk2022_150mw_300mwh_soc10_90_v5,1,6312,93.016,0.0
2026-05-25 17:25:45,20260525_172452_dk2022_150mw_300mwh_soc10_90_v5,1,6313,93.016,0.0
2026-05-25 17:25:45,20260525_172452_dk2022_150mw_300mwh_soc10_90_v5,1,6314,93.016,0.0
2026-05-25 17:25:45,20260525_172452_dk2022_150mw_300mwh_soc10_90_v5,1,6315,93.016,0.0
2026-05-25 17:25:45,20260525_172452_dk2022_150mw_300mwh_soc10_90_v5,1,6316,93.016,0.0
2026-05-25 17:25:45,20260525_172452_dk2022_150mw_300mwh_soc10_90_v5,1,6317,93.016,0.0
2026-05-25 17:25:45,20260525_172452_dk2022_150mw_300mwh_soc10_90_v5,1,6318,93.016,0.0
2026-05-25 17:25:45,20260525_172452_dk2022_150mw_300mwh_soc10_90_v5,1,6319,93.016,0.0
2026-05-25 17:25:45,20260525_172452_dk2022_150mw_300mwh_soc10_90_v5,1,6320,93.016,0.0
2026-05-25 17:25:45,20260525_172452_dk2022_150mw_300mwh_soc10_90_v5,1,6321,93.016,0.0
2026-05-25 17:25:45,20260525_172452_dk2022_150mw_300mwh_soc10_90_v5,1,6322,93.016,0.0
2026-05-25 17:25:45,20260525_172452_dk2022_150mw_300mwh_soc10_90_v5,1,6323,93.016,0.0
2026-05-25 17:25:45,20260525_172452_dk2022_150mw_300mwh_soc10_90_v5,1,6324,93.016,0.0
2026-05-25 17:25:45,20260525_172452_dk2022_150mw_300mwh_soc10_90_v5,1,6325,93.016,0.0
2026-05-25 17:25:45,20260525_172452_dk2022_150mw_300mwh_soc10_90_v5,1,6326,93.016,0.0
2026-05-25 17:25:45,20260525_172452_dk2022_150mw_300mwh_soc10_90_v5,1,6327,93.016,0.0
2026-05-25 17:25:45,20260525_172452_dk2022_150mw_300mwh_soc10_90_v5,1,6328,93.016,0.0
2026-05-25 17:25:45,20260525_172452_dk2022_150mw_300mwh_soc10_90_v5,1,6329,93.016,0.0
2026-05-25 17:25:45,20260525_172452_dk2022_150mw_300mwh_soc10_90_v5,1,6330,93.016,0.0
2026-05-25 17:25:45,20260525_172452_dk2022_150mw_300mwh_soc10_90_v5,1,6331,93.016,0.0
2026-05-25 17:25:45,20260525_172452_dk2022_150mw_300mwh_soc10_90_v5,1,6332,93.016,0.0
2026-05-25 17:25:45,20260525_172452_dk2022_150mw_300mwh_soc10_90_v5,1,6333,93.016,0.0
2026-05-25 17:25:45,20260525_172452_dk2022_150mw_300mwh_soc10_90_v5,1,6334,93.016,0.0
2026-05-25 17:25:45,20260525_172452_dk2022_150mw_300mwh_soc10_90_v5,1,6335,93.016,0.0
2026-05-25 17:25:45,20260525_172452_dk2022_150mw_300mwh_soc10_90_v5,1,6336,93.016,0.0
2026-05-25 17:25:45,20260525_172452_dk2022_150mw_300mwh_soc10_90_v5,1,6337,93.016,0.0
2026-05-25 17:25:45,20260525_172452_dk2022_150mw_300mwh_soc10_90_v5,1,6338,93.016,0.0
2026-05-25 17:25:45,20260525_172452_dk2022_150mw_300mwh_soc10_90_v5,1,6339,93.016,0.0
2026-05-25 17:25:45,20260525_172452_dk2022_150mw_300mwh_soc10_90_v5,1,6340,93.016,0.0
2026-05-25 17:25:45,20260525_172452_dk2022_150mw_300mwh_soc10_90_v5,1,6341,93.016,0.0
2026-05-25 17:25:45,20260525_172452_dk2022_150mw_300mwh_soc10_90_v5,1,6342,93.016,0.0
2026-05-25 17:25:45,20260525_172452_dk2022_150mw_300mwh_soc10_90_v5,1,6343,93.016,0.0
2026-05-25 17:25:45,20260525_172452_dk2022_150mw_300mwh_soc10_90_v5,1,6344,93.016,0.0
2026-05-25 17:25:45,20260525_172452_dk2022_150mw_300mwh_soc10_90_v5,1,6345,93.016,0.0
2026-05-25 17:25:45,20260525_172452_dk2022_150mw_300mwh_soc10_90_v5,1,6346,93.016,0.0
2026-05-25 17:25:45,20260525_172452_dk2022_150mw_300mwh_soc10_90_v5,1,6347,93.016,0.0
2026-05-25 17:25:45,20260525_172452_dk2022_150mw_300mwh_soc10_90_v5,1,6348,93.016,0.0
2026-05-25 17:25:45,20260525_172452_dk2022_150mw_300mwh_soc10_90_v5,1,6349,93.016,0.0
2026-05-25 17:25:45,20260525_172452_dk2022_150mw_300mwh_soc10_90_v5,1,6350,93.016,0.0
2026-05-25 17:25:45,20260525_172452_dk2022_150mw_300mwh_soc10_90_v5,1,6351,93.016,0.0
2026-05-25 17:25:45,20260525_172452_dk2022_150mw_300mwh_soc10_90_v5,1,6352,93.016,0.0
2026-05-25 17:25:45,20260525_172452_dk2022_150mw_300mwh_soc10_90_v5,1,6353,93.016,0.0
2026-05-25 17:25:45,20260525_172452_dk2022_150mw_300mwh_soc10_90_v5,1,6354,93.016,0.0
2026-05-25 17:25:45,20260525_172452_dk2022_150mw_300mwh_soc10_90_v5,1,6355,93.016,0.0
2026-05-25 17:25:45,20260525_172452_dk2022_150mw_300mwh_soc10_90_v5,1,6356,93.016,0.0
2026-05-25 17:25:45,20260525_172452_dk2022_150mw_300mwh_soc10_90_v5,1,6357,93.016,0.0
2026-05-25 17:25:45,20260525_172452_dk2022_150mw_300mwh_soc10_90_v5,1,6358,93.016,0.0
2026-05-25 17:25:45,20260525_172452_dk2022_150mw_300mwh_soc10_90_v5,1,6359,93.016,0.0
2026-05-25 17:25:45,20260525_172452_dk2022_150mw_300mwh_soc10_90_v5,1,6360,93.016,0.0
2026-05-25 17:25:45,20260525_172452_dk2022_150mw_300mwh_soc10_90_v5,1,6361,93.016,0.0
2026-05-25 17:25:45,20260525_172452_dk2022_150mw_300mwh_soc10_90_v5,1,6362,93.016,0.0
2026-05-25 17:25:45,20260525_172452_dk2022_150mw_300mwh_soc10_90_v5,1,6363,93.016,0.0
2026-05-25 17:25:45,20260525_172452_dk2022_150mw_300mwh_soc10_90_v5,1,6364,93.016,0.0
2026-05-25 17:25:45,20260525_172452_dk2022_150mw_300mwh_soc10_90_v5,1,6365,93.016,0.0
2026-05-25 17:25:45,20260525_172452_dk2022_150mw_300mwh_soc10_90_v5,1,6366,93.016,0.0
2026-05-25 17:25:45,20260525_172452_dk2022_150mw_300mwh_soc10_90_v5,1,6367,93.016,0.0
2026-05-25 17:25:45,20260525_172452_dk2022_150mw_300mwh_soc10_90_v5,1,6368,93.016,0.0
2026-05-25 17:25:45,20260525_172452_dk2022_150mw_300mwh_soc10_90_v5,1,6369,93.016,0.0
2026-05-25 17:25:45,20260525_172452_dk2022_150mw_300mwh_soc10_90_v5,1,6370,93.016,0.0
2026-05-25 17:25:45,20260525_172452_dk2022_150mw_300mwh_soc10_90_v5,1,6371,93.016,0.0
2026-05-25 17:25:45,20260525_172452_dk2022_150mw_300mwh_soc10_90_v5,1,6372,93.016,0.0
2026-05-25 17:25:45,20260525_172452_dk2022_150mw_300mwh_soc10_90_v5,1,6373,93.016,0.0
2026-05-25 17:25:45,20260525_172452_dk2022_150mw_300mwh_soc10_90_v5,1,6374,93.016,0.0
2026-05-25 17:25:45,20260525_172452_dk2022_150mw_300mwh_soc10_90_v5,1,6375,93.016,0.0
2026-05-25 17:25:45,20260525_172452_dk2022_150mw_300mwh_soc10_90_v5,1,6376,93.016,0.0
2026-05-25 17:25:45,20260525_172452_dk2022_150mw_300mwh_soc10_90_v5,1,6377,93.016,0.0
2026-05-25 17:25:45,20260525_172452_dk2022_150mw_300mwh_soc10_90_v5,1,6378,93.016,0.0
2026-05-25 17:25:45,20260525_172452_dk2022_150mw_300mwh_soc10_90_v5,1,6379,93.016,0.0
2026-05-25 17:25:45,20260525_172452_dk2022_150mw_300mwh_soc10_90_v5,1,6380,93.016,0.0
2026-05-25 17:25:45,20260525_172452_dk2022_150mw_300mwh_soc10_90_v5,1,6381,93.016,0.0
2026-05-25 17:25:45,20260525_172452_dk2022_150mw_300mwh_soc10_90_v5,1,6382,93.016,0.0
2026-05-25 17:25:45,20260525_172452_dk2022_150mw_300mwh_soc10_90_v5,1,6383,93.016,0.0
2026-05-25 17:25:45,20260525_172452_dk2022_150mw_300mwh_soc10_90_v5,1,6384,93.016,0.0
2026-05-25 17:25:45,20260525_172452_dk2022_150mw_300mwh_soc10_90_v5,1,6385,93.016,0.0
2026-05-25 17:25:45,20260525_172452_dk2022_150mw_300mwh_soc10_90_v5,1,6386,93.016,0.0
2026-05-25 17:25:45,20260525_172452_dk2022_150mw_300mwh_soc10_90_v5,1,6387,93.016,0.0
2026-05-25 17:25:45,20260525_172452_dk2022_150mw_300mwh_soc10_90_v5,1,6388,93.016,0.0
2026-05-25 17:25:45,20260525_172452_dk2022_150mw_300mwh_soc10_90_v5,1,6389,93.016,0.0
2026-05-25 17:25:45,20260525_172452_dk2022_150mw_300mwh_soc10_90_v5,1,6390,93.016,0.0
2026-05-25 17:25:45,20260525_172452_dk2022_150mw_300mwh_soc10_90_v5,1,6391,93.016,0.0
2026-05-25 17:25:45,20260525_172452_dk2022_150mw_300mwh_soc10_90_v5,1,6392,93.016,0.0
2026-05-25 17:25:45,20260525_172452_dk2022_150mw_300mwh_soc10_90_v5,1,6393,93.016,0.0
2026-05-25 17:25:45,20260525_172452_dk2022_150mw_300mwh_soc10_90_v5,1,6394,93.016,0.0
2026-05-25 17:25:45,20260525_172452_dk2022_150mw_300mwh_soc10_90_v5,1,6395,93.016,0.0
2026-05-25 17:25:45,20260525_172452_dk2022_150mw_300mwh_soc10_90_v5,1,6396,93.016,0.0
2026-05-25 17:25:45,20260525_172452_dk2022_150mw_300mwh_soc10_90_v5,1,6397,93.016,0.0
2026-05-25 17:25:45,20260525_172452_dk2022_150mw_300mwh_soc10_90_v5,1,6398,93.016,0.0
2026-05-25 17:25:45,20260525_172452_dk2022_150mw_300mwh_soc10_90_v5,1,6399,93.016,0.0
2026-05-25 17:25:45,20260525_172452_dk2022_150mw_300mwh_soc10_90_v5,1,6400,93.016,0.0
2026-05-25 17:25:45,20260525_172452_dk2022_150mw_300mwh_soc10_90_v5,1,6401,93.016,0.0
2026-05-25 17:25:45,20260525_172452_dk2022_150mw_300mwh_soc10_90_v5,1,6402,93.016,0.0
2026-05-25 17:25:45,20260525_172452_dk2022_150mw_300mwh_soc10_90_v5,1,6403,93.016,0.0
2026-05-25 17:25:45,20260525_172452_dk2022_150mw_300mwh_soc10_90_v5,1,6404,93.016,0.0
2026-05-25 17:25:45,20260525_172452_dk2022_150mw_300mwh_soc10_90_v5,1,6405,93.016,0.0
2026-05-25 17:25:45,20260525_172452_dk2022_150mw_300mwh_soc10_90_v5,1,6406,93.016,0.0
2026-05-25 17:25:45,20260525_172452_dk2022_150mw_300mwh_soc10_90_v5,1,6407,93.016,0.0
2026-05-25 17:25:45,20260525_172452_dk2022_150mw_300mwh_soc10_90_v5,1,6408,93.016,0.0
2026-05-25 17:25:45,20260525_172452_dk2022_150mw_300mwh_soc10_90_v5,1,6409,93.016,0.0
2026-05-25 17:25:45,20260525_172452_dk2022_150mw_300mwh_soc10_90_v5,1,6410,93.016,0.0
2026-05-25 17:25:45,20260525_172452_dk2022_150mw_300mwh_soc10_90_v5,1,6411,93.016,0.0
2026-05-25 17:25:45,20260525_172452_dk2022_150mw_300mwh_soc10_90_v5,1,6412,93.016,0.0
2026-05-25 17:25:45,20260525_172452_dk2022_150mw_300mwh_soc10_90_v5,1,6413,93.016,0.0
2026-05-25 17:25:45,20260525_172452_dk2022_150mw_300mwh_soc10_90_v5,1,6414,93.016,0.0
2026-05-25 17:25:45,20260525_172452_dk2022_150mw_300mwh_soc10_90_v5,1,6415,93.016,0.0
2026-05-25 17:25:45,20260525_172452_dk2022_150mw_300mwh_soc10_90_v5,1,6416,93.016,0.0
2026-05-25 17:25:45,20260525_172452_dk2022_150mw_300mwh_soc10_90_v5,1,6417,93.016,0.0
2026-05-25 17:25:45,20260525_172452_dk2022_150mw_300mwh_soc10_90_v5,1,6418,93.016,0.0
2026-05-25 17:25:45,20260525_172452_dk2022_150mw_300mwh_soc10_90_v5,1,6419,93.016,0.0
2026-05-25 17:25:45,20260525_172452_dk2022_150mw_300mwh_soc10_90_v5,1,6420,93.016,0.0
2026-05-25 17:25:45,20260525_172452_dk2022_150mw_300mwh_soc10_90_v5,1,6421,93.016,0.0
2026-05-25 17:25:45,20260525_172452_dk2022_150mw_300mwh_soc10_90_v5,1,6422,93.016,0.0
2026-05-25 17:25:45,20260525_172452_dk2022_150mw_300mwh_soc10_90_v5,1,6423,93.016,0.0
2026-05-25 17:25:45,20260525_172452_dk2022_150mw_300mwh_soc10_90_v5,1,6424,93.016,0.0
2026-05-25 17:25:45,20260525_172452_dk2022_150mw_300mwh_soc10_90_v5,1,6425,93.016,0.0
2026-05-25 17:25:45,20260525_172452_dk2022_150mw_300mwh_soc10_90_v5,1,6426,93.016,0.0
2026-05-25 17:25:45,20260525_172452_dk2022_150mw_300mwh_soc10_90_v5,1,6427,93.016,0.0
2026-05-25 17:25:45,20260525_172452_dk2022_150mw_300mwh_soc10_90_v5,1,6428,93.016,0.0
2026-05-25 17:25:45,20260525_172452_dk2022_150mw_300mwh_soc10_90_v5,1,6429,93.016,0.0
2026-05-25 17:25:45,20260525_172452_dk2022_150mw_300mwh_soc10_90_v5,1,6430,93.016,0.0
2026-05-25 17:25:45,20260525_172452_dk2022_150mw_300mwh_soc10_90_v5,1,6431,93.016,0.0
2026-05-25 17:25:45,20260525_172452_dk2022_150mw_300mwh_soc10_90_v5,1,6432,93.016,0.0
2026-05-25 17:25:45,20260525_172452_dk2022_150mw_300mwh_soc10_90_v5,1,6433,93.016,0.0
2026-05-25 17:25:45,20260525_172452_dk2022_150mw_300mwh_soc10_90_v5,1,6434,93.016,0.0
2026-05-25 17:25:45,20260525_172452_dk2022_150mw_300mwh_soc10_90_v5,1,6435,93.016,0.0
2026-05-25 17:25:45,20260525_172452_dk2022_150mw_300mwh_soc10_90_v5,1,6436,93.016,0.0
2026-05-25 17:25:45,20260525_172452_dk2022_150mw_300mwh_soc10_90_v5,1,6437,93.016,0.0
2026-05-25 17:25:45,20260525_172452_dk2022_150mw_300mwh_soc10_90_v5,1,6438,93.016,0.0
2026-05-25 17:25:45,20260525_172452_dk2022_150mw_300mwh_soc10_90_v5,1,6439,93.016,0.0
2026-05-25 17:25:45,20260525_172452_dk2022_150mw_300mwh_soc10_90_v5,1,6440,93.016,0.0
2026-05-25 17:25:45,20260525_172452_dk2022_150mw_300mwh_soc10_90_v5,1,6441,93.016,0.0
2026-05-25 17:25:45,20260525_172452_dk2022_150mw_300mwh_soc10_90_v5,1,6442,93.016,0.0
2026-05-25 17:25:45,20260525_172452_dk2022_150mw_300mwh_soc10_90_v5,1,6443,93.016,0.0
2026-05-25 17:25:45,20260525_172452_dk2022_150mw_300mwh_soc10_90_v5,1,6444,93.016,0.0
2026-05-25 17:25:45,20260525_172452_dk2022_150mw_300mwh_soc10_90_v5,1,6445,93.016,0.0
2026-05-25 17:25:45,20260525_172452_dk2022_150mw_300mwh_soc10_90_v5,1,6446,93.016,0.0
2026-05-25 17:25:45,20260525_172452_dk2022_150mw_300mwh_soc10_90_v5,1,6447,93.016,0.0
2026-05-25 17:25:45,20260525_172452_dk2022_150mw_300mwh_soc10_90_v5,1,6448,93.016,0.0
2026-05-25 17:25:45,20260525_172452_dk2022_150mw_300mwh_soc10_90_v5,1,6449,93.016,0.0
2026-05-25 17:25:45,20260525_172452_dk2022_150mw_300mwh_soc10_90_v5,1,6450,93.016,0.0
2026-05-25 17:25:45,20260525_172452_dk2022_150mw_300mwh_soc10_90_v5,1,6451,93.016,0.0
2026-05-25 17:25:45,20260525_172452_dk2022_150mw_300mwh_soc10_90_v5,1,6452,93.016,0.0
2026-05-25 17:25:45,20260525_172452_dk2022_150mw_300mwh_soc10_90_v5,1,6453,93.016,0.0
2026-05-25 17:25:45,20260525_172452_dk2022_150mw_300mwh_soc10_90_v5,1,6454,93.016,0.0
2026-05-25 17:25:45,20260525_172452_dk2022_150mw_300mwh_soc10_90_v5,1,6455,93.016,0.0
2026-05-25 17:25:45,20260525_172452_dk2022_150mw_300mwh_soc10_90_v5,1,6456,93.016,0.0
2026-05-25 17:25:45,20260525_172452_dk2022_150mw_300mwh_soc10_90_v5,1,6457,93.016,0.0
2026-05-25 17:25:45,20260525_172452_dk2022_150mw_300mwh_soc10_90_v5,1,6458,93.016,0.0
2026-05-25 17:25:45,20260525_172452_dk2022_150mw_300mwh_soc10_90_v5,1,6459,93.016,0.0
2026-05-25 17:25:45,20260525_172452_dk2022_150mw_300mwh_soc10_90_v5,1,6460,93.016,0.0
2026-05-25 17:25:45,20260525_172452_dk2022_150mw_300mwh_soc10_90_v5,1,6461,93.016,0.0
2026-05-25 17:25:45,20260525_172452_dk2022_150mw_300mwh_soc10_90_v5,1,6462,93.016,0.0
2026-05-25 17:25:45,20260525_172452_dk2022_150mw_300mwh_soc10_90_v5,1,6463,93.016,0.0
2026-05-25 17:25:45,20260525_172452_dk2022_150mw_300mwh_soc10_90_v5,1,6464,93.016,0.0
2026-05-25 17:25:45,20260525_172452_dk2022_150mw_300mwh_soc10_90_v5,1,6465,93.016,0.0
2026-05-25 17:25:45,20260525_172452_dk2022_150mw_300mwh_soc10_90_v5,1,6466,93.016,0.0
2026-05-25 17:25:45,20260525_172452_dk2022_150mw_300mwh_soc10_90_v5,1,6467,93.016,0.0
2026-05-25 17:25:45,20260525_172452_dk2022_150mw_300mwh_soc10_90_v5,1,6468,93.016,0.0
2026-05-25 17:25:45,20260525_172452_dk2022_150mw_300mwh_soc10_90_v5,1,6469,93.016,0.0
2026-05-25 17:25:45,20260525_172452_dk2022_150mw_300mwh_soc10_90_v5,1,6470,93.016,0.0
2026-05-25 17:25:45,20260525_172452_dk2022_150mw_300mwh_soc10_90_v5,1,6471,93.016,0.0
2026-05-25 17:25:45,20260525_172452_dk2022_150mw_300mwh_soc10_90_v5,1,6472,93.016,0.0
2026-05-25 17:25:45,20260525_172452_dk2022_150mw_300mwh_soc10_90_v5,1,6473,93.016,0.0
2026-05-25 17:25:45,20260525_172452_dk2022_150mw_300mwh_soc10_90_v5,1,6474,93.016,0.0
2026-05-25 17:25:45,20260525_172452_dk2022_150mw_300mwh_soc10_90_v5,1,6475,93.016,0.0
2026-05-25 17:25:45,20260525_172452_dk2022_150mw_300mwh_soc10_90_v5,1,6476,93.016,0.0
2026-05-25 17:25:45,20260525_172452_dk2022_150mw_300mwh_soc10_90_v5,1,6477,93.016,0.0
2026-05-25 17:25:45,20260525_172452_dk2022_150mw_300mwh_soc10_90_v5,1,6478,93.016,0.0
2026-05-25 17:25:45,20260525_172452_dk2022_150mw_300mwh_soc10_90_v5,1,6479,93.016,0.0
2026-05-25 17:25:45,20260525_172452_dk2022_150mw_300mwh_soc10_90_v5,1,6480,93.016,0.0
2026-05-25 17:25:45,20260525_172452_dk2022_150mw_300mwh_soc10_90_v5,1,6481,93.016,0.0
2026-05-25 17:25:45,20260525_172452_dk2022_150mw_300mwh_soc10_90_v5,1,6482,93.016,0.0
2026-05-25 17:25:45,20260525_172452_dk2022_150mw_300mwh_soc10_90_v5,1,6483,93.016,0.0
2026-05-25 17:25:45,20260525_172452_dk2022_150mw_300mwh_soc10_90_v5,1,6484,93.016,0.0
2026-05-25 17:25:45,20260525_172452_dk2022_150mw_300mwh_soc10_90_v5,1,6485,93.016,0.0
2026-05-25 17:25:45,20260525_172452_dk2022_150mw_300mwh_soc10_90_v5,1,6486,93.016,0.0
2026-05-25 17:25:45,20260525_172452_dk2022_150mw_300mwh_soc10_90_v5,1,6487,93.016,0.0
2026-05-25 17:25:45,20260525_172452_dk2022_150mw_300mwh_soc10_90_v5,1,6488,93.016,0.0
2026-05-25 17:25:45,20260525_172452_dk2022_150mw_300mwh_soc10_90_v5,1,6489,93.016,0.0
2026-05-25 17:25:45,20260525_172452_dk2022_150mw_300mwh_soc10_90_v5,1,6490,93.016,0.0
2026-05-25 17:25:45,20260525_172452_dk2022_150mw_300mwh_soc10_90_v5,1,6491,93.016,0.0
2026-05-25 17:25:45,20260525_172452_dk2022_150mw_300mwh_soc10_90_v5,1,6492,93.016,0.0
2026-05-25 17:25:45,20260525_172452_dk2022_150mw_300mwh_soc10_90_v5,1,6493,93.016,0.0
2026-05-25 17:25:45,20260525_172452_dk2022_150mw_300mwh_soc10_90_v5,1,6494,93.016,0.0
2026-05-25 17:25:45,20260525_172452_dk2022_150mw_300mwh_soc10_90_v5,1,6495,93.016,0.0
2026-05-25 17:25:45,20260525_172452_dk2022_150mw_300mwh_soc10_90_v5,1,6496,93.016,0.0
2026-05-25 17:25:45,20260525_172452_dk2022_150mw_300mwh_soc10_90_v5,1,6497,93.016,0.0
2026-05-25 17:25:45,20260525_172452_dk2022_150mw_300mwh_soc10_90_v5,1,6498,93.016,0.0
2026-05-25 17:25:45,20260525_172452_dk2022_150mw_300mwh_soc10_90_v5,1,6499,93.016,0.0
2026-05-25 17:25:45,20260525_172452_dk2022_150mw_300mwh_soc10_90_v5,1,6500,93.016,0.0
2026-05-25 17:25:45,20260525_172452_dk2022_150mw_300mwh_soc10_90_v5,1,6501,93.016,0.0
2026-05-25 17:25:45,20260525_172452_dk2022_150mw_300mwh_soc10_90_v5,1,6502,93.016,0.0
2026-05-25 17:25:45,20260525_172452_dk2022_150mw_300mwh_soc10_90_v5,1,6503,93.016,0.0
2026-05-25 17:25:45,20260525_172452_dk2022_150mw_300mwh_soc10_90_v5,1,6504,93.016,3.70309301
2026-05-25 17:25:45,20260525_172452_dk2022_150mw_300mwh_soc10_90_v5,1,6505,93.016,0.0
2026-05-25 17:25:45,20260525_172452_dk2022_150mw_300mwh_soc10_90_v5,1,6506,93.016,0.0
2026-05-25 17:25:45,20260525_172452_dk2022_150mw_300mwh_soc10_90_v5,1,6507,93.016,0.0
2026-05-25 17:25:45,20260525_172452_dk2022_150mw_300mwh_soc10_90_v5,1,6508,93.016,-3.24911932
2026-05-25 17:25:45,20260525_172452_dk2022_150mw_300mwh_soc10_90_v5,1,6509,93.016,-3.24911932
2026-05-25 17:25:45,20260525_172452_dk2022_150mw_300mwh_soc10_90_v5,1,6510,93.016,0.0
2026-05-25 17:25:45,20260525_172452_dk2022_150mw_300mwh_soc10_90_v5,1,6511,93.016,0.0
2026-05-25 17:25:45,20260525_172452_dk2022_150mw_300mwh_soc10_90_v5,1,6512,93.016,0.0
2026-05-25 17:25:45,20260525_172452_dk2022_150mw_300mwh_soc10_90_v5,1,6513,93.016,0.0
2026-05-25 17:25:45,20260525_172452_dk2022_150mw_300mwh_soc10_90_v5,1,6514,93.016,0.0
2026-05-25 17:25:45,20260525_172452_dk2022_150mw_300mwh_soc10_90_v5,1,6515,93.016,0.0
2026-05-25 17:25:45,20260525_172452_dk2022_150mw_300mwh_soc10_90_v5,1,6516,93.016,0.0
2026-05-25 17:25:45,20260525_172452_dk2022_150mw_300mwh_soc10_90_v5,1,6517,93.016,0.0
2026-05-25 17:25:45,20260525_172452_dk2022_150mw_300mwh_soc10_90_v5,1,6518,93.016,0.0
2026-05-25 17:25:45,20260525_172452_dk2022_150mw_300mwh_soc10_90_v5,1,6519,93.016,0.0
2026-05-25 17:25:45,20260525_172452_dk2022_150mw_300mwh_soc10_90_v5,1,6520,93.016,0.0
2026-05-25 17:25:45,20260525_172452_dk2022_150mw_300mwh_soc10_90_v5,1,6521,93.016,0.0
2026-05-25 17:25:45,20260525_172452_dk2022_150mw_300mwh_soc10_90_v5,1,6522,93.016,0.0
2026-05-25 17:25:45,20260525_172452_dk2022_150mw_300mwh_soc10_90_v5,1,6523,93.016,0.0
2026-05-25 17:25:45,20260525_172452_dk2022_150mw_300mwh_soc10_90_v5,1,6524,93.016,0.0
2026-05-25 17:25:45,20260525_172452_dk2022_150mw_300mwh_soc10_90_v5,1,6525,93.016,0.0
2026-05-25 17:25:45,20260525_172452_dk2022_150mw_300mwh_soc10_90_v5,1,6526,93.016,0.0
2026-05-25 17:25:45,20260525_172452_dk2022_150mw_300mwh_soc10_90_v5,1,6527,93.016,0.0
2026-05-25 17:25:45,20260525_172452_dk2022_150mw_300mwh_soc10_90_v5,1,6528,93.016,0.0
2026-05-25 17:25:45,20260525_172452_dk2022_150mw_300mwh_soc10_90_v5,1,6529,93.016,0.0
2026-05-25 17:25:45,20260525_172452_dk2022_150mw_300mwh_soc10_90_v5,1,6530,93.016,0.0
2026-05-25 17:25:45,20260525_172452_dk2022_150mw_300mwh_soc10_90_v5,1,6531,93.016,0.0
2026-05-25 17:25:45,20260525_172452_dk2022_150mw_300mwh_soc10_90_v5,1,6532,93.016,0.0
2026-05-25 17:25:45,20260525_172452_dk2022_150mw_300mwh_soc10_90_v5,1,6533,93.016,0.0
2026-05-25 17:25:45,20260525_172452_dk2022_150mw_300mwh_soc10_90_v5,1,6534,93.016,0.0
2026-05-25 17:25:45,20260525_172452_dk2022_150mw_300mwh_soc10_90_v5,1,6535,93.016,0.0
2026-05-25 17:25:45,20260525_172452_dk2022_150mw_300mwh_soc10_90_v5,1,6536,93.016,0.0
2026-05-25 17:25:45,20260525_172452_dk2022_150mw_300mwh_soc10_90_v5,1,6537,93.016,0.0
2026-05-25 17:25:45,20260525_172452_dk2022_150mw_300mwh_soc10_90_v5,1,6538,93.016,0.0
2026-05-25 17:25:45,20260525_172452_dk2022_150mw_300mwh_soc10_90_v5,1,6539,93.016,0.0
2026-05-25 17:25:45,20260525_172452_dk2022_150mw_300mwh_soc10_90_v5,1,6540,93.016,0.0
2026-05-25 17:25:45,20260525_172452_dk2022_150mw_300mwh_soc10_90_v5,1,6541,93.016,0.0
2026-05-25 17:25:45,20260525_172452_dk2022_150mw_300mwh_soc10_90_v5,1,6542,93.016,0.0
2026-05-25 17:25:45,20260525_172452_dk2022_150mw_300mwh_soc10_90_v5,1,6543,93.016,0.0
2026-05-25 17:25:45,20260525_172452_dk2022_150mw_300mwh_soc10_90_v5,1,6544,93.016,0.0
2026-05-25 17:25:45,20260525_172452_dk2022_150mw_300mwh_soc10_90_v5,1,6545,93.016,0.0
2026-05-25 17:25:45,20260525_172452_dk2022_150mw_300mwh_soc10_90_v5,1,6546,93.016,0.0
2026-05-25 17:25:45,20260525_172452_dk2022_150mw_300mwh_soc10_90_v5,1,6547,93.016,0.0
2026-05-25 17:25:45,20260525_172452_dk2022_150mw_300mwh_soc10_90_v5,1,6548,93.016,0.0
2026-05-25 17:25:45,20260525_172452_dk2022_150mw_300mwh_soc10_90_v5,1,6549,93.016,0.0
2026-05-25 17:25:45,20260525_172452_dk2022_150mw_300mwh_soc10_90_v5,1,6550,93.016,0.0
2026-05-25 17:25:45,20260525_172452_dk2022_150mw_300mwh_soc10_90_v5,1,6551,93.016,0.0
2026-05-25 17:25:45,20260525_172452_dk2022_150mw_300mwh_soc10_90_v5,1,6552,93.016,0.0
2026-05-25 17:25:45,20260525_172452_dk2022_150mw_300mwh_soc10_90_v5,1,6553,93.016,0.0
2026-05-25 17:25:45,20260525_172452_dk2022_150mw_300mwh_soc10_90_v5,1,6554,93.016,0.0
2026-05-25 17:25:45,20260525_172452_dk2022_150mw_300mwh_soc10_90_v5,1,6555,93.016,0.0
2026-05-25 17:25:45,20260525_172452_dk2022_150mw_300mwh_soc10_90_v5,1,6556,93.016,0.0
2026-05-25 17:25:45,20260525_172452_dk2022_150mw_300mwh_soc10_90_v5,1,6557,93.016,0.0
2026-05-25 17:25:45,20260525_172452_dk2022_150mw_300mwh_soc10_90_v5,1,6558,93.016,0.0
2026-05-25 17:25:45,20260525_172452_dk2022_150mw_300mwh_soc10_90_v5,1,6559,93.016,0.0
2026-05-25 17:25:45,20260525_172452_dk2022_150mw_300mwh_soc10_90_v5,1,6560,93.016,0.0
2026-05-25 17:25:45,20260525_172452_dk2022_150mw_300mwh_soc10_90_v5,1,6561,93.016,0.0
2026-05-25 17:25:45,20260525_172452_dk2022_150mw_300mwh_soc10_90_v5,1,6562,93.016,0.0
2026-05-25 17:25:45,20260525_172452_dk2022_150mw_300mwh_soc10_90_v5,1,6563,93.016,0.0
2026-05-25 17:25:45,20260525_172452_dk2022_150mw_300mwh_soc10_90_v5,1,6564,93.016,0.0
2026-05-25 17:25:45,20260525_172452_dk2022_150mw_300mwh_soc10_90_v5,1,6565,93.016,0.0
2026-05-25 17:25:45,20260525_172452_dk2022_150mw_300mwh_soc10_90_v5,1,6566,93.016,0.0
2026-05-25 17:25:45,20260525_172452_dk2022_150mw_300mwh_soc10_90_v5,1,6567,93.016,0.0
2026-05-25 17:25:45,20260525_172452_dk2022_150mw_300mwh_soc10_90_v5,1,6568,93.016,0.0
2026-05-25 17:25:45,20260525_172452_dk2022_150mw_300mwh_soc10_90_v5,1,6569,93.016,0.0
2026-05-25 17:25:45,20260525_172452_dk2022_150mw_300mwh_soc10_90_v5,1,6570,93.016,0.0
2026-05-25 17:25:45,20260525_172452_dk2022_150mw_300mwh_soc10_90_v5,1,6571,93.016,0.0
2026-05-25 17:25:45,20260525_172452_dk2022_150mw_300mwh_soc10_90_v5,1,6572,93.016,0.0
2026-05-25 17:25:45,20260525_172452_dk2022_150mw_300mwh_soc10_90_v5,1,6573,93.016,0.0
2026-05-25 17:25:45,20260525_172452_dk2022_150mw_300mwh_soc10_90_v5,1,6574,93.016,0.0
2026-05-25 17:25:45,20260525_172452_dk2022_150mw_300mwh_soc10_90_v5,1,6575,93.016,0.0
2026-05-25 17:25:45,20260525_172452_dk2022_150mw_300mwh_soc10_90_v5,1,6576,93.016,0.0
2026-05-25 17:25:45,20260525_172452_dk2022_150mw_300mwh_soc10_90_v5,1,6577,93.016,0.0
2026-05-25 17:25:45,20260525_172452_dk2022_150mw_300mwh_soc10_90_v5,1,6578,93.016,0.0
2026-05-25 17:25:45,20260525_172452_dk2022_150mw_300mwh_soc10_90_v5,1,6579,93.016,0.0
2026-05-25 17:25:45,20260525_172452_dk2022_150mw_300mwh_soc10_90_v5,1,6580,93.016,0.0
2026-05-25 17:25:45,20260525_172452_dk2022_150mw_300mwh_soc10_90_v5,1,6581,93.016,0.0
2026-05-25 17:25:45,20260525_172452_dk2022_150mw_300mwh_soc10_90_v5,1,6582,93.016,0.0
2026-05-25 17:25:45,20260525_172452_dk2022_150mw_300mwh_soc10_90_v5,1,6583,93.016,0.0
2026-05-25 17:25:45,20260525_172452_dk2022_150mw_300mwh_soc10_90_v5,1,6584,93.016,0.0
2026-05-25 17:25:45,20260525_172452_dk2022_150mw_300mwh_soc10_90_v5,1,6585,93.016,0.0
2026-05-25 17:25:45,20260525_172452_dk2022_150mw_300mwh_soc10_90_v5,1,6586,93.016,0.0
2026-05-25 17:25:45,20260525_172452_dk2022_150mw_300mwh_soc10_90_v5,1,6587,93.016,0.0
2026-05-25 17:25:45,20260525_172452_dk2022_150mw_300mwh_soc10_90_v5,1,6588,93.016,0.0
2026-05-25 17:25:45,20260525_172452_dk2022_150mw_300mwh_soc10_90_v5,1,6589,93.016,0.0
2026-05-25 17:25:45,20260525_172452_dk2022_150mw_300mwh_soc10_90_v5,1,6590,93.016,0.0
2026-05-25 17:25:45,20260525_172452_dk2022_150mw_300mwh_soc10_90_v5,1,6591,93.016,0.0
2026-05-25 17:25:45,20260525_172452_dk2022_150mw_300mwh_soc10_90_v5,1,6592,93.016,0.0
2026-05-25 17:25:45,20260525_172452_dk2022_150mw_300mwh_soc10_90_v5,1,6593,93.016,0.0
2026-05-25 17:25:45,20260525_172452_dk2022_150mw_300mwh_soc10_90_v5,1,6594,93.016,0.0
2026-05-25 17:25:45,20260525_172452_dk2022_150mw_300mwh_soc10_90_v5,1,6595,93.016,0.0
2026-05-25 17:25:45,20260525_172452_dk2022_150mw_300mwh_soc10_90_v5,1,6596,93.016,0.0
2026-05-25 17:25:45,20260525_172452_dk2022_150mw_300mwh_soc10_90_v5,1,6597,93.016,0.0
2026-05-25 17:25:45,20260525_172452_dk2022_150mw_300mwh_soc10_90_v5,1,6598,93.016,0.0
2026-05-25 17:25:45,20260525_172452_dk2022_150mw_300mwh_soc10_90_v5,1,6599,93.016,0.0
2026-05-25 17:25:45,20260525_172452_dk2022_150mw_300mwh_soc10_90_v5,1,6600,93.016,0.0
2026-05-25 17:25:45,20260525_172452_dk2022_150mw_300mwh_soc10_90_v5,1,6601,93.016,0.0
2026-05-25 17:25:45,20260525_172452_dk2022_150mw_300mwh_soc10_90_v5,1,6602,93.016,0.0
2026-05-25 17:25:45,20260525_172452_dk2022_150mw_300mwh_soc10_90_v5,1,6603,93.016,0.0
2026-05-25 17:25:45,20260525_172452_dk2022_150mw_300mwh_soc10_90_v5,1,6604,93.016,0.0
2026-05-25 17:25:45,20260525_172452_dk2022_150mw_300mwh_soc10_90_v5,1,6605,93.016,0.0
2026-05-25 17:25:45,20260525_172452_dk2022_150mw_300mwh_soc10_90_v5,1,6606,93.016,0.0
2026-05-25 17:25:45,20260525_172452_dk2022_150mw_300mwh_soc10_90_v5,1,6607,93.016,0.0
2026-05-25 17:25:45,20260525_172452_dk2022_150mw_300mwh_soc10_90_v5,1,6608,93.016,0.0
2026-05-25 17:25:45,20260525_172452_dk2022_150mw_300mwh_soc10_90_v5,1,6609,93.016,0.0
2026-05-25 17:25:45,20260525_172452_dk2022_150mw_300mwh_soc10_90_v5,1,6610,93.016,0.0
2026-05-25 17:25:45,20260525_172452_dk2022_150mw_300mwh_soc10_90_v5,1,6611,93.016,0.0
2026-05-25 17:25:45,20260525_172452_dk2022_150mw_300mwh_soc10_90_v5,1,6612,93.016,0.0
2026-05-25 17:25:45,20260525_172452_dk2022_150mw_300mwh_soc10_90_v5,1,6613,93.016,0.0
2026-05-25 17:25:45,20260525_172452_dk2022_150mw_300mwh_soc10_90_v5,1,6614,93.016,0.0
2026-05-25 17:25:45,20260525_172452_dk2022_150mw_300mwh_soc10_90_v5,1,6615,93.016,0.0
2026-05-25 17:25:45,20260525_172452_dk2022_150mw_300mwh_soc10_90_v5,1,6616,93.016,0.0
2026-05-25 17:25:45,20260525_172452_dk2022_150mw_300mwh_soc10_90_v5,1,6617,93.016,0.0
2026-05-25 17:25:45,20260525_172452_dk2022_150mw_300mwh_soc10_90_v5,1,6618,93.016,0.0
2026-05-25 17:25:45,20260525_172452_dk2022_150mw_300mwh_soc10_90_v5,1,6619,93.016,0.0
2026-05-25 17:25:45,20260525_172452_dk2022_150mw_300mwh_soc10_90_v5,1,6620,93.016,0.0
2026-05-25 17:25:45,20260525_172452_dk2022_150mw_300mwh_soc10_90_v5,1,6621,93.016,0.0
2026-05-25 17:25:45,20260525_172452_dk2022_150mw_300mwh_soc10_90_v5,1,6622,93.016,0.0
2026-05-25 17:25:45,20260525_172452_dk2022_150mw_300mwh_soc10_90_v5,1,6623,93.016,0.0
2026-05-25 17:25:45,20260525_172452_dk2022_150mw_300mwh_soc10_90_v5,1,6624,93.016,0.0
2026-05-25 17:25:45,20260525_172452_dk2022_150mw_300mwh_soc10_90_v5,1,6625,93.016,0.0
2026-05-25 17:25:45,20260525_172452_dk2022_150mw_300mwh_soc10_90_v5,1,6626,93.016,0.0
2026-05-25 17:25:45,20260525_172452_dk2022_150mw_300mwh_soc10_90_v5,1,6627,93.016,0.0
2026-05-25 17:25:45,20260525_172452_dk2022_150mw_300mwh_soc10_90_v5,1,6628,93.016,0.0
2026-05-25 17:25:45,20260525_172452_dk2022_150mw_300mwh_soc10_90_v5,1,6629,93.016,0.0
2026-05-25 17:25:45,20260525_172452_dk2022_150mw_300mwh_soc10_90_v5,1,6630,93.016,0.0
2026-05-25 17:25:45,20260525_172452_dk2022_150mw_300mwh_soc10_90_v5,1,6631,93.016,0.0
2026-05-25 17:25:45,20260525_172452_dk2022_150mw_300mwh_soc10_90_v5,1,6632,93.016,0.0
2026-05-25 17:25:45,20260525_172452_dk2022_150mw_300mwh_soc10_90_v5,1,6633,93.016,0.0
2026-05-25 17:25:45,20260525_172452_dk2022_150mw_300mwh_soc10_90_v5,1,6634,93.016,0.0
2026-05-25 17:25:45,20260525_172452_dk2022_150mw_300mwh_soc10_90_v5,1,6635,93.016,0.0
2026-05-25 17:25:45,20260525_172452_dk2022_150mw_300mwh_soc10_90_v5,1,6636,93.016,0.0
2026-05-25 17:25:45,20260525_172452_dk2022_150mw_300mwh_soc10_90_v5,1,6637,93.016,0.0
2026-05-25 17:25:45,20260525_172452_dk2022_150mw_300mwh_soc10_90_v5,1,6638,93.016,0.0
2026-05-25 17:25:45,20260525_172452_dk2022_150mw_300mwh_soc10_90_v5,1,6639,93.016,0.0
2026-05-25 17:25:45,20260525_172452_dk2022_150mw_300mwh_soc10_90_v5,1,6640,93.016,0.0
2026-05-25 17:25:45,20260525_172452_dk2022_150mw_300mwh_soc10_90_v5,1,6641,93.016,0.0
2026-05-25 17:25:45,20260525_172452_dk2022_150mw_300mwh_soc10_90_v5,1,6642,93.016,0.0
2026-05-25 17:25:45,20260525_172452_dk2022_150mw_300mwh_soc10_90_v5,1,6643,93.016,0.0
2026-05-25 17:25:45,20260525_172452_dk2022_150mw_300mwh_soc10_90_v5,1,6644,93.016,0.0
2026-05-25 17:25:45,20260525_172452_dk2022_150mw_300mwh_soc10_90_v5,1,6645,93.016,0.0
2026-05-25 17:25:45,20260525_172452_dk2022_150mw_300mwh_soc10_90_v5,1,6646,93.016,0.0
2026-05-25 17:25:45,20260525_172452_dk2022_150mw_300mwh_soc10_90_v5,1,6647,93.016,0.0
2026-05-25 17:25:45,20260525_172452_dk2022_150mw_300mwh_soc10_90_v5,1,6648,93.016,0.0
2026-05-25 17:25:45,20260525_172452_dk2022_150mw_300mwh_soc10_90_v5,1,6649,93.016,0.0
2026-05-25 17:25:45,20260525_172452_dk2022_150mw_300mwh_soc10_90_v5,1,6650,93.016,0.0
2026-05-25 17:25:45,20260525_172452_dk2022_150mw_300mwh_soc10_90_v5,1,6651,93.016,0.0
2026-05-25 17:25:45,20260525_172452_dk2022_150mw_300mwh_soc10_90_v5,1,6652,93.016,0.0
2026-05-25 17:25:45,20260525_172452_dk2022_150mw_300mwh_soc10_90_v5,1,6653,93.016,0.0
2026-05-25 17:25:45,20260525_172452_dk2022_150mw_300mwh_soc10_90_v5,1,6654,93.016,0.0
2026-05-25 17:25:45,20260525_172452_dk2022_150mw_300mwh_soc10_90_v5,1,6655,93.016,0.0
2026-05-25 17:25:45,20260525_172452_dk2022_150mw_300mwh_soc10_90_v5,1,6656,93.016,0.0
2026-05-25 17:25:45,20260525_172452_dk2022_150mw_300mwh_soc10_90_v5,1,6657,93.016,0.0
2026-05-25 17:25:45,20260525_172452_dk2022_150mw_300mwh_soc10_90_v5,1,6658,93.016,0.0
2026-05-25 17:25:45,20260525_172452_dk2022_150mw_300mwh_soc10_90_v5,1,6659,93.016,0.0
2026-05-25 17:25:45,20260525_172452_dk2022_150mw_300mwh_soc10_90_v5,1,6660,93.016,0.0
2026-05-25 17:25:45,20260525_172452_dk2022_150mw_300mwh_soc10_90_v5,1,6661,93.016,0.0
2026-05-25 17:25:45,20260525_172452_dk2022_150mw_300mwh_soc10_90_v5,1,6662,93.016,0.0
2026-05-25 17:25:45,20260525_172452_dk2022_150mw_300mwh_soc10_90_v5,1,6663,93.016,0.0
2026-05-25 17:25:45,20260525_172452_dk2022_150mw_300mwh_soc10_90_v5,1,6664,93.016,0.0
2026-05-25 17:25:45,20260525_172452_dk2022_150mw_300mwh_soc10_90_v5,1,6665,93.016,0.0
2026-05-25 17:25:45,20260525_172452_dk2022_150mw_300mwh_soc10_90_v5,1,6666,93.016,0.0
2026-05-25 17:25:45,20260525_172452_dk2022_150mw_300mwh_soc10_90_v5,1,6667,93.016,0.0
2026-05-25 17:25:45,20260525_172452_dk2022_150mw_300mwh_soc10_90_v5,1,6668,93.016,0.0
2026-05-25 17:25:45,20260525_172452_dk2022_150mw_300mwh_soc10_90_v5,1,6669,93.016,0.0
2026-05-25 17:25:45,20260525_172452_dk2022_150mw_300mwh_soc10_90_v5,1,6670,93.016,0.0
2026-05-25 17:25:45,20260525_172452_dk2022_150mw_300mwh_soc10_90_v5,1,6671,93.016,0.0
2026-05-25 17:25:45,20260525_172452_dk2022_150mw_300mwh_soc10_90_v5,1,6672,93.016,0.0
2026-05-25 17:25:45,20260525_172452_dk2022_150mw_300mwh_soc10_90_v5,1,6673,93.016,0.0
2026-05-25 17:25:45,20260525_172452_dk2022_150mw_300mwh_soc10_90_v5,1,6674,93.016,0.0
2026-05-25 17:25:45,20260525_172452_dk2022_150mw_300mwh_soc10_90_v5,1,6675,93.016,0.0
2026-05-25 17:25:45,20260525_172452_dk2022_150mw_300mwh_soc10_90_v5,1,6676,93.016,0.0
2026-05-25 17:25:45,20260525_172452_dk2022_150mw_300mwh_soc10_90_v5,1,6677,93.016,0.0
2026-05-25 17:25:45,20260525_172452_dk2022_150mw_300mwh_soc10_90_v5,1,6678,93.016,0.0
2026-05-25 17:25:45,20260525_172452_dk2022_150mw_300mwh_soc10_90_v5,1,6679,93.016,0.0
2026-05-25 17:25:45,20260525_172452_dk2022_150mw_300mwh_soc10_90_v5,1,6680,93.016,0.0
2026-05-25 17:25:45,20260525_172452_dk2022_150mw_300mwh_soc10_90_v5,1,6681,93.016,0.0
2026-05-25 17:25:45,20260525_172452_dk2022_150mw_300mwh_soc10_90_v5,1,6682,93.016,0.0
2026-05-25 17:25:45,20260525_172452_dk2022_150mw_300mwh_soc10_90_v5,1,6683,93.016,0.0
2026-05-25 17:25:45,20260525_172452_dk2022_150mw_300mwh_soc10_90_v5,1,6684,93.016,0.0
2026-05-25 17:25:45,20260525_172452_dk2022_150mw_300mwh_soc10_90_v5,1,6685,93.016,0.0
2026-05-25 17:25:45,20260525_172452_dk2022_150mw_300mwh_soc10_90_v5,1,6686,93.016,0.0
2026-05-25 17:25:45,20260525_172452_dk2022_150mw_300mwh_soc10_90_v5,1,6687,93.016,0.0
2026-05-25 17:25:45,20260525_172452_dk2022_150mw_300mwh_soc10_90_v5,1,6688,93.016,0.0
2026-05-25 17:25:45,20260525_172452_dk2022_150mw_300mwh_soc10_90_v5,1,6689,93.016,0.0
2026-05-25 17:25:45,20260525_172452_dk2022_150mw_300mwh_soc10_90_v5,1,6690,93.016,0.0
2026-05-25 17:25:45,20260525_172452_dk2022_150mw_300mwh_soc10_90_v5,1,6691,93.016,0.0
2026-05-25 17:25:45,20260525_172452_dk2022_150mw_300mwh_soc10_90_v5,1,6692,93.016,0.0
2026-05-25 17:25:45,20260525_172452_dk2022_150mw_300mwh_soc10_90_v5,1,6693,93.016,0.0
2026-05-25 17:25:45,20260525_172452_dk2022_150mw_300mwh_soc10_90_v5,1,6694,93.016,0.0
2026-05-25 17:25:45,20260525_172452_dk2022_150mw_300mwh_soc10_90_v5,1,6695,93.016,0.0
2026-05-25 17:25:45,20260525_172452_dk2022_150mw_300mwh_soc10_90_v5,1,6696,93.016,0.0
2026-05-25 17:25:45,20260525_172452_dk2022_150mw_300mwh_soc10_90_v5,1,6697,93.016,0.0
2026-05-25 17:25:45,20260525_172452_dk2022_150mw_300mwh_soc10_90_v5,1,6698,93.016,0.0
2026-05-25 17:25:45,20260525_172452_dk2022_150mw_300mwh_soc10_90_v5,1,6699,93.016,0.0
2026-05-25 17:25:45,20260525_172452_dk2022_150mw_300mwh_soc10_90_v5,1,6700,93.016,0.0
2026-05-25 17:25:45,20260525_172452_dk2022_150mw_300mwh_soc10_90_v5,1,6701,93.016,0.0
2026-05-25 17:25:45,20260525_172452_dk2022_150mw_300mwh_soc10_90_v5,1,6702,93.016,0.0
2026-05-25 17:25:45,20260525_172452_dk2022_150mw_300mwh_soc10_90_v5,1,6703,93.016,0.0
2026-05-25 17:25:45,20260525_172452_dk2022_150mw_300mwh_soc10_90_v5,1,6704,93.016,0.0
2026-05-25 17:25:45,20260525_172452_dk2022_150mw_300mwh_soc10_90_v5,1,6705,93.016,0.0
2026-05-25 17:25:45,20260525_172452_dk2022_150mw_300mwh_soc10_90_v5,1,6706,93.016,0.0
2026-05-25 17:25:45,20260525_172452_dk2022_150mw_300mwh_soc10_90_v5,1,6707,93.016,0.0
2026-05-25 17:25:45,20260525_172452_dk2022_150mw_300mwh_soc10_90_v5,1,6708,93.016,0.0
2026-05-25 17:25:45,20260525_172452_dk2022_150mw_300mwh_soc10_90_v5,1,6709,93.016,0.0
2026-05-25 17:25:45,20260525_172452_dk2022_150mw_300mwh_soc10_90_v5,1,6710,93.016,0.0
2026-05-25 17:25:45,20260525_172452_dk2022_150mw_300mwh_soc10_90_v5,1,6711,93.016,0.0
2026-05-25 17:25:45,20260525_172452_dk2022_150mw_300mwh_soc10_90_v5,1,6712,93.016,0.0
2026-05-25 17:25:45,20260525_172452_dk2022_150mw_300mwh_soc10_90_v5,1,6713,93.016,0.0
2026-05-25 17:25:45,20260525_172452_dk2022_150mw_300mwh_soc10_90_v5,1,6714,93.016,0.0
2026-05-25 17:25:45,20260525_172452_dk2022_150mw_300mwh_soc10_90_v5,1,6715,93.016,0.0
2026-05-25 17:25:45,20260525_172452_dk2022_150mw_300mwh_soc10_90_v5,1,6716,93.016,0.0
2026-05-25 17:25:45,20260525_172452_dk2022_150mw_300mwh_soc10_90_v5,1,6717,93.016,0.0
2026-05-25 17:25:45,20260525_172452_dk2022_150mw_300mwh_soc10_90_v5,1,6718,93.016,0.0
2026-05-25 17:25:45,20260525_172452_dk2022_150mw_300mwh_soc10_90_v5,1,6719,93.016,0.0
2026-05-25 17:25:45,20260525_172452_dk2022_150mw_300mwh_soc10_90_v5,1,6720,93.016,0.0
2026-05-25 17:25:45,20260525_172452_dk2022_150mw_300mwh_soc10_90_v5,1,6721,93.016,0.0
2026-05-25 17:25:45,20260525_172452_dk2022_150mw_300mwh_soc10_90_v5,1,6722,93.016,0.0
2026-05-25 17:25:45,20260525_172452_dk2022_150mw_300mwh_soc10_90_v5,1,6723,93.016,0.0
2026-05-25 17:25:45,20260525_172452_dk2022_150mw_300mwh_soc10_90_v5,1,6724,93.016,0.0
2026-05-25 17:25:45,20260525_172452_dk2022_150mw_300mwh_soc10_90_v5,1,6725,93.016,0.0
2026-05-25 17:25:45,20260525_172452_dk2022_150mw_300mwh_soc10_90_v5,1,6726,93.016,0.0
2026-05-25 17:25:45,20260525_172452_dk2022_150mw_300mwh_soc10_90_v5,1,6727,93.016,0.0
2026-05-25 17:25:45,20260525_172452_dk2022_150mw_300mwh_soc10_90_v5,1,6728,93.016,0.0
2026-05-25 17:25:45,20260525_172452_dk2022_150mw_300mwh_soc10_90_v5,1,6729,93.016,0.0
2026-05-25 17:25:45,20260525_172452_dk2022_150mw_300mwh_soc10_90_v5,1,6730,93.016,0.0
2026-05-25 17:25:45,20260525_172452_dk2022_150mw_300mwh_soc10_90_v5,1,6731,93.016,0.0
2026-05-25 17:25:45,20260525_172452_dk2022_150mw_300mwh_soc10_90_v5,1,6732,93.016,0.0
2026-05-25 17:25:45,20260525_172452_dk2022_150mw_300mwh_soc10_90_v5,1,6733,93.016,0.0
2026-05-25 17:25:45,20260525_172452_dk2022_150mw_300mwh_soc10_90_v5,1,6734,93.016,0.0
2026-05-25 17:25:45,20260525_172452_dk2022_150mw_300mwh_soc10_90_v5,1,6735,93.016,0.0
2026-05-25 17:25:45,20260525_172452_dk2022_150mw_300mwh_soc10_90_v5,1,6736,93.016,0.0
2026-05-25 17:25:45,20260525_172452_dk2022_150mw_300mwh_soc10_90_v5,1,6737,93.016,0.0
2026-05-25 17:25:45,20260525_172452_dk2022_150mw_300mwh_soc10_90_v5,1,6738,93.016,0.0
2026-05-25 17:25:45,20260525_172452_dk2022_150mw_300mwh_soc10_90_v5,1,6739,93.016,0.0
2026-05-25 17:25:45,20260525_172452_dk2022_150mw_300mwh_soc10_90_v5,1,6740,93.016,0.0
2026-05-25 17:25:45,20260525_172452_dk2022_150mw_300mwh_soc10_90_v5,1,6741,93.016,0.0
2026-05-25 17:25:45,20260525_172452_dk2022_150mw_300mwh_soc10_90_v5,1,6742,93.016,0.0
2026-05-25 17:25:45,20260525_172452_dk2022_150mw_300mwh_soc10_90_v5,1,6743,93.016,0.0
2026-05-25 17:25:45,20260525_172452_dk2022_150mw_300mwh_soc10_90_v5,1,6744,93.016,0.0
2026-05-25 17:25:45,20260525_172452_dk2022_150mw_300mwh_soc10_90_v5,1,6745,93.016,0.0
2026-05-25 17:25:45,20260525_172452_dk2022_150mw_300mwh_soc10_90_v5,1,6746,93.016,0.0
2026-05-25 17:25:45,20260525_172452_dk2022_150mw_300mwh_soc10_90_v5,1,6747,93.016,0.0
2026-05-25 17:25:45,20260525_172452_dk2022_150mw_300mwh_soc10_90_v5,1,6748,93.016,0.0
2026-05-25 17:25:45,20260525_172452_dk2022_150mw_300mwh_soc10_90_v5,1,6749,93.016,0.0
2026-05-25 17:25:45,20260525_172452_dk2022_150mw_300mwh_soc10_90_v5,1,6750,93.016,0.0
2026-05-25 17:25:45,20260525_172452_dk2022_150mw_300mwh_soc10_90_v5,1,6751,93.016,0.0
2026-05-25 17:25:45,20260525_172452_dk2022_150mw_300mwh_soc10_90_v5,1,6752,93.016,0.0
2026-05-25 17:25:45,20260525_172452_dk2022_150mw_300mwh_soc10_90_v5,1,6753,93.016,0.0
2026-05-25 17:25:45,20260525_172452_dk2022_150mw_300mwh_soc10_90_v5,1,6754,93.016,0.0
2026-05-25 17:25:45,20260525_172452_dk2022_150mw_300mwh_soc10_90_v5,1,6755,93.016,0.0
2026-05-25 17:25:45,20260525_172452_dk2022_150mw_300mwh_soc10_90_v5,1,6756,93.016,0.0
2026-05-25 17:25:45,20260525_172452_dk2022_150mw_300mwh_soc10_90_v5,1,6757,93.016,0.0
2026-05-25 17:25:45,20260525_172452_dk2022_150mw_300mwh_soc10_90_v5,1,6758,93.016,0.0
2026-05-25 17:25:45,20260525_172452_dk2022_150mw_300mwh_soc10_90_v5,1,6759,93.016,0.0
2026-05-25 17:25:45,20260525_172452_dk2022_150mw_300mwh_soc10_90_v5,1,6760,93.016,0.0
2026-05-25 17:25:45,20260525_172452_dk2022_150mw_300mwh_soc10_90_v5,1,6761,93.016,0.0
2026-05-25 17:25:45,20260525_172452_dk2022_150mw_300mwh_soc10_90_v5,1,6762,93.016,0.0
2026-05-25 17:25:45,20260525_172452_dk2022_150mw_300mwh_soc10_90_v5,1,6763,93.016,0.0
2026-05-25 17:25:45,20260525_172452_dk2022_150mw_300mwh_soc10_90_v5,1,6764,93.016,0.0
2026-05-25 17:25:45,20260525_172452_dk2022_150mw_300mwh_soc10_90_v5,1,6765,93.016,0.0
2026-05-25 17:25:45,20260525_172452_dk2022_150mw_300mwh_soc10_90_v5,1,6766,93.016,0.0
2026-05-25 17:25:45,20260525_172452_dk2022_150mw_300mwh_soc10_90_v5,1,6767,93.016,0.0
2026-05-25 17:25:45,20260525_172452_dk2022_150mw_300mwh_soc10_90_v5,1,6768,93.016,0.0
2026-05-25 17:25:45,20260525_172452_dk2022_150mw_300mwh_soc10_90_v5,1,6769,93.016,0.0
2026-05-25 17:25:45,20260525_172452_dk2022_150mw_300mwh_soc10_90_v5,1,6770,93.016,0.0
2026-05-25 17:25:45,20260525_172452_dk2022_150mw_300mwh_soc10_90_v5,1,6771,93.016,0.0
2026-05-25 17:25:45,20260525_172452_dk2022_150mw_300mwh_soc10_90_v5,1,6772,93.016,0.0
2026-05-25 17:25:45,20260525_172452_dk2022_150mw_300mwh_soc10_90_v5,1,6773,93.016,0.0
2026-05-25 17:25:45,20260525_172452_dk2022_150mw_300mwh_soc10_90_v5,1,6774,93.016,0.0
2026-05-25 17:25:45,20260525_172452_dk2022_150mw_300mwh_soc10_90_v5,1,6775,93.016,0.0
2026-05-25 17:25:45,20260525_172452_dk2022_150mw_300mwh_soc10_90_v5,1,6776,93.016,0.0
2026-05-25 17:25:45,20260525_172452_dk2022_150mw_300mwh_soc10_90_v5,1,6777,93.016,0.0
2026-05-25 17:25:45,20260525_172452_dk2022_150mw_300mwh_soc10_90_v5,1,6778,93.016,0.0
2026-05-25 17:25:45,20260525_172452_dk2022_150mw_300mwh_soc10_90_v5,1,6779,93.016,0.0
2026-05-25 17:25:45,20260525_172452_dk2022_150mw_300mwh_soc10_90_v5,1,6780,93.016,0.0
2026-05-25 17:25:45,20260525_172452_dk2022_150mw_300mwh_soc10_90_v5,1,6781,93.016,0.0
2026-05-25 17:25:45,20260525_172452_dk2022_150mw_300mwh_soc10_90_v5,1,6782,93.016,0.0
2026-05-25 17:25:45,20260525_172452_dk2022_150mw_300mwh_soc10_90_v5,1,6783,93.016,0.0
2026-05-25 17:25:45,20260525_172452_dk2022_150mw_300mwh_soc10_90_v5,1,6784,93.016,0.0
2026-05-25 17:25:45,20260525_172452_dk2022_150mw_300mwh_soc10_90_v5,1,6785,93.016,0.0
2026-05-25 17:25:45,20260525_172452_dk2022_150mw_300mwh_soc10_90_v5,1,6786,93.016,0.0
2026-05-25 17:25:45,20260525_172452_dk2022_150mw_300mwh_soc10_90_v5,1,6787,93.016,0.0
2026-05-25 17:25:45,20260525_172452_dk2022_150mw_300mwh_soc10_90_v5,1,6788,93.016,0.0
2026-05-25 17:25:45,20260525_172452_dk2022_150mw_300mwh_soc10_90_v5,1,6789,93.016,0.0
2026-05-25 17:25:45,20260525_172452_dk2022_150mw_300mwh_soc10_90_v5,1,6790,93.016,0.0
2026-05-25 17:25:45,20260525_172452_dk2022_150mw_300mwh_soc10_90_v5,1,6791,93.016,0.0
2026-05-25 17:25:45,20260525_172452_dk2022_150mw_300mwh_soc10_90_v5,1,6792,93.016,0.0
2026-05-25 17:25:45,20260525_172452_dk2022_150mw_300mwh_soc10_90_v5,1,6793,93.016,0.0
2026-05-25 17:25:45,20260525_172452_dk2022_150mw_300mwh_soc10_90_v5,1,6794,93.016,0.0
2026-05-25 17:25:45,20260525_172452_dk2022_150mw_300mwh_soc10_90_v5,1,6795,93.016,0.0
2026-05-25 17:25:45,20260525_172452_dk2022_150mw_300mwh_soc10_90_v5,1,6796,93.016,0.0
2026-05-25 17:25:45,20260525_172452_dk2022_150mw_300mwh_soc10_90_v5,1,6797,93.016,0.0
2026-05-25 17:25:45,20260525_172452_dk2022_150mw_300mwh_soc10_90_v5,1,6798,93.016,0.0
2026-05-25 17:25:45,20260525_172452_dk2022_150mw_300mwh_soc10_90_v5,1,6799,93.016,0.0
2026-05-25 17:25:45,20260525_172452_dk2022_150mw_300mwh_soc10_90_v5,1,6800,93.016,0.0
2026-05-25 17:25:45,20260525_172452_dk2022_150mw_300mwh_soc10_90_v5,1,6801,93.016,0.0
2026-05-25 17:25:45,20260525_172452_dk2022_150mw_300mwh_soc10_90_v5,1,6802,93.016,0.0
2026-05-25 17:25:45,20260525_172452_dk2022_150mw_300mwh_soc10_90_v5,1,6803,93.016,0.0
2026-05-25 17:25:45,20260525_172452_dk2022_150mw_300mwh_soc10_90_v5,1,6804,93.016,0.0
2026-05-25 17:25:45,20260525_172452_dk2022_150mw_300mwh_soc10_90_v5,1,6805,93.016,0.0
2026-05-25 17:25:45,20260525_172452_dk2022_150mw_300mwh_soc10_90_v5,1,6806,93.016,0.0
2026-05-25 17:25:45,20260525_172452_dk2022_150mw_300mwh_soc10_90_v5,1,6807,93.016,0.0
2026-05-25 17:25:45,20260525_172452_dk2022_150mw_300mwh_soc10_90_v5,1,6808,93.016,0.0
2026-05-25 17:25:45,20260525_172452_dk2022_150mw_300mwh_soc10_90_v5,1,6809,93.016,0.0
2026-05-25 17:25:45,20260525_172452_dk2022_150mw_300mwh_soc10_90_v5,1,6810,93.016,0.0
2026-05-25 17:25:45,20260525_172452_dk2022_150mw_300mwh_soc10_90_v5,1,6811,93.016,0.0
2026-05-25 17:25:45,20260525_172452_dk2022_150mw_300mwh_soc10_90_v5,1,6812,93.016,0.0
2026-05-25 17:25:45,20260525_172452_dk2022_150mw_300mwh_soc10_90_v5,1,6813,93.016,0.0
2026-05-25 17:25:45,20260525_172452_dk2022_150mw_300mwh_soc10_90_v5,1,6814,93.016,0.0
2026-05-25 17:25:45,20260525_172452_dk2022_150mw_300mwh_soc10_90_v5,1,6815,93.016,0.0
2026-05-25 17:25:45,20260525_172452_dk2022_150mw_300mwh_soc10_90_v5,1,6816,93.016,0.0
2026-05-25 17:25:45,20260525_172452_dk2022_150mw_300mwh_soc10_90_v5,1,6817,93.016,0.0
2026-05-25 17:25:45,20260525_172452_dk2022_150mw_300mwh_soc10_90_v5,1,6818,93.016,0.0
2026-05-25 17:25:45,20260525_172452_dk2022_150mw_300mwh_soc10_90_v5,1,6819,93.016,0.0
2026-05-25 17:25:45,20260525_172452_dk2022_150mw_300mwh_soc10_90_v5,1,6820,93.016,0.0
2026-05-25 17:25:45,20260525_172452_dk2022_150mw_300mwh_soc10_90_v5,1,6821,93.016,0.0
2026-05-25 17:25:45,20260525_172452_dk2022_150mw_300mwh_soc10_90_v5,1,6822,93.016,0.0
2026-05-25 17:25:45,20260525_172452_dk2022_150mw_300mwh_soc10_90_v5,1,6823,93.016,0.0
2026-05-25 17:25:45,20260525_172452_dk2022_150mw_300mwh_soc10_90_v5,1,6824,93.016,0.0
2026-05-25 17:25:45,20260525_172452_dk2022_150mw_300mwh_soc10_90_v5,1,6825,93.016,0.0
2026-05-25 17:25:45,20260525_172452_dk2022_150mw_300mwh_soc10_90_v5,1,6826,93.016,0.0
2026-05-25 17:25:45,20260525_172452_dk2022_150mw_300mwh_soc10_90_v5,1,6827,93.016,0.0
2026-05-25 17:25:45,20260525_172452_dk2022_150mw_300mwh_soc10_90_v5,1,6828,93.016,0.0
2026-05-25 17:25:45,20260525_172452_dk2022_150mw_300mwh_soc10_90_v5,1,6829,93.016,0.0
2026-05-25 17:25:45,20260525_172452_dk2022_150mw_300mwh_soc10_90_v5,1,6830,93.016,0.0
2026-05-25 17:25:45,20260525_172452_dk2022_150mw_300mwh_soc10_90_v5,1,6831,93.016,0.0
2026-05-25 17:25:45,20260525_172452_dk2022_150mw_300mwh_soc10_90_v5,1,6832,93.016,0.0
2026-05-25 17:25:45,20260525_172452_dk2022_150mw_300mwh_soc10_90_v5,1,6833,93.016,0.0
2026-05-25 17:25:45,20260525_172452_dk2022_150mw_300mwh_soc10_90_v5,1,6834,93.016,0.0
2026-05-25 17:25:45,20260525_172452_dk2022_150mw_300mwh_soc10_90_v5,1,6835,93.016,0.0
2026-05-25 17:25:45,20260525_172452_dk2022_150mw_300mwh_soc10_90_v5,1,6836,93.016,0.0
2026-05-25 17:25:45,20260525_172452_dk2022_150mw_300mwh_soc10_90_v5,1,6837,93.016,0.0
2026-05-25 17:25:45,20260525_172452_dk2022_150mw_300mwh_soc10_90_v5,1,6838,93.016,0.0
2026-05-25 17:25:45,20260525_172452_dk2022_150mw_300mwh_soc10_90_v5,1,6839,93.016,0.0
2026-05-25 17:25:45,20260525_172452_dk2022_150mw_300mwh_soc10_90_v5,1,6840,93.016,0.0
2026-05-25 17:25:45,20260525_172452_dk2022_150mw_300mwh_soc10_90_v5,1,6841,93.016,0.0
2026-05-25 17:25:45,20260525_172452_dk2022_150mw_300mwh_soc10_90_v5,1,6842,93.016,0.0
2026-05-25 17:25:45,20260525_172452_dk2022_150mw_300mwh_soc10_90_v5,1,6843,93.016,0.0
2026-05-25 17:25:45,20260525_172452_dk2022_150mw_300mwh_soc10_90_v5,1,6844,93.016,0.0
2026-05-25 17:25:45,20260525_172452_dk2022_150mw_300mwh_soc10_90_v5,1,6845,93.016,0.0
2026-05-25 17:25:45,20260525_172452_dk2022_150mw_300mwh_soc10_90_v5,1,6846,93.016,0.0
2026-05-25 17:25:45,20260525_172452_dk2022_150mw_300mwh_soc10_90_v5,1,6847,93.016,0.0
2026-05-25 17:25:45,20260525_172452_dk2022_150mw_300mwh_soc10_90_v5,1,6848,93.016,0.0
2026-05-25 17:25:45,20260525_172452_dk2022_150mw_300mwh_soc10_90_v5,1,6849,93.016,0.0
2026-05-25 17:25:45,20260525_172452_dk2022_150mw_300mwh_soc10_90_v5,1,6850,93.016,0.0
2026-05-25 17:25:45,20260525_172452_dk2022_150mw_300mwh_soc10_90_v5,1,6851,93.016,0.0
2026-05-25 17:25:45,20260525_172452_dk2022_150mw_300mwh_soc10_90_v5,1,6852,93.016,0.0
2026-05-25 17:25:45,20260525_172452_dk2022_150mw_300mwh_soc10_90_v5,1,6853,93.016,0.0
2026-05-25 17:25:45,20260525_172452_dk2022_150mw_300mwh_soc10_90_v5,1,6854,93.016,0.0
2026-05-25 17:25:45,20260525_172452_dk2022_150mw_300mwh_soc10_90_v5,1,6855,93.016,0.0
2026-05-25 17:25:45,20260525_172452_dk2022_150mw_300mwh_soc10_90_v5,1,6856,93.016,0.0
2026-05-25 17:25:45,20260525_172452_dk2022_150mw_300mwh_soc10_90_v5,1,6857,93.016,0.0
2026-05-25 17:25:45,20260525_172452_dk2022_150mw_300mwh_soc10_90_v5,1,6858,93.016,0.0
2026-05-25 17:25:45,20260525_172452_dk2022_150mw_300mwh_soc10_90_v5,1,6859,93.016,0.0
2026-05-25 17:25:45,20260525_172452_dk2022_150mw_300mwh_soc10_90_v5,1,6860,93.016,0.0
2026-05-25 17:25:45,20260525_172452_dk2022_150mw_300mwh_soc10_90_v5,1,6861,93.016,0.0
2026-05-25 17:25:45,20260525_172452_dk2022_150mw_300mwh_soc10_90_v5,1,6862,93.016,0.0
2026-05-25 17:25:45,20260525_172452_dk2022_150mw_300mwh_soc10_90_v5,1,6863,93.016,0.0
2026-05-25 17:25:45,20260525_172452_dk2022_150mw_300mwh_soc10_90_v5,1,6864,93.016,0.0
2026-05-25 17:25:45,20260525_172452_dk2022_150mw_300mwh_soc10_90_v5,1,6865,93.016,0.0
2026-05-25 17:25:45,20260525_172452_dk2022_150mw_300mwh_soc10_90_v5,1,6866,93.016,0.0
2026-05-25 17:25:45,20260525_172452_dk2022_150mw_300mwh_soc10_90_v5,1,6867,93.016,0.0
2026-05-25 17:25:45,20260525_172452_dk2022_150mw_300mwh_soc10_90_v5,1,6868,93.016,0.0
2026-05-25 17:25:45,20260525_172452_dk2022_150mw_300mwh_soc10_90_v5,1,6869,93.016,0.0
2026-05-25 17:25:45,20260525_172452_dk2022_150mw_300mwh_soc10_90_v5,1,6870,93.016,0.0
2026-05-25 17:25:45,20260525_172452_dk2022_150mw_300mwh_soc10_90_v5,1,6871,93.016,0.0
2026-05-25 17:25:45,20260525_172452_dk2022_150mw_300mwh_soc10_90_v5,1,6872,93.016,0.0
2026-05-25 17:25:45,20260525_172452_dk2022_150mw_300mwh_soc10_90_v5,1,6873,93.016,0.0
2026-05-25 17:25:45,20260525_172452_dk2022_150mw_300mwh_soc10_90_v5,1,6874,93.016,0.0
2026-05-25 17:25:45,20260525_172452_dk2022_150mw_300mwh_soc10_90_v5,1,6875,93.016,0.0
2026-05-25 17:25:45,20260525_172452_dk2022_150mw_300mwh_soc10_90_v5,1,6876,93.016,0.0
2026-05-25 17:25:45,20260525_172452_dk2022_150mw_300mwh_soc10_90_v5,1,6877,93.016,0.0
2026-05-25 17:25:45,20260525_172452_dk2022_150mw_300mwh_soc10_90_v5,1,6878,93.016,0.0
2026-05-25 17:25:45,20260525_172452_dk2022_150mw_300mwh_soc10_90_v5,1,6879,93.016,0.0
2026-05-25 17:25:45,20260525_172452_dk2022_150mw_300mwh_soc10_90_v5,1,6880,93.016,0.0
2026-05-25 17:25:45,20260525_172452_dk2022_150mw_300mwh_soc10_90_v5,1,6881,93.016,0.0
2026-05-25 17:25:45,20260525_172452_dk2022_150mw_300mwh_soc10_90_v5,1,6882,93.016,0.0
2026-05-25 17:25:45,20260525_172452_dk2022_150mw_300mwh_soc10_90_v5,1,6883,93.016,0.0
2026-05-25 17:25:45,20260525_172452_dk2022_150mw_300mwh_soc10_90_v5,1,6884,93.016,0.0
2026-05-25 17:25:45,20260525_172452_dk2022_150mw_300mwh_soc10_90_v5,1,6885,93.016,0.0
2026-05-25 17:25:45,20260525_172452_dk2022_150mw_300mwh_soc10_90_v5,1,6886,93.016,0.0
2026-05-25 17:25:45,20260525_172452_dk2022_150mw_300mwh_soc10_90_v5,1,6887,93.016,0.0
2026-05-25 17:25:45,20260525_172452_dk2022_150mw_300mwh_soc10_90_v5,1,6888,93.016,0.0
2026-05-25 17:25:45,20260525_172452_dk2022_150mw_300mwh_soc10_90_v5,1,6889,93.016,0.0
2026-05-25 17:25:45,20260525_172452_dk2022_150mw_300mwh_soc10_90_v5,1,6890,93.016,0.0
2026-05-25 17:25:45,20260525_172452_dk2022_150mw_300mwh_soc10_90_v5,1,6891,93.016,0.0
2026-05-25 17:25:45,20260525_172452_dk2022_150mw_300mwh_soc10_90_v5,1,6892,93.016,0.0
2026-05-25 17:25:45,20260525_172452_dk2022_150mw_300mwh_soc10_90_v5,1,6893,93.016,0.0
2026-05-25 17:25:45,20260525_172452_dk2022_150mw_300mwh_soc10_90_v5,1,6894,93.016,0.0
2026-05-25 17:25:45,20260525_172452_dk2022_150mw_300mwh_soc10_90_v5,1,6895,93.016,0.0
2026-05-25 17:25:45,20260525_172452_dk2022_150mw_300mwh_soc10_90_v5,1,6896,93.016,0.0
2026-05-25 17:25:45,20260525_172452_dk2022_150mw_300mwh_soc10_90_v5,1,6897,93.016,0.0
2026-05-25 17:25:45,20260525_172452_dk2022_150mw_300mwh_soc10_90_v5,1,6898,93.016,0.0
2026-05-25 17:25:45,20260525_172452_dk2022_150mw_300mwh_soc10_90_v5,1,6899,93.016,0.0
2026-05-25 17:25:45,20260525_172452_dk2022_150mw_300mwh_soc10_90_v5,1,6900,93.016,0.0
2026-05-25 17:25:45,20260525_172452_dk2022_150mw_300mwh_soc10_90_v5,1,6901,93.016,0.0
2026-05-25 17:25:45,20260525_172452_dk2022_150mw_300mwh_soc10_90_v5,1,6902,93.016,0.0
2026-05-25 17:25:45,20260525_172452_dk2022_150mw_300mwh_soc10_90_v5,1,6903,93.016,0.0
2026-05-25 17:25:45,20260525_172452_dk2022_150mw_300mwh_soc10_90_v5,1,6904,93.016,0.0
2026-05-25 17:25:45,20260525_172452_dk2022_150mw_300mwh_soc10_90_v5,1,6905,93.016,0.0
2026-05-25 17:25:45,20260525_172452_dk2022_150mw_300mwh_soc10_90_v5,1,6906,93.016,0.0
2026-05-25 17:25:45,20260525_172452_dk2022_150mw_300mwh_soc10_90_v5,1,6907,93.016,0.0
2026-05-25 17:25:45,20260525_172452_dk2022_150mw_300mwh_soc10_90_v5,1,6908,93.016,0.0
2026-05-25 17:25:45,20260525_172452_dk2022_150mw_300mwh_soc10_90_v5,1,6909,93.016,0.0
2026-05-25 17:25:45,20260525_172452_dk2022_150mw_300mwh_soc10_90_v5,1,6910,93.016,0.0
2026-05-25 17:25:45,20260525_172452_dk2022_150mw_300mwh_soc10_90_v5,1,6911,93.016,0.0
2026-05-25 17:25:45,20260525_172452_dk2022_150mw_300mwh_soc10_90_v5,1,6912,93.016,0.0
2026-05-25 17:25:45,20260525_172452_dk2022_150mw_300mwh_soc10_90_v5,1,6913,93.016,0.0
2026-05-25 17:25:45,20260525_172452_dk2022_150mw_300mwh_soc10_90_v5,1,6914,93.016,0.0
2026-05-25 17:25:45,20260525_172452_dk2022_150mw_300mwh_soc10_90_v5,1,6915,93.016,0.0
2026-05-25 17:25:45,20260525_172452_dk2022_150mw_300mwh_soc10_90_v5,1,6916,93.016,0.0
2026-05-25 17:25:45,20260525_172452_dk2022_150mw_300mwh_soc10_90_v5,1,6917,93.016,0.0
2026-05-25 17:25:45,20260525_172452_dk2022_150mw_300mwh_soc10_90_v5,1,6918,93.016,0.0
2026-05-25 17:25:45,20260525_172452_dk2022_150mw_300mwh_soc10_90_v5,1,6919,93.016,0.0
2026-05-25 17:25:45,20260525_172452_dk2022_150mw_300mwh_soc10_90_v5,1,6920,93.016,0.0
2026-05-25 17:25:45,20260525_172452_dk2022_150mw_300mwh_soc10_90_v5,1,6921,93.016,0.0
2026-05-25 17:25:45,20260525_172452_dk2022_150mw_300mwh_soc10_90_v5,1,6922,93.016,0.0
2026-05-25 17:25:45,20260525_172452_dk2022_150mw_300mwh_soc10_90_v5,1,6923,93.016,0.0
2026-05-25 17:25:45,20260525_172452_dk2022_150mw_300mwh_soc10_90_v5,1,6924,93.016,0.0
2026-05-25 17:25:45,20260525_172452_dk2022_150mw_300mwh_soc10_90_v5,1,6925,93.016,0.0
2026-05-25 17:25:45,20260525_172452_dk2022_150mw_300mwh_soc10_90_v5,1,6926,93.016,0.0
2026-05-25 17:25:45,20260525_172452_dk2022_150mw_300mwh_soc10_90_v5,1,6927,93.016,0.0
2026-05-25 17:25:45,20260525_172452_dk2022_150mw_300mwh_soc10_90_v5,1,6928,93.016,0.0
2026-05-25 17:25:45,20260525_172452_dk2022_150mw_300mwh_soc10_90_v5,1,6929,93.016,0.0
2026-05-25 17:25:45,20260525_172452_dk2022_150mw_300mwh_soc10_90_v5,1,6930,93.016,0.0
2026-05-25 17:25:45,20260525_172452_dk2022_150mw_300mwh_soc10_90_v5,1,6931,93.016,0.0
2026-05-25 17:25:45,20260525_172452_dk2022_150mw_300mwh_soc10_90_v5,1,6932,93.016,0.0
2026-05-25 17:25:45,20260525_172452_dk2022_150mw_300mwh_soc10_90_v5,1,6933,93.016,0.0
2026-05-25 17:25:45,20260525_172452_dk2022_150mw_300mwh_soc10_90_v5,1,6934,93.016,0.0
2026-05-25 17:25:45,20260525_172452_dk2022_150mw_300mwh_soc10_90_v5,1,6935,93.016,0.0
2026-05-25 17:25:45,20260525_172452_dk2022_150mw_300mwh_soc10_90_v5,1,6936,93.016,0.0
2026-05-25 17:25:45,20260525_172452_dk2022_150mw_300mwh_soc10_90_v5,1,6937,93.016,0.0
2026-05-25 17:25:45,20260525_172452_dk2022_150mw_300mwh_soc10_90_v5,1,6938,93.016,0.0
2026-05-25 17:25:45,20260525_172452_dk2022_150mw_300mwh_soc10_90_v5,1,6939,93.016,0.0
2026-05-25 17:25:45,20260525_172452_dk2022_150mw_300mwh_soc10_90_v5,1,6940,93.016,0.0
2026-05-25 17:25:45,20260525_172452_dk2022_150mw_300mwh_soc10_90_v5,1,6941,93.016,0.0
2026-05-25 17:25:45,20260525_172452_dk2022_150mw_300mwh_soc10_90_v5,1,6942,93.016,0.0
2026-05-25 17:25:45,20260525_172452_dk2022_150mw_300mwh_soc10_90_v5,1,6943,93.016,0.0
2026-05-25 17:25:45,20260525_172452_dk2022_150mw_300mwh_soc10_90_v5,1,6944,93.016,0.0
2026-05-25 17:25:45,20260525_172452_dk2022_150mw_300mwh_soc10_90_v5,1,6945,93.016,0.0
2026-05-25 17:25:45,20260525_172452_dk2022_150mw_300mwh_soc10_90_v5,1,6946,93.016,0.0
2026-05-25 17:25:45,20260525_172452_dk2022_150mw_300mwh_soc10_90_v5,1,6947,93.016,0.0
2026-05-25 17:25:45,20260525_172452_dk2022_150mw_300mwh_soc10_90_v5,1,6948,93.016,0.0
2026-05-25 17:25:45,20260525_172452_dk2022_150mw_300mwh_soc10_90_v5,1,6949,93.016,0.0
2026-05-25 17:25:45,20260525_172452_dk2022_150mw_300mwh_soc10_90_v5,1,6950,93.016,0.0
2026-05-25 17:25:45,20260525_172452_dk2022_150mw_300mwh_soc10_90_v5,1,6951,93.016,0.0
2026-05-25 17:25:45,20260525_172452_dk2022_150mw_300mwh_soc10_90_v5,1,6952,93.016,0.0
2026-05-25 17:25:45,20260525_172452_dk2022_150mw_300mwh_soc10_90_v5,1,6953,93.016,0.0
2026-05-25 17:25:45,20260525_172452_dk2022_150mw_300mwh_soc10_90_v5,1,6954,93.016,0.0
2026-05-25 17:25:45,20260525_172452_dk2022_150mw_300mwh_soc10_90_v5,1,6955,93.016,0.0
2026-05-25 17:25:45,20260525_172452_dk2022_150mw_300mwh_soc10_90_v5,1,6956,93.016,0.0
2026-05-25 17:25:45,20260525_172452_dk2022_150mw_300mwh_soc10_90_v5,1,6957,93.016,0.0
2026-05-25 17:25:45,20260525_172452_dk2022_150mw_300mwh_soc10_90_v5,1,6958,93.016,0.0
2026-05-25 17:25:45,20260525_172452_dk2022_150mw_300mwh_soc10_90_v5,1,6959,93.016,0.0
2026-05-25 17:25:45,20260525_172452_dk2022_150mw_300mwh_soc10_90_v5,1,6960,93.016,0.0
2026-05-25 17:25:45,20260525_172452_dk2022_150mw_300mwh_soc10_90_v5,1,6961,93.016,0.0
2026-05-25 17:25:45,20260525_172452_dk2022_150mw_300mwh_soc10_90_v5,1,6962,93.016,0.0
2026-05-25 17:25:45,20260525_172452_dk2022_150mw_300mwh_soc10_90_v5,1,6963,93.016,0.0
2026-05-25 17:25:45,20260525_172452_dk2022_150mw_300mwh_soc10_90_v5,1,6964,93.016,0.0
2026-05-25 17:25:45,20260525_172452_dk2022_150mw_300mwh_soc10_90_v5,1,6965,93.016,0.0
2026-05-25 17:25:45,20260525_172452_dk2022_150mw_300mwh_soc10_90_v5,1,6966,93.016,0.0
2026-05-25 17:25:45,20260525_172452_dk2022_150mw_300mwh_soc10_90_v5,1,6967,93.016,0.0
2026-05-25 17:25:45,20260525_172452_dk2022_150mw_300mwh_soc10_90_v5,1,6968,93.016,0.0
2026-05-25 17:25:45,20260525_172452_dk2022_150mw_300mwh_soc10_90_v5,1,6969,93.016,0.0
2026-05-25 17:25:45,20260525_172452_dk2022_150mw_300mwh_soc10_90_v5,1,6970,93.016,0.0
2026-05-25 17:25:45,20260525_172452_dk2022_150mw_300mwh_soc10_90_v5,1,6971,93.016,0.0
2026-05-25 17:25:45,20260525_172452_dk2022_150mw_300mwh_soc10_90_v5,1,6972,93.016,0.0
2026-05-25 17:25:45,20260525_172452_dk2022_150mw_300mwh_soc10_90_v5,1,6973,93.016,0.0
2026-05-25 17:25:45,20260525_172452_dk2022_150mw_300mwh_soc10_90_v5,1,6974,93.016,0.0
2026-05-25 17:25:45,20260525_172452_dk2022_150mw_300mwh_soc10_90_v5,1,6975,93.016,0.0
2026-05-25 17:25:45,20260525_172452_dk2022_150mw_300mwh_soc10_90_v5,1,6976,93.016,0.0
2026-05-25 17:25:45,20260525_172452_dk2022_150mw_300mwh_soc10_90_v5,1,6977,93.016,0.0
2026-05-25 17:25:45,20260525_172452_dk2022_150mw_300mwh_soc10_90_v5,1,6978,93.016,0.0
2026-05-25 17:25:45,20260525_172452_dk2022_150mw_300mwh_soc10_90_v5,1,6979,93.016,0.0
2026-05-25 17:25:45,20260525_172452_dk2022_150mw_300mwh_soc10_90_v5,1,6980,93.016,0.0
2026-05-25 17:25:45,20260525_172452_dk2022_150mw_300mwh_soc10_90_v5,1,6981,93.016,0.0
2026-05-25 17:25:45,20260525_172452_dk2022_150mw_300mwh_soc10_90_v5,1,6982,93.016,0.0
2026-05-25 17:25:45,20260525_172452_dk2022_150mw_300mwh_soc10_90_v5,1,6983,93.016,0.0
2026-05-25 17:25:45,20260525_172452_dk2022_150mw_300mwh_soc10_90_v5,1,6984,93.016,0.0
2026-05-25 17:25:45,20260525_172452_dk2022_150mw_300mwh_soc10_90_v5,1,6985,93.016,0.0
2026-05-25 17:25:45,20260525_172452_dk2022_150mw_300mwh_soc10_90_v5,1,6986,93.016,0.0
2026-05-25 17:25:45,20260525_172452_dk2022_150mw_300mwh_soc10_90_v5,1,6987,93.016,0.0
2026-05-25 17:25:45,20260525_172452_dk2022_150mw_300mwh_soc10_90_v5,1,6988,93.016,0.0
2026-05-25 17:25:45,20260525_172452_dk2022_150mw_300mwh_soc10_90_v5,1,6989,93.016,0.0
2026-05-25 17:25:45,20260525_172452_dk2022_150mw_300mwh_soc10_90_v5,1,6990,93.016,0.0
2026-05-25 17:25:45,20260525_172452_dk2022_150mw_300mwh_soc10_90_v5,1,6991,93.016,0.0
2026-05-25 17:25:45,20260525_172452_dk2022_150mw_300mwh_soc10_90_v5,1,6992,93.016,0.0
2026-05-25 17:25:45,20260525_172452_dk2022_150mw_300mwh_soc10_90_v5,1,6993,93.016,0.0
2026-05-25 17:25:45,20260525_172452_dk2022_150mw_300mwh_soc10_90_v5,1,6994,93.016,0.0
2026-05-25 17:25:45,20260525_172452_dk2022_150mw_300mwh_soc10_90_v5,1,6995,93.016,0.0
2026-05-25 17:25:45,20260525_172452_dk2022_150mw_300mwh_soc10_90_v5,1,6996,93.016,0.0
2026-05-25 17:25:45,20260525_172452_dk2022_150mw_300mwh_soc10_90_v5,1,6997,93.016,0.0
2026-05-25 17:25:45,20260525_172452_dk2022_150mw_300mwh_soc10_90_v5,1,6998,93.016,0.0
2026-05-25 17:25:45,20260525_172452_dk2022_150mw_300mwh_soc10_90_v5,1,6999,93.016,0.0
2026-05-25 17:25:45,20260525_172452_dk2022_150mw_300mwh_soc10_90_v5,1,7000,93.016,0.0
2026-05-25 17:25:45,20260525_172452_dk2022_150mw_300mwh_soc10_90_v5,1,7001,93.016,0.0
2026-05-25 17:25:45,20260525_172452_dk2022_150mw_300mwh_soc10_90_v5,1,7002,93.016,0.0
2026-05-25 17:25:45,20260525_172452_dk2022_150mw_300mwh_soc10_90_v5,1,7003,93.016,0.0
2026-05-25 17:25:45,20260525_172452_dk2022_150mw_300mwh_soc10_90_v5,1,7004,93.016,0.0
2026-05-25 17:25:45,20260525_172452_dk2022_150mw_300mwh_soc10_90_v5,1,7005,93.016,0.0
2026-05-25 17:25:45,20260525_172452_dk2022_150mw_300mwh_soc10_90_v5,1,7006,93.016,0.0
2026-05-25 17:25:45,20260525_172452_dk2022_150mw_300mwh_soc10_90_v5,1,7007,93.016,3.70309301
2026-05-25 17:25:45,20260525_172452_dk2022_150mw_300mwh_soc10_90_v5,1,7008,93.016,0.0
2026-05-25 17:25:45,20260525_172452_dk2022_150mw_300mwh_soc10_90_v5,1,7009,93.016,0.0
2026-05-25 17:25:45,20260525_172452_dk2022_150mw_300mwh_soc10_90_v5,1,7010,93.016,0.0
2026-05-25 17:25:45,20260525_172452_dk2022_150mw_300mwh_soc10_90_v5,1,7011,93.016,0.0
2026-05-25 17:25:45,20260525_172452_dk2022_150mw_300mwh_soc10_90_v5,1,7012,93.016,0.0
2026-05-25 17:25:45,20260525_172452_dk2022_150mw_300mwh_soc10_90_v5,1,7013,93.016,0.0
2026-05-25 17:25:45,20260525_172452_dk2022_150mw_300mwh_soc10_90_v5,1,7014,93.016,0.0
2026-05-25 17:25:45,20260525_172452_dk2022_150mw_300mwh_soc10_90_v5,1,7015,93.016,0.0
2026-05-25 17:25:45,20260525_172452_dk2022_150mw_300mwh_soc10_90_v5,1,7016,93.016,-3.24911932
2026-05-25 17:25:45,20260525_172452_dk2022_150mw_300mwh_soc10_90_v5,1,7017,93.016,-3.24911932
2026-05-25 17:25:45,20260525_172452_dk2022_150mw_300mwh_soc10_90_v5,1,7018,93.016,0.0
2026-05-25 17:25:45,20260525_172452_dk2022_150mw_300mwh_soc10_90_v5,1,7019,93.016,0.0
2026-05-25 17:25:45,20260525_172452_dk2022_150mw_300mwh_soc10_90_v5,1,7020,93.016,0.0
2026-05-25 17:25:45,20260525_172452_dk2022_150mw_300mwh_soc10_90_v5,1,7021,93.016,0.0
2026-05-25 17:25:45,20260525_172452_dk2022_150mw_300mwh_soc10_90_v5,1,7022,93.016,0.0
2026-05-25 17:25:45,20260525_172452_dk2022_150mw_300mwh_soc10_90_v5,1,7023,93.016,0.0
2026-05-25 17:25:45,20260525_172452_dk2022_150mw_300mwh_soc10_90_v5,1,7024,93.016,0.0
2026-05-25 17:25:45,20260525_172452_dk2022_150mw_300mwh_soc10_90_v5,1,7025,93.016,0.0
2026-05-25 17:25:45,20260525_172452_dk2022_150mw_300mwh_soc10_90_v5,1,7026,93.016,0.0
2026-05-25 17:25:45,20260525_172452_dk2022_150mw_300mwh_soc10_90_v5,1,7027,93.016,0.0
2026-05-25 17:25:45,20260525_172452_dk2022_150mw_300mwh_soc10_90_v5,1,7028,93.016,0.0
2026-05-25 17:25:45,20260525_172452_dk2022_150mw_300mwh_soc10_90_v5,1,7029,93.016,0.0
2026-05-25 17:25:45,20260525_172452_dk2022_150mw_300mwh_soc10_90_v5,1,7030,93.016,0.0
2026-05-25 17:25:45,20260525_172452_dk2022_150mw_300mwh_soc10_90_v5,1,7031,93.016,0.0
2026-05-25 17:25:45,20260525_172452_dk2022_150mw_300mwh_soc10_90_v5,1,7032,93.016,0.0
2026-05-25 17:25:45,20260525_172452_dk2022_150mw_300mwh_soc10_90_v5,1,7033,93.016,0.0
2026-05-25 17:25:45,20260525_172452_dk2022_150mw_300mwh_soc10_90_v5,1,7034,93.016,0.0
2026-05-25 17:25:45,20260525_172452_dk2022_150mw_300mwh_soc10_90_v5,1,7035,93.016,0.0
2026-05-25 17:25:45,20260525_172452_dk2022_150mw_300mwh_soc10_90_v5,1,7036,93.016,0.0
2026-05-25 17:25:45,20260525_172452_dk2022_150mw_300mwh_soc10_90_v5,1,7037,93.016,0.0
2026-05-25 17:25:45,20260525_172452_dk2022_150mw_300mwh_soc10_90_v5,1,7038,93.016,0.0
2026-05-25 17:25:45,20260525_172452_dk2022_150mw_300mwh_soc10_90_v5,1,7039,93.016,0.0
2026-05-25 17:25:45,20260525_172452_dk2022_150mw_300mwh_soc10_90_v5,1,7040,93.016,0.0
2026-05-25 17:25:45,20260525_172452_dk2022_150mw_300mwh_soc10_90_v5,1,7041,93.016,0.0
2026-05-25 17:25:45,20260525_172452_dk2022_150mw_300mwh_soc10_90_v5,1,7042,93.016,0.0
2026-05-25 17:25:45,20260525_172452_dk2022_150mw_300mwh_soc10_90_v5,1,7043,93.016,0.0
2026-05-25 17:25:45,20260525_172452_dk2022_150mw_300mwh_soc10_90_v5,1,7044,93.016,0.0
2026-05-25 17:25:45,20260525_172452_dk2022_150mw_300mwh_soc10_90_v5,1,7045,93.016,0.0
2026-05-25 17:25:45,20260525_172452_dk2022_150mw_300mwh_soc10_90_v5,1,7046,93.016,0.0
2026-05-25 17:25:45,20260525_172452_dk2022_150mw_300mwh_soc10_90_v5,1,7047,93.016,0.0
2026-05-25 17:25:45,20260525_172452_dk2022_150mw_300mwh_soc10_90_v5,1,7048,93.016,0.0
2026-05-25 17:25:45,20260525_172452_dk2022_150mw_300mwh_soc10_90_v5,1,7049,93.016,0.0
2026-05-25 17:25:45,20260525_172452_dk2022_150mw_300mwh_soc10_90_v5,1,7050,93.016,0.0
2026-05-25 17:25:45,20260525_172452_dk2022_150mw_300mwh_soc10_90_v5,1,7051,93.016,0.0
2026-05-25 17:25:45,20260525_172452_dk2022_150mw_300mwh_soc10_90_v5,1,7052,93.016,0.0
2026-05-25 17:25:45,20260525_172452_dk2022_150mw_300mwh_soc10_90_v5,1,7053,93.016,0.0
2026-05-25 17:25:45,20260525_172452_dk2022_150mw_300mwh_soc10_90_v5,1,7054,93.016,0.0
2026-05-25 17:25:45,20260525_172452_dk2022_150mw_300mwh_soc10_90_v5,1,7055,93.016,0.0
2026-05-25 17:25:45,20260525_172452_dk2022_150mw_300mwh_soc10_90_v5,1,7056,93.016,0.0
2026-05-25 17:25:45,20260525_172452_dk2022_150mw_300mwh_soc10_90_v5,1,7057,93.016,0.0
2026-05-25 17:25:45,20260525_172452_dk2022_150mw_300mwh_soc10_90_v5,1,7058,93.016,0.0
2026-05-25 17:25:45,20260525_172452_dk2022_150mw_300mwh_soc10_90_v5,1,7059,93.016,0.0
2026-05-25 17:25:45,20260525_172452_dk2022_150mw_300mwh_soc10_90_v5,1,7060,93.016,0.0
2026-05-25 17:25:45,20260525_172452_dk2022_150mw_300mwh_soc10_90_v5,1,7061,93.016,0.0
2026-05-25 17:25:45,20260525_172452_dk2022_150mw_300mwh_soc10_90_v5,1,7062,93.016,0.0
2026-05-25 17:25:45,20260525_172452_dk2022_150mw_300mwh_soc10_90_v5,1,7063,93.016,0.0
2026-05-25 17:25:45,20260525_172452_dk2022_150mw_300mwh_soc10_90_v5,1,7064,93.016,0.0
2026-05-25 17:25:45,20260525_172452_dk2022_150mw_300mwh_soc10_90_v5,1,7065,93.016,0.0
2026-05-25 17:25:45,20260525_172452_dk2022_150mw_300mwh_soc10_90_v5,1,7066,93.016,0.0
2026-05-25 17:25:45,20260525_172452_dk2022_150mw_300mwh_soc10_90_v5,1,7067,93.016,0.0
2026-05-25 17:25:45,20260525_172452_dk2022_150mw_300mwh_soc10_90_v5,1,7068,93.016,0.0
2026-05-25 17:25:45,20260525_172452_dk2022_150mw_300mwh_soc10_90_v5,1,7069,93.016,0.0
2026-05-25 17:25:45,20260525_172452_dk2022_150mw_300mwh_soc10_90_v5,1,7070,93.016,0.0
2026-05-25 17:25:45,20260525_172452_dk2022_150mw_300mwh_soc10_90_v5,1,7071,93.016,0.0
2026-05-25 17:25:45,20260525_172452_dk2022_150mw_300mwh_soc10_90_v5,1,7072,93.016,0.0
2026-05-25 17:25:45,20260525_172452_dk2022_150mw_300mwh_soc10_90_v5,1,7073,93.016,0.0
2026-05-25 17:25:45,20260525_172452_dk2022_150mw_300mwh_soc10_90_v5,1,7074,93.016,0.0
2026-05-25 17:25:45,20260525_172452_dk2022_150mw_300mwh_soc10_90_v5,1,7075,93.016,0.0
2026-05-25 17:25:45,20260525_172452_dk2022_150mw_300mwh_soc10_90_v5,1,7076,93.016,0.0
2026-05-25 17:25:45,20260525_172452_dk2022_150mw_300mwh_soc10_90_v5,1,7077,93.016,0.0
2026-05-25 17:25:45,20260525_172452_dk2022_150mw_300mwh_soc10_90_v5,1,7078,93.016,0.0
2026-05-25 17:25:45,20260525_172452_dk2022_150mw_300mwh_soc10_90_v5,1,7079,93.016,0.0
2026-05-25 17:25:45,20260525_172452_dk2022_150mw_300mwh_soc10_90_v5,1,7080,93.016,0.0
2026-05-25 17:25:45,20260525_172452_dk2022_150mw_300mwh_soc10_90_v5,1,7081,93.016,0.0
2026-05-25 17:25:45,20260525_172452_dk2022_150mw_300mwh_soc10_90_v5,1,7082,93.016,0.0
2026-05-25 17:25:45,20260525_172452_dk2022_150mw_300mwh_soc10_90_v5,1,7083,93.016,0.0
2026-05-25 17:25:45,20260525_172452_dk2022_150mw_300mwh_soc10_90_v5,1,7084,93.016,0.0
2026-05-25 17:25:45,20260525_172452_dk2022_150mw_300mwh_soc10_90_v5,1,7085,93.016,0.0
2026-05-25 17:25:45,20260525_172452_dk2022_150mw_300mwh_soc10_90_v5,1,7086,93.016,0.0
2026-05-25 17:25:45,20260525_172452_dk2022_150mw_300mwh_soc10_90_v5,1,7087,93.016,0.0
2026-05-25 17:25:45,20260525_172452_dk2022_150mw_300mwh_soc10_90_v5,1,7088,93.016,0.0
2026-05-25 17:25:45,20260525_172452_dk2022_150mw_300mwh_soc10_90_v5,1,7089,93.016,0.0
2026-05-25 17:25:45,20260525_172452_dk2022_150mw_300mwh_soc10_90_v5,1,7090,93.016,0.0
2026-05-25 17:25:45,20260525_172452_dk2022_150mw_300mwh_soc10_90_v5,1,7091,93.016,0.0
2026-05-25 17:25:45,20260525_172452_dk2022_150mw_300mwh_soc10_90_v5,1,7092,93.016,0.0
2026-05-25 17:25:45,20260525_172452_dk2022_150mw_300mwh_soc10_90_v5,1,7093,93.016,0.0
2026-05-25 17:25:45,20260525_172452_dk2022_150mw_300mwh_soc10_90_v5,1,7094,93.016,0.0
2026-05-25 17:25:45,20260525_172452_dk2022_150mw_300mwh_soc10_90_v5,1,7095,93.016,0.0
2026-05-25 17:25:45,20260525_172452_dk2022_150mw_300mwh_soc10_90_v5,1,7096,93.016,0.0
2026-05-25 17:25:45,20260525_172452_dk2022_150mw_300mwh_soc10_90_v5,1,7097,93.016,0.0
2026-05-25 17:25:45,20260525_172452_dk2022_150mw_300mwh_soc10_90_v5,1,7098,93.016,0.0
2026-05-25 17:25:45,20260525_172452_dk2022_150mw_300mwh_soc10_90_v5,1,7099,93.016,0.0
2026-05-25 17:25:45,20260525_172452_dk2022_150mw_300mwh_soc10_90_v5,1,7100,93.016,0.0
2026-05-25 17:25:45,20260525_172452_dk2022_150mw_300mwh_soc10_90_v5,1,7101,93.016,0.0
2026-05-25 17:25:45,20260525_172452_dk2022_150mw_300mwh_soc10_90_v5,1,7102,93.016,0.0
2026-05-25 17:25:45,20260525_172452_dk2022_150mw_300mwh_soc10_90_v5,1,7103,93.016,0.0
2026-05-25 17:25:45,20260525_172452_dk2022_150mw_300mwh_soc10_90_v5,1,7104,93.016,0.0
2026-05-25 17:25:45,20260525_172452_dk2022_150mw_300mwh_soc10_90_v5,1,7105,93.016,0.0
2026-05-25 17:25:45,20260525_172452_dk2022_150mw_300mwh_soc10_90_v5,1,7106,93.016,0.0
2026-05-25 17:25:45,20260525_172452_dk2022_150mw_300mwh_soc10_90_v5,1,7107,93.016,0.0
2026-05-25 17:25:45,20260525_172452_dk2022_150mw_300mwh_soc10_90_v5,1,7108,93.016,0.0
2026-05-25 17:25:45,20260525_172452_dk2022_150mw_300mwh_soc10_90_v5,1,7109,93.016,0.0
2026-05-25 17:25:45,20260525_172452_dk2022_150mw_300mwh_soc10_90_v5,1,7110,93.016,0.0
2026-05-25 17:25:45,20260525_172452_dk2022_150mw_300mwh_soc10_90_v5,1,7111,93.016,0.0
2026-05-25 17:25:45,20260525_172452_dk2022_150mw_300mwh_soc10_90_v5,1,7112,93.016,0.0
2026-05-25 17:25:45,20260525_172452_dk2022_150mw_300mwh_soc10_90_v5,1,7113,93.016,0.0
2026-05-25 17:25:45,20260525_172452_dk2022_150mw_300mwh_soc10_90_v5,1,7114,93.016,0.0
2026-05-25 17:25:45,20260525_172452_dk2022_150mw_300mwh_soc10_90_v5,1,7115,93.016,0.0
2026-05-25 17:25:45,20260525_172452_dk2022_150mw_300mwh_soc10_90_v5,1,7116,93.016,0.0
2026-05-25 17:25:45,20260525_172452_dk2022_150mw_300mwh_soc10_90_v5,1,7117,93.016,0.0
2026-05-25 17:25:45,20260525_172452_dk2022_150mw_300mwh_soc10_90_v5,1,7118,93.016,0.0
2026-05-25 17:25:45,20260525_172452_dk2022_150mw_300mwh_soc10_90_v5,1,7119,93.016,0.0
2026-05-25 17:25:45,20260525_172452_dk2022_150mw_300mwh_soc10_90_v5,1,7120,93.016,0.0
2026-05-25 17:25:45,20260525_172452_dk2022_150mw_300mwh_soc10_90_v5,1,7121,93.016,0.0
2026-05-25 17:25:45,20260525_172452_dk2022_150mw_300mwh_soc10_90_v5,1,7122,93.016,0.0
2026-05-25 17:25:45,20260525_172452_dk2022_150mw_300mwh_soc10_90_v5,1,7123,93.016,0.0
2026-05-25 17:25:45,20260525_172452_dk2022_150mw_300mwh_soc10_90_v5,1,7124,93.016,0.0
2026-05-25 17:25:45,20260525_172452_dk2022_150mw_300mwh_soc10_90_v5,1,7125,93.016,0.0
2026-05-25 17:25:45,20260525_172452_dk2022_150mw_300mwh_soc10_90_v5,1,7126,93.016,0.0
2026-05-25 17:25:45,20260525_172452_dk2022_150mw_300mwh_soc10_90_v5,1,7127,93.016,0.0
2026-05-25 17:25:45,20260525_172452_dk2022_150mw_300mwh_soc10_90_v5,1,7128,93.016,0.0
2026-05-25 17:25:45,20260525_172452_dk2022_150mw_300mwh_soc10_90_v5,1,7129,93.016,0.0
2026-05-25 17:25:45,20260525_172452_dk2022_150mw_300mwh_soc10_90_v5,1,7130,93.016,0.0
2026-05-25 17:25:45,20260525_172452_dk2022_150mw_300mwh_soc10_90_v5,1,7131,93.016,0.0
2026-05-25 17:25:45,20260525_172452_dk2022_150mw_300mwh_soc10_90_v5,1,7132,93.016,0.0
2026-05-25 17:25:45,20260525_172452_dk2022_150mw_300mwh_soc10_90_v5,1,7133,93.016,0.0
2026-05-25 17:25:45,20260525_172452_dk2022_150mw_300mwh_soc10_90_v5,1,7134,93.016,0.0
2026-05-25 17:25:45,20260525_172452_dk2022_150mw_300mwh_soc10_90_v5,1,7135,93.016,0.0
2026-05-25 17:25:45,20260525_172452_dk2022_150mw_300mwh_soc10_90_v5,1,7136,93.016,0.0
2026-05-25 17:25:45,20260525_172452_dk2022_150mw_300mwh_soc10_90_v5,1,7137,93.016,0.0
2026-05-25 17:25:45,20260525_172452_dk2022_150mw_300mwh_soc10_90_v5,1,7138,93.016,0.0
2026-05-25 17:25:45,20260525_172452_dk2022_150mw_300mwh_soc10_90_v5,1,7139,93.016,0.0
2026-05-25 17:25:45,20260525_172452_dk2022_150mw_300mwh_soc10_90_v5,1,7140,93.016,0.0
2026-05-25 17:25:45,20260525_172452_dk2022_150mw_300mwh_soc10_90_v5,1,7141,93.016,0.0
2026-05-25 17:25:45,20260525_172452_dk2022_150mw_300mwh_soc10_90_v5,1,7142,93.016,0.0
2026-05-25 17:25:45,20260525_172452_dk2022_150mw_300mwh_soc10_90_v5,1,7143,93.016,0.0
2026-05-25 17:25:45,20260525_172452_dk2022_150mw_300mwh_soc10_90_v5,1,7144,93.016,0.0
2026-05-25 17:25:45,20260525_172452_dk2022_150mw_300mwh_soc10_90_v5,1,7145,93.016,0.0
2026-05-25 17:25:45,20260525_172452_dk2022_150mw_300mwh_soc10_90_v5,1,7146,93.016,0.0
2026-05-25 17:25:45,20260525_172452_dk2022_150mw_300mwh_soc10_90_v5,1,7147,93.016,0.0
2026-05-25 17:25:45,20260525_172452_dk2022_150mw_300mwh_soc10_90_v5,1,7148,93.016,0.0
2026-05-25 17:25:45,20260525_172452_dk2022_150mw_300mwh_soc10_90_v5,1,7149,93.016,0.0
2026-05-25 17:25:45,20260525_172452_dk2022_150mw_300mwh_soc10_90_v5,1,7150,93.016,0.0
2026-05-25 17:25:45,20260525_172452_dk2022_150mw_300mwh_soc10_90_v5,1,7151,93.016,0.0
2026-05-25 17:25:45,20260525_172452_dk2022_150mw_300mwh_soc10_90_v5,1,7152,93.016,0.0
2026-05-25 17:25:45,20260525_172452_dk2022_150mw_300mwh_soc10_90_v5,1,7153,93.016,0.0
2026-05-25 17:25:45,20260525_172452_dk2022_150mw_300mwh_soc10_90_v5,1,7154,93.016,0.0
2026-05-25 17:25:45,20260525_172452_dk2022_150mw_300mwh_soc10_90_v5,1,7155,93.016,0.0
2026-05-25 17:25:45,20260525_172452_dk2022_150mw_300mwh_soc10_90_v5,1,7156,93.016,0.0
2026-05-25 17:25:45,20260525_172452_dk2022_150mw_300mwh_soc10_90_v5,1,7157,93.016,0.0
2026-05-25 17:25:45,20260525_172452_dk2022_150mw_300mwh_soc10_90_v5,1,7158,93.016,0.0
2026-05-25 17:25:45,20260525_172452_dk2022_150mw_300mwh_soc10_90_v5,1,7159,93.016,0.0
2026-05-25 17:25:45,20260525_172452_dk2022_150mw_300mwh_soc10_90_v5,1,7160,93.016,0.0
2026-05-25 17:25:45,20260525_172452_dk2022_150mw_300mwh_soc10_90_v5,1,7161,93.016,0.0
2026-05-25 17:25:45,20260525_172452_dk2022_150mw_300mwh_soc10_90_v5,1,7162,93.016,0.0
2026-05-25 17:25:45,20260525_172452_dk2022_150mw_300mwh_soc10_90_v5,1,7163,93.016,0.0
2026-05-25 17:25:45,20260525_172452_dk2022_150mw_300mwh_soc10_90_v5,1,7164,93.016,0.0
2026-05-25 17:25:45,20260525_172452_dk2022_150mw_300mwh_soc10_90_v5,1,7165,93.016,0.0
2026-05-25 17:25:45,20260525_172452_dk2022_150mw_300mwh_soc10_90_v5,1,7166,93.016,0.0
2026-05-25 17:25:45,20260525_172452_dk2022_150mw_300mwh_soc10_90_v5,1,7167,93.016,0.0
2026-05-25 17:25:45,20260525_172452_dk2022_150mw_300mwh_soc10_90_v5,1,7168,93.016,0.0
2026-05-25 17:25:45,20260525_172452_dk2022_150mw_300mwh_soc10_90_v5,1,7169,93.016,0.0
2026-05-25 17:25:45,20260525_172452_dk2022_150mw_300mwh_soc10_90_v5,1,7170,93.016,0.0
2026-05-25 17:25:45,20260525_172452_dk2022_150mw_300mwh_soc10_90_v5,1,7171,93.016,0.0
2026-05-25 17:25:45,20260525_172452_dk2022_150mw_300mwh_soc10_90_v5,1,7172,93.016,0.0
2026-05-25 17:25:45,20260525_172452_dk2022_150mw_300mwh_soc10_90_v5,1,7173,93.016,0.0
2026-05-25 17:25:45,20260525_172452_dk2022_150mw_300mwh_soc10_90_v5,1,7174,93.016,0.0
2026-05-25 17:25:45,20260525_172452_dk2022_150mw_300mwh_soc10_90_v5,1,7175,93.016,0.0
2026-05-25 17:25:45,20260525_172452_dk2022_150mw_300mwh_soc10_90_v5,1,7176,93.016,0.0
2026-05-25 17:25:45,20260525_172452_dk2022_150mw_300mwh_soc10_90_v5,1,7177,93.016,0.0
2026-05-25 17:25:45,20260525_172452_dk2022_150mw_300mwh_soc10_90_v5,1,7178,93.016,0.0
2026-05-25 17:25:45,20260525_172452_dk2022_150mw_300mwh_soc10_90_v5,1,7179,93.016,0.0
2026-05-25 17:25:45,20260525_172452_dk2022_150mw_300mwh_soc10_90_v5,1,7180,93.016,0.0
2026-05-25 17:25:45,20260525_172452_dk2022_150mw_300mwh_soc10_90_v5,1,7181,93.016,0.0
2026-05-25 17:25:45,20260525_172452_dk2022_150mw_300mwh_soc10_90_v5,1,7182,93.016,0.0
2026-05-25 17:25:45,20260525_172452_dk2022_150mw_300mwh_soc10_90_v5,1,7183,93.016,0.0
2026-05-25 17:25:45,20260525_172452_dk2022_150mw_300mwh_soc10_90_v5,1,7184,93.016,0.0
2026-05-25 17:25:45,20260525_172452_dk2022_150mw_300mwh_soc10_90_v5,1,7185,93.016,0.0
2026-05-25 17:25:45,20260525_172452_dk2022_150mw_300mwh_soc10_90_v5,1,7186,93.016,0.0
2026-05-25 17:25:45,20260525_172452_dk2022_150mw_300mwh_soc10_90_v5,1,7187,93.016,0.0
2026-05-25 17:25:45,20260525_172452_dk2022_150mw_300mwh_soc10_90_v5,1,7188,93.016,0.0
2026-05-25 17:25:45,20260525_172452_dk2022_150mw_300mwh_soc10_90_v5,1,7189,93.016,0.0
2026-05-25 17:25:45,20260525_172452_dk2022_150mw_300mwh_soc10_90_v5,1,7190,93.016,0.0
2026-05-25 17:25:45,20260525_172452_dk2022_150mw_300mwh_soc10_90_v5,1,7191,93.016,0.0
2026-05-25 17:25:45,20260525_172452_dk2022_150mw_300mwh_soc10_90_v5,1,7192,93.016,0.0
2026-05-25 17:25:45,20260525_172452_dk2022_150mw_300mwh_soc10_90_v5,1,7193,93.016,0.0
2026-05-25 17:25:45,20260525_172452_dk2022_150mw_300mwh_soc10_90_v5,1,7194,93.016,0.0
2026-05-25 17:25:45,20260525_172452_dk2022_150mw_300mwh_soc10_90_v5,1,7195,93.016,0.0
2026-05-25 17:25:45,20260525_172452_dk2022_150mw_300mwh_soc10_90_v5,1,7196,93.016,0.0
2026-05-25 17:25:45,20260525_172452_dk2022_150mw_300mwh_soc10_90_v5,1,7197,93.016,0.0
2026-05-25 17:25:45,20260525_172452_dk2022_150mw_300mwh_soc10_90_v5,1,7198,93.016,0.0
2026-05-25 17:25:45,20260525_172452_dk2022_150mw_300mwh_soc10_90_v5,1,7199,93.016,0.0
2026-05-25 17:25:45,20260525_172452_dk2022_150mw_300mwh_soc10_90_v5,1,7200,93.016,0.0
2026-05-25 17:25:45,20260525_172452_dk2022_150mw_300mwh_soc10_90_v5,1,7201,93.016,0.0
2026-05-25 17:25:45,20260525_172452_dk2022_150mw_300mwh_soc10_90_v5,1,7202,93.016,0.0
2026-05-25 17:25:45,20260525_172452_dk2022_150mw_300mwh_soc10_90_v5,1,7203,93.016,0.0
2026-05-25 17:25:45,20260525_172452_dk2022_150mw_300mwh_soc10_90_v5,1,7204,93.016,0.0
2026-05-25 17:25:45,20260525_172452_dk2022_150mw_300mwh_soc10_90_v5,1,7205,93.016,0.0
2026-05-25 17:25:45,20260525_172452_dk2022_150mw_300mwh_soc10_90_v5,1,7206,93.016,0.0
2026-05-25 17:25:45,20260525_172452_dk2022_150mw_300mwh_soc10_90_v5,1,7207,93.016,0.0
2026-05-25 17:25:45,20260525_172452_dk2022_150mw_300mwh_soc10_90_v5,1,7208,93.016,0.0
2026-05-25 17:25:45,20260525_172452_dk2022_150mw_300mwh_soc10_90_v5,1,7209,93.016,0.0
2026-05-25 17:25:45,20260525_172452_dk2022_150mw_300mwh_soc10_90_v5,1,7210,93.016,0.0
2026-05-25 17:25:45,20260525_172452_dk2022_150mw_300mwh_soc10_90_v5,1,7211,93.016,0.0
2026-05-25 17:25:45,20260525_172452_dk2022_150mw_300mwh_soc10_90_v5,1,7212,93.016,0.0
2026-05-25 17:25:45,20260525_172452_dk2022_150mw_300mwh_soc10_90_v5,1,7213,93.016,0.0
2026-05-25 17:25:45,20260525_172452_dk2022_150mw_300mwh_soc10_90_v5,1,7214,93.016,0.0
2026-05-25 17:25:45,20260525_172452_dk2022_150mw_300mwh_soc10_90_v5,1,7215,93.016,0.0
2026-05-25 17:25:45,20260525_172452_dk2022_150mw_300mwh_soc10_90_v5,1,7216,93.016,0.0
2026-05-25 17:25:45,20260525_172452_dk2022_150mw_300mwh_soc10_90_v5,1,7217,93.016,0.0
2026-05-25 17:25:45,20260525_172452_dk2022_150mw_300mwh_soc10_90_v5,1,7218,93.016,0.0
2026-05-25 17:25:45,20260525_172452_dk2022_150mw_300mwh_soc10_90_v5,1,7219,93.016,0.0
2026-05-25 17:25:45,20260525_172452_dk2022_150mw_300mwh_soc10_90_v5,1,7220,93.016,0.0
2026-05-25 17:25:45,20260525_172452_dk2022_150mw_300mwh_soc10_90_v5,1,7221,93.016,0.0
2026-05-25 17:25:45,20260525_172452_dk2022_150mw_300mwh_soc10_90_v5,1,7222,93.016,0.0
2026-05-25 17:25:45,20260525_172452_dk2022_150mw_300mwh_soc10_90_v5,1,7223,93.016,0.0
2026-05-25 17:25:45,20260525_172452_dk2022_150mw_300mwh_soc10_90_v5,1,7224,93.016,0.0
2026-05-25 17:25:45,20260525_172452_dk2022_150mw_300mwh_soc10_90_v5,1,7225,93.016,0.0
2026-05-25 17:25:45,20260525_172452_dk2022_150mw_300mwh_soc10_90_v5,1,7226,93.016,0.0
2026-05-25 17:25:45,20260525_172452_dk2022_150mw_300mwh_soc10_90_v5,1,7227,93.016,0.0
2026-05-25 17:25:45,20260525_172452_dk2022_150mw_300mwh_soc10_90_v5,1,7228,93.016,0.0
2026-05-25 17:25:45,20260525_172452_dk2022_150mw_300mwh_soc10_90_v5,1,7229,93.016,0.0
2026-05-25 17:25:45,20260525_172452_dk2022_150mw_300mwh_soc10_90_v5,1,7230,93.016,0.0
2026-05-25 17:25:45,20260525_172452_dk2022_150mw_300mwh_soc10_90_v5,1,7231,93.016,0.0
2026-05-25 17:25:45,20260525_172452_dk2022_150mw_300mwh_soc10_90_v5,1,7232,93.016,0.0
2026-05-25 17:25:45,20260525_172452_dk2022_150mw_300mwh_soc10_90_v5,1,7233,93.016,0.0
2026-05-25 17:25:45,20260525_172452_dk2022_150mw_300mwh_soc10_90_v5,1,7234,93.016,0.0
2026-05-25 17:25:45,20260525_172452_dk2022_150mw_300mwh_soc10_90_v5,1,7235,93.016,0.0
2026-05-25 17:25:45,20260525_172452_dk2022_150mw_300mwh_soc10_90_v5,1,7236,93.016,0.0
2026-05-25 17:25:45,20260525_172452_dk2022_150mw_300mwh_soc10_90_v5,1,7237,93.016,0.0
2026-05-25 17:25:45,20260525_172452_dk2022_150mw_300mwh_soc10_90_v5,1,7238,93.016,0.0
2026-05-25 17:25:45,20260525_172452_dk2022_150mw_300mwh_soc10_90_v5,1,7239,93.016,0.0
2026-05-25 17:25:45,20260525_172452_dk2022_150mw_300mwh_soc10_90_v5,1,7240,93.016,0.0
2026-05-25 17:25:45,20260525_172452_dk2022_150mw_300mwh_soc10_90_v5,1,7241,93.016,0.0
2026-05-25 17:25:45,20260525_172452_dk2022_150mw_300mwh_soc10_90_v5,1,7242,93.016,0.0
2026-05-25 17:25:45,20260525_172452_dk2022_150mw_300mwh_soc10_90_v5,1,7243,93.016,0.0
2026-05-25 17:25:45,20260525_172452_dk2022_150mw_300mwh_soc10_90_v5,1,7244,93.016,0.0
2026-05-25 17:25:45,20260525_172452_dk2022_150mw_300mwh_soc10_90_v5,1,7245,93.016,0.0
2026-05-25 17:25:45,20260525_172452_dk2022_150mw_300mwh_soc10_90_v5,1,7246,93.016,0.0
2026-05-25 17:25:45,20260525_172452_dk2022_150mw_300mwh_soc10_90_v5,1,7247,93.016,0.0
2026-05-25 17:25:45,20260525_172452_dk2022_150mw_300mwh_soc10_90_v5,1,7248,93.016,0.0
2026-05-25 17:25:45,20260525_172452_dk2022_150mw_300mwh_soc10_90_v5,1,7249,93.016,0.0
2026-05-25 17:25:45,20260525_172452_dk2022_150mw_300mwh_soc10_90_v5,1,7250,93.016,0.0
2026-05-25 17:25:45,20260525_172452_dk2022_150mw_300mwh_soc10_90_v5,1,7251,93.016,0.0
2026-05-25 17:25:45,20260525_172452_dk2022_150mw_300mwh_soc10_90_v5,1,7252,93.016,0.0
2026-05-25 17:25:45,20260525_172452_dk2022_150mw_300mwh_soc10_90_v5,1,7253,93.016,0.0
2026-05-25 17:25:45,20260525_172452_dk2022_150mw_300mwh_soc10_90_v5,1,7254,93.016,0.0
2026-05-25 17:25:45,20260525_172452_dk2022_150mw_300mwh_soc10_90_v5,1,7255,93.016,0.0
2026-05-25 17:25:45,20260525_172452_dk2022_150mw_300mwh_soc10_90_v5,1,7256,93.016,0.0
2026-05-25 17:25:45,20260525_172452_dk2022_150mw_300mwh_soc10_90_v5,1,7257,93.016,0.0
2026-05-25 17:25:45,20260525_172452_dk2022_150mw_300mwh_soc10_90_v5,1,7258,93.016,0.0
2026-05-25 17:25:45,20260525_172452_dk2022_150mw_300mwh_soc10_90_v5,1,7259,93.016,0.0
2026-05-25 17:25:45,20260525_172452_dk2022_150mw_300mwh_soc10_90_v5,1,7260,93.016,0.0
2026-05-25 17:25:45,20260525_172452_dk2022_150mw_300mwh_soc10_90_v5,1,7261,93.016,0.0
2026-05-25 17:25:45,20260525_172452_dk2022_150mw_300mwh_soc10_90_v5,1,7262,93.016,0.0
2026-05-25 17:25:45,20260525_172452_dk2022_150mw_300mwh_soc10_90_v5,1,7263,93.016,0.0
2026-05-25 17:25:45,20260525_172452_dk2022_150mw_300mwh_soc10_90_v5,1,7264,93.016,0.0
2026-05-25 17:25:45,20260525_172452_dk2022_150mw_300mwh_soc10_90_v5,1,7265,93.016,0.0
2026-05-25 17:25:45,20260525_172452_dk2022_150mw_300mwh_soc10_90_v5,1,7266,93.016,0.0
2026-05-25 17:25:45,20260525_172452_dk2022_150mw_300mwh_soc10_90_v5,1,7267,93.016,0.0
2026-05-25 17:25:45,20260525_172452_dk2022_150mw_300mwh_soc10_90_v5,1,7268,93.016,0.0
2026-05-25 17:25:45,20260525_172452_dk2022_150mw_300mwh_soc10_90_v5,1,7269,93.016,0.0
2026-05-25 17:25:45,20260525_172452_dk2022_150mw_300mwh_soc10_90_v5,1,7270,93.016,0.0
2026-05-25 17:25:45,20260525_172452_dk2022_150mw_300mwh_soc10_90_v5,1,7271,93.016,0.0
2026-05-25 17:25:45,20260525_172452_dk2022_150mw_300mwh_soc10_90_v5,1,7272,93.016,0.0
2026-05-25 17:25:45,20260525_172452_dk2022_150mw_300mwh_soc10_90_v5,1,7273,93.016,0.0
2026-05-25 17:25:45,20260525_172452_dk2022_150mw_300mwh_soc10_90_v5,1,7274,93.016,0.0
2026-05-25 17:25:45,20260525_172452_dk2022_150mw_300mwh_soc10_90_v5,1,7275,93.016,0.0
2026-05-25 17:25:45,20260525_172452_dk2022_150mw_300mwh_soc10_90_v5,1,7276,93.016,0.0
2026-05-25 17:25:45,20260525_172452_dk2022_150mw_300mwh_soc10_90_v5,1,7277,93.016,0.0
2026-05-25 17:25:45,20260525_172452_dk2022_150mw_300mwh_soc10_90_v5,1,7278,93.016,0.0
2026-05-25 17:25:45,20260525_172452_dk2022_150mw_300mwh_soc10_90_v5,1,7279,93.016,0.0
2026-05-25 17:25:45,20260525_172452_dk2022_150mw_300mwh_soc10_90_v5,1,7280,93.016,0.0
2026-05-25 17:25:45,20260525_172452_dk2022_150mw_300mwh_soc10_90_v5,1,7281,93.016,0.0
2026-05-25 17:25:45,20260525_172452_dk2022_150mw_300mwh_soc10_90_v5,1,7282,93.016,0.0
2026-05-25 17:25:45,20260525_172452_dk2022_150mw_300mwh_soc10_90_v5,1,7283,93.016,0.0
2026-05-25 17:25:45,20260525_172452_dk2022_150mw_300mwh_soc10_90_v5,1,7284,93.016,0.0
2026-05-25 17:25:45,20260525_172452_dk2022_150mw_300mwh_soc10_90_v5,1,7285,93.016,0.0
2026-05-25 17:25:45,20260525_172452_dk2022_150mw_300mwh_soc10_90_v5,1,7286,93.016,0.0
2026-05-25 17:25:45,20260525_172452_dk2022_150mw_300mwh_soc10_90_v5,1,7287,93.016,0.0
2026-05-25 17:25:45,20260525_172452_dk2022_150mw_300mwh_soc10_90_v5,1,7288,93.016,0.0
2026-05-25 17:25:45,20260525_172452_dk2022_150mw_300mwh_soc10_90_v5,1,7289,93.016,0.0
2026-05-25 17:25:45,20260525_172452_dk2022_150mw_300mwh_soc10_90_v5,1,7290,93.016,0.0
2026-05-25 17:25:45,20260525_172452_dk2022_150mw_300mwh_soc10_90_v5,1,7291,93.016,0.0
2026-05-25 17:25:45,20260525_172452_dk2022_150mw_300mwh_soc10_90_v5,1,7292,93.016,0.0
2026-05-25 17:25:45,20260525_172452_dk2022_150mw_300mwh_soc10_90_v5,1,7293,93.016,0.0
2026-05-25 17:25:45,20260525_172452_dk2022_150mw_300mwh_soc10_90_v5,1,7294,93.016,0.0
2026-05-25 17:25:45,20260525_172452_dk2022_150mw_300mwh_soc10_90_v5,1,7295,93.016,0.0
2026-05-25 17:25:45,20260525_172452_dk2022_150mw_300mwh_soc10_90_v5,1,7296,93.016,0.0
2026-05-25 17:25:45,20260525_172452_dk2022_150mw_300mwh_soc10_90_v5,1,7297,93.016,0.0
2026-05-25 17:25:45,20260525_172452_dk2022_150mw_300mwh_soc10_90_v5,1,7298,93.016,0.0
2026-05-25 17:25:45,20260525_172452_dk2022_150mw_300mwh_soc10_90_v5,1,7299,93.016,0.0
2026-05-25 17:25:45,20260525_172452_dk2022_150mw_300mwh_soc10_90_v5,1,7300,93.016,0.0
2026-05-25 17:25:45,20260525_172452_dk2022_150mw_300mwh_soc10_90_v5,1,7301,93.016,0.0
2026-05-25 17:25:45,20260525_172452_dk2022_150mw_300mwh_soc10_90_v5,1,7302,93.016,0.0
2026-05-25 17:25:45,20260525_172452_dk2022_150mw_300mwh_soc10_90_v5,1,7303,93.016,0.0
2026-05-25 17:25:45,20260525_172452_dk2022_150mw_300mwh_soc10_90_v5,1,7304,93.016,0.0
2026-05-25 17:25:45,20260525_172452_dk2022_150mw_300mwh_soc10_90_v5,1,7305,93.016,0.0
2026-05-25 17:25:45,20260525_172452_dk2022_150mw_300mwh_soc10_90_v5,1,7306,93.016,0.0
2026-05-25 17:25:45,20260525_172452_dk2022_150mw_300mwh_soc10_90_v5,1,7307,93.016,0.0
2026-05-25 17:25:45,20260525_172452_dk2022_150mw_300mwh_soc10_90_v5,1,7308,93.016,0.0
2026-05-25 17:25:45,20260525_172452_dk2022_150mw_300mwh_soc10_90_v5,1,7309,93.016,0.0
2026-05-25 17:25:45,20260525_172452_dk2022_150mw_300mwh_soc10_90_v5,1,7310,93.016,0.0
2026-05-25 17:25:45,20260525_172452_dk2022_150mw_300mwh_soc10_90_v5,1,7311,93.016,0.0
2026-05-25 17:25:45,20260525_172452_dk2022_150mw_300mwh_soc10_90_v5,1,7312,93.016,0.0
2026-05-25 17:25:45,20260525_172452_dk2022_150mw_300mwh_soc10_90_v5,1,7313,93.016,0.0
2026-05-25 17:25:45,20260525_172452_dk2022_150mw_300mwh_soc10_90_v5,1,7314,93.016,0.0
2026-05-25 17:25:45,20260525_172452_dk2022_150mw_300mwh_soc10_90_v5,1,7315,93.016,0.0
2026-05-25 17:25:45,20260525_172452_dk2022_150mw_300mwh_soc10_90_v5,1,7316,93.016,0.0
2026-05-25 17:25:45,20260525_172452_dk2022_150mw_300mwh_soc10_90_v5,1,7317,93.016,0.0
2026-05-25 17:25:45,20260525_172452_dk2022_150mw_300mwh_soc10_90_v5,1,7318,93.016,0.0
2026-05-25 17:25:45,20260525_172452_dk2022_150mw_300mwh_soc10_90_v5,1,7319,93.016,0.0
2026-05-25 17:25:45,20260525_172452_dk2022_150mw_300mwh_soc10_90_v5,1,7320,93.016,0.0
2026-05-25 17:25:45,20260525_172452_dk2022_150mw_300mwh_soc10_90_v5,1,7321,93.016,0.0
2026-05-25 17:25:45,20260525_172452_dk2022_150mw_300mwh_soc10_90_v5,1,7322,93.016,0.0
2026-05-25 17:25:45,20260525_172452_dk2022_150mw_300mwh_soc10_90_v5,1,7323,93.016,0.0
2026-05-25 17:25:45,20260525_172452_dk2022_150mw_300mwh_soc10_90_v5,1,7324,93.016,0.0
2026-05-25 17:25:45,20260525_172452_dk2022_150mw_300mwh_soc10_90_v5,1,7325,93.016,0.0
2026-05-25 17:25:45,20260525_172452_dk2022_150mw_300mwh_soc10_90_v5,1,7326,93.016,0.0
2026-05-25 17:25:45,20260525_172452_dk2022_150mw_300mwh_soc10_90_v5,1,7327,93.016,0.0
2026-05-25 17:25:45,20260525_172452_dk2022_150mw_300mwh_soc10_90_v5,1,7328,93.016,0.0
2026-05-25 17:25:45,20260525_172452_dk2022_150mw_300mwh_soc10_90_v5,1,7329,93.016,0.0
2026-05-25 17:25:45,20260525_172452_dk2022_150mw_300mwh_soc10_90_v5,1,7330,93.016,0.0
2026-05-25 17:25:45,20260525_172452_dk2022_150mw_300mwh_soc10_90_v5,1,7331,93.016,0.0
2026-05-25 17:25:45,20260525_172452_dk2022_150mw_300mwh_soc10_90_v5,1,7332,93.016,0.0
2026-05-25 17:25:45,20260525_172452_dk2022_150mw_300mwh_soc10_90_v5,1,7333,93.016,0.0
2026-05-25 17:25:45,20260525_172452_dk2022_150mw_300mwh_soc10_90_v5,1,7334,93.016,0.0
2026-05-25 17:25:45,20260525_172452_dk2022_150mw_300mwh_soc10_90_v5,1,7335,93.016,0.0
2026-05-25 17:25:45,20260525_172452_dk2022_150mw_300mwh_soc10_90_v5,1,7336,93.016,0.0
2026-05-25 17:25:45,20260525_172452_dk2022_150mw_300mwh_soc10_90_v5,1,7337,93.016,0.0
2026-05-25 17:25:45,20260525_172452_dk2022_150mw_300mwh_soc10_90_v5,1,7338,93.016,0.0
2026-05-25 17:25:45,20260525_172452_dk2022_150mw_300mwh_soc10_90_v5,1,7339,93.016,0.0
2026-05-25 17:25:45,20260525_172452_dk2022_150mw_300mwh_soc10_90_v5,1,7340,93.016,0.0
2026-05-25 17:25:45,20260525_172452_dk2022_150mw_300mwh_soc10_90_v5,1,7341,93.016,0.0
2026-05-25 17:25:45,20260525_172452_dk2022_150mw_300mwh_soc10_90_v5,1,7342,93.016,0.0
2026-05-25 17:25:45,20260525_172452_dk2022_150mw_300mwh_soc10_90_v5,1,7343,93.016,0.0
2026-05-25 17:25:45,20260525_172452_dk2022_150mw_300mwh_soc10_90_v5,1,7344,93.016,0.0
2026-05-25 17:25:45,20260525_172452_dk2022_150mw_300mwh_soc10_90_v5,1,7345,93.016,0.0
2026-05-25 17:25:45,20260525_172452_dk2022_150mw_300mwh_soc10_90_v5,1,7346,93.016,0.0
2026-05-25 17:25:45,20260525_172452_dk2022_150mw_300mwh_soc10_90_v5,1,7347,93.016,0.0
2026-05-25 17:25:45,20260525_172452_dk2022_150mw_300mwh_soc10_90_v5,1,7348,93.016,0.0
2026-05-25 17:25:45,20260525_172452_dk2022_150mw_300mwh_soc10_90_v5,1,7349,93.016,0.0
2026-05-25 17:25:45,20260525_172452_dk2022_150mw_300mwh_soc10_90_v5,1,7350,93.016,0.0
2026-05-25 17:25:45,20260525_172452_dk2022_150mw_300mwh_soc10_90_v5,1,7351,93.016,0.0
2026-05-25 17:25:45,20260525_172452_dk2022_150mw_300mwh_soc10_90_v5,1,7352,93.016,0.0
2026-05-25 17:25:45,20260525_172452_dk2022_150mw_300mwh_soc10_90_v5,1,7353,93.016,0.0
2026-05-25 17:25:45,20260525_172452_dk2022_150mw_300mwh_soc10_90_v5,1,7354,93.016,0.0
2026-05-25 17:25:45,20260525_172452_dk2022_150mw_300mwh_soc10_90_v5,1,7355,93.016,0.0
2026-05-25 17:25:45,20260525_172452_dk2022_150mw_300mwh_soc10_90_v5,1,7356,93.016,0.0
2026-05-25 17:25:45,20260525_172452_dk2022_150mw_300mwh_soc10_90_v5,1,7357,93.016,0.0
2026-05-25 17:25:45,20260525_172452_dk2022_150mw_300mwh_soc10_90_v5,1,7358,93.016,0.0
2026-05-25 17:25:45,20260525_172452_dk2022_150mw_300mwh_soc10_90_v5,1,7359,93.016,0.0
2026-05-25 17:25:45,20260525_172452_dk2022_150mw_300mwh_soc10_90_v5,1,7360,93.016,0.0
2026-05-25 17:25:45,20260525_172452_dk2022_150mw_300mwh_soc10_90_v5,1,7361,93.016,0.0
2026-05-25 17:25:45,20260525_172452_dk2022_150mw_300mwh_soc10_90_v5,1,7362,93.016,0.0
2026-05-25 17:25:45,20260525_172452_dk2022_150mw_300mwh_soc10_90_v5,1,7363,93.016,0.0
2026-05-25 17:25:45,20260525_172452_dk2022_150mw_300mwh_soc10_90_v5,1,7364,93.016,0.0
2026-05-25 17:25:45,20260525_172452_dk2022_150mw_300mwh_soc10_90_v5,1,7365,93.016,0.0
2026-05-25 17:25:45,20260525_172452_dk2022_150mw_300mwh_soc10_90_v5,1,7366,93.016,0.0
2026-05-25 17:25:45,20260525_172452_dk2022_150mw_300mwh_soc10_90_v5,1,7367,93.016,0.0
2026-05-25 17:25:45,20260525_172452_dk2022_150mw_300mwh_soc10_90_v5,1,7368,93.016,0.0
2026-05-25 17:25:45,20260525_172452_dk2022_150mw_300mwh_soc10_90_v5,1,7369,93.016,0.0
2026-05-25 17:25:45,20260525_172452_dk2022_150mw_300mwh_soc10_90_v5,1,7370,93.016,0.0
2026-05-25 17:25:45,20260525_172452_dk2022_150mw_300mwh_soc10_90_v5,1,7371,93.016,0.0
2026-05-25 17:25:45,20260525_172452_dk2022_150mw_300mwh_soc10_90_v5,1,7372,93.016,0.0
2026-05-25 17:25:45,20260525_172452_dk2022_150mw_300mwh_soc10_90_v5,1,7373,93.016,0.0
2026-05-25 17:25:45,20260525_172452_dk2022_150mw_300mwh_soc10_90_v5,1,7374,93.016,0.0
2026-05-25 17:25:45,20260525_172452_dk2022_150mw_300mwh_soc10_90_v5,1,7375,93.016,0.0
2026-05-25 17:25:45,20260525_172452_dk2022_150mw_300mwh_soc10_90_v5,1,7376,93.016,0.0
2026-05-25 17:25:45,20260525_172452_dk2022_150mw_300mwh_soc10_90_v5,1,7377,93.016,0.0
2026-05-25 17:25:45,20260525_172452_dk2022_150mw_300mwh_soc10_90_v5,1,7378,93.016,0.0
2026-05-25 17:25:45,20260525_172452_dk2022_150mw_300mwh_soc10_90_v5,1,7379,93.016,0.0
2026-05-25 17:25:45,20260525_172452_dk2022_150mw_300mwh_soc10_90_v5,1,7380,93.016,0.0
2026-05-25 17:25:45,20260525_172452_dk2022_150mw_300mwh_soc10_90_v5,1,7381,93.016,0.0
2026-05-25 17:25:45,20260525_172452_dk2022_150mw_300mwh_soc10_90_v5,1,7382,93.016,0.0
2026-05-25 17:25:45,20260525_172452_dk2022_150mw_300mwh_soc10_90_v5,1,7383,93.016,0.0
2026-05-25 17:25:45,20260525_172452_dk2022_150mw_300mwh_soc10_90_v5,1,7384,93.016,0.0
2026-05-25 17:25:45,20260525_172452_dk2022_150mw_300mwh_soc10_90_v5,1,7385,93.016,0.0
2026-05-25 17:25:45,20260525_172452_dk2022_150mw_300mwh_soc10_90_v5,1,7386,93.016,0.0
2026-05-25 17:25:45,20260525_172452_dk2022_150mw_300mwh_soc10_90_v5,1,7387,93.016,0.0
2026-05-25 17:25:45,20260525_172452_dk2022_150mw_300mwh_soc10_90_v5,1,7388,93.016,0.0
2026-05-25 17:25:45,20260525_172452_dk2022_150mw_300mwh_soc10_90_v5,1,7389,93.016,0.0
2026-05-25 17:25:45,20260525_172452_dk2022_150mw_300mwh_soc10_90_v5,1,7390,93.016,0.0
2026-05-25 17:25:45,20260525_172452_dk2022_150mw_300mwh_soc10_90_v5,1,7391,93.016,0.0
2026-05-25 17:25:45,20260525_172452_dk2022_150mw_300mwh_soc10_90_v5,1,7392,93.016,0.0
2026-05-25 17:25:45,20260525_172452_dk2022_150mw_300mwh_soc10_90_v5,1,7393,93.016,0.0
2026-05-25 17:25:45,20260525_172452_dk2022_150mw_300mwh_soc10_90_v5,1,7394,93.016,0.0
2026-05-25 17:25:45,20260525_172452_dk2022_150mw_300mwh_soc10_90_v5,1,7395,93.016,0.0
2026-05-25 17:25:45,20260525_172452_dk2022_150mw_300mwh_soc10_90_v5,1,7396,93.016,0.0
2026-05-25 17:25:45,20260525_172452_dk2022_150mw_300mwh_soc10_90_v5,1,7397,93.016,0.0
2026-05-25 17:25:45,20260525_172452_dk2022_150mw_300mwh_soc10_90_v5,1,7398,93.016,0.0
2026-05-25 17:25:45,20260525_172452_dk2022_150mw_300mwh_soc10_90_v5,1,7399,93.016,0.0
2026-05-25 17:25:45,20260525_172452_dk2022_150mw_300mwh_soc10_90_v5,1,7400,93.016,0.0
2026-05-25 17:25:45,20260525_172452_dk2022_150mw_300mwh_soc10_90_v5,1,7401,93.016,0.0
2026-05-25 17:25:45,20260525_172452_dk2022_150mw_300mwh_soc10_90_v5,1,7402,93.016,0.0
2026-05-25 17:25:45,20260525_172452_dk2022_150mw_300mwh_soc10_90_v5,1,7403,93.016,0.0
2026-05-25 17:25:45,20260525_172452_dk2022_150mw_300mwh_soc10_90_v5,1,7404,93.016,0.0
2026-05-25 17:25:45,20260525_172452_dk2022_150mw_300mwh_soc10_90_v5,1,7405,93.016,0.0
2026-05-25 17:25:45,20260525_172452_dk2022_150mw_300mwh_soc10_90_v5,1,7406,93.016,0.0
2026-05-25 17:25:45,20260525_172452_dk2022_150mw_300mwh_soc10_90_v5,1,7407,93.016,0.0
2026-05-25 17:25:45,20260525_172452_dk2022_150mw_300mwh_soc10_90_v5,1,7408,93.016,0.0
2026-05-25 17:25:45,20260525_172452_dk2022_150mw_300mwh_soc10_90_v5,1,7409,93.016,0.0
2026-05-25 17:25:45,20260525_172452_dk2022_150mw_300mwh_soc10_90_v5,1,7410,93.016,0.0
2026-05-25 17:25:45,20260525_172452_dk2022_150mw_300mwh_soc10_90_v5,1,7411,93.016,0.0
2026-05-25 17:25:45,20260525_172452_dk2022_150mw_300mwh_soc10_90_v5,1,7412,93.016,0.0
2026-05-25 17:25:45,20260525_172452_dk2022_150mw_300mwh_soc10_90_v5,1,7413,93.016,0.0
2026-05-25 17:25:45,20260525_172452_dk2022_150mw_300mwh_soc10_90_v5,1,7414,93.016,0.0
2026-05-25 17:25:45,20260525_172452_dk2022_150mw_300mwh_soc10_90_v5,1,7415,93.016,0.0
2026-05-25 17:25:45,20260525_172452_dk2022_150mw_300mwh_soc10_90_v5,1,7416,93.016,0.0
2026-05-25 17:25:45,20260525_172452_dk2022_150mw_300mwh_soc10_90_v5,1,7417,93.016,0.0
2026-05-25 17:25:45,20260525_172452_dk2022_150mw_300mwh_soc10_90_v5,1,7418,93.016,0.0
2026-05-25 17:25:45,20260525_172452_dk2022_150mw_300mwh_soc10_90_v5,1,7419,93.016,0.0
2026-05-25 17:25:45,20260525_172452_dk2022_150mw_300mwh_soc10_90_v5,1,7420,93.016,0.0
2026-05-25 17:25:45,20260525_172452_dk2022_150mw_300mwh_soc10_90_v5,1,7421,93.016,0.0
2026-05-25 17:25:45,20260525_172452_dk2022_150mw_300mwh_soc10_90_v5,1,7422,93.016,0.0
2026-05-25 17:25:45,20260525_172452_dk2022_150mw_300mwh_soc10_90_v5,1,7423,93.016,0.0
2026-05-25 17:25:45,20260525_172452_dk2022_150mw_300mwh_soc10_90_v5,1,7424,93.016,0.0
2026-05-25 17:25:45,20260525_172452_dk2022_150mw_300mwh_soc10_90_v5,1,7425,93.016,0.0
2026-05-25 17:25:45,20260525_172452_dk2022_150mw_300mwh_soc10_90_v5,1,7426,93.016,0.0
2026-05-25 17:25:45,20260525_172452_dk2022_150mw_300mwh_soc10_90_v5,1,7427,93.016,0.0
2026-05-25 17:25:45,20260525_172452_dk2022_150mw_300mwh_soc10_90_v5,1,7428,93.016,0.0
2026-05-25 17:25:45,20260525_172452_dk2022_150mw_300mwh_soc10_90_v5,1,7429,93.016,0.0
2026-05-25 17:25:45,20260525_172452_dk2022_150mw_300mwh_soc10_90_v5,1,7430,93.016,0.0
2026-05-25 17:25:45,20260525_172452_dk2022_150mw_300mwh_soc10_90_v5,1,7431,93.016,0.0
2026-05-25 17:25:45,20260525_172452_dk2022_150mw_300mwh_soc10_90_v5,1,7432,93.016,0.0
2026-05-25 17:25:45,20260525_172452_dk2022_150mw_300mwh_soc10_90_v5,1,7433,93.016,0.0
2026-05-25 17:25:45,20260525_172452_dk2022_150mw_300mwh_soc10_90_v5,1,7434,93.016,0.0
2026-05-25 17:25:45,20260525_172452_dk2022_150mw_300mwh_soc10_90_v5,1,7435,93.016,0.0
2026-05-25 17:25:45,20260525_172452_dk2022_150mw_300mwh_soc10_90_v5,1,7436,93.016,0.0
2026-05-25 17:25:45,20260525_172452_dk2022_150mw_300mwh_soc10_90_v5,1,7437,93.016,0.0
2026-05-25 17:25:45,20260525_172452_dk2022_150mw_300mwh_soc10_90_v5,1,7438,93.016,0.0
2026-05-25 17:25:45,20260525_172452_dk2022_150mw_300mwh_soc10_90_v5,1,7439,93.016,0.0
2026-05-25 17:25:45,20260525_172452_dk2022_150mw_300mwh_soc10_90_v5,1,7440,93.016,0.0
2026-05-25 17:25:45,20260525_172452_dk2022_150mw_300mwh_soc10_90_v5,1,7441,93.016,0.0
2026-05-25 17:25:45,20260525_172452_dk2022_150mw_300mwh_soc10_90_v5,1,7442,93.016,0.0
2026-05-25 17:25:45,20260525_172452_dk2022_150mw_300mwh_soc10_90_v5,1,7443,93.016,0.0
2026-05-25 17:25:45,20260525_172452_dk2022_150mw_300mwh_soc10_90_v5,1,7444,93.016,0.0
2026-05-25 17:25:45,20260525_172452_dk2022_150mw_300mwh_soc10_90_v5,1,7445,93.016,0.0
2026-05-25 17:25:45,20260525_172452_dk2022_150mw_300mwh_soc10_90_v5,1,7446,93.016,0.0
2026-05-25 17:25:45,20260525_172452_dk2022_150mw_300mwh_soc10_90_v5,1,7447,93.016,0.0
2026-05-25 17:25:45,20260525_172452_dk2022_150mw_300mwh_soc10_90_v5,1,7448,93.016,0.0
2026-05-25 17:25:45,20260525_172452_dk2022_150mw_300mwh_soc10_90_v5,1,7449,93.016,0.0
2026-05-25 17:25:45,20260525_172452_dk2022_150mw_300mwh_soc10_90_v5,1,7450,93.016,0.0
2026-05-25 17:25:45,20260525_172452_dk2022_150mw_300mwh_soc10_90_v5,1,7451,93.016,0.0
2026-05-25 17:25:45,20260525_172452_dk2022_150mw_300mwh_soc10_90_v5,1,7452,93.016,0.0
2026-05-25 17:25:45,20260525_172452_dk2022_150mw_300mwh_soc10_90_v5,1,7453,93.016,0.0
2026-05-25 17:25:45,20260525_172452_dk2022_150mw_300mwh_soc10_90_v5,1,7454,93.016,0.0
2026-05-25 17:25:45,20260525_172452_dk2022_150mw_300mwh_soc10_90_v5,1,7455,93.016,0.0
2026-05-25 17:25:45,20260525_172452_dk2022_150mw_300mwh_soc10_90_v5,1,7456,93.016,0.0
2026-05-25 17:25:45,20260525_172452_dk2022_150mw_300mwh_soc10_90_v5,1,7457,93.016,0.0
2026-05-25 17:25:45,20260525_172452_dk2022_150mw_300mwh_soc10_90_v5,1,7458,93.016,0.0
2026-05-25 17:25:45,20260525_172452_dk2022_150mw_300mwh_soc10_90_v5,1,7459,93.016,0.0
2026-05-25 17:25:45,20260525_172452_dk2022_150mw_300mwh_soc10_90_v5,1,7460,93.016,0.0
2026-05-25 17:25:45,20260525_172452_dk2022_150mw_300mwh_soc10_90_v5,1,7461,93.016,0.0
2026-05-25 17:25:45,20260525_172452_dk2022_150mw_300mwh_soc10_90_v5,1,7462,93.016,0.0
2026-05-25 17:25:45,20260525_172452_dk2022_150mw_300mwh_soc10_90_v5,1,7463,93.016,0.0
2026-05-25 17:25:45,20260525_172452_dk2022_150mw_300mwh_soc10_90_v5,1,7464,93.016,0.0
2026-05-25 17:25:45,20260525_172452_dk2022_150mw_300mwh_soc10_90_v5,1,7465,93.016,0.0
2026-05-25 17:25:45,20260525_172452_dk2022_150mw_300mwh_soc10_90_v5,1,7466,93.016,0.0
2026-05-25 17:25:45,20260525_172452_dk2022_150mw_300mwh_soc10_90_v5,1,7467,93.016,0.0
2026-05-25 17:25:45,20260525_172452_dk2022_150mw_300mwh_soc10_90_v5,1,7468,93.016,0.0
2026-05-25 17:25:45,20260525_172452_dk2022_150mw_300mwh_soc10_90_v5,1,7469,93.016,0.0
2026-05-25 17:25:45,20260525_172452_dk2022_150mw_300mwh_soc10_90_v5,1,7470,93.016,0.0
2026-05-25 17:25:45,20260525_172452_dk2022_150mw_300mwh_soc10_90_v5,1,7471,93.016,0.0
2026-05-25 17:25:45,20260525_172452_dk2022_150mw_300mwh_soc10_90_v5,1,7472,93.016,0.0
2026-05-25 17:25:45,20260525_172452_dk2022_150mw_300mwh_soc10_90_v5,1,7473,93.016,0.0
2026-05-25 17:25:45,20260525_172452_dk2022_150mw_300mwh_soc10_90_v5,1,7474,93.016,0.0
2026-05-25 17:25:45,20260525_172452_dk2022_150mw_300mwh_soc10_90_v5,1,7475,93.016,0.0
2026-05-25 17:25:45,20260525_172452_dk2022_150mw_300mwh_soc10_90_v5,1,7476,93.016,0.0
2026-05-25 17:25:45,20260525_172452_dk2022_150mw_300mwh_soc10_90_v5,1,7477,93.016,0.0
2026-05-25 17:25:45,20260525_172452_dk2022_150mw_300mwh_soc10_90_v5,1,7478,93.016,0.0
2026-05-25 17:25:45,20260525_172452_dk2022_150mw_300mwh_soc10_90_v5,1,7479,93.016,0.0
2026-05-25 17:25:45,20260525_172452_dk2022_150mw_300mwh_soc10_90_v5,1,7480,93.016,0.0
2026-05-25 17:25:45,20260525_172452_dk2022_150mw_300mwh_soc10_90_v5,1,7481,93.016,0.0
2026-05-25 17:25:45,20260525_172452_dk2022_150mw_300mwh_soc10_90_v5,1,7482,93.016,0.0
2026-05-25 17:25:45,20260525_172452_dk2022_150mw_300mwh_soc10_90_v5,1,7483,93.016,0.0
2026-05-25 17:25:45,20260525_172452_dk2022_150mw_300mwh_soc10_90_v5,1,7484,93.016,0.0
2026-05-25 17:25:45,20260525_172452_dk2022_150mw_300mwh_soc10_90_v5,1,7485,93.016,0.0
2026-05-25 17:25:45,20260525_172452_dk2022_150mw_300mwh_soc10_90_v5,1,7486,93.016,0.0
2026-05-25 17:25:45,20260525_172452_dk2022_150mw_300mwh_soc10_90_v5,1,7487,93.016,0.0
2026-05-25 17:25:45,20260525_172452_dk2022_150mw_300mwh_soc10_90_v5,1,7488,93.016,0.0
2026-05-25 17:25:45,20260525_172452_dk2022_150mw_300mwh_soc10_90_v5,1,7489,93.016,0.0
2026-05-25 17:25:45,20260525_172452_dk2022_150mw_300mwh_soc10_90_v5,1,7490,93.016,0.0
2026-05-25 17:25:45,20260525_172452_dk2022_150mw_300mwh_soc10_90_v5,1,7491,93.016,0.0
2026-05-25 17:25:45,20260525_172452_dk2022_150mw_300mwh_soc10_90_v5,1,7492,93.016,0.0
2026-05-25 17:25:45,20260525_172452_dk2022_150mw_300mwh_soc10_90_v5,1,7493,93.016,0.0
2026-05-25 17:25:45,20260525_172452_dk2022_150mw_300mwh_soc10_90_v5,1,7494,93.016,0.0
2026-05-25 17:25:45,20260525_172452_dk2022_150mw_300mwh_soc10_90_v5,1,7495,93.016,0.0
2026-05-25 17:25:45,20260525_172452_dk2022_150mw_300mwh_soc10_90_v5,1,7496,93.016,0.0
2026-05-25 17:25:45,20260525_172452_dk2022_150mw_300mwh_soc10_90_v5,1,7497,93.016,0.0
2026-05-25 17:25:45,20260525_172452_dk2022_150mw_300mwh_soc10_90_v5,1,7498,93.016,0.0
2026-05-25 17:25:45,20260525_172452_dk2022_150mw_300mwh_soc10_90_v5,1,7499,93.016,0.0
2026-05-25 17:25:45,20260525_172452_dk2022_150mw_300mwh_soc10_90_v5,1,7500,93.016,0.0
2026-05-25 17:25:45,20260525_172452_dk2022_150mw_300mwh_soc10_90_v5,1,7501,93.016,0.0
2026-05-25 17:25:45,20260525_172452_dk2022_150mw_300mwh_soc10_90_v5,1,7502,93.016,0.0
2026-05-25 17:25:45,20260525_172452_dk2022_150mw_300mwh_soc10_90_v5,1,7503,93.016,0.0
2026-05-25 17:25:45,20260525_172452_dk2022_150mw_300mwh_soc10_90_v5,1,7504,93.016,0.0
2026-05-25 17:25:45,20260525_172452_dk2022_150mw_300mwh_soc10_90_v5,1,7505,93.016,0.0
2026-05-25 17:25:45,20260525_172452_dk2022_150mw_300mwh_soc10_90_v5,1,7506,93.016,0.0
2026-05-25 17:25:45,20260525_172452_dk2022_150mw_300mwh_soc10_90_v5,1,7507,93.016,0.0
2026-05-25 17:25:45,20260525_172452_dk2022_150mw_300mwh_soc10_90_v5,1,7508,93.016,0.0
2026-05-25 17:25:45,20260525_172452_dk2022_150mw_300mwh_soc10_90_v5,1,7509,93.016,0.0
2026-05-25 17:25:45,20260525_172452_dk2022_150mw_300mwh_soc10_90_v5,1,7510,93.016,0.0
2026-05-25 17:25:45,20260525_172452_dk2022_150mw_300mwh_soc10_90_v5,1,7511,93.016,0.0
2026-05-25 17:25:45,20260525_172452_dk2022_150mw_300mwh_soc10_90_v5,1,7512,93.016,0.0
2026-05-25 17:25:45,20260525_172452_dk2022_150mw_300mwh_soc10_90_v5,1,7513,93.016,0.0
2026-05-25 17:25:45,20260525_172452_dk2022_150mw_300mwh_soc10_90_v5,1,7514,93.016,0.0
2026-05-25 17:25:45,20260525_172452_dk2022_150mw_300mwh_soc10_90_v5,1,7515,93.016,0.0
2026-05-25 17:25:45,20260525_172452_dk2022_150mw_300mwh_soc10_90_v5,1,7516,93.016,0.0
2026-05-25 17:25:45,20260525_172452_dk2022_150mw_300mwh_soc10_90_v5,1,7517,93.016,0.0
2026-05-25 17:25:45,20260525_172452_dk2022_150mw_300mwh_soc10_90_v5,1,7518,93.016,0.0
2026-05-25 17:25:45,20260525_172452_dk2022_150mw_300mwh_soc10_90_v5,1,7519,93.016,0.0
2026-05-25 17:25:45,20260525_172452_dk2022_150mw_300mwh_soc10_90_v5,1,7520,93.016,0.0
2026-05-25 17:25:45,20260525_172452_dk2022_150mw_300mwh_soc10_90_v5,1,7521,93.016,0.0
2026-05-25 17:25:45,20260525_172452_dk2022_150mw_300mwh_soc10_90_v5,1,7522,93.016,0.0
2026-05-25 17:25:45,20260525_172452_dk2022_150mw_300mwh_soc10_90_v5,1,7523,93.016,0.0
2026-05-25 17:25:45,20260525_172452_dk2022_150mw_300mwh_soc10_90_v5,1,7524,93.016,0.0
2026-05-25 17:25:45,20260525_172452_dk2022_150mw_300mwh_soc10_90_v5,1,7525,93.016,0.0
2026-05-25 17:25:45,20260525_172452_dk2022_150mw_300mwh_soc10_90_v5,1,7526,93.016,0.0
2026-05-25 17:25:45,20260525_172452_dk2022_150mw_300mwh_soc10_90_v5,1,7527,93.016,0.0
2026-05-25 17:25:45,20260525_172452_dk2022_150mw_300mwh_soc10_90_v5,1,7528,93.016,0.0
2026-05-25 17:25:45,20260525_172452_dk2022_150mw_300mwh_soc10_90_v5,1,7529,93.016,0.0
2026-05-25 17:25:45,20260525_172452_dk2022_150mw_300mwh_soc10_90_v5,1,7530,93.016,0.0
2026-05-25 17:25:45,20260525_172452_dk2022_150mw_300mwh_soc10_90_v5,1,7531,93.016,0.0
2026-05-25 17:25:45,20260525_172452_dk2022_150mw_300mwh_soc10_90_v5,1,7532,93.016,0.0
2026-05-25 17:25:45,20260525_172452_dk2022_150mw_300mwh_soc10_90_v5,1,7533,93.016,0.0
2026-05-25 17:25:45,20260525_172452_dk2022_150mw_300mwh_soc10_90_v5,1,7534,93.016,0.0
2026-05-25 17:25:45,20260525_172452_dk2022_150mw_300mwh_soc10_90_v5,1,7535,93.016,0.0
2026-05-25 17:25:45,20260525_172452_dk2022_150mw_300mwh_soc10_90_v5,1,7536,93.016,0.0
2026-05-25 17:25:45,20260525_172452_dk2022_150mw_300mwh_soc10_90_v5,1,7537,93.016,0.0
2026-05-25 17:25:45,20260525_172452_dk2022_150mw_300mwh_soc10_90_v5,1,7538,93.016,0.0
2026-05-25 17:25:45,20260525_172452_dk2022_150mw_300mwh_soc10_90_v5,1,7539,93.016,0.0
2026-05-25 17:25:45,20260525_172452_dk2022_150mw_300mwh_soc10_90_v5,1,7540,93.016,0.0
2026-05-25 17:25:45,20260525_172452_dk2022_150mw_300mwh_soc10_90_v5,1,7541,93.016,0.0
2026-05-25 17:25:45,20260525_172452_dk2022_150mw_300mwh_soc10_90_v5,1,7542,93.016,0.0
2026-05-25 17:25:45,20260525_172452_dk2022_150mw_300mwh_soc10_90_v5,1,7543,93.016,0.0
2026-05-25 17:25:45,20260525_172452_dk2022_150mw_300mwh_soc10_90_v5,1,7544,93.016,0.0
2026-05-25 17:25:45,20260525_172452_dk2022_150mw_300mwh_soc10_90_v5,1,7545,93.016,0.0
2026-05-25 17:25:45,20260525_172452_dk2022_150mw_300mwh_soc10_90_v5,1,7546,93.016,0.0
2026-05-25 17:25:45,20260525_172452_dk2022_150mw_300mwh_soc10_90_v5,1,7547,93.016,0.0
2026-05-25 17:25:45,20260525_172452_dk2022_150mw_300mwh_soc10_90_v5,1,7548,93.016,0.0
2026-05-25 17:25:45,20260525_172452_dk2022_150mw_300mwh_soc10_90_v5,1,7549,93.016,0.0
2026-05-25 17:25:45,20260525_172452_dk2022_150mw_300mwh_soc10_90_v5,1,7550,93.016,0.0
2026-05-25 17:25:45,20260525_172452_dk2022_150mw_300mwh_soc10_90_v5,1,7551,93.016,0.0
2026-05-25 17:25:45,20260525_172452_dk2022_150mw_300mwh_soc10_90_v5,1,7552,93.016,0.0
2026-05-25 17:25:45,20260525_172452_dk2022_150mw_300mwh_soc10_90_v5,1,7553,93.016,0.0
2026-05-25 17:25:45,20260525_172452_dk2022_150mw_300mwh_soc10_90_v5,1,7554,93.016,0.0
2026-05-25 17:25:45,20260525_172452_dk2022_150mw_300mwh_soc10_90_v5,1,7555,93.016,0.0
2026-05-25 17:25:45,20260525_172452_dk2022_150mw_300mwh_soc10_90_v5,1,7556,93.016,0.0
2026-05-25 17:25:45,20260525_172452_dk2022_150mw_300mwh_soc10_90_v5,1,7557,93.016,0.0
2026-05-25 17:25:45,20260525_172452_dk2022_150mw_300mwh_soc10_90_v5,1,7558,93.016,0.0
2026-05-25 17:25:45,20260525_172452_dk2022_150mw_300mwh_soc10_90_v5,1,7559,93.016,0.0
2026-05-25 17:25:45,20260525_172452_dk2022_150mw_300mwh_soc10_90_v5,1,7560,93.016,0.0
2026-05-25 17:25:45,20260525_172452_dk2022_150mw_300mwh_soc10_90_v5,1,7561,93.016,0.0
2026-05-25 17:25:45,20260525_172452_dk2022_150mw_300mwh_soc10_90_v5,1,7562,93.016,0.0
2026-05-25 17:25:45,20260525_172452_dk2022_150mw_300mwh_soc10_90_v5,1,7563,93.016,0.0
2026-05-25 17:25:45,20260525_172452_dk2022_150mw_300mwh_soc10_90_v5,1,7564,93.016,0.0
2026-05-25 17:25:45,20260525_172452_dk2022_150mw_300mwh_soc10_90_v5,1,7565,93.016,0.0
2026-05-25 17:25:45,20260525_172452_dk2022_150mw_300mwh_soc10_90_v5,1,7566,93.016,0.0
2026-05-25 17:25:45,20260525_172452_dk2022_150mw_300mwh_soc10_90_v5,1,7567,93.016,0.0
2026-05-25 17:25:45,20260525_172452_dk2022_150mw_300mwh_soc10_90_v5,1,7568,93.016,0.0
2026-05-25 17:25:45,20260525_172452_dk2022_150mw_300mwh_soc10_90_v5,1,7569,93.016,0.0
2026-05-25 17:25:45,20260525_172452_dk2022_150mw_300mwh_soc10_90_v5,1,7570,93.016,0.0
2026-05-25 17:25:45,20260525_172452_dk2022_150mw_300mwh_soc10_90_v5,1,7571,93.016,0.0
2026-05-25 17:25:45,20260525_172452_dk2022_150mw_300mwh_soc10_90_v5,1,7572,93.016,0.0
2026-05-25 17:25:45,20260525_172452_dk2022_150mw_300mwh_soc10_90_v5,1,7573,93.016,0.0
2026-05-25 17:25:45,20260525_172452_dk2022_150mw_300mwh_soc10_90_v5,1,7574,93.016,0.0
2026-05-25 17:25:45,20260525_172452_dk2022_150mw_300mwh_soc10_90_v5,1,7575,93.016,0.0
2026-05-25 17:25:45,20260525_172452_dk2022_150mw_300mwh_soc10_90_v5,1,7576,93.016,0.0
2026-05-25 17:25:45,20260525_172452_dk2022_150mw_300mwh_soc10_90_v5,1,7577,93.016,0.0
2026-05-25 17:25:45,20260525_172452_dk2022_150mw_300mwh_soc10_90_v5,1,7578,93.016,0.0
2026-05-25 17:25:45,20260525_172452_dk2022_150mw_300mwh_soc10_90_v5,1,7579,93.016,0.0
2026-05-25 17:25:45,20260525_172452_dk2022_150mw_300mwh_soc10_90_v5,1,7580,93.016,0.0
2026-05-25 17:25:45,20260525_172452_dk2022_150mw_300mwh_soc10_90_v5,1,7581,93.016,0.0
2026-05-25 17:25:45,20260525_172452_dk2022_150mw_300mwh_soc10_90_v5,1,7582,93.016,0.0
2026-05-25 17:25:45,20260525_172452_dk2022_150mw_300mwh_soc10_90_v5,1,7583,93.016,0.0
2026-05-25 17:25:45,20260525_172452_dk2022_150mw_300mwh_soc10_90_v5,1,7584,93.016,0.0
2026-05-25 17:25:45,20260525_172452_dk2022_150mw_300mwh_soc10_90_v5,1,7585,93.016,0.0
2026-05-25 17:25:45,20260525_172452_dk2022_150mw_300mwh_soc10_90_v5,1,7586,93.016,0.0
2026-05-25 17:25:45,20260525_172452_dk2022_150mw_300mwh_soc10_90_v5,1,7587,93.016,0.0
2026-05-25 17:25:45,20260525_172452_dk2022_150mw_300mwh_soc10_90_v5,1,7588,93.016,0.0
2026-05-25 17:25:45,20260525_172452_dk2022_150mw_300mwh_soc10_90_v5,1,7589,93.016,0.0
2026-05-25 17:25:45,20260525_172452_dk2022_150mw_300mwh_soc10_90_v5,1,7590,93.016,0.0
2026-05-25 17:25:45,20260525_172452_dk2022_150mw_300mwh_soc10_90_v5,1,7591,93.016,0.0
2026-05-25 17:25:45,20260525_172452_dk2022_150mw_300mwh_soc10_90_v5,1,7592,93.016,0.0
2026-05-25 17:25:45,20260525_172452_dk2022_150mw_300mwh_soc10_90_v5,1,7593,93.016,0.0
2026-05-25 17:25:45,20260525_172452_dk2022_150mw_300mwh_soc10_90_v5,1,7594,93.016,0.0
2026-05-25 17:25:45,20260525_172452_dk2022_150mw_300mwh_soc10_90_v5,1,7595,93.016,0.0
2026-05-25 17:25:45,20260525_172452_dk2022_150mw_300mwh_soc10_90_v5,1,7596,93.016,0.0
2026-05-25 17:25:45,20260525_172452_dk2022_150mw_300mwh_soc10_90_v5,1,7597,93.016,0.0
2026-05-25 17:25:45,20260525_172452_dk2022_150mw_300mwh_soc10_90_v5,1,7598,93.016,0.0
2026-05-25 17:25:45,20260525_172452_dk2022_150mw_300mwh_soc10_90_v5,1,7599,93.016,0.0
2026-05-25 17:25:45,20260525_172452_dk2022_150mw_300mwh_soc10_90_v5,1,7600,93.016,0.0
2026-05-25 17:25:45,20260525_172452_dk2022_150mw_300mwh_soc10_90_v5,1,7601,93.016,0.0
2026-05-25 17:25:45,20260525_172452_dk2022_150mw_300mwh_soc10_90_v5,1,7602,93.016,0.0
2026-05-25 17:25:45,20260525_172452_dk2022_150mw_300mwh_soc10_90_v5,1,7603,93.016,0.0
2026-05-25 17:25:45,20260525_172452_dk2022_150mw_300mwh_soc10_90_v5,1,7604,93.016,0.0
2026-05-25 17:25:45,20260525_172452_dk2022_150mw_300mwh_soc10_90_v5,1,7605,93.016,0.0
2026-05-25 17:25:45,20260525_172452_dk2022_150mw_300mwh_soc10_90_v5,1,7606,93.016,0.0
2026-05-25 17:25:45,20260525_172452_dk2022_150mw_300mwh_soc10_90_v5,1,7607,93.016,0.0
2026-05-25 17:25:45,20260525_172452_dk2022_150mw_300mwh_soc10_90_v5,1,7608,93.016,0.0
2026-05-25 17:25:45,20260525_172452_dk2022_150mw_300mwh_soc10_90_v5,1,7609,93.016,0.0
2026-05-25 17:25:45,20260525_172452_dk2022_150mw_300mwh_soc10_90_v5,1,7610,93.016,0.0
2026-05-25 17:25:45,20260525_172452_dk2022_150mw_300mwh_soc10_90_v5,1,7611,93.016,0.0
2026-05-25 17:25:45,20260525_172452_dk2022_150mw_300mwh_soc10_90_v5,1,7612,93.016,0.0
2026-05-25 17:25:45,20260525_172452_dk2022_150mw_300mwh_soc10_90_v5,1,7613,93.016,0.0
2026-05-25 17:25:45,20260525_172452_dk2022_150mw_300mwh_soc10_90_v5,1,7614,93.016,0.0
2026-05-25 17:25:45,20260525_172452_dk2022_150mw_300mwh_soc10_90_v5,1,7615,93.016,0.0
2026-05-25 17:25:45,20260525_172452_dk2022_150mw_300mwh_soc10_90_v5,1,7616,93.016,0.0
2026-05-25 17:25:45,20260525_172452_dk2022_150mw_300mwh_soc10_90_v5,1,7617,93.016,0.0
2026-05-25 17:25:45,20260525_172452_dk2022_150mw_300mwh_soc10_90_v5,1,7618,93.016,0.0
2026-05-25 17:25:45,20260525_172452_dk2022_150mw_300mwh_soc10_90_v5,1,7619,93.016,0.0
2026-05-25 17:25:45,20260525_172452_dk2022_150mw_300mwh_soc10_90_v5,1,7620,93.016,0.0
2026-05-25 17:25:45,20260525_172452_dk2022_150mw_300mwh_soc10_90_v5,1,7621,93.016,0.0
2026-05-25 17:25:45,20260525_172452_dk2022_150mw_300mwh_soc10_90_v5,1,7622,93.016,0.0
2026-05-25 17:25:45,20260525_172452_dk2022_150mw_300mwh_soc10_90_v5,1,7623,93.016,0.0
2026-05-25 17:25:45,20260525_172452_dk2022_150mw_300mwh_soc10_90_v5,1,7624,93.016,0.0
2026-05-25 17:25:45,20260525_172452_dk2022_150mw_300mwh_soc10_90_v5,1,7625,93.016,0.0
2026-05-25 17:25:45,20260525_172452_dk2022_150mw_300mwh_soc10_90_v5,1,7626,93.016,0.0
2026-05-25 17:25:45,20260525_172452_dk2022_150mw_300mwh_soc10_90_v5,1,7627,93.016,0.0
2026-05-25 17:25:45,20260525_172452_dk2022_150mw_300mwh_soc10_90_v5,1,7628,93.016,0.0
2026-05-25 17:25:45,20260525_172452_dk2022_150mw_300mwh_soc10_90_v5,1,7629,93.016,0.0
2026-05-25 17:25:45,20260525_172452_dk2022_150mw_300mwh_soc10_90_v5,1,7630,93.016,0.0
2026-05-25 17:25:45,20260525_172452_dk2022_150mw_300mwh_soc10_90_v5,1,7631,93.016,0.0
2026-05-25 17:25:45,20260525_172452_dk2022_150mw_300mwh_soc10_90_v5,1,7632,93.016,0.0
2026-05-25 17:25:45,20260525_172452_dk2022_150mw_300mwh_soc10_90_v5,1,7633,93.016,0.0
2026-05-25 17:25:45,20260525_172452_dk2022_150mw_300mwh_soc10_90_v5,1,7634,93.016,0.0
2026-05-25 17:25:45,20260525_172452_dk2022_150mw_300mwh_soc10_90_v5,1,7635,93.016,0.0
2026-05-25 17:25:45,20260525_172452_dk2022_150mw_300mwh_soc10_90_v5,1,7636,93.016,0.0
2026-05-25 17:25:45,20260525_172452_dk2022_150mw_300mwh_soc10_90_v5,1,7637,93.016,0.0
2026-05-25 17:25:45,20260525_172452_dk2022_150mw_300mwh_soc10_90_v5,1,7638,93.016,0.0
2026-05-25 17:25:45,20260525_172452_dk2022_150mw_300mwh_soc10_90_v5,1,7639,93.016,0.0
2026-05-25 17:25:45,20260525_172452_dk2022_150mw_300mwh_soc10_90_v5,1,7640,93.016,0.0
2026-05-25 17:25:45,20260525_172452_dk2022_150mw_300mwh_soc10_90_v5,1,7641,93.016,0.0
2026-05-25 17:25:45,20260525_172452_dk2022_150mw_300mwh_soc10_90_v5,1,7642,93.016,0.0
2026-05-25 17:25:45,20260525_172452_dk2022_150mw_300mwh_soc10_90_v5,1,7643,93.016,0.0
2026-05-25 17:25:45,20260525_172452_dk2022_150mw_300mwh_soc10_90_v5,1,7644,93.016,0.0
2026-05-25 17:25:45,20260525_172452_dk2022_150mw_300mwh_soc10_90_v5,1,7645,93.016,0.0
2026-05-25 17:25:45,20260525_172452_dk2022_150mw_300mwh_soc10_90_v5,1,7646,93.016,0.0
2026-05-25 17:25:45,20260525_172452_dk2022_150mw_300mwh_soc10_90_v5,1,7647,93.016,0.0
2026-05-25 17:25:45,20260525_172452_dk2022_150mw_300mwh_soc10_90_v5,1,7648,93.016,0.0
2026-05-25 17:25:45,20260525_172452_dk2022_150mw_300mwh_soc10_90_v5,1,7649,93.016,0.0
2026-05-25 17:25:45,20260525_172452_dk2022_150mw_300mwh_soc10_90_v5,1,7650,93.016,0.0
2026-05-25 17:25:45,20260525_172452_dk2022_150mw_300mwh_soc10_90_v5,1,7651,93.016,0.0
2026-05-25 17:25:45,20260525_172452_dk2022_150mw_300mwh_soc10_90_v5,1,7652,93.016,0.0
2026-05-25 17:25:45,20260525_172452_dk2022_150mw_300mwh_soc10_90_v5,1,7653,93.016,0.0
2026-05-25 17:25:45,20260525_172452_dk2022_150mw_300mwh_soc10_90_v5,1,7654,93.016,0.0
2026-05-25 17:25:45,20260525_172452_dk2022_150mw_300mwh_soc10_90_v5,1,7655,93.016,0.0
2026-05-25 17:25:45,20260525_172452_dk2022_150mw_300mwh_soc10_90_v5,1,7656,93.016,0.0
2026-05-25 17:25:45,20260525_172452_dk2022_150mw_300mwh_soc10_90_v5,1,7657,93.016,0.0
2026-05-25 17:25:45,20260525_172452_dk2022_150mw_300mwh_soc10_90_v5,1,7658,93.016,0.0
2026-05-25 17:25:45,20260525_172452_dk2022_150mw_300mwh_soc10_90_v5,1,7659,93.016,0.0
2026-05-25 17:25:45,20260525_172452_dk2022_150mw_300mwh_soc10_90_v5,1,7660,93.016,0.0
2026-05-25 17:25:45,20260525_172452_dk2022_150mw_300mwh_soc10_90_v5,1,7661,93.016,0.0
2026-05-25 17:25:45,20260525_172452_dk2022_150mw_300mwh_soc10_90_v5,1,7662,93.016,0.0
2026-05-25 17:25:45,20260525_172452_dk2022_150mw_300mwh_soc10_90_v5,1,7663,93.016,0.0
2026-05-25 17:25:45,20260525_172452_dk2022_150mw_300mwh_soc10_90_v5,1,7664,93.016,0.0
2026-05-25 17:25:45,20260525_172452_dk2022_150mw_300mwh_soc10_90_v5,1,7665,93.016,0.0
2026-05-25 17:25:45,20260525_172452_dk2022_150mw_300mwh_soc10_90_v5,1,7666,93.016,0.0
2026-05-25 17:25:45,20260525_172452_dk2022_150mw_300mwh_soc10_90_v5,1,7667,93.016,0.0
2026-05-25 17:25:45,20260525_172452_dk2022_150mw_300mwh_soc10_90_v5,1,7668,93.016,0.0
2026-05-25 17:25:45,20260525_172452_dk2022_150mw_300mwh_soc10_90_v5,1,7669,93.016,0.0
2026-05-25 17:25:45,20260525_172452_dk2022_150mw_300mwh_soc10_90_v5,1,7670,93.016,0.0
2026-05-25 17:25:45,20260525_172452_dk2022_150mw_300mwh_soc10_90_v5,1,7671,93.016,0.0
2026-05-25 17:25:45,20260525_172452_dk2022_150mw_300mwh_soc10_90_v5,1,7672,93.016,0.0
2026-05-25 17:25:45,20260525_172452_dk2022_150mw_300mwh_soc10_90_v5,1,7673,93.016,0.0
2026-05-25 17:25:45,20260525_172452_dk2022_150mw_300mwh_soc10_90_v5,1,7674,93.016,0.0
2026-05-25 17:25:45,20260525_172452_dk2022_150mw_300mwh_soc10_90_v5,1,7675,93.016,0.0
2026-05-25 17:25:45,20260525_172452_dk2022_150mw_300mwh_soc10_90_v5,1,7676,93.016,0.0
2026-05-25 17:25:45,20260525_172452_dk2022_150mw_300mwh_soc10_90_v5,1,7677,93.016,0.0
2026-05-25 17:25:45,20260525_172452_dk2022_150mw_300mwh_soc10_90_v5,1,7678,93.016,0.0
2026-05-25 17:25:45,20260525_172452_dk2022_150mw_300mwh_soc10_90_v5,1,7679,93.016,0.0
2026-05-25 17:25:45,20260525_172452_dk2022_150mw_300mwh_soc10_90_v5,1,7680,93.016,0.0
2026-05-25 17:25:45,20260525_172452_dk2022_150mw_300mwh_soc10_90_v5,1,7681,93.016,0.0
2026-05-25 17:25:45,20260525_172452_dk2022_150mw_300mwh_soc10_90_v5,1,7682,93.016,0.0
2026-05-25 17:25:45,20260525_172452_dk2022_150mw_300mwh_soc10_90_v5,1,7683,93.016,0.0
2026-05-25 17:25:45,20260525_172452_dk2022_150mw_300mwh_soc10_90_v5,1,7684,93.016,0.0
2026-05-25 17:25:45,20260525_172452_dk2022_150mw_300mwh_soc10_90_v5,1,7685,93.016,0.0
2026-05-25 17:25:45,20260525_172452_dk2022_150mw_300mwh_soc10_90_v5,1,7686,93.016,0.0
2026-05-25 17:25:45,20260525_172452_dk2022_150mw_300mwh_soc10_90_v5,1,7687,93.016,0.0
2026-05-25 17:25:45,20260525_172452_dk2022_150mw_300mwh_soc10_90_v5,1,7688,93.016,0.0
2026-05-25 17:25:45,20260525_172452_dk2022_150mw_300mwh_soc10_90_v5,1,7689,93.016,0.0
2026-05-25 17:25:45,20260525_172452_dk2022_150mw_300mwh_soc10_90_v5,1,7690,93.016,0.0
2026-05-25 17:25:45,20260525_172452_dk2022_150mw_300mwh_soc10_90_v5,1,7691,93.016,0.0
2026-05-25 17:25:45,20260525_172452_dk2022_150mw_300mwh_soc10_90_v5,1,7692,93.016,0.0
2026-05-25 17:25:45,20260525_172452_dk2022_150mw_300mwh_soc10_90_v5,1,7693,93.016,0.0
2026-05-25 17:25:45,20260525_172452_dk2022_150mw_300mwh_soc10_90_v5,1,7694,93.016,0.0
2026-05-25 17:25:45,20260525_172452_dk2022_150mw_300mwh_soc10_90_v5,1,7695,93.016,0.0
2026-05-25 17:25:45,20260525_172452_dk2022_150mw_300mwh_soc10_90_v5,1,7696,93.016,0.0
2026-05-25 17:25:45,20260525_172452_dk2022_150mw_300mwh_soc10_90_v5,1,7697,93.016,0.0
2026-05-25 17:25:45,20260525_172452_dk2022_150mw_300mwh_soc10_90_v5,1,7698,93.016,0.0
2026-05-25 17:25:45,20260525_172452_dk2022_150mw_300mwh_soc10_90_v5,1,7699,93.016,0.0
2026-05-25 17:25:45,20260525_172452_dk2022_150mw_300mwh_soc10_90_v5,1,7700,93.016,0.0
2026-05-25 17:25:45,20260525_172452_dk2022_150mw_300mwh_soc10_90_v5,1,7701,93.016,0.0
2026-05-25 17:25:45,20260525_172452_dk2022_150mw_300mwh_soc10_90_v5,1,7702,93.016,0.0
2026-05-25 17:25:45,20260525_172452_dk2022_150mw_300mwh_soc10_90_v5,1,7703,93.016,0.0
2026-05-25 17:25:45,20260525_172452_dk2022_150mw_300mwh_soc10_90_v5,1,7704,93.016,0.0
2026-05-25 17:25:45,20260525_172452_dk2022_150mw_300mwh_soc10_90_v5,1,7705,93.016,0.0
2026-05-25 17:25:45,20260525_172452_dk2022_150mw_300mwh_soc10_90_v5,1,7706,93.016,0.0
2026-05-25 17:25:45,20260525_172452_dk2022_150mw_300mwh_soc10_90_v5,1,7707,93.016,0.0
2026-05-25 17:25:45,20260525_172452_dk2022_150mw_300mwh_soc10_90_v5,1,7708,93.016,0.0
2026-05-25 17:25:45,20260525_172452_dk2022_150mw_300mwh_soc10_90_v5,1,7709,93.016,0.0
2026-05-25 17:25:45,20260525_172452_dk2022_150mw_300mwh_soc10_90_v5,1,7710,93.016,0.0
2026-05-25 17:25:45,20260525_172452_dk2022_150mw_300mwh_soc10_90_v5,1,7711,93.016,0.0
2026-05-25 17:25:45,20260525_172452_dk2022_150mw_300mwh_soc10_90_v5,1,7712,93.016,0.0
2026-05-25 17:25:45,20260525_172452_dk2022_150mw_300mwh_soc10_90_v5,1,7713,93.016,0.0
2026-05-25 17:25:45,20260525_172452_dk2022_150mw_300mwh_soc10_90_v5,1,7714,93.016,0.0
2026-05-25 17:25:45,20260525_172452_dk2022_150mw_300mwh_soc10_90_v5,1,7715,93.016,0.0
2026-05-25 17:25:45,20260525_172452_dk2022_150mw_300mwh_soc10_90_v5,1,7716,93.016,0.0
2026-05-25 17:25:45,20260525_172452_dk2022_150mw_300mwh_soc10_90_v5,1,7717,93.016,0.0
2026-05-25 17:25:45,20260525_172452_dk2022_150mw_300mwh_soc10_90_v5,1,7718,93.016,0.0
2026-05-25 17:25:45,20260525_172452_dk2022_150mw_300mwh_soc10_90_v5,1,7719,93.016,0.0
2026-05-25 17:25:45,20260525_172452_dk2022_150mw_300mwh_soc10_90_v5,1,7720,93.016,0.0
2026-05-25 17:25:45,20260525_172452_dk2022_150mw_300mwh_soc10_90_v5,1,7721,93.016,0.0
2026-05-25 17:25:45,20260525_172452_dk2022_150mw_300mwh_soc10_90_v5,1,7722,93.016,0.0
2026-05-25 17:25:45,20260525_172452_dk2022_150mw_300mwh_soc10_90_v5,1,7723,93.016,0.0
2026-05-25 17:25:45,20260525_172452_dk2022_150mw_300mwh_soc10_90_v5,1,7724,93.016,0.0
2026-05-25 17:25:45,20260525_172452_dk2022_150mw_300mwh_soc10_90_v5,1,7725,93.016,0.0
2026-05-25 17:25:45,20260525_172452_dk2022_150mw_300mwh_soc10_90_v5,1,7726,93.016,0.0
2026-05-25 17:25:45,20260525_172452_dk2022_150mw_300mwh_soc10_90_v5,1,7727,93.016,0.0
2026-05-25 17:25:45,20260525_172452_dk2022_150mw_300mwh_soc10_90_v5,1,7728,93.016,0.0
2026-05-25 17:25:45,20260525_172452_dk2022_150mw_300mwh_soc10_90_v5,1,7729,93.016,0.0
2026-05-25 17:25:45,20260525_172452_dk2022_150mw_300mwh_soc10_90_v5,1,7730,93.016,0.0
2026-05-25 17:25:45,20260525_172452_dk2022_150mw_300mwh_soc10_90_v5,1,7731,93.016,0.0
2026-05-25 17:25:45,20260525_172452_dk2022_150mw_300mwh_soc10_90_v5,1,7732,93.016,0.0
2026-05-25 17:25:45,20260525_172452_dk2022_150mw_300mwh_soc10_90_v5,1,7733,93.016,0.0
2026-05-25 17:25:45,20260525_172452_dk2022_150mw_300mwh_soc10_90_v5,1,7734,93.016,0.0
2026-05-25 17:25:45,20260525_172452_dk2022_150mw_300mwh_soc10_90_v5,1,7735,93.016,0.0
2026-05-25 17:25:45,20260525_172452_dk2022_150mw_300mwh_soc10_90_v5,1,7736,93.016,0.0
2026-05-25 17:25:45,20260525_172452_dk2022_150mw_300mwh_soc10_90_v5,1,7737,93.016,0.0
2026-05-25 17:25:45,20260525_172452_dk2022_150mw_300mwh_soc10_90_v5,1,7738,93.016,0.0
2026-05-25 17:25:45,20260525_172452_dk2022_150mw_300mwh_soc10_90_v5,1,7739,93.016,0.0
2026-05-25 17:25:45,20260525_172452_dk2022_150mw_300mwh_soc10_90_v5,1,7740,93.016,0.0
2026-05-25 17:25:45,20260525_172452_dk2022_150mw_300mwh_soc10_90_v5,1,7741,93.016,0.0
2026-05-25 17:25:45,20260525_172452_dk2022_150mw_300mwh_soc10_90_v5,1,7742,93.016,0.0
2026-05-25 17:25:45,20260525_172452_dk2022_150mw_300mwh_soc10_90_v5,1,7743,93.016,0.0
2026-05-25 17:25:45,20260525_172452_dk2022_150mw_300mwh_soc10_90_v5,1,7744,93.016,0.0
2026-05-25 17:25:45,20260525_172452_dk2022_150mw_300mwh_soc10_90_v5,1,7745,93.016,0.0
2026-05-25 17:25:45,20260525_172452_dk2022_150mw_300mwh_soc10_90_v5,1,7746,93.016,0.0
2026-05-25 17:25:45,20260525_172452_dk2022_150mw_300mwh_soc10_90_v5,1,7747,93.016,0.0
2026-05-25 17:25:45,20260525_172452_dk2022_150mw_300mwh_soc10_90_v5,1,7748,93.016,0.0
2026-05-25 17:25:45,20260525_172452_dk2022_150mw_300mwh_soc10_90_v5,1,7749,93.016,0.0
2026-05-25 17:25:45,20260525_172452_dk2022_150mw_300mwh_soc10_90_v5,1,7750,93.016,0.0
2026-05-25 17:25:45,20260525_172452_dk2022_150mw_300mwh_soc10_90_v5,1,7751,93.016,0.0
2026-05-25 17:25:45,20260525_172452_dk2022_150mw_300mwh_soc10_90_v5,1,7752,93.016,0.0
2026-05-25 17:25:45,20260525_172452_dk2022_150mw_300mwh_soc10_90_v5,1,7753,93.016,0.0
2026-05-25 17:25:45,20260525_172452_dk2022_150mw_300mwh_soc10_90_v5,1,7754,93.016,0.0
2026-05-25 17:25:45,20260525_172452_dk2022_150mw_300mwh_soc10_90_v5,1,7755,93.016,0.0
2026-05-25 17:25:45,20260525_172452_dk2022_150mw_300mwh_soc10_90_v5,1,7756,93.016,0.0
2026-05-25 17:25:45,20260525_172452_dk2022_150mw_300mwh_soc10_90_v5,1,7757,93.016,0.0
2026-05-25 17:25:45,20260525_172452_dk2022_150mw_300mwh_soc10_90_v5,1,7758,93.016,0.0
2026-05-25 17:25:45,20260525_172452_dk2022_150mw_300mwh_soc10_90_v5,1,7759,93.016,0.0
2026-05-25 17:25:45,20260525_172452_dk2022_150mw_300mwh_soc10_90_v5,1,7760,93.016,0.0
2026-05-25 17:25:45,20260525_172452_dk2022_150mw_300mwh_soc10_90_v5,1,7761,93.016,0.0
2026-05-25 17:25:45,20260525_172452_dk2022_150mw_300mwh_soc10_90_v5,1,7762,93.016,0.0
2026-05-25 17:25:45,20260525_172452_dk2022_150mw_300mwh_soc10_90_v5,1,7763,93.016,0.0
2026-05-25 17:25:45,20260525_172452_dk2022_150mw_300mwh_soc10_90_v5,1,7764,93.016,0.0
2026-05-25 17:25:45,20260525_172452_dk2022_150mw_300mwh_soc10_90_v5,1,7765,93.016,0.0
2026-05-25 17:25:45,20260525_172452_dk2022_150mw_300mwh_soc10_90_v5,1,7766,93.016,0.0
2026-05-25 17:25:45,20260525_172452_dk2022_150mw_300mwh_soc10_90_v5,1,7767,93.016,0.0
2026-05-25 17:25:45,20260525_172452_dk2022_150mw_300mwh_soc10_90_v5,1,7768,93.016,0.0
2026-05-25 17:25:45,20260525_172452_dk2022_150mw_300mwh_soc10_90_v5,1,7769,93.016,0.0
2026-05-25 17:25:45,20260525_172452_dk2022_150mw_300mwh_soc10_90_v5,1,7770,93.016,0.0
2026-05-25 17:25:45,20260525_172452_dk2022_150mw_300mwh_soc10_90_v5,1,7771,93.016,0.0
2026-05-25 17:25:45,20260525_172452_dk2022_150mw_300mwh_soc10_90_v5,1,7772,93.016,0.0
2026-05-25 17:25:45,20260525_172452_dk2022_150mw_300mwh_soc10_90_v5,1,7773,93.016,0.0
2026-05-25 17:25:45,20260525_172452_dk2022_150mw_300mwh_soc10_90_v5,1,7774,93.016,0.0
2026-05-25 17:25:45,20260525_172452_dk2022_150mw_300mwh_soc10_90_v5,1,7775,93.016,0.0
2026-05-25 17:25:45,20260525_172452_dk2022_150mw_300mwh_soc10_90_v5,1,7776,93.016,0.0
2026-05-25 17:25:45,20260525_172452_dk2022_150mw_300mwh_soc10_90_v5,1,7777,93.016,0.0
2026-05-25 17:25:45,20260525_172452_dk2022_150mw_300mwh_soc10_90_v5,1,7778,93.016,0.0
2026-05-25 17:25:45,20260525_172452_dk2022_150mw_300mwh_soc10_90_v5,1,7779,93.016,0.0
2026-05-25 17:25:45,20260525_172452_dk2022_150mw_300mwh_soc10_90_v5,1,7780,93.016,0.0
2026-05-25 17:25:45,20260525_172452_dk2022_150mw_300mwh_soc10_90_v5,1,7781,93.016,0.0
2026-05-25 17:25:45,20260525_172452_dk2022_150mw_300mwh_soc10_90_v5,1,7782,93.016,0.0
2026-05-25 17:25:45,20260525_172452_dk2022_150mw_300mwh_soc10_90_v5,1,7783,93.016,0.0
2026-05-25 17:25:45,20260525_172452_dk2022_150mw_300mwh_soc10_90_v5,1,7784,93.016,0.0
2026-05-25 17:25:45,20260525_172452_dk2022_150mw_300mwh_soc10_90_v5,1,7785,93.016,0.0
2026-05-25 17:25:45,20260525_172452_dk2022_150mw_300mwh_soc10_90_v5,1,7786,93.016,0.0
2026-05-25 17:25:45,20260525_172452_dk2022_150mw_300mwh_soc10_90_v5,1,7787,93.016,0.0
2026-05-25 17:25:45,20260525_172452_dk2022_150mw_300mwh_soc10_90_v5,1,7788,93.016,0.0
2026-05-25 17:25:45,20260525_172452_dk2022_150mw_300mwh_soc10_90_v5,1,7789,93.016,0.0
2026-05-25 17:25:45,20260525_172452_dk2022_150mw_300mwh_soc10_90_v5,1,7790,93.016,0.0
2026-05-25 17:25:45,20260525_172452_dk2022_150mw_300mwh_soc10_90_v5,1,7791,93.016,0.0
2026-05-25 17:25:45,20260525_172452_dk2022_150mw_300mwh_soc10_90_v5,1,7792,93.016,0.0
2026-05-25 17:25:45,20260525_172452_dk2022_150mw_300mwh_soc10_90_v5,1,7793,93.016,0.0
2026-05-25 17:25:45,20260525_172452_dk2022_150mw_300mwh_soc10_90_v5,1,7794,93.016,0.0
2026-05-25 17:25:45,20260525_172452_dk2022_150mw_300mwh_soc10_90_v5,1,7795,93.016,0.0
2026-05-25 17:25:45,20260525_172452_dk2022_150mw_300mwh_soc10_90_v5,1,7796,93.016,3.70309301
2026-05-25 17:25:45,20260525_172452_dk2022_150mw_300mwh_soc10_90_v5,1,7797,93.016,0.0
2026-05-25 17:25:45,20260525_172452_dk2022_150mw_300mwh_soc10_90_v5,1,7798,93.016,0.0
2026-05-25 17:25:45,20260525_172452_dk2022_150mw_300mwh_soc10_90_v5,1,7799,93.016,0.0
2026-05-25 17:25:45,20260525_172452_dk2022_150mw_300mwh_soc10_90_v5,1,7800,93.016,0.0
2026-05-25 17:25:45,20260525_172452_dk2022_150mw_300mwh_soc10_90_v5,1,7801,93.016,0.0
2026-05-25 17:25:45,20260525_172452_dk2022_150mw_300mwh_soc10_90_v5,1,7802,93.016,0.0
2026-05-25 17:25:45,20260525_172452_dk2022_150mw_300mwh_soc10_90_v5,1,7803,93.016,-3.24911932
2026-05-25 17:25:45,20260525_172452_dk2022_150mw_300mwh_soc10_90_v5,1,7804,93.016,-3.24911932
2026-05-25 17:25:45,20260525_172452_dk2022_150mw_300mwh_soc10_90_v5,1,7805,93.016,0.0
2026-05-25 17:25:45,20260525_172452_dk2022_150mw_300mwh_soc10_90_v5,1,7806,93.016,0.0
2026-05-25 17:25:45,20260525_172452_dk2022_150mw_300mwh_soc10_90_v5,1,7807,93.016,0.0
2026-05-25 17:25:45,20260525_172452_dk2022_150mw_300mwh_soc10_90_v5,1,7808,93.016,0.0
2026-05-25 17:25:45,20260525_172452_dk2022_150mw_300mwh_soc10_90_v5,1,7809,93.016,0.0
2026-05-25 17:25:45,20260525_172452_dk2022_150mw_300mwh_soc10_90_v5,1,7810,93.016,0.0
2026-05-25 17:25:45,20260525_172452_dk2022_150mw_300mwh_soc10_90_v5,1,7811,93.016,0.0
2026-05-25 17:25:45,20260525_172452_dk2022_150mw_300mwh_soc10_90_v5,1,7812,93.016,0.0
2026-05-25 17:25:45,20260525_172452_dk2022_150mw_300mwh_soc10_90_v5,1,7813,93.016,0.0
2026-05-25 17:25:45,20260525_172452_dk2022_150mw_300mwh_soc10_90_v5,1,7814,93.016,0.0
2026-05-25 17:25:45,20260525_172452_dk2022_150mw_300mwh_soc10_90_v5,1,7815,93.016,0.0
2026-05-25 17:25:45,20260525_172452_dk2022_150mw_300mwh_soc10_90_v5,1,7816,93.016,0.0
2026-05-25 17:25:45,20260525_172452_dk2022_150mw_300mwh_soc10_90_v5,1,7817,93.016,0.0
2026-05-25 17:25:45,20260525_172452_dk2022_150mw_300mwh_soc10_90_v5,1,7818,93.016,0.0
2026-05-25 17:25:45,20260525_172452_dk2022_150mw_300mwh_soc10_90_v5,1,7819,93.016,0.0
2026-05-25 17:25:45,20260525_172452_dk2022_150mw_300mwh_soc10_90_v5,1,7820,93.016,0.0
2026-05-25 17:25:45,20260525_172452_dk2022_150mw_300mwh_soc10_90_v5,1,7821,93.016,0.0
2026-05-25 17:25:45,20260525_172452_dk2022_150mw_300mwh_soc10_90_v5,1,7822,93.016,0.0
2026-05-25 17:25:45,20260525_172452_dk2022_150mw_300mwh_soc10_90_v5,1,7823,93.016,0.0
2026-05-25 17:25:45,20260525_172452_dk2022_150mw_300mwh_soc10_90_v5,1,7824,93.016,0.0
2026-05-25 17:25:45,20260525_172452_dk2022_150mw_300mwh_soc10_90_v5,1,7825,93.016,0.0
2026-05-25 17:25:45,20260525_172452_dk2022_150mw_300mwh_soc10_90_v5,1,7826,93.016,0.0
2026-05-25 17:25:45,20260525_172452_dk2022_150mw_300mwh_soc10_90_v5,1,7827,93.016,0.0
2026-05-25 17:25:45,20260525_172452_dk2022_150mw_300mwh_soc10_90_v5,1,7828,93.016,0.0
2026-05-25 17:25:45,20260525_172452_dk2022_150mw_300mwh_soc10_90_v5,1,7829,93.016,0.0
2026-05-25 17:25:45,20260525_172452_dk2022_150mw_300mwh_soc10_90_v5,1,7830,93.016,0.0
2026-05-25 17:25:45,20260525_172452_dk2022_150mw_300mwh_soc10_90_v5,1,7831,93.016,0.0
2026-05-25 17:25:45,20260525_172452_dk2022_150mw_300mwh_soc10_90_v5,1,7832,93.016,0.0
2026-05-25 17:25:45,20260525_172452_dk2022_150mw_300mwh_soc10_90_v5,1,7833,93.016,0.0
2026-05-25 17:25:45,20260525_172452_dk2022_150mw_300mwh_soc10_90_v5,1,7834,93.016,0.0
2026-05-25 17:25:45,20260525_172452_dk2022_150mw_300mwh_soc10_90_v5,1,7835,93.016,0.0
2026-05-25 17:25:45,20260525_172452_dk2022_150mw_300mwh_soc10_90_v5,1,7836,93.016,0.0
2026-05-25 17:25:45,20260525_172452_dk2022_150mw_300mwh_soc10_90_v5,1,7837,93.016,0.0
2026-05-25 17:25:45,20260525_172452_dk2022_150mw_300mwh_soc10_90_v5,1,7838,93.016,0.0
2026-05-25 17:25:45,20260525_172452_dk2022_150mw_300mwh_soc10_90_v5,1,7839,93.016,0.0
2026-05-25 17:25:45,20260525_172452_dk2022_150mw_300mwh_soc10_90_v5,1,7840,93.016,0.0
2026-05-25 17:25:45,20260525_172452_dk2022_150mw_300mwh_soc10_90_v5,1,7841,93.016,0.0
2026-05-25 17:25:45,20260525_172452_dk2022_150mw_300mwh_soc10_90_v5,1,7842,93.016,0.0
2026-05-25 17:25:45,20260525_172452_dk2022_150mw_300mwh_soc10_90_v5,1,7843,93.016,0.0
2026-05-25 17:25:45,20260525_172452_dk2022_150mw_300mwh_soc10_90_v5,1,7844,93.016,0.0
2026-05-25 17:25:45,20260525_172452_dk2022_150mw_300mwh_soc10_90_v5,1,7845,93.016,0.0
2026-05-25 17:25:45,20260525_172452_dk2022_150mw_300mwh_soc10_90_v5,1,7846,93.016,0.0
2026-05-25 17:25:45,20260525_172452_dk2022_150mw_300mwh_soc10_90_v5,1,7847,93.016,0.0
2026-05-25 17:25:45,20260525_172452_dk2022_150mw_300mwh_soc10_90_v5,1,7848,93.016,0.0
2026-05-25 17:25:45,20260525_172452_dk2022_150mw_300mwh_soc10_90_v5,1,7849,93.016,0.0
2026-05-25 17:25:45,20260525_172452_dk2022_150mw_300mwh_soc10_90_v5,1,7850,93.016,0.0
2026-05-25 17:25:45,20260525_172452_dk2022_150mw_300mwh_soc10_90_v5,1,7851,93.016,0.0
2026-05-25 17:25:45,20260525_172452_dk2022_150mw_300mwh_soc10_90_v5,1,7852,93.016,0.0
2026-05-25 17:25:45,20260525_172452_dk2022_150mw_300mwh_soc10_90_v5,1,7853,93.016,0.0
2026-05-25 17:25:45,20260525_172452_dk2022_150mw_300mwh_soc10_90_v5,1,7854,93.016,0.0
2026-05-25 17:25:45,20260525_172452_dk2022_150mw_300mwh_soc10_90_v5,1,7855,93.016,0.0
2026-05-25 17:25:45,20260525_172452_dk2022_150mw_300mwh_soc10_90_v5,1,7856,93.016,0.0
2026-05-25 17:25:45,20260525_172452_dk2022_150mw_300mwh_soc10_90_v5,1,7857,93.016,0.0
2026-05-25 17:25:45,20260525_172452_dk2022_150mw_300mwh_soc10_90_v5,1,7858,93.016,0.0
2026-05-25 17:25:45,20260525_172452_dk2022_150mw_300mwh_soc10_90_v5,1,7859,93.016,0.0
2026-05-25 17:25:45,20260525_172452_dk2022_150mw_300mwh_soc10_90_v5,1,7860,93.016,0.0
2026-05-25 17:25:45,20260525_172452_dk2022_150mw_300mwh_soc10_90_v5,1,7861,93.016,0.0
2026-05-25 17:25:45,20260525_172452_dk2022_150mw_300mwh_soc10_90_v5,1,7862,93.016,0.0
2026-05-25 17:25:45,20260525_172452_dk2022_150mw_300mwh_soc10_90_v5,1,7863,93.016,0.0
2026-05-25 17:25:45,20260525_172452_dk2022_150mw_300mwh_soc10_90_v5,1,7864,93.016,0.0
2026-05-25 17:25:45,20260525_172452_dk2022_150mw_300mwh_soc10_90_v5,1,7865,93.016,0.0
2026-05-25 17:25:45,20260525_172452_dk2022_150mw_300mwh_soc10_90_v5,1,7866,93.016,0.0
2026-05-25 17:25:45,20260525_172452_dk2022_150mw_300mwh_soc10_90_v5,1,7867,93.016,0.0
2026-05-25 17:25:45,20260525_172452_dk2022_150mw_300mwh_soc10_90_v5,1,7868,93.016,0.0
2026-05-25 17:25:45,20260525_172452_dk2022_150mw_300mwh_soc10_90_v5,1,7869,93.016,0.0
2026-05-25 17:25:45,20260525_172452_dk2022_150mw_300mwh_soc10_90_v5,1,7870,93.016,0.0
2026-05-25 17:25:45,20260525_172452_dk2022_150mw_300mwh_soc10_90_v5,1,7871,93.016,0.0
2026-05-25 17:25:45,20260525_172452_dk2022_150mw_300mwh_soc10_90_v5,1,7872,93.016,0.0
2026-05-25 17:25:45,20260525_172452_dk2022_150mw_300mwh_soc10_90_v5,1,7873,93.016,0.0
2026-05-25 17:25:45,20260525_172452_dk2022_150mw_300mwh_soc10_90_v5,1,7874,93.016,0.0
2026-05-25 17:25:45,20260525_172452_dk2022_150mw_300mwh_soc10_90_v5,1,7875,93.016,0.0
2026-05-25 17:25:45,20260525_172452_dk2022_150mw_300mwh_soc10_90_v5,1,7876,93.016,0.0
2026-05-25 17:25:45,20260525_172452_dk2022_150mw_300mwh_soc10_90_v5,1,7877,93.016,0.0
2026-05-25 17:25:45,20260525_172452_dk2022_150mw_300mwh_soc10_90_v5,1,7878,93.016,0.0
2026-05-25 17:25:45,20260525_172452_dk2022_150mw_300mwh_soc10_90_v5,1,7879,93.016,0.0
2026-05-25 17:25:45,20260525_172452_dk2022_150mw_300mwh_soc10_90_v5,1,7880,93.016,0.0
2026-05-25 17:25:45,20260525_172452_dk2022_150mw_300mwh_soc10_90_v5,1,7881,93.016,0.0
2026-05-25 17:25:45,20260525_172452_dk2022_150mw_300mwh_soc10_90_v5,1,7882,93.016,0.0
2026-05-25 17:25:45,20260525_172452_dk2022_150mw_300mwh_soc10_90_v5,1,7883,93.016,0.0
2026-05-25 17:25:45,20260525_172452_dk2022_150mw_300mwh_soc10_90_v5,1,7884,93.016,0.0
2026-05-25 17:25:45,20260525_172452_dk2022_150mw_300mwh_soc10_90_v5,1,7885,93.016,0.0
2026-05-25 17:25:45,20260525_172452_dk2022_150mw_300mwh_soc10_90_v5,1,7886,93.016,0.0
2026-05-25 17:25:45,20260525_172452_dk2022_150mw_300mwh_soc10_90_v5,1,7887,93.016,0.0
2026-05-25 17:25:45,20260525_172452_dk2022_150mw_300mwh_soc10_90_v5,1,7888,93.016,0.0
2026-05-25 17:25:45,20260525_172452_dk2022_150mw_300mwh_soc10_90_v5,1,7889,93.016,0.0
2026-05-25 17:25:45,20260525_172452_dk2022_150mw_300mwh_soc10_90_v5,1,7890,93.016,0.0
2026-05-25 17:25:45,20260525_172452_dk2022_150mw_300mwh_soc10_90_v5,1,7891,93.016,0.0
2026-05-25 17:25:45,20260525_172452_dk2022_150mw_300mwh_soc10_90_v5,1,7892,93.016,0.0
2026-05-25 17:25:45,20260525_172452_dk2022_150mw_300mwh_soc10_90_v5,1,7893,93.016,0.0
2026-05-25 17:25:45,20260525_172452_dk2022_150mw_300mwh_soc10_90_v5,1,7894,93.016,0.0
2026-05-25 17:25:45,20260525_172452_dk2022_150mw_300mwh_soc10_90_v5,1,7895,93.016,0.0
2026-05-25 17:25:45,20260525_172452_dk2022_150mw_300mwh_soc10_90_v5,1,7896,93.016,0.0
2026-05-25 17:25:45,20260525_172452_dk2022_150mw_300mwh_soc10_90_v5,1,7897,93.016,0.0
2026-05-25 17:25:45,20260525_172452_dk2022_150mw_300mwh_soc10_90_v5,1,7898,93.016,0.0
2026-05-25 17:25:45,20260525_172452_dk2022_150mw_300mwh_soc10_90_v5,1,7899,93.016,0.0
2026-05-25 17:25:45,20260525_172452_dk2022_150mw_300mwh_soc10_90_v5,1,7900,93.016,0.0
2026-05-25 17:25:45,20260525_172452_dk2022_150mw_300mwh_soc10_90_v5,1,7901,93.016,0.0
2026-05-25 17:25:45,20260525_172452_dk2022_150mw_300mwh_soc10_90_v5,1,7902,93.016,0.0
2026-05-25 17:25:45,20260525_172452_dk2022_150mw_300mwh_soc10_90_v5,1,7903,93.016,0.0
2026-05-25 17:25:45,20260525_172452_dk2022_150mw_300mwh_soc10_90_v5,1,7904,93.016,0.0
2026-05-25 17:25:45,20260525_172452_dk2022_150mw_300mwh_soc10_90_v5,1,7905,93.016,0.0
2026-05-25 17:25:45,20260525_172452_dk2022_150mw_300mwh_soc10_90_v5,1,7906,93.016,0.0
2026-05-25 17:25:45,20260525_172452_dk2022_150mw_300mwh_soc10_90_v5,1,7907,93.016,0.0
2026-05-25 17:25:45,20260525_172452_dk2022_150mw_300mwh_soc10_90_v5,1,7908,93.016,0.0
2026-05-25 17:25:45,20260525_172452_dk2022_150mw_300mwh_soc10_90_v5,1,7909,93.016,0.0
2026-05-25 17:25:45,20260525_172452_dk2022_150mw_300mwh_soc10_90_v5,1,7910,93.016,0.0
2026-05-25 17:25:45,20260525_172452_dk2022_150mw_300mwh_soc10_90_v5,1,7911,93.016,0.0
2026-05-25 17:25:45,20260525_172452_dk2022_150mw_300mwh_soc10_90_v5,1,7912,93.016,0.0
2026-05-25 17:25:45,20260525_172452_dk2022_150mw_300mwh_soc10_90_v5,1,7913,93.016,0.0
2026-05-25 17:25:45,20260525_172452_dk2022_150mw_300mwh_soc10_90_v5,1,7914,93.016,0.0
2026-05-25 17:25:45,20260525_172452_dk2022_150mw_300mwh_soc10_90_v5,1,7915,93.016,0.0
2026-05-25 17:25:45,20260525_172452_dk2022_150mw_300mwh_soc10_90_v5,1,7916,93.016,0.0
2026-05-25 17:25:45,20260525_172452_dk2022_150mw_300mwh_soc10_90_v5,1,7917,93.016,0.0
2026-05-25 17:25:45,20260525_172452_dk2022_150mw_300mwh_soc10_90_v5,1,7918,93.016,0.0
2026-05-25 17:25:45,20260525_172452_dk2022_150mw_300mwh_soc10_90_v5,1,7919,93.016,0.0
2026-05-25 17:25:45,20260525_172452_dk2022_150mw_300mwh_soc10_90_v5,1,7920,93.016,0.0
2026-05-25 17:25:45,20260525_172452_dk2022_150mw_300mwh_soc10_90_v5,1,7921,93.016,0.0
2026-05-25 17:25:45,20260525_172452_dk2022_150mw_300mwh_soc10_90_v5,1,7922,93.016,0.0
2026-05-25 17:25:45,20260525_172452_dk2022_150mw_300mwh_soc10_90_v5,1,7923,93.016,0.0
2026-05-25 17:25:45,20260525_172452_dk2022_150mw_300mwh_soc10_90_v5,1,7924,93.016,0.0
2026-05-25 17:25:45,20260525_172452_dk2022_150mw_300mwh_soc10_90_v5,1,7925,93.016,0.0
2026-05-25 17:25:45,20260525_172452_dk2022_150mw_300mwh_soc10_90_v5,1,7926,93.016,0.0
2026-05-25 17:25:45,20260525_172452_dk2022_150mw_300mwh_soc10_90_v5,1,7927,93.016,0.0
2026-05-25 17:25:45,20260525_172452_dk2022_150mw_300mwh_soc10_90_v5,1,7928,93.016,0.0
2026-05-25 17:25:45,20260525_172452_dk2022_150mw_300mwh_soc10_90_v5,1,7929,93.016,0.0
2026-05-25 17:25:45,20260525_172452_dk2022_150mw_300mwh_soc10_90_v5,1,7930,93.016,0.0
2026-05-25 17:25:45,20260525_172452_dk2022_150mw_300mwh_soc10_90_v5,1,7931,93.016,0.0
2026-05-25 17:25:45,20260525_172452_dk2022_150mw_300mwh_soc10_90_v5,1,7932,93.016,0.0
2026-05-25 17:25:45,20260525_172452_dk2022_150mw_300mwh_soc10_90_v5,1,7933,93.016,0.0
2026-05-25 17:25:45,20260525_172452_dk2022_150mw_300mwh_soc10_90_v5,1,7934,93.016,0.0
2026-05-25 17:25:45,20260525_172452_dk2022_150mw_300mwh_soc10_90_v5,1,7935,93.016,0.0
2026-05-25 17:25:45,20260525_172452_dk2022_150mw_300mwh_soc10_90_v5,1,7936,93.016,0.0
2026-05-25 17:25:45,20260525_172452_dk2022_150mw_300mwh_soc10_90_v5,1,7937,93.016,0.0
2026-05-25 17:25:45,20260525_172452_dk2022_150mw_300mwh_soc10_90_v5,1,7938,93.016,0.0
2026-05-25 17:25:45,20260525_172452_dk2022_150mw_300mwh_soc10_90_v5,1,7939,93.016,0.0
2026-05-25 17:25:45,20260525_172452_dk2022_150mw_300mwh_soc10_90_v5,1,7940,93.016,0.0
2026-05-25 17:25:45,20260525_172452_dk2022_150mw_300mwh_soc10_90_v5,1,7941,93.016,0.0
2026-05-25 17:25:45,20260525_172452_dk2022_150mw_300mwh_soc10_90_v5,1,7942,93.016,0.0
2026-05-25 17:25:45,20260525_172452_dk2022_150mw_300mwh_soc10_90_v5,1,7943,93.016,0.0
2026-05-25 17:25:45,20260525_172452_dk2022_150mw_300mwh_soc10_90_v5,1,7944,93.016,0.0
2026-05-25 17:25:45,20260525_172452_dk2022_150mw_300mwh_soc10_90_v5,1,7945,93.016,0.0
2026-05-25 17:25:45,20260525_172452_dk2022_150mw_300mwh_soc10_90_v5,1,7946,93.016,0.0
2026-05-25 17:25:45,20260525_172452_dk2022_150mw_300mwh_soc10_90_v5,1,7947,93.016,0.0
2026-05-25 17:25:45,20260525_172452_dk2022_150mw_300mwh_soc10_90_v5,1,7948,93.016,0.0
2026-05-25 17:25:45,20260525_172452_dk2022_150mw_300mwh_soc10_90_v5,1,7949,93.016,0.0
2026-05-25 17:25:45,20260525_172452_dk2022_150mw_300mwh_soc10_90_v5,1,7950,93.016,0.0
2026-05-25 17:25:45,20260525_172452_dk2022_150mw_300mwh_soc10_90_v5,1,7951,93.016,0.0
2026-05-25 17:25:45,20260525_172452_dk2022_150mw_300mwh_soc10_90_v5,1,7952,93.016,0.0
2026-05-25 17:25:45,20260525_172452_dk2022_150mw_300mwh_soc10_90_v5,1,7953,93.016,0.0
2026-05-25 17:25:45,20260525_172452_dk2022_150mw_300mwh_soc10_90_v5,1,7954,93.016,0.0
2026-05-25 17:25:45,20260525_172452_dk2022_150mw_300mwh_soc10_90_v5,1,7955,93.016,0.0
2026-05-25 17:25:45,20260525_172452_dk2022_150mw_300mwh_soc10_90_v5,1,7956,93.016,0.0
2026-05-25 17:25:45,20260525_172452_dk2022_150mw_300mwh_soc10_90_v5,1,7957,93.016,0.0
2026-05-25 17:25:45,20260525_172452_dk2022_150mw_300mwh_soc10_90_v5,1,7958,93.016,0.0
2026-05-25 17:25:45,20260525_172452_dk2022_150mw_300mwh_soc10_90_v5,1,7959,93.016,0.0
2026-05-25 17:25:45,20260525_172452_dk2022_150mw_300mwh_soc10_90_v5,1,7960,93.016,0.0
2026-05-25 17:25:45,20260525_172452_dk2022_150mw_300mwh_soc10_90_v5,1,7961,93.016,0.0
2026-05-25 17:25:45,20260525_172452_dk2022_150mw_300mwh_soc10_90_v5,1,7962,93.016,0.0
2026-05-25 17:25:45,20260525_172452_dk2022_150mw_300mwh_soc10_90_v5,1,7963,93.016,0.0
2026-05-25 17:25:45,20260525_172452_dk2022_150mw_300mwh_soc10_90_v5,1,7964,93.016,0.0
2026-05-25 17:25:45,20260525_172452_dk2022_150mw_300mwh_soc10_90_v5,1,7965,93.016,0.0
2026-05-25 17:25:45,20260525_172452_dk2022_150mw_300mwh_soc10_90_v5,1,7966,93.016,0.0
2026-05-25 17:25:45,20260525_172452_dk2022_150mw_300mwh_soc10_90_v5,1,7967,93.016,0.0
2026-05-25 17:25:45,20260525_172452_dk2022_150mw_300mwh_soc10_90_v5,1,7968,93.016,0.0
2026-05-25 17:25:45,20260525_172452_dk2022_150mw_300mwh_soc10_90_v5,1,7969,93.016,0.0
2026-05-25 17:25:45,20260525_172452_dk2022_150mw_300mwh_soc10_90_v5,1,7970,93.016,0.0
2026-05-25 17:25:45,20260525_172452_dk2022_150mw_300mwh_soc10_90_v5,1,7971,93.016,0.0
2026-05-25 17:25:45,20260525_172452_dk2022_150mw_300mwh_soc10_90_v5,1,7972,93.016,0.0
2026-05-25 17:25:45,20260525_172452_dk2022_150mw_300mwh_soc10_90_v5,1,7973,93.016,0.0
2026-05-25 17:25:45,20260525_172452_dk2022_150mw_300mwh_soc10_90_v5,1,7974,93.016,0.0
2026-05-25 17:25:45,20260525_172452_dk2022_150mw_300mwh_soc10_90_v5,1,7975,93.016,0.0
2026-05-25 17:25:45,20260525_172452_dk2022_150mw_300mwh_soc10_90_v5,1,7976,93.016,0.0
2026-05-25 17:25:45,20260525_172452_dk2022_150mw_300mwh_soc10_90_v5,1,7977,93.016,0.0
2026-05-25 17:25:45,20260525_172452_dk2022_150mw_300mwh_soc10_90_v5,1,7978,93.016,0.0
2026-05-25 17:25:45,20260525_172452_dk2022_150mw_300mwh_soc10_90_v5,1,7979,93.016,0.0
2026-05-25 17:25:45,20260525_172452_dk2022_150mw_300mwh_soc10_90_v5,1,7980,93.016,0.0
2026-05-25 17:25:45,20260525_172452_dk2022_150mw_300mwh_soc10_90_v5,1,7981,93.016,0.0
2026-05-25 17:25:45,20260525_172452_dk2022_150mw_300mwh_soc10_90_v5,1,7982,93.016,0.0
2026-05-25 17:25:45,20260525_172452_dk2022_150mw_300mwh_soc10_90_v5,1,7983,93.016,0.0
2026-05-25 17:25:45,20260525_172452_dk2022_150mw_300mwh_soc10_90_v5,1,7984,93.016,0.0
2026-05-25 17:25:45,20260525_172452_dk2022_150mw_300mwh_soc10_90_v5,1,7985,93.016,0.0
2026-05-25 17:25:45,20260525_172452_dk2022_150mw_300mwh_soc10_90_v5,1,7986,93.016,0.0
2026-05-25 17:25:45,20260525_172452_dk2022_150mw_300mwh_soc10_90_v5,1,7987,93.016,0.0
2026-05-25 17:25:45,20260525_172452_dk2022_150mw_300mwh_soc10_90_v5,1,7988,93.016,0.0
2026-05-25 17:25:45,20260525_172452_dk2022_150mw_300mwh_soc10_90_v5,1,7989,93.016,0.0
2026-05-25 17:25:45,20260525_172452_dk2022_150mw_300mwh_soc10_90_v5,1,7990,93.016,0.0
2026-05-25 17:25:45,20260525_172452_dk2022_150mw_300mwh_soc10_90_v5,1,7991,93.016,0.0
2026-05-25 17:25:45,20260525_172452_dk2022_150mw_300mwh_soc10_90_v5,1,7992,93.016,0.0
2026-05-25 17:25:45,20260525_172452_dk2022_150mw_300mwh_soc10_90_v5,1,7993,93.016,0.0
2026-05-25 17:25:45,20260525_172452_dk2022_150mw_300mwh_soc10_90_v5,1,7994,93.016,0.0
2026-05-25 17:25:45,20260525_172452_dk2022_150mw_300mwh_soc10_90_v5,1,7995,93.016,0.0
2026-05-25 17:25:45,20260525_172452_dk2022_150mw_300mwh_soc10_90_v5,1,7996,93.016,0.0
2026-05-25 17:25:45,20260525_172452_dk2022_150mw_300mwh_soc10_90_v5,1,7997,93.016,0.0
2026-05-25 17:25:45,20260525_172452_dk2022_150mw_300mwh_soc10_90_v5,1,7998,93.016,0.0
2026-05-25 17:25:45,20260525_172452_dk2022_150mw_300mwh_soc10_90_v5,1,7999,93.016,0.0
2026-05-25 17:25:45,20260525_172452_dk2022_150mw_300mwh_soc10_90_v5,1,8000,93.016,0.0
2026-05-25 17:25:45,20260525_172452_dk2022_150mw_300mwh_soc10_90_v5,1,8001,93.016,0.0
2026-05-25 17:25:45,20260525_172452_dk2022_150mw_300mwh_soc10_90_v5,1,8002,93.016,0.0
2026-05-25 17:25:45,20260525_172452_dk2022_150mw_300mwh_soc10_90_v5,1,8003,93.016,0.0
2026-05-25 17:25:45,20260525_172452_dk2022_150mw_300mwh_soc10_90_v5,1,8004,93.016,0.0
2026-05-25 17:25:45,20260525_172452_dk2022_150mw_300mwh_soc10_90_v5,1,8005,93.016,0.0
2026-05-25 17:25:45,20260525_172452_dk2022_150mw_300mwh_soc10_90_v5,1,8006,93.016,0.0
2026-05-25 17:25:45,20260525_172452_dk2022_150mw_300mwh_soc10_90_v5,1,8007,93.016,0.0
2026-05-25 17:25:45,20260525_172452_dk2022_150mw_300mwh_soc10_90_v5,1,8008,93.016,0.0
2026-05-25 17:25:45,20260525_172452_dk2022_150mw_300mwh_soc10_90_v5,1,8009,93.016,0.0
2026-05-25 17:25:45,20260525_172452_dk2022_150mw_300mwh_soc10_90_v5,1,8010,93.016,0.0
2026-05-25 17:25:45,20260525_172452_dk2022_150mw_300mwh_soc10_90_v5,1,8011,93.016,0.0
2026-05-25 17:25:45,20260525_172452_dk2022_150mw_300mwh_soc10_90_v5,1,8012,93.016,0.0
2026-05-25 17:25:45,20260525_172452_dk2022_150mw_300mwh_soc10_90_v5,1,8013,93.016,0.0
2026-05-25 17:25:45,20260525_172452_dk2022_150mw_300mwh_soc10_90_v5,1,8014,93.016,0.0
2026-05-25 17:25:45,20260525_172452_dk2022_150mw_300mwh_soc10_90_v5,1,8015,93.016,0.0
2026-05-25 17:25:45,20260525_172452_dk2022_150mw_300mwh_soc10_90_v5,1,8016,93.016,0.0
2026-05-25 17:25:45,20260525_172452_dk2022_150mw_300mwh_soc10_90_v5,1,8017,93.016,0.0
2026-05-25 17:25:45,20260525_172452_dk2022_150mw_300mwh_soc10_90_v5,1,8018,93.016,0.0
2026-05-25 17:25:45,20260525_172452_dk2022_150mw_300mwh_soc10_90_v5,1,8019,93.016,0.0
2026-05-25 17:25:45,20260525_172452_dk2022_150mw_300mwh_soc10_90_v5,1,8020,93.016,0.0
2026-05-25 17:25:45,20260525_172452_dk2022_150mw_300mwh_soc10_90_v5,1,8021,93.016,0.0
2026-05-25 17:25:45,20260525_172452_dk2022_150mw_300mwh_soc10_90_v5,1,8022,93.016,0.0
2026-05-25 17:25:45,20260525_172452_dk2022_150mw_300mwh_soc10_90_v5,1,8023,93.016,0.0
2026-05-25 17:25:45,20260525_172452_dk2022_150mw_300mwh_soc10_90_v5,1,8024,93.016,0.0
2026-05-25 17:25:45,20260525_172452_dk2022_150mw_300mwh_soc10_90_v5,1,8025,93.016,0.0
2026-05-25 17:25:45,20260525_172452_dk2022_150mw_300mwh_soc10_90_v5,1,8026,93.016,0.0
2026-05-25 17:25:45,20260525_172452_dk2022_150mw_300mwh_soc10_90_v5,1,8027,93.016,0.0
2026-05-25 17:25:45,20260525_172452_dk2022_150mw_300mwh_soc10_90_v5,1,8028,93.016,0.0
2026-05-25 17:25:45,20260525_172452_dk2022_150mw_300mwh_soc10_90_v5,1,8029,93.016,0.0
2026-05-25 17:25:45,20260525_172452_dk2022_150mw_300mwh_soc10_90_v5,1,8030,93.016,0.0
2026-05-25 17:25:45,20260525_172452_dk2022_150mw_300mwh_soc10_90_v5,1,8031,93.016,0.0
2026-05-25 17:25:45,20260525_172452_dk2022_150mw_300mwh_soc10_90_v5,1,8032,93.016,0.0
2026-05-25 17:25:45,20260525_172452_dk2022_150mw_300mwh_soc10_90_v5,1,8033,93.016,0.0
2026-05-25 17:25:45,20260525_172452_dk2022_150mw_300mwh_soc10_90_v5,1,8034,93.016,0.0
2026-05-25 17:25:45,20260525_172452_dk2022_150mw_300mwh_soc10_90_v5,1,8035,93.016,0.0
2026-05-25 17:25:45,20260525_172452_dk2022_150mw_300mwh_soc10_90_v5,1,8036,93.016,0.0
2026-05-25 17:25:45,20260525_172452_dk2022_150mw_300mwh_soc10_90_v5,1,8037,93.016,0.0
2026-05-25 17:25:45,20260525_172452_dk2022_150mw_300mwh_soc10_90_v5,1,8038,93.016,0.0
2026-05-25 17:25:45,20260525_172452_dk2022_150mw_300mwh_soc10_90_v5,1,8039,93.016,0.0
2026-05-25 17:25:45,20260525_172452_dk2022_150mw_300mwh_soc10_90_v5,1,8040,93.016,0.0
2026-05-25 17:25:45,20260525_172452_dk2022_150mw_300mwh_soc10_90_v5,1,8041,93.016,0.0
2026-05-25 17:25:45,20260525_172452_dk2022_150mw_300mwh_soc10_90_v5,1,8042,93.016,0.0
2026-05-25 17:25:45,20260525_172452_dk2022_150mw_300mwh_soc10_90_v5,1,8043,93.016,0.0
2026-05-25 17:25:45,20260525_172452_dk2022_150mw_300mwh_soc10_90_v5,1,8044,93.016,0.0
2026-05-25 17:25:45,20260525_172452_dk2022_150mw_300mwh_soc10_90_v5,1,8045,93.016,0.0
2026-05-25 17:25:45,20260525_172452_dk2022_150mw_300mwh_soc10_90_v5,1,8046,93.016,0.0
2026-05-25 17:25:45,20260525_172452_dk2022_150mw_300mwh_soc10_90_v5,1,8047,93.016,0.0
2026-05-25 17:25:45,20260525_172452_dk2022_150mw_300mwh_soc10_90_v5,1,8048,93.016,0.0
2026-05-25 17:25:45,20260525_172452_dk2022_150mw_300mwh_soc10_90_v5,1,8049,93.016,0.0
2026-05-25 17:25:45,20260525_172452_dk2022_150mw_300mwh_soc10_90_v5,1,8050,93.016,0.0
2026-05-25 17:25:45,20260525_172452_dk2022_150mw_300mwh_soc10_90_v5,1,8051,93.016,0.0
2026-05-25 17:25:45,20260525_172452_dk2022_150mw_300mwh_soc10_90_v5,1,8052,93.016,0.0
2026-05-25 17:25:45,20260525_172452_dk2022_150mw_300mwh_soc10_90_v5,1,8053,93.016,0.0
2026-05-25 17:25:45,20260525_172452_dk2022_150mw_300mwh_soc10_90_v5,1,8054,93.016,0.0
2026-05-25 17:25:45,20260525_172452_dk2022_150mw_300mwh_soc10_90_v5,1,8055,93.016,0.0
2026-05-25 17:25:45,20260525_172452_dk2022_150mw_300mwh_soc10_90_v5,1,8056,93.016,0.0
2026-05-25 17:25:45,20260525_172452_dk2022_150mw_300mwh_soc10_90_v5,1,8057,93.016,0.0
2026-05-25 17:25:45,20260525_172452_dk2022_150mw_300mwh_soc10_90_v5,1,8058,93.016,0.0
2026-05-25 17:25:45,20260525_172452_dk2022_150mw_300mwh_soc10_90_v5,1,8059,93.016,0.0
2026-05-25 17:25:45,20260525_172452_dk2022_150mw_300mwh_soc10_90_v5,1,8060,93.016,0.0
2026-05-25 17:25:45,20260525_172452_dk2022_150mw_300mwh_soc10_90_v5,1,8061,93.016,0.0
2026-05-25 17:25:45,20260525_172452_dk2022_150mw_300mwh_soc10_90_v5,1,8062,93.016,0.0
2026-05-25 17:25:45,20260525_172452_dk2022_150mw_300mwh_soc10_90_v5,1,8063,93.016,0.0
2026-05-25 17:25:45,20260525_172452_dk2022_150mw_300mwh_soc10_90_v5,1,8064,93.016,0.0
2026-05-25 17:25:45,20260525_172452_dk2022_150mw_300mwh_soc10_90_v5,1,8065,93.016,0.0
2026-05-25 17:25:45,20260525_172452_dk2022_150mw_300mwh_soc10_90_v5,1,8066,93.016,0.0
2026-05-25 17:25:45,20260525_172452_dk2022_150mw_300mwh_soc10_90_v5,1,8067,93.016,0.0
2026-05-25 17:25:45,20260525_172452_dk2022_150mw_300mwh_soc10_90_v5,1,8068,93.016,0.0
2026-05-25 17:25:45,20260525_172452_dk2022_150mw_300mwh_soc10_90_v5,1,8069,93.016,0.0
2026-05-25 17:25:45,20260525_172452_dk2022_150mw_300mwh_soc10_90_v5,1,8070,93.016,0.0
2026-05-25 17:25:45,20260525_172452_dk2022_150mw_300mwh_soc10_90_v5,1,8071,93.016,0.0
2026-05-25 17:25:45,20260525_172452_dk2022_150mw_300mwh_soc10_90_v5,1,8072,93.016,0.0
2026-05-25 17:25:45,20260525_172452_dk2022_150mw_300mwh_soc10_90_v5,1,8073,93.016,0.0
2026-05-25 17:25:45,20260525_172452_dk2022_150mw_300mwh_soc10_90_v5,1,8074,93.016,0.0
2026-05-25 17:25:45,20260525_172452_dk2022_150mw_300mwh_soc10_90_v5,1,8075,93.016,0.0
2026-05-25 17:25:45,20260525_172452_dk2022_150mw_300mwh_soc10_90_v5,1,8076,93.016,0.0
2026-05-25 17:25:45,20260525_172452_dk2022_150mw_300mwh_soc10_90_v5,1,8077,93.016,0.0
2026-05-25 17:25:45,20260525_172452_dk2022_150mw_300mwh_soc10_90_v5,1,8078,93.016,0.0
2026-05-25 17:25:45,20260525_172452_dk2022_150mw_300mwh_soc10_90_v5,1,8079,93.016,0.0
2026-05-25 17:25:45,20260525_172452_dk2022_150mw_300mwh_soc10_90_v5,1,8080,93.016,0.0
2026-05-25 17:25:45,20260525_172452_dk2022_150mw_300mwh_soc10_90_v5,1,8081,93.016,0.0
2026-05-25 17:25:45,20260525_172452_dk2022_150mw_300mwh_soc10_90_v5,1,8082,93.016,0.0
2026-05-25 17:25:45,20260525_172452_dk2022_150mw_300mwh_soc10_90_v5,1,8083,93.016,0.0
2026-05-25 17:25:45,20260525_172452_dk2022_150mw_300mwh_soc10_90_v5,1,8084,93.016,0.0
2026-05-25 17:25:45,20260525_172452_dk2022_150mw_300mwh_soc10_90_v5,1,8085,93.016,0.0
2026-05-25 17:25:45,20260525_172452_dk2022_150mw_300mwh_soc10_90_v5,1,8086,93.016,0.0
2026-05-25 17:25:45,20260525_172452_dk2022_150mw_300mwh_soc10_90_v5,1,8087,93.016,0.0
2026-05-25 17:25:45,20260525_172452_dk2022_150mw_300mwh_soc10_90_v5,1,8088,93.016,0.0
2026-05-25 17:25:45,20260525_172452_dk2022_150mw_300mwh_soc10_90_v5,1,8089,93.016,0.0
2026-05-25 17:25:45,20260525_172452_dk2022_150mw_300mwh_soc10_90_v5,1,8090,93.016,0.0
2026-05-25 17:25:45,20260525_172452_dk2022_150mw_300mwh_soc10_90_v5,1,8091,93.016,0.0
2026-05-25 17:25:45,20260525_172452_dk2022_150mw_300mwh_soc10_90_v5,1,8092,93.016,0.0
2026-05-25 17:25:45,20260525_172452_dk2022_150mw_300mwh_soc10_90_v5,1,8093,93.016,0.0
2026-05-25 17:25:45,20260525_172452_dk2022_150mw_300mwh_soc10_90_v5,1,8094,93.016,0.0
2026-05-25 17:25:45,20260525_172452_dk2022_150mw_300mwh_soc10_90_v5,1,8095,93.016,0.0
2026-05-25 17:25:45,20260525_172452_dk2022_150mw_300mwh_soc10_90_v5,1,8096,93.016,0.0
2026-05-25 17:25:45,20260525_172452_dk2022_150mw_300mwh_soc10_90_v5,1,8097,93.016,0.0
2026-05-25 17:25:45,20260525_172452_dk2022_150mw_300mwh_soc10_90_v5,1,8098,93.016,0.0
2026-05-25 17:25:45,20260525_172452_dk2022_150mw_300mwh_soc10_90_v5,1,8099,93.016,0.0
2026-05-25 17:25:45,20260525_172452_dk2022_150mw_300mwh_soc10_90_v5,1,8100,93.016,0.0
2026-05-25 17:25:45,20260525_172452_dk2022_150mw_300mwh_soc10_90_v5,1,8101,93.016,0.0
2026-05-25 17:25:45,20260525_172452_dk2022_150mw_300mwh_soc10_90_v5,1,8102,93.016,0.0
2026-05-25 17:25:45,20260525_172452_dk2022_150mw_300mwh_soc10_90_v5,1,8103,93.016,0.0
2026-05-25 17:25:45,20260525_172452_dk2022_150mw_300mwh_soc10_90_v5,1,8104,93.016,0.0
2026-05-25 17:25:45,20260525_172452_dk2022_150mw_300mwh_soc10_90_v5,1,8105,93.016,0.0
2026-05-25 17:25:45,20260525_172452_dk2022_150mw_300mwh_soc10_90_v5,1,8106,93.016,0.0
2026-05-25 17:25:45,20260525_172452_dk2022_150mw_300mwh_soc10_90_v5,1,8107,93.016,0.0
2026-05-25 17:25:45,20260525_172452_dk2022_150mw_300mwh_soc10_90_v5,1,8108,93.016,0.0
2026-05-25 17:25:45,20260525_172452_dk2022_150mw_300mwh_soc10_90_v5,1,8109,93.016,0.0
2026-05-25 17:25:45,20260525_172452_dk2022_150mw_300mwh_soc10_90_v5,1,8110,93.016,0.0
2026-05-25 17:25:45,20260525_172452_dk2022_150mw_300mwh_soc10_90_v5,1,8111,93.016,0.0
2026-05-25 17:25:45,20260525_172452_dk2022_150mw_300mwh_soc10_90_v5,1,8112,93.016,0.0
2026-05-25 17:25:45,20260525_172452_dk2022_150mw_300mwh_soc10_90_v5,1,8113,93.016,0.0
2026-05-25 17:25:45,20260525_172452_dk2022_150mw_300mwh_soc10_90_v5,1,8114,93.016,0.0
2026-05-25 17:25:45,20260525_172452_dk2022_150mw_300mwh_soc10_90_v5,1,8115,93.016,0.0
2026-05-25 17:25:45,20260525_172452_dk2022_150mw_300mwh_soc10_90_v5,1,8116,93.016,0.0
2026-05-25 17:25:45,20260525_172452_dk2022_150mw_300mwh_soc10_90_v5,1,8117,93.016,0.0
2026-05-25 17:25:45,20260525_172452_dk2022_150mw_300mwh_soc10_90_v5,1,8118,93.016,0.0
2026-05-25 17:25:45,20260525_172452_dk2022_150mw_300mwh_soc10_90_v5,1,8119,93.016,0.0
2026-05-25 17:25:45,20260525_172452_dk2022_150mw_300mwh_soc10_90_v5,1,8120,93.016,0.0
2026-05-25 17:25:45,20260525_172452_dk2022_150mw_300mwh_soc10_90_v5,1,8121,93.016,0.0
2026-05-25 17:25:45,20260525_172452_dk2022_150mw_300mwh_soc10_90_v5,1,8122,93.016,0.0
2026-05-25 17:25:45,20260525_172452_dk2022_150mw_300mwh_soc10_90_v5,1,8123,93.016,0.0
2026-05-25 17:25:45,20260525_172452_dk2022_150mw_300mwh_soc10_90_v5,1,8124,93.016,0.0
2026-05-25 17:25:45,20260525_172452_dk2022_150mw_300mwh_soc10_90_v5,1,8125,93.016,0.0
2026-05-25 17:25:45,20260525_172452_dk2022_150mw_300mwh_soc10_90_v5,1,8126,93.016,0.0
2026-05-25 17:25:45,20260525_172452_dk2022_150mw_300mwh_soc10_90_v5,1,8127,93.016,0.0
2026-05-25 17:25:45,20260525_172452_dk2022_150mw_300mwh_soc10_90_v5,1,8128,93.016,0.0
2026-05-25 17:25:45,20260525_172452_dk2022_150mw_300mwh_soc10_90_v5,1,8129,93.016,0.0
2026-05-25 17:25:45,20260525_172452_dk2022_150mw_300mwh_soc10_90_v5,1,8130,93.016,0.0
2026-05-25 17:25:45,20260525_172452_dk2022_150mw_300mwh_soc10_90_v5,1,8131,93.016,0.0
2026-05-25 17:25:45,20260525_172452_dk2022_150mw_300mwh_soc10_90_v5,1,8132,93.016,0.0
2026-05-25 17:25:45,20260525_172452_dk2022_150mw_300mwh_soc10_90_v5,1,8133,93.016,0.0
2026-05-25 17:25:45,20260525_172452_dk2022_150mw_300mwh_soc10_90_v5,1,8134,93.016,0.0
2026-05-25 17:25:45,20260525_172452_dk2022_150mw_300mwh_soc10_90_v5,1,8135,93.016,0.0
2026-05-25 17:25:45,20260525_172452_dk2022_150mw_300mwh_soc10_90_v5,1,8136,93.016,0.0
2026-05-25 17:25:45,20260525_172452_dk2022_150mw_300mwh_soc10_90_v5,1,8137,93.016,0.0
2026-05-25 17:25:45,20260525_172452_dk2022_150mw_300mwh_soc10_90_v5,1,8138,93.016,0.0
2026-05-25 17:25:45,20260525_172452_dk2022_150mw_300mwh_soc10_90_v5,1,8139,93.016,0.0
2026-05-25 17:25:45,20260525_172452_dk2022_150mw_300mwh_soc10_90_v5,1,8140,93.016,0.0
2026-05-25 17:25:45,20260525_172452_dk2022_150mw_300mwh_soc10_90_v5,1,8141,93.016,0.0
2026-05-25 17:25:45,20260525_172452_dk2022_150mw_300mwh_soc10_90_v5,1,8142,93.016,0.0
2026-05-25 17:25:45,20260525_172452_dk2022_150mw_300mwh_soc10_90_v5,1,8143,93.016,0.0
2026-05-25 17:25:45,20260525_172452_dk2022_150mw_300mwh_soc10_90_v5,1,8144,93.016,0.0
2026-05-25 17:25:45,20260525_172452_dk2022_150mw_300mwh_soc10_90_v5,1,8145,93.016,0.0
2026-05-25 17:25:45,20260525_172452_dk2022_150mw_300mwh_soc10_90_v5,1,8146,93.016,0.0
2026-05-25 17:25:45,20260525_172452_dk2022_150mw_300mwh_soc10_90_v5,1,8147,93.016,0.0
2026-05-25 17:25:45,20260525_172452_dk2022_150mw_300mwh_soc10_90_v5,1,8148,93.016,0.0
2026-05-25 17:25:45,20260525_172452_dk2022_150mw_300mwh_soc10_90_v5,1,8149,93.016,0.0
2026-05-25 17:25:45,20260525_172452_dk2022_150mw_300mwh_soc10_90_v5,1,8150,93.016,0.0
2026-05-25 17:25:45,20260525_172452_dk2022_150mw_300mwh_soc10_90_v5,1,8151,93.016,0.0
2026-05-25 17:25:45,20260525_172452_dk2022_150mw_300mwh_soc10_90_v5,1,8152,93.016,0.0
2026-05-25 17:25:45,20260525_172452_dk2022_150mw_300mwh_soc10_90_v5,1,8153,93.016,0.0
2026-05-25 17:25:45,20260525_172452_dk2022_150mw_300mwh_soc10_90_v5,1,8154,93.016,0.0
2026-05-25 17:25:45,20260525_172452_dk2022_150mw_300mwh_soc10_90_v5,1,8155,93.016,0.0
2026-05-25 17:25:45,20260525_172452_dk2022_150mw_300mwh_soc10_90_v5,1,8156,93.016,0.0
2026-05-25 17:25:45,20260525_172452_dk2022_150mw_300mwh_soc10_90_v5,1,8157,93.016,0.0
2026-05-25 17:25:45,20260525_172452_dk2022_150mw_300mwh_soc10_90_v5,1,8158,93.016,0.0
2026-05-25 17:25:45,20260525_172452_dk2022_150mw_300mwh_soc10_90_v5,1,8159,93.016,0.0
2026-05-25 17:25:45,20260525_172452_dk2022_150mw_300mwh_soc10_90_v5,1,8160,93.016,0.0
2026-05-25 17:25:45,20260525_172452_dk2022_150mw_300mwh_soc10_90_v5,1,8161,93.016,0.0
2026-05-25 17:25:45,20260525_172452_dk2022_150mw_300mwh_soc10_90_v5,1,8162,93.016,0.0
2026-05-25 17:25:45,20260525_172452_dk2022_150mw_300mwh_soc10_90_v5,1,8163,93.016,0.0
2026-05-25 17:25:45,20260525_172452_dk2022_150mw_300mwh_soc10_90_v5,1,8164,93.016,0.0
2026-05-25 17:25:45,20260525_172452_dk2022_150mw_300mwh_soc10_90_v5,1,8165,93.016,0.0
2026-05-25 17:25:45,20260525_172452_dk2022_150mw_300mwh_soc10_90_v5,1,8166,93.016,0.0
2026-05-25 17:25:45,20260525_172452_dk2022_150mw_300mwh_soc10_90_v5,1,8167,93.016,0.0
2026-05-25 17:25:45,20260525_172452_dk2022_150mw_300mwh_soc10_90_v5,1,8168,93.016,0.0
2026-05-25 17:25:45,20260525_172452_dk2022_150mw_300mwh_soc10_90_v5,1,8169,93.016,0.0
2026-05-25 17:25:45,20260525_172452_dk2022_150mw_300mwh_soc10_90_v5,1,8170,93.016,0.0
2026-05-25 17:25:45,20260525_172452_dk2022_150mw_300mwh_soc10_90_v5,1,8171,93.016,0.0
2026-05-25 17:25:45,20260525_172452_dk2022_150mw_300mwh_soc10_90_v5,1,8172,93.016,0.0
2026-05-25 17:25:45,20260525_172452_dk2022_150mw_300mwh_soc10_90_v5,1,8173,93.016,0.0
2026-05-25 17:25:45,20260525_172452_dk2022_150mw_300mwh_soc10_90_v5,1,8174,93.016,0.0
2026-05-25 17:25:45,20260525_172452_dk2022_150mw_300mwh_soc10_90_v5,1,8175,93.016,0.0
2026-05-25 17:25:45,20260525_172452_dk2022_150mw_300mwh_soc10_90_v5,1,8176,93.016,0.0
2026-05-25 17:25:45,20260525_172452_dk2022_150mw_300mwh_soc10_90_v5,1,8177,93.016,0.0
2026-05-25 17:25:45,20260525_172452_dk2022_150mw_300mwh_soc10_90_v5,1,8178,93.016,0.0
2026-05-25 17:25:45,20260525_172452_dk2022_150mw_300mwh_soc10_90_v5,1,8179,93.016,0.0
2026-05-25 17:25:45,20260525_172452_dk2022_150mw_300mwh_soc10_90_v5,1,8180,93.016,0.0
2026-05-25 17:25:45,20260525_172452_dk2022_150mw_300mwh_soc10_90_v5,1,8181,93.016,0.0
2026-05-25 17:25:45,20260525_172452_dk2022_150mw_300mwh_soc10_90_v5,1,8182,93.016,0.0
2026-05-25 17:25:45,20260525_172452_dk2022_150mw_300mwh_soc10_90_v5,1,8183,93.016,0.0
2026-05-25 17:25:45,20260525_172452_dk2022_150mw_300mwh_soc10_90_v5,1,8184,93.016,0.0
2026-05-25 17:25:45,20260525_172452_dk2022_150mw_300mwh_soc10_90_v5,1,8185,93.016,0.0
2026-05-25 17:25:45,20260525_172452_dk2022_150mw_300mwh_soc10_90_v5,1,8186,93.016,0.0
2026-05-25 17:25:45,20260525_172452_dk2022_150mw_300mwh_soc10_90_v5,1,8187,93.016,0.0
2026-05-25 17:25:45,20260525_172452_dk2022_150mw_300mwh_soc10_90_v5,1,8188,93.016,0.0
2026-05-25 17:25:45,20260525_172452_dk2022_150mw_300mwh_soc10_90_v5,1,8189,93.016,0.0
2026-05-25 17:25:45,20260525_172452_dk2022_150mw_300mwh_soc10_90_v5,1,8190,93.016,0.0
2026-05-25 17:25:45,20260525_172452_dk2022_150mw_300mwh_soc10_90_v5,1,8191,93.016,0.0
2026-05-25 17:25:45,20260525_172452_dk2022_150mw_300mwh_soc10_90_v5,1,8192,93.016,0.0
2026-05-25 17:25:45,20260525_172452_dk2022_150mw_300mwh_soc10_90_v5,1,8193,93.016,0.0
2026-05-25 17:25:45,20260525_172452_dk2022_150mw_300mwh_soc10_90_v5,1,8194,93.016,0.0
2026-05-25 17:25:45,20260525_172452_dk2022_150mw_300mwh_soc10_90_v5,1,8195,93.016,0.0
2026-05-25 17:25:45,20260525_172452_dk2022_150mw_300mwh_soc10_90_v5,1,8196,93.016,0.0
2026-05-25 17:25:45,20260525_172452_dk2022_150mw_300mwh_soc10_90_v5,1,8197,93.016,0.0
2026-05-25 17:25:45,20260525_172452_dk2022_150mw_300mwh_soc10_90_v5,1,8198,93.016,0.0
2026-05-25 17:25:45,20260525_172452_dk2022_150mw_300mwh_soc10_90_v5,1,8199,93.016,0.0
2026-05-25 17:25:45,20260525_172452_dk2022_150mw_300mwh_soc10_90_v5,1,8200,93.016,0.0
2026-05-25 17:25:45,20260525_172452_dk2022_150mw_300mwh_soc10_90_v5,1,8201,93.016,0.0
2026-05-25 17:25:45,20260525_172452_dk2022_150mw_300mwh_soc10_90_v5,1,8202,93.016,0.0
2026-05-25 17:25:45,20260525_172452_dk2022_150mw_300mwh_soc10_90_v5,1,8203,93.016,0.0
2026-05-25 17:25:45,20260525_172452_dk2022_150mw_300mwh_soc10_90_v5,1,8204,93.016,0.0
2026-05-25 17:25:45,20260525_172452_dk2022_150mw_300mwh_soc10_90_v5,1,8205,93.016,0.0
2026-05-25 17:25:45,20260525_172452_dk2022_150mw_300mwh_soc10_90_v5,1,8206,93.016,0.0
2026-05-25 17:25:45,20260525_172452_dk2022_150mw_300mwh_soc10_90_v5,1,8207,93.016,0.0
2026-05-25 17:25:45,20260525_172452_dk2022_150mw_300mwh_soc10_90_v5,1,8208,93.016,0.0
2026-05-25 17:25:45,20260525_172452_dk2022_150mw_300mwh_soc10_90_v5,1,8209,93.016,0.0
2026-05-25 17:25:45,20260525_172452_dk2022_150mw_300mwh_soc10_90_v5,1,8210,93.016,0.0
2026-05-25 17:25:45,20260525_172452_dk2022_150mw_300mwh_soc10_90_v5,1,8211,93.016,0.0
2026-05-25 17:25:45,20260525_172452_dk2022_150mw_300mwh_soc10_90_v5,1,8212,93.016,0.0
2026-05-25 17:25:45,20260525_172452_dk2022_150mw_300mwh_soc10_90_v5,1,8213,93.016,0.0
2026-05-25 17:25:45,20260525_172452_dk2022_150mw_300mwh_soc10_90_v5,1,8214,93.016,0.0
2026-05-25 17:25:45,20260525_172452_dk2022_150mw_300mwh_soc10_90_v5,1,8215,93.016,0.0
2026-05-25 17:25:45,20260525_172452_dk2022_150mw_300mwh_soc10_90_v5,1,8216,93.016,0.0
2026-05-25 17:25:45,20260525_172452_dk2022_150mw_300mwh_soc10_90_v5,1,8217,93.016,0.0
2026-05-25 17:25:45,20260525_172452_dk2022_150mw_300mwh_soc10_90_v5,1,8218,93.016,0.0
2026-05-25 17:25:45,20260525_172452_dk2022_150mw_300mwh_soc10_90_v5,1,8219,93.016,0.0
2026-05-25 17:25:45,20260525_172452_dk2022_150mw_300mwh_soc10_90_v5,1,8220,93.016,0.0
2026-05-25 17:25:45,20260525_172452_dk2022_150mw_300mwh_soc10_90_v5,1,8221,93.016,0.0
2026-05-25 17:25:45,20260525_172452_dk2022_150mw_300mwh_soc10_90_v5,1,8222,93.016,0.0
2026-05-25 17:25:45,20260525_172452_dk2022_150mw_300mwh_soc10_90_v5,1,8223,93.016,0.0
2026-05-25 17:25:45,20260525_172452_dk2022_150mw_300mwh_soc10_90_v5,1,8224,93.016,0.0
2026-05-25 17:25:45,20260525_172452_dk2022_150mw_300mwh_soc10_90_v5,1,8225,93.016,0.0
2026-05-25 17:25:45,20260525_172452_dk2022_150mw_300mwh_soc10_90_v5,1,8226,93.016,0.0
2026-05-25 17:25:45,20260525_172452_dk2022_150mw_300mwh_soc10_90_v5,1,8227,93.016,0.0
2026-05-25 17:25:45,20260525_172452_dk2022_150mw_300mwh_soc10_90_v5,1,8228,93.016,0.0
2026-05-25 17:25:45,20260525_172452_dk2022_150mw_300mwh_soc10_90_v5,1,8229,93.016,0.0
2026-05-25 17:25:45,20260525_172452_dk2022_150mw_300mwh_soc10_90_v5,1,8230,93.016,0.0
2026-05-25 17:25:45,20260525_172452_dk2022_150mw_300mwh_soc10_90_v5,1,8231,93.016,0.0
2026-05-25 17:25:45,20260525_172452_dk2022_150mw_300mwh_soc10_90_v5,1,8232,93.016,0.0
2026-05-25 17:25:45,20260525_172452_dk2022_150mw_300mwh_soc10_90_v5,1,8233,93.016,0.0
2026-05-25 17:25:45,20260525_172452_dk2022_150mw_300mwh_soc10_90_v5,1,8234,93.016,0.0
2026-05-25 17:25:45,20260525_172452_dk2022_150mw_300mwh_soc10_90_v5,1,8235,93.016,0.0
2026-05-25 17:25:45,20260525_172452_dk2022_150mw_300mwh_soc10_90_v5,1,8236,93.016,0.0
2026-05-25 17:25:45,20260525_172452_dk2022_150mw_300mwh_soc10_90_v5,1,8237,93.016,0.0
2026-05-25 17:25:45,20260525_172452_dk2022_150mw_300mwh_soc10_90_v5,1,8238,93.016,0.0
2026-05-25 17:25:45,20260525_172452_dk2022_150mw_300mwh_soc10_90_v5,1,8239,93.016,0.0
2026-05-25 17:25:45,20260525_172452_dk2022_150mw_300mwh_soc10_90_v5,1,8240,93.016,0.0
2026-05-25 17:25:45,20260525_172452_dk2022_150mw_300mwh_soc10_90_v5,1,8241,93.016,0.0
2026-05-25 17:25:45,20260525_172452_dk2022_150mw_300mwh_soc10_90_v5,1,8242,93.016,0.0
2026-05-25 17:25:45,20260525_172452_dk2022_150mw_300mwh_soc10_90_v5,1,8243,93.016,0.0
2026-05-25 17:25:45,20260525_172452_dk2022_150mw_300mwh_soc10_90_v5,1,8244,93.016,0.0
2026-05-25 17:25:45,20260525_172452_dk2022_150mw_300mwh_soc10_90_v5,1,8245,93.016,0.0
2026-05-25 17:25:45,20260525_172452_dk2022_150mw_300mwh_soc10_90_v5,1,8246,93.016,0.0
2026-05-25 17:25:45,20260525_172452_dk2022_150mw_300mwh_soc10_90_v5,1,8247,93.016,0.0
2026-05-25 17:25:45,20260525_172452_dk2022_150mw_300mwh_soc10_90_v5,1,8248,93.016,0.0
2026-05-25 17:25:45,20260525_172452_dk2022_150mw_300mwh_soc10_90_v5,1,8249,93.016,0.0
2026-05-25 17:25:45,20260525_172452_dk2022_150mw_300mwh_soc10_90_v5,1,8250,93.016,0.0
2026-05-25 17:25:45,20260525_172452_dk2022_150mw_300mwh_soc10_90_v5,1,8251,93.016,0.0
2026-05-25 17:25:45,20260525_172452_dk2022_150mw_300mwh_soc10_90_v5,1,8252,93.016,0.0
2026-05-25 17:25:45,20260525_172452_dk2022_150mw_300mwh_soc10_90_v5,1,8253,93.016,0.0
2026-05-25 17:25:45,20260525_172452_dk2022_150mw_300mwh_soc10_90_v5,1,8254,93.016,0.0
2026-05-25 17:25:45,20260525_172452_dk2022_150mw_300mwh_soc10_90_v5,1,8255,93.016,0.0
2026-05-25 17:25:45,20260525_172452_dk2022_150mw_300mwh_soc10_90_v5,1,8256,93.016,0.0
2026-05-25 17:25:45,20260525_172452_dk2022_150mw_300mwh_soc10_90_v5,1,8257,93.016,0.0
2026-05-25 17:25:45,20260525_172452_dk2022_150mw_300mwh_soc10_90_v5,1,8258,93.016,0.0
2026-05-25 17:25:45,20260525_172452_dk2022_150mw_300mwh_soc10_90_v5,1,8259,93.016,0.0
2026-05-25 17:25:45,20260525_172452_dk2022_150mw_300mwh_soc10_90_v5,1,8260,93.016,0.0
2026-05-25 17:25:45,20260525_172452_dk2022_150mw_300mwh_soc10_90_v5,1,8261,93.016,0.0
2026-05-25 17:25:45,20260525_172452_dk2022_150mw_300mwh_soc10_90_v5,1,8262,93.016,0.0
2026-05-25 17:25:45,20260525_172452_dk2022_150mw_300mwh_soc10_90_v5,1,8263,93.016,0.0
2026-05-25 17:25:45,20260525_172452_dk2022_150mw_300mwh_soc10_90_v5,1,8264,93.016,0.0
2026-05-25 17:25:45,20260525_172452_dk2022_150mw_300mwh_soc10_90_v5,1,8265,93.016,0.0
2026-05-25 17:25:45,20260525_172452_dk2022_150mw_300mwh_soc10_90_v5,1,8266,93.016,0.0
2026-05-25 17:25:45,20260525_172452_dk2022_150mw_300mwh_soc10_90_v5,1,8267,93.016,0.0
2026-05-25 17:25:45,20260525_172452_dk2022_150mw_300mwh_soc10_90_v5,1,8268,93.016,0.0
2026-05-25 17:25:45,20260525_172452_dk2022_150mw_300mwh_soc10_90_v5,1,8269,93.016,0.0
2026-05-25 17:25:45,20260525_172452_dk2022_150mw_300mwh_soc10_90_v5,1,8270,93.016,0.0
2026-05-25 17:25:45,20260525_172452_dk2022_150mw_300mwh_soc10_90_v5,1,8271,93.016,0.0
2026-05-25 17:25:45,20260525_172452_dk2022_150mw_300mwh_soc10_90_v5,1,8272,93.016,0.0
2026-05-25 17:25:45,20260525_172452_dk2022_150mw_300mwh_soc10_90_v5,1,8273,93.016,0.0
2026-05-25 17:25:45,20260525_172452_dk2022_150mw_300mwh_soc10_90_v5,1,8274,93.016,0.0
2026-05-25 17:25:45,20260525_172452_dk2022_150mw_300mwh_soc10_90_v5,1,8275,93.016,0.0
2026-05-25 17:25:45,20260525_172452_dk2022_150mw_300mwh_soc10_90_v5,1,8276,93.016,0.0
2026-05-25 17:25:45,20260525_172452_dk2022_150mw_300mwh_soc10_90_v5,1,8277,93.016,0.0
2026-05-25 17:25:45,20260525_172452_dk2022_150mw_300mwh_soc10_90_v5,1,8278,93.016,0.0
2026-05-25 17:25:45,20260525_172452_dk2022_150mw_300mwh_soc10_90_v5,1,8279,93.016,0.0
2026-05-25 17:25:45,20260525_172452_dk2022_150mw_300mwh_soc10_90_v5,1,8280,93.016,0.0
2026-05-25 17:25:45,20260525_172452_dk2022_150mw_300mwh_soc10_90_v5,1,8281,93.016,0.0
2026-05-25 17:25:45,20260525_172452_dk2022_150mw_300mwh_soc10_90_v5,1,8282,93.016,0.0
2026-05-25 17:25:45,20260525_172452_dk2022_150mw_300mwh_soc10_90_v5,1,8283,93.016,0.0
2026-05-25 17:25:45,20260525_172452_dk2022_150mw_300mwh_soc10_90_v5,1,8284,93.016,0.0
2026-05-25 17:25:45,20260525_172452_dk2022_150mw_300mwh_soc10_90_v5,1,8285,93.016,0.0
2026-05-25 17:25:45,20260525_172452_dk2022_150mw_300mwh_soc10_90_v5,1,8286,93.016,0.0
2026-05-25 17:25:45,20260525_172452_dk2022_150mw_300mwh_soc10_90_v5,1,8287,93.016,0.0
2026-05-25 17:25:45,20260525_172452_dk2022_150mw_300mwh_soc10_90_v5,1,8288,93.016,0.0
2026-05-25 17:25:45,20260525_172452_dk2022_150mw_300mwh_soc10_90_v5,1,8289,93.016,0.0
2026-05-25 17:25:45,20260525_172452_dk2022_150mw_300mwh_soc10_90_v5,1,8290,93.016,0.0
2026-05-25 17:25:45,20260525_172452_dk2022_150mw_300mwh_soc10_90_v5,1,8291,93.016,0.0
2026-05-25 17:25:45,20260525_172452_dk2022_150mw_300mwh_soc10_90_v5,1,8292,93.016,0.0
2026-05-25 17:25:45,20260525_172452_dk2022_150mw_300mwh_soc10_90_v5,1,8293,93.016,0.0
2026-05-25 17:25:45,20260525_172452_dk2022_150mw_300mwh_soc10_90_v5,1,8294,93.016,0.0
2026-05-25 17:25:45,20260525_172452_dk2022_150mw_300mwh_soc10_90_v5,1,8295,93.016,0.0
2026-05-25 17:25:45,20260525_172452_dk2022_150mw_300mwh_soc10_90_v5,1,8296,93.016,0.0
2026-05-25 17:25:45,20260525_172452_dk2022_150mw_300mwh_soc10_90_v5,1,8297,93.016,0.0
2026-05-25 17:25:45,20260525_172452_dk2022_150mw_300mwh_soc10_90_v5,1,8298,93.016,0.0
2026-05-25 17:25:45,20260525_172452_dk2022_150mw_300mwh_soc10_90_v5,1,8299,93.016,0.0
2026-05-25 17:25:45,20260525_172452_dk2022_150mw_300mwh_soc10_90_v5,1,8300,93.016,0.0
2026-05-25 17:25:45,20260525_172452_dk2022_150mw_300mwh_soc10_90_v5,1,8301,93.016,0.0
2026-05-25 17:25:45,20260525_172452_dk2022_150mw_300mwh_soc10_90_v5,1,8302,93.016,0.0
2026-05-25 17:25:45,20260525_172452_dk2022_150mw_300mwh_soc10_90_v5,1,8303,93.016,0.0
2026-05-25 17:25:45,20260525_172452_dk2022_150mw_300mwh_soc10_90_v5,1,8304,93.016,0.0
2026-05-25 17:25:45,20260525_172452_dk2022_150mw_300mwh_soc10_90_v5,1,8305,93.016,0.0
2026-05-25 17:25:45,20260525_172452_dk2022_150mw_300mwh_soc10_90_v5,1,8306,93.016,0.0
2026-05-25 17:25:45,20260525_172452_dk2022_150mw_300mwh_soc10_90_v5,1,8307,93.016,0.0
2026-05-25 17:25:45,20260525_172452_dk2022_150mw_300mwh_soc10_90_v5,1,8308,93.016,0.0
2026-05-25 17:25:45,20260525_172452_dk2022_150mw_300mwh_soc10_90_v5,1,8309,93.016,0.0
2026-05-25 17:25:45,20260525_172452_dk2022_150mw_300mwh_soc10_90_v5,1,8310,93.016,0.0
2026-05-25 17:25:45,20260525_172452_dk2022_150mw_300mwh_soc10_90_v5,1,8311,93.016,0.0
2026-05-25 17:25:45,20260525_172452_dk2022_150mw_300mwh_soc10_90_v5,1,8312,93.016,0.0
2026-05-25 17:25:45,20260525_172452_dk2022_150mw_300mwh_soc10_90_v5,1,8313,93.016,0.0
2026-05-25 17:25:45,20260525_172452_dk2022_150mw_300mwh_soc10_90_v5,1,8314,93.016,0.0
2026-05-25 17:25:45,20260525_172452_dk2022_150mw_300mwh_soc10_90_v5,1,8315,93.016,0.0
2026-05-25 17:25:45,20260525_172452_dk2022_150mw_300mwh_soc10_90_v5,1,8316,93.016,0.0
2026-05-25 17:25:45,20260525_172452_dk2022_150mw_300mwh_soc10_90_v5,1,8317,93.016,0.0
2026-05-25 17:25:45,20260525_172452_dk2022_150mw_300mwh_soc10_90_v5,1,8318,93.016,0.0
2026-05-25 17:25:45,20260525_172452_dk2022_150mw_300mwh_soc10_90_v5,1,8319,93.016,0.0
2026-05-25 17:25:45,20260525_172452_dk2022_150mw_300mwh_soc10_90_v5,1,8320,93.016,0.0
2026-05-25 17:25:45,20260525_172452_dk2022_150mw_300mwh_soc10_90_v5,1,8321,93.016,0.0
2026-05-25 17:25:45,20260525_172452_dk2022_150mw_300mwh_soc10_90_v5,1,8322,93.016,0.0
2026-05-25 17:25:45,20260525_172452_dk2022_150mw_300mwh_soc10_90_v5,1,8323,93.016,0.0
2026-05-25 17:25:45,20260525_172452_dk2022_150mw_300mwh_soc10_90_v5,1,8324,93.016,0.0
2026-05-25 17:25:45,20260525_172452_dk2022_150mw_300mwh_soc10_90_v5,1,8325,93.016,0.0
2026-05-25 17:25:45,20260525_172452_dk2022_150mw_300mwh_soc10_90_v5,1,8326,93.016,0.0
2026-05-25 17:25:45,20260525_172452_dk2022_150mw_300mwh_soc10_90_v5,1,8327,93.016,0.0
2026-05-25 17:25:45,20260525_172452_dk2022_150mw_300mwh_soc10_90_v5,1,8328,93.016,0.0
2026-05-25 17:25:45,20260525_172452_dk2022_150mw_300mwh_soc10_90_v5,1,8329,93.016,0.0
2026-05-25 17:25:45,20260525_172452_dk2022_150mw_300mwh_soc10_90_v5,1,8330,93.016,0.0
2026-05-25 17:25:45,20260525_172452_dk2022_150mw_300mwh_soc10_90_v5,1,8331,93.016,0.0
2026-05-25 17:25:45,20260525_172452_dk2022_150mw_300mwh_soc10_90_v5,1,8332,93.016,0.0
2026-05-25 17:25:45,20260525_172452_dk2022_150mw_300mwh_soc10_90_v5,1,8333,93.016,0.0
2026-05-25 17:25:45,20260525_172452_dk2022_150mw_300mwh_soc10_90_v5,1,8334,93.016,0.0
2026-05-25 17:25:45,20260525_172452_dk2022_150mw_300mwh_soc10_90_v5,1,8335,93.016,0.0
2026-05-25 17:25:45,20260525_172452_dk2022_150mw_300mwh_soc10_90_v5,1,8336,93.016,0.0
2026-05-25 17:25:45,20260525_172452_dk2022_150mw_300mwh_soc10_90_v5,1,8337,93.016,0.0
2026-05-25 17:25:45,20260525_172452_dk2022_150mw_300mwh_soc10_90_v5,1,8338,93.016,0.0
2026-05-25 17:25:45,20260525_172452_dk2022_150mw_300mwh_soc10_90_v5,1,8339,93.016,0.0
2026-05-25 17:25:45,20260525_172452_dk2022_150mw_300mwh_soc10_90_v5,1,8340,93.016,0.0
2026-05-25 17:25:45,20260525_172452_dk2022_150mw_300mwh_soc10_90_v5,1,8341,93.016,0.0
2026-05-25 17:25:45,20260525_172452_dk2022_150mw_300mwh_soc10_90_v5,1,8342,93.016,0.0
2026-05-25 17:25:45,20260525_172452_dk2022_150mw_300mwh_soc10_90_v5,1,8343,93.016,0.0
2026-05-25 17:25:45,20260525_172452_dk2022_150mw_300mwh_soc10_90_v5,1,8344,93.016,0.0
2026-05-25 17:25:45,20260525_172452_dk2022_150mw_300mwh_soc10_90_v5,1,8345,93.016,0.0
2026-05-25 17:25:45,20260525_172452_dk2022_150mw_300mwh_soc10_90_v5,1,8346,93.016,0.0
2026-05-25 17:25:45,20260525_172452_dk2022_150mw_300mwh_soc10_90_v5,1,8347,93.016,0.0
2026-05-25 17:25:45,20260525_172452_dk2022_150mw_300mwh_soc10_90_v5,1,8348,93.016,0.0
2026-05-25 17:25:45,20260525_172452_dk2022_150mw_300mwh_soc10_90_v5,1,8349,93.016,0.0
2026-05-25 17:25:45,20260525_172452_dk2022_150mw_300mwh_soc10_90_v5,1,8350,93.016,0.0
2026-05-25 17:25:45,20260525_172452_dk2022_150mw_300mwh_soc10_90_v5,1,8351,93.016,0.0
2026-05-25 17:25:45,20260525_172452_dk2022_150mw_300mwh_soc10_90_v5,1,8352,93.016,0.0
2026-05-25 17:25:45,20260525_172452_dk2022_150mw_300mwh_soc10_90_v5,1,8353,93.016,0.0
2026-05-25 17:25:45,20260525_172452_dk2022_150mw_300mwh_soc10_90_v5,1,8354,93.016,0.0
2026-05-25 17:25:45,20260525_172452_dk2022_150mw_300mwh_soc10_90_v5,1,8355,93.016,0.0
2026-05-25 17:25:45,20260525_172452_dk2022_150mw_300mwh_soc10_90_v5,1,8356,93.016,0.0
2026-05-25 17:25:45,20260525_172452_dk2022_150mw_300mwh_soc10_90_v5,1,8357,93.016,0.0
2026-05-25 17:25:45,20260525_172452_dk2022_150mw_300mwh_soc10_90_v5,1,8358,93.016,0.0
2026-05-25 17:25:45,20260525_172452_dk2022_150mw_300mwh_soc10_90_v5,1,8359,93.016,0.0
2026-05-25 17:25:45,20260525_172452_dk2022_150mw_300mwh_soc10_90_v5,1,8360,93.016,0.0
2026-05-25 17:25:45,20260525_172452_dk2022_150mw_300mwh_soc10_90_v5,1,8361,93.016,0.0
2026-05-25 17:25:45,20260525_172452_dk2022_150mw_300mwh_soc10_90_v5,1,8362,93.016,0.0
2026-05-25 17:25:45,20260525_172452_dk2022_150mw_300mwh_soc10_90_v5,1,8363,93.016,0.0
2026-05-25 17:25:45,20260525_172452_dk2022_150mw_300mwh_soc10_90_v5,1,8364,93.016,0.0
2026-05-25 17:25:45,20260525_172452_dk2022_150mw_300mwh_soc10_90_v5,1,8365,93.016,0.0
2026-05-25 17:25:45,20260525_172452_dk2022_150mw_300mwh_soc10_90_v5,1,8366,93.016,0.0
2026-05-25 17:25:45,20260525_172452_dk2022_150mw_300mwh_soc10_90_v5,1,8367,93.016,0.0
2026-05-25 17:25:45,20260525_172452_dk2022_150mw_300mwh_soc10_90_v5,1,8368,93.016,0.0
2026-05-25 17:25:45,20260525_172452_dk2022_150mw_300mwh_soc10_90_v5,1,8369,93.016,0.0
2026-05-25 17:25:45,20260525_172452_dk2022_150mw_300mwh_soc10_90_v5,1,8370,93.016,0.0
2026-05-25 17:25:45,20260525_172452_dk2022_150mw_300mwh_soc10_90_v5,1,8371,93.016,0.0
2026-05-25 17:25:45,20260525_172452_dk2022_150mw_300mwh_soc10_90_v5,1,8372,93.016,0.0
2026-05-25 17:25:45,20260525_172452_dk2022_150mw_300mwh_soc10_90_v5,1,8373,93.016,0.0
2026-05-25 17:25:45,20260525_172452_dk2022_150mw_300mwh_soc10_90_v5,1,8374,93.016,0.0
2026-05-25 17:25:45,20260525_172452_dk2022_150mw_300mwh_soc10_90_v5,1,8375,93.016,0.0
2026-05-25 17:25:45,20260525_172452_dk2022_150mw_300mwh_soc10_90_v5,1,8376,93.016,0.0
2026-05-25 17:25:45,20260525_172452_dk2022_150mw_300mwh_soc10_90_v5,1,8377,93.016,0.0
2026-05-25 17:25:45,20260525_172452_dk2022_150mw_300mwh_soc10_90_v5,1,8378,93.016,0.0
2026-05-25 17:25:45,20260525_172452_dk2022_150mw_300mwh_soc10_90_v5,1,8379,93.016,0.0
2026-05-25 17:25:45,20260525_172452_dk2022_150mw_300mwh_soc10_90_v5,1,8380,93.016,0.0
2026-05-25 17:25:45,20260525_172452_dk2022_150mw_300mwh_soc10_90_v5,1,8381,93.016,0.0
2026-05-25 17:25:45,20260525_172452_dk2022_150mw_300mwh_soc10_90_v5,1,8382,93.016,0.0
2026-05-25 17:25:45,20260525_172452_dk2022_150mw_300mwh_soc10_90_v5,1,8383,93.016,0.0
2026-05-25 17:25:45,20260525_172452_dk2022_150mw_300mwh_soc10_90_v5,1,8384,93.016,0.0
2026-05-25 17:25:45,20260525_172452_dk2022_150mw_300mwh_soc10_90_v5,1,8385,93.016,0.0
2026-05-25 17:25:45,20260525_172452_dk2022_150mw_300mwh_soc10_90_v5,1,8386,93.016,0.0
2026-05-25 17:25:45,20260525_172452_dk2022_150mw_300mwh_soc10_90_v5,1,8387,93.016,0.0
2026-05-25 17:25:45,20260525_172452_dk2022_150mw_300mwh_soc10_90_v5,1,8388,93.016,0.0
2026-05-25 17:25:45,20260525_172452_dk2022_150mw_300mwh_soc10_90_v5,1,8389,93.016,0.0
2026-05-25 17:25:45,20260525_172452_dk2022_150mw_300mwh_soc10_90_v5,1,8390,93.016,0.0
2026-05-25 17:25:45,20260525_172452_dk2022_150mw_300mwh_soc10_90_v5,1,8391,93.016,0.0
2026-05-25 17:25:45,20260525_172452_dk2022_150mw_300mwh_soc10_90_v5,1,8392,93.016,0.0
2026-05-25 17:25:45,20260525_172452_dk2022_150mw_300mwh_soc10_90_v5,1,8393,93.016,0.0
2026-05-25 17:25:45,20260525_172452_dk2022_150mw_300mwh_soc10_90_v5,1,8394,93.016,0.0
2026-05-25 17:25:45,20260525_172452_dk2022_150mw_300mwh_soc10_90_v5,1,8395,93.016,0.0
2026-05-25 17:25:45,20260525_172452_dk2022_150mw_300mwh_soc10_90_v5,1,8396,93.016,0.0
2026-05-25 17:25:45,20260525_172452_dk2022_150mw_300mwh_soc10_90_v5,1,8397,93.016,0.0
2026-05-25 17:25:45,20260525_172452_dk2022_150mw_300mwh_soc10_90_v5,1,8398,93.016,0.0
2026-05-25 17:25:45,20260525_172452_dk2022_150mw_300mwh_soc10_90_v5,1,8399,93.016,0.0
2026-05-25 17:25:45,20260525_172452_dk2022_150mw_300mwh_soc10_90_v5,1,8400,93.016,0.0
2026-05-25 17:25:45,20260525_172452_dk2022_150mw_300mwh_soc10_90_v5,1,8401,93.016,0.0
2026-05-25 17:25:45,20260525_172452_dk2022_150mw_300mwh_soc10_90_v5,1,8402,93.016,0.0
2026-05-25 17:25:45,20260525_172452_dk2022_150mw_300mwh_soc10_90_v5,1,8403,93.016,0.0
2026-05-25 17:25:45,20260525_172452_dk2022_150mw_300mwh_soc10_90_v5,1,8404,93.016,0.0
2026-05-25 17:25:45,20260525_172452_dk2022_150mw_300mwh_soc10_90_v5,1,8405,93.016,0.0
2026-05-25 17:25:45,20260525_172452_dk2022_150mw_300mwh_soc10_90_v5,1,8406,93.016,0.0
2026-05-25 17:25:45,20260525_172452_dk2022_150mw_300mwh_soc10_90_v5,1,8407,93.016,0.0
2026-05-25 17:25:45,20260525_172452_dk2022_150mw_300mwh_soc10_90_v5,1,8408,93.016,0.0
2026-05-25 17:25:45,20260525_172452_dk2022_150mw_300mwh_soc10_90_v5,1,8409,93.016,0.0
2026-05-25 17:25:45,20260525_172452_dk2022_150mw_300mwh_soc10_90_v5,1,8410,93.016,0.0
2026-05-25 17:25:45,20260525_172452_dk2022_150mw_300mwh_soc10_90_v5,1,8411,93.016,0.0
2026-05-25 17:25:45,20260525_172452_dk2022_150mw_300mwh_soc10_90_v5,1,8412,93.016,0.0
2026-05-25 17:25:45,20260525_172452_dk2022_150mw_300mwh_soc10_90_v5,1,8413,93.016,0.0
2026-05-25 17:25:45,20260525_172452_dk2022_150mw_300mwh_soc10_90_v5,1,8414,93.016,0.0
2026-05-25 17:25:45,20260525_172452_dk2022_150mw_300mwh_soc10_90_v5,1,8415,93.016,0.0
2026-05-25 17:25:45,20260525_172452_dk2022_150mw_300mwh_soc10_90_v5,1,8416,93.016,0.0
2026-05-25 17:25:45,20260525_172452_dk2022_150mw_300mwh_soc10_90_v5,1,8417,93.016,0.0
2026-05-25 17:25:45,20260525_172452_dk2022_150mw_300mwh_soc10_90_v5,1,8418,93.016,0.0
2026-05-25 17:25:45,20260525_172452_dk2022_150mw_300mwh_soc10_90_v5,1,8419,93.016,0.0
2026-05-25 17:25:45,20260525_172452_dk2022_150mw_300mwh_soc10_90_v5,1,8420,93.016,0.0
2026-05-25 17:25:45,20260525_172452_dk2022_150mw_300mwh_soc10_90_v5,1,8421,93.016,0.0
2026-05-25 17:25:45,20260525_172452_dk2022_150mw_300mwh_soc10_90_v5,1,8422,93.016,0.0
2026-05-25 17:25:45,20260525_172452_dk2022_150mw_300mwh_soc10_90_v5,1,8423,93.016,0.0
2026-05-25 17:25:45,20260525_172452_dk2022_150mw_300mwh_soc10_90_v5,1,8424,93.016,0.0
2026-05-25 17:25:45,20260525_172452_dk2022_150mw_300mwh_soc10_90_v5,1,8425,93.016,0.0
2026-05-25 17:25:45,20260525_172452_dk2022_150mw_300mwh_soc10_90_v5,1,8426,93.016,0.0
2026-05-25 17:25:45,20260525_172452_dk2022_150mw_300mwh_soc10_90_v5,1,8427,93.016,0.0
2026-05-25 17:25:45,20260525_172452_dk2022_150mw_300mwh_soc10_90_v5,1,8428,93.016,0.0
2026-05-25 17:25:45,20260525_172452_dk2022_150mw_300mwh_soc10_90_v5,1,8429,93.016,0.0
2026-05-25 17:25:45,20260525_172452_dk2022_150mw_300mwh_soc10_90_v5,1,8430,93.016,0.0
2026-05-25 17:25:45,20260525_172452_dk2022_150mw_300mwh_soc10_90_v5,1,8431,93.016,0.0
2026-05-25 17:25:45,20260525_172452_dk2022_150mw_300mwh_soc10_90_v5,1,8432,93.016,0.0
2026-05-25 17:25:45,20260525_172452_dk2022_150mw_300mwh_soc10_90_v5,1,8433,93.016,0.0
2026-05-25 17:25:45,20260525_172452_dk2022_150mw_300mwh_soc10_90_v5,1,8434,93.016,0.0
2026-05-25 17:25:45,20260525_172452_dk2022_150mw_300mwh_soc10_90_v5,1,8435,93.016,0.0
2026-05-25 17:25:45,20260525_172452_dk2022_150mw_300mwh_soc10_90_v5,1,8436,93.016,0.0
2026-05-25 17:25:45,20260525_172452_dk2022_150mw_300mwh_soc10_90_v5,1,8437,93.016,0.0
2026-05-25 17:25:45,20260525_172452_dk2022_150mw_300mwh_soc10_90_v5,1,8438,93.016,0.0
2026-05-25 17:25:45,20260525_172452_dk2022_150mw_300mwh_soc10_90_v5,1,8439,93.016,0.0
2026-05-25 17:25:45,20260525_172452_dk2022_150mw_300mwh_soc10_90_v5,1,8440,93.016,0.0
2026-05-25 17:25:45,20260525_172452_dk2022_150mw_300mwh_soc10_90_v5,1,8441,93.016,0.0
2026-05-25 17:25:45,20260525_172452_dk2022_150mw_300mwh_soc10_90_v5,1,8442,93.016,0.0
2026-05-25 17:25:45,20260525_172452_dk2022_150mw_300mwh_soc10_90_v5,1,8443,93.016,0.0
2026-05-25 17:25:45,20260525_172452_dk2022_150mw_300mwh_soc10_90_v5,1,8444,93.016,0.0
2026-05-25 17:25:45,20260525_172452_dk2022_150mw_300mwh_soc10_90_v5,1,8445,93.016,0.0
2026-05-25 17:25:45,20260525_172452_dk2022_150mw_300mwh_soc10_90_v5,1,8446,93.016,0.0
2026-05-25 17:25:45,20260525_172452_dk2022_150mw_300mwh_soc10_90_v5,1,8447,93.016,0.0
2026-05-25 17:25:45,20260525_172452_dk2022_150mw_300mwh_soc10_90_v5,1,8448,93.016,0.0
2026-05-25 17:25:45,20260525_172452_dk2022_150mw_300mwh_soc10_90_v5,1,8449,93.016,0.0
2026-05-25 17:25:45,20260525_172452_dk2022_150mw_300mwh_soc10_90_v5,1,8450,93.016,0.0
2026-05-25 17:25:45,20260525_172452_dk2022_150mw_300mwh_soc10_90_v5,1,8451,93.016,0.0
2026-05-25 17:25:45,20260525_172452_dk2022_150mw_300mwh_soc10_90_v5,1,8452,93.016,0.0
2026-05-25 17:25:45,20260525_172452_dk2022_150mw_300mwh_soc10_90_v5,1,8453,93.016,0.0
2026-05-25 17:25:45,20260525_172452_dk2022_150mw_300mwh_soc10_90_v5,1,8454,93.016,0.0
2026-05-25 17:25:45,20260525_172452_dk2022_150mw_300mwh_soc10_90_v5,1,8455,93.016,0.0
2026-05-25 17:25:45,20260525_172452_dk2022_150mw_300mwh_soc10_90_v5,1,8456,93.016,0.0
2026-05-25 17:25:45,20260525_172452_dk2022_150mw_300mwh_soc10_90_v5,1,8457,93.016,0.0
2026-05-25 17:25:45,20260525_172452_dk2022_150mw_300mwh_soc10_90_v5,1,8458,93.016,0.0
2026-05-25 17:25:45,20260525_172452_dk2022_150mw_300mwh_soc10_90_v5,1,8459,93.016,0.0
2026-05-25 17:25:45,20260525_172452_dk2022_150mw_300mwh_soc10_90_v5,1,8460,93.016,0.0
2026-05-25 17:25:45,20260525_172452_dk2022_150mw_300mwh_soc10_90_v5,1,8461,93.016,0.0
2026-05-25 17:25:45,20260525_172452_dk2022_150mw_300mwh_soc10_90_v5,1,8462,93.016,0.0
2026-05-25 17:25:45,20260525_172452_dk2022_150mw_300mwh_soc10_90_v5,1,8463,93.016,0.0
2026-05-25 17:25:45,20260525_172452_dk2022_150mw_300mwh_soc10_90_v5,1,8464,93.016,0.0
2026-05-25 17:25:45,20260525_172452_dk2022_150mw_300mwh_soc10_90_v5,1,8465,93.016,0.0
2026-05-25 17:25:45,20260525_172452_dk2022_150mw_300mwh_soc10_90_v5,1,8466,93.016,0.0
2026-05-25 17:25:45,20260525_172452_dk2022_150mw_300mwh_soc10_90_v5,1,8467,93.016,0.0
2026-05-25 17:25:45,20260525_172452_dk2022_150mw_300mwh_soc10_90_v5,1,8468,93.016,0.0
2026-05-25 17:25:45,20260525_172452_dk2022_150mw_300mwh_soc10_90_v5,1,8469,93.016,0.0
2026-05-25 17:25:45,20260525_172452_dk2022_150mw_300mwh_soc10_90_v5,1,8470,93.016,0.0
2026-05-25 17:25:45,20260525_172452_dk2022_150mw_300mwh_soc10_90_v5,1,8471,93.016,0.0
2026-05-25 17:25:45,20260525_172452_dk2022_150mw_300mwh_soc10_90_v5,1,8472,93.016,0.0
2026-05-25 17:25:45,20260525_172452_dk2022_150mw_300mwh_soc10_90_v5,1,8473,93.016,0.0
2026-05-25 17:25:45,20260525_172452_dk2022_150mw_300mwh_soc10_90_v5,1,8474,93.016,0.0
2026-05-25 17:25:45,20260525_172452_dk2022_150mw_300mwh_soc10_90_v5,1,8475,93.016,0.0
2026-05-25 17:25:45,20260525_172452_dk2022_150mw_300mwh_soc10_90_v5,1,8476,93.016,0.0
2026-05-25 17:25:45,20260525_172452_dk2022_150mw_300mwh_soc10_90_v5,1,8477,93.016,0.0
2026-05-25 17:25:45,20260525_172452_dk2022_150mw_300mwh_soc10_90_v5,1,8478,93.016,0.0
2026-05-25 17:25:45,20260525_172452_dk2022_150mw_300mwh_soc10_90_v5,1,8479,93.016,0.0
2026-05-25 17:25:45,20260525_172452_dk2022_150mw_300mwh_soc10_90_v5,1,8480,93.016,0.0
2026-05-25 17:25:45,20260525_172452_dk2022_150mw_300mwh_soc10_90_v5,1,8481,93.016,0.0
2026-05-25 17:25:45,20260525_172452_dk2022_150mw_300mwh_soc10_90_v5,1,8482,93.016,0.0
2026-05-25 17:25:45,20260525_172452_dk2022_150mw_300mwh_soc10_90_v5,1,8483,93.016,0.0
2026-05-25 17:25:45,20260525_172452_dk2022_150mw_300mwh_soc10_90_v5,1,8484,93.016,0.0
2026-05-25 17:25:45,20260525_172452_dk2022_150mw_300mwh_soc10_90_v5,1,8485,93.016,0.0
2026-05-25 17:25:45,20260525_172452_dk2022_150mw_300mwh_soc10_90_v5,1,8486,93.016,0.0
2026-05-25 17:25:45,20260525_172452_dk2022_150mw_300mwh_soc10_90_v5,1,8487,93.016,0.0
2026-05-25 17:25:45,20260525_172452_dk2022_150mw_300mwh_soc10_90_v5,1,8488,93.016,0.0
2026-05-25 17:25:45,20260525_172452_dk2022_150mw_300mwh_soc10_90_v5,1,8489,93.016,0.0
2026-05-25 17:25:45,20260525_172452_dk2022_150mw_300mwh_soc10_90_v5,1,8490,93.016,0.0
2026-05-25 17:25:45,20260525_172452_dk2022_150mw_300mwh_soc10_90_v5,1,8491,93.016,0.0
2026-05-25 17:25:45,20260525_172452_dk2022_150mw_300mwh_soc10_90_v5,1,8492,93.016,0.0
2026-05-25 17:25:45,20260525_172452_dk2022_150mw_300mwh_soc10_90_v5,1,8493,93.016,0.0
2026-05-25 17:25:45,20260525_172452_dk2022_150mw_300mwh_soc10_90_v5,1,8494,93.016,0.0
2026-05-25 17:25:45,20260525_172452_dk2022_150mw_300mwh_soc10_90_v5,1,8495,93.016,0.0
2026-05-25 17:25:45,20260525_172452_dk2022_150mw_300mwh_soc10_90_v5,1,8496,93.016,0.0
2026-05-25 17:25:45,20260525_172452_dk2022_150mw_300mwh_soc10_90_v5,1,8497,93.016,0.0
2026-05-25 17:25:45,20260525_172452_dk2022_150mw_300mwh_soc10_90_v5,1,8498,93.016,0.0
2026-05-25 17:25:45,20260525_172452_dk2022_150mw_300mwh_soc10_90_v5,1,8499,93.016,0.0
2026-05-25 17:25:45,20260525_172452_dk2022_150mw_300mwh_soc10_90_v5,1,8500,93.016,0.0
2026-05-25 17:25:45,20260525_172452_dk2022_150mw_300mwh_soc10_90_v5,1,8501,93.016,0.0
2026-05-25 17:25:45,20260525_172452_dk2022_150mw_300mwh_soc10_90_v5,1,8502,93.016,0.0
2026-05-25 17:25:45,20260525_172452_dk2022_150mw_300mwh_soc10_90_v5,1,8503,93.016,0.0
2026-05-25 17:25:45,20260525_172452_dk2022_150mw_300mwh_soc10_90_v5,1,8504,93.016,0.0
2026-05-25 17:25:45,20260525_172452_dk2022_150mw_300mwh_soc10_90_v5,1,8505,93.016,0.0
2026-05-25 17:25:45,20260525_172452_dk2022_150mw_300mwh_soc10_90_v5,1,8506,93.016,0.0
2026-05-25 17:25:45,20260525_172452_dk2022_150mw_300mwh_soc10_90_v5,1,8507,93.016,0.0
2026-05-25 17:25:45,20260525_172452_dk2022_150mw_300mwh_soc10_90_v5,1,8508,93.016,0.0
2026-05-25 17:25:45,20260525_172452_dk2022_150mw_300mwh_soc10_90_v5,1,8509,93.016,0.0
2026-05-25 17:25:45,20260525_172452_dk2022_150mw_300mwh_soc10_90_v5,1,8510,93.016,0.0
2026-05-25 17:25:45,20260525_172452_dk2022_150mw_300mwh_soc10_90_v5,1,8511,93.016,0.0
2026-05-25 17:25:45,20260525_172452_dk2022_150mw_300mwh_soc10_90_v5,1,8512,93.016,0.0
2026-05-25 17:25:45,20260525_172452_dk2022_150mw_300mwh_soc10_90_v5,1,8513,93.016,0.0
2026-05-25 17:25:45,20260525_172452_dk2022_150mw_300mwh_soc10_90_v5,1,8514,93.016,0.0
2026-05-25 17:25:45,20260525_172452_dk2022_150mw_300mwh_soc10_90_v5,1,8515,93.016,0.0
2026-05-25 17:25:45,20260525_172452_dk2022_150mw_300mwh_soc10_90_v5,1,8516,93.016,0.0
2026-05-25 17:25:45,20260525_172452_dk2022_150mw_300mwh_soc10_90_v5,1,8517,93.016,0.0
2026-05-25 17:25:45,20260525_172452_dk2022_150mw_300mwh_soc10_90_v5,1,8518,93.016,0.0
2026-05-25 17:25:45,20260525_172452_dk2022_150mw_300mwh_soc10_90_v5,1,8519,93.016,0.0
2026-05-25 17:25:45,20260525_172452_dk2022_150mw_300mwh_soc10_90_v5,1,8520,93.016,0.0
2026-05-25 17:25:45,20260525_172452_dk2022_150mw_300mwh_soc10_90_v5,1,8521,93.016,0.0
2026-05-25 17:25:45,20260525_172452_dk2022_150mw_300mwh_soc10_90_v5,1,8522,93.016,0.0
2026-05-25 17:25:45,20260525_172452_dk2022_150mw_300mwh_soc10_90_v5,1,8523,93.016,0.0
2026-05-25 17:25:45,20260525_172452_dk2022_150mw_300mwh_soc10_90_v5,1,8524,93.016,0.0
2026-05-25 17:25:45,20260525_172452_dk2022_150mw_300mwh_soc10_90_v5,1,8525,93.016,0.0
2026-05-25 17:25:45,20260525_172452_dk2022_150mw_300mwh_soc10_90_v5,1,8526,93.016,0.0
2026-05-25 17:25:45,20260525_172452_dk2022_150mw_300mwh_soc10_90_v5,1,8527,93.016,0.0
2026-05-25 17:25:45,20260525_172452_dk2022_150mw_300mwh_soc10_90_v5,1,8528,93.016,0.0
2026-05-25 17:25:45,20260525_172452_dk2022_150mw_300mwh_soc10_90_v5,1,8529,93.016,0.0
2026-05-25 17:25:45,20260525_172452_dk2022_150mw_300mwh_soc10_90_v5,1,8530,93.016,0.0
2026-05-25 17:25:45,20260525_172452_dk2022_150mw_300mwh_soc10_90_v5,1,8531,93.016,0.0
2026-05-25 17:25:45,20260525_172452_dk2022_150mw_300mwh_soc10_90_v5,1,8532,93.016,0.0
2026-05-25 17:25:45,20260525_172452_dk2022_150mw_300mwh_soc10_90_v5,1,8533,93.016,0.0
2026-05-25 17:25:45,20260525_172452_dk2022_150mw_300mwh_soc10_90_v5,1,8534,93.016,0.0
2026-05-25 17:25:45,20260525_172452_dk2022_150mw_300mwh_soc10_90_v5,1,8535,93.016,0.0
2026-05-25 17:25:45,20260525_172452_dk2022_150mw_300mwh_soc10_90_v5,1,8536,93.016,0.0
2026-05-25 17:25:45,20260525_172452_dk2022_150mw_300mwh_soc10_90_v5,1,8537,93.016,0.0
2026-05-25 17:25:45,20260525_172452_dk2022_150mw_300mwh_soc10_90_v5,1,8538,93.016,0.0
2026-05-25 17:25:45,20260525_172452_dk2022_150mw_300mwh_soc10_90_v5,1,8539,93.016,0.0
2026-05-25 17:25:45,20260525_172452_dk2022_150mw_300mwh_soc10_90_v5,1,8540,93.016,0.0
2026-05-25 17:25:45,20260525_172452_dk2022_150mw_300mwh_soc10_90_v5,1,8541,93.016,0.0
2026-05-25 17:25:45,20260525_172452_dk2022_150mw_300mwh_soc10_90_v5,1,8542,93.016,0.0
2026-05-25 17:25:45,20260525_172452_dk2022_150mw_300mwh_soc10_90_v5,1,8543,93.016,0.0
2026-05-25 17:25:45,20260525_172452_dk2022_150mw_300mwh_soc10_90_v5,1,8544,93.016,0.0
2026-05-25 17:25:45,20260525_172452_dk2022_150mw_300mwh_soc10_90_v5,1,8545,93.016,0.0
2026-05-25 17:25:45,20260525_172452_dk2022_150mw_300mwh_soc10_90_v5,1,8546,93.016,0.0
2026-05-25 17:25:45,20260525_172452_dk2022_150mw_300mwh_soc10_90_v5,1,8547,93.016,0.0
2026-05-25 17:25:45,20260525_172452_dk2022_150mw_300mwh_soc10_90_v5,1,8548,93.016,0.0
2026-05-25 17:25:45,20260525_172452_dk2022_150mw_300mwh_soc10_90_v5,1,8549,93.016,0.0
2026-05-25 17:25:45,20260525_172452_dk2022_150mw_300mwh_soc10_90_v5,1,8550,93.016,0.0
2026-05-25 17:25:45,20260525_172452_dk2022_150mw_300mwh_soc10_90_v5,1,8551,93.016,0.0
2026-05-25 17:25:45,20260525_172452_dk2022_150mw_300mwh_soc10_90_v5,1,8552,93.016,0.0
2026-05-25 17:25:45,20260525_172452_dk2022_150mw_300mwh_soc10_90_v5,1,8553,93.016,0.0
2026-05-25 17:25:45,20260525_172452_dk2022_150mw_300mwh_soc10_90_v5,1,8554,93.016,0.0
2026-05-25 17:25:45,20260525_172452_dk2022_150mw_300mwh_soc10_90_v5,1,8555,93.016,0.0
2026-05-25 17:25:45,20260525_172452_dk2022_150mw_300mwh_soc10_90_v5,1,8556,93.016,0.0
2026-05-25 17:25:45,20260525_172452_dk2022_150mw_300mwh_soc10_90_v5,1,8557,93.016,0.0
2026-05-25 17:25:45,20260525_172452_dk2022_150mw_300mwh_soc10_90_v5,1,8558,93.016,0.0
2026-05-25 17:25:45,20260525_172452_dk2022_150mw_300mwh_soc10_90_v5,1,8559,93.016,0.0
2026-05-25 17:25:45,20260525_172452_dk2022_150mw_300mwh_soc10_90_v5,1,8560,93.016,0.0
2026-05-25 17:25:45,20260525_172452_dk2022_150mw_300mwh_soc10_90_v5,1,8561,93.016,0.0
2026-05-25 17:25:45,20260525_172452_dk2022_150mw_300mwh_soc10_90_v5,1,8562,93.016,0.0
2026-05-25 17:25:45,20260525_172452_dk2022_150mw_300mwh_soc10_90_v5,1,8563,93.016,0.0
2026-05-25 17:25:45,20260525_172452_dk2022_150mw_300mwh_soc10_90_v5,1,8564,93.016,0.0
2026-05-25 17:25:45,20260525_172452_dk2022_150mw_300mwh_soc10_90_v5,1,8565,93.016,0.0
2026-05-25 17:25:45,20260525_172452_dk2022_150mw_300mwh_soc10_90_v5,1,8566,93.016,0.0
2026-05-25 17:25:45,20260525_172452_dk2022_150mw_300mwh_soc10_90_v5,1,8567,93.016,0.0
2026-05-25 17:25:45,20260525_172452_dk2022_150mw_300mwh_soc10_90_v5,1,8568,93.016,0.0
2026-05-25 17:25:45,20260525_172452_dk2022_150mw_300mwh_soc10_90_v5,1,8569,93.016,0.0
2026-05-25 17:25:45,20260525_172452_dk2022_150mw_300mwh_soc10_90_v5,1,8570,93.016,0.0
2026-05-25 17:25:45,20260525_172452_dk2022_150mw_300mwh_soc10_90_v5,1,8571,93.016,0.0
2026-05-25 17:25:45,20260525_172452_dk2022_150mw_300mwh_soc10_90_v5,1,8572,93.016,0.0
2026-05-25 17:25:45,20260525_172452_dk2022_150mw_300mwh_soc10_90_v5,1,8573,93.016,0.0
2026-05-25 17:25:45,20260525_172452_dk2022_150mw_300mwh_soc10_90_v5,1,8574,93.016,0.0
2026-05-25 17:25:45,20260525_172452_dk2022_150mw_300mwh_soc10_90_v5,1,8575,93.016,0.0
2026-05-25 17:25:45,20260525_172452_dk2022_150mw_300mwh_soc10_90_v5,1,8576,93.016,0.0
2026-05-25 17:25:45,20260525_172452_dk2022_150mw_300mwh_soc10_90_v5,1,8577,93.016,0.0
2026-05-25 17:25:45,20260525_172452_dk2022_150mw_300mwh_soc10_90_v5,1,8578,93.016,0.0
2026-05-25 17:25:45,20260525_172452_dk2022_150mw_300mwh_soc10_90_v5,1,8579,93.016,0.0
2026-05-25 17:25:45,20260525_172452_dk2022_150mw_300mwh_soc10_90_v5,1,8580,93.016,0.0
2026-05-25 17:25:45,20260525_172452_dk2022_150mw_300mwh_soc10_90_v5,1,8581,93.016,0.0
2026-05-25 17:25:45,20260525_172452_dk2022_150mw_300mwh_soc10_90_v5,1,8582,93.016,0.0
2026-05-25 17:25:45,20260525_172452_dk2022_150mw_300mwh_soc10_90_v5,1,8583,93.016,0.0
2026-05-25 17:25:45,20260525_172452_dk2022_150mw_300mwh_soc10_90_v5,1,8584,93.016,0.0
2026-05-25 17:25:45,20260525_172452_dk2022_150mw_300mwh_soc10_90_v5,1,8585,93.016,0.0
2026-05-25 17:25:45,20260525_172452_dk2022_150mw_300mwh_soc10_90_v5,1,8586,93.016,0.0
2026-05-25 17:25:45,20260525_172452_dk2022_150mw_300mwh_soc10_90_v5,1,8587,93.016,0.0
2026-05-25 17:25:45,20260525_172452_dk2022_150mw_300mwh_soc10_90_v5,1,8588,93.016,0.0
2026-05-25 17:25:45,20260525_172452_dk2022_150mw_300mwh_soc10_90_v5,1,8589,93.016,0.0
2026-05-25 17:25:45,20260525_172452_dk2022_150mw_300mwh_soc10_90_v5,1,8590,93.016,0.0
2026-05-25 17:25:45,20260525_172452_dk2022_150mw_300mwh_soc10_90_v5,1,8591,93.016,0.0
2026-05-25 17:25:45,20260525_172452_dk2022_150mw_300mwh_soc10_90_v5,1,8592,93.016,0.0
2026-05-25 17:25:45,20260525_172452_dk2022_150mw_300mwh_soc10_90_v5,1,8593,93.016,0.0
2026-05-25 17:25:45,20260525_172452_dk2022_150mw_300mwh_soc10_90_v5,1,8594,93.016,0.0
2026-05-25 17:25:45,20260525_172452_dk2022_150mw_300mwh_soc10_90_v5,1,8595,93.016,0.0
2026-05-25 17:25:45,20260525_172452_dk2022_150mw_300mwh_soc10_90_v5,1,8596,93.016,0.0
2026-05-25 17:25:45,20260525_172452_dk2022_150mw_300mwh_soc10_90_v5,1,8597,93.016,0.0
2026-05-25 17:25:45,20260525_172452_dk2022_150mw_300mwh_soc10_90_v5,1,8598,93.016,0.0
2026-05-25 17:25:45,20260525_172452_dk2022_150mw_300mwh_soc10_90_v5,1,8599,93.016,0.0
2026-05-25 17:25:45,20260525_172452_dk2022_150mw_300mwh_soc10_90_v5,1,8600,93.016,0.0
2026-05-25 17:25:45,20260525_172452_dk2022_150mw_300mwh_soc10_90_v5,1,8601,93.016,0.0
2026-05-25 17:25:45,20260525_172452_dk2022_150mw_300mwh_soc10_90_v5,1,8602,93.016,0.0
2026-05-25 17:25:45,20260525_172452_dk2022_150mw_300mwh_soc10_90_v5,1,8603,93.016,0.0
2026-05-25 17:25:45,20260525_172452_dk2022_150mw_300mwh_soc10_90_v5,1,8604,93.016,0.0
2026-05-25 17:25:45,20260525_172452_dk2022_150mw_300mwh_soc10_90_v5,1,8605,93.016,0.0
2026-05-25 17:25:45,20260525_172452_dk2022_150mw_300mwh_soc10_90_v5,1,8606,93.016,0.0
2026-05-25 17:25:45,20260525_172452_dk2022_150mw_300mwh_soc10_90_v5,1,8607,93.016,0.0
2026-05-25 17:25:45,20260525_172452_dk2022_150mw_300mwh_soc10_90_v5,1,8608,93.016,0.0
2026-05-25 17:25:45,20260525_172452_dk2022_150mw_300mwh_soc10_90_v5,1,8609,93.016,0.0
2026-05-25 17:25:45,20260525_172452_dk2022_150mw_300mwh_soc10_90_v5,1,8610,93.016,0.0
2026-05-25 17:25:45,20260525_172452_dk2022_150mw_300mwh_soc10_90_v5,1,8611,93.016,0.0
2026-05-25 17:25:45,20260525_172452_dk2022_150mw_300mwh_soc10_90_v5,1,8612,93.016,0.0
2026-05-25 17:25:45,20260525_172452_dk2022_150mw_300mwh_soc10_90_v5,1,8613,93.016,0.0
2026-05-25 17:25:45,20260525_172452_dk2022_150mw_300mwh_soc10_90_v5,1,8614,93.016,0.0
2026-05-25 17:25:45,20260525_172452_dk2022_150mw_300mwh_soc10_90_v5,1,8615,93.016,0.0
2026-05-25 17:25:45,20260525_172452_dk2022_150mw_300mwh_soc10_90_v5,1,8616,93.016,0.0
2026-05-25 17:25:45,20260525_172452_dk2022_150mw_300mwh_soc10_90_v5,1,8617,93.016,0.0
2026-05-25 17:25:45,20260525_172452_dk2022_150mw_300mwh_soc10_90_v5,1,8618,93.016,0.0
2026-05-25 17:25:45,20260525_172452_dk2022_150mw_300mwh_soc10_90_v5,1,8619,93.016,0.0
2026-05-25 17:25:45,20260525_172452_dk2022_150mw_300mwh_soc10_90_v5,1,8620,93.016,0.0
2026-05-25 17:25:45,20260525_172452_dk2022_150mw_300mwh_soc10_90_v5,1,8621,93.016,0.0
2026-05-25 17:25:45,20260525_172452_dk2022_150mw_300mwh_soc10_90_v5,1,8622,93.016,0.0
2026-05-25 17:25:45,20260525_172452_dk2022_150mw_300mwh_soc10_90_v5,1,8623,93.016,0.0
2026-05-25 17:25:45,20260525_172452_dk2022_150mw_300mwh_soc10_90_v5,1,8624,93.016,0.0
2026-05-25 17:25:45,20260525_172452_dk2022_150mw_300mwh_soc10_90_v5,1,8625,93.016,0.0
2026-05-25 17:25:45,20260525_172452_dk2022_150mw_300mwh_soc10_90_v5,1,8626,93.016,0.0
2026-05-25 17:25:45,20260525_172452_dk2022_150mw_300mwh_soc10_90_v5,1,8627,93.016,0.0
2026-05-25 17:25:45,20260525_172452_dk2022_150mw_300mwh_soc10_90_v5,1,8628,93.016,0.0
2026-05-25 17:25:45,20260525_172452_dk2022_150mw_300mwh_soc10_90_v5,1,8629,93.016,0.0
2026-05-25 17:25:45,20260525_172452_dk2022_150mw_300mwh_soc10_90_v5,1,8630,93.016,0.0
2026-05-25 17:25:45,20260525_172452_dk2022_150mw_300mwh_soc10_90_v5,1,8631,93.016,0.0
2026-05-25 17:25:45,20260525_172452_dk2022_150mw_300mwh_soc10_90_v5,1,8632,93.016,0.0
2026-05-25 17:25:45,20260525_172452_dk2022_150mw_300mwh_soc10_90_v5,1,8633,93.016,0.0
2026-05-25 17:25:45,20260525_172452_dk2022_150mw_300mwh_soc10_90_v5,1,8634,93.016,0.0
2026-05-25 17:25:45,20260525_172452_dk2022_150mw_300mwh_soc10_90_v5,1,8635,93.016,0.0
2026-05-25 17:25:45,20260525_172452_dk2022_150mw_300mwh_soc10_90_v5,1,8636,93.016,0.0
2026-05-25 17:25:45,20260525_172452_dk2022_150mw_300mwh_soc10_90_v5,1,8637,93.016,0.0
2026-05-25 17:25:45,20260525_172452_dk2022_150mw_300mwh_soc10_90_v5,1,8638,93.016,0.0
2026-05-25 17:25:45,20260525_172452_dk2022_150mw_300mwh_soc10_90_v5,1,8639,93.016,0.0
2026-05-25 17:25:45,20260525_172452_dk2022_150mw_300mwh_soc10_90_v5,1,8640,93.016,0.0
2026-05-25 17:25:45,20260525_172452_dk2022_150mw_300mwh_soc10_90_v5,1,8641,93.016,0.0
2026-05-25 17:25:45,20260525_172452_dk2022_150mw_300mwh_soc10_90_v5,1,8642,93.016,0.0
2026-05-25 17:25:45,20260525_172452_dk2022_150mw_300mwh_soc10_90_v5,1,8643,93.016,0.0
2026-05-25 17:25:45,20260525_172452_dk2022_150mw_300mwh_soc10_90_v5,1,8644,93.016,0.0
2026-05-25 17:25:45,20260525_172452_dk2022_150mw_300mwh_soc10_90_v5,1,8645,93.016,0.0
2026-05-25 17:25:45,20260525_172452_dk2022_150mw_300mwh_soc10_90_v5,1,8646,93.016,0.0
2026-05-25 17:25:45,20260525_172452_dk2022_150mw_300mwh_soc10_90_v5,1,8647,93.016,0.0
2026-05-25 17:25:45,20260525_172452_dk2022_150mw_300mwh_soc10_90_v5,1,8648,93.016,0.0
2026-05-25 17:25:45,20260525_172452_dk2022_150mw_300mwh_soc10_90_v5,1,8649,93.016,0.0
2026-05-25 17:25:45,20260525_172452_dk2022_150mw_300mwh_soc10_90_v5,1,8650,93.016,0.0
2026-05-25 17:25:45,20260525_172452_dk2022_150mw_300mwh_soc10_90_v5,1,8651,93.016,0.0
2026-05-25 17:25:45,20260525_172452_dk2022_150mw_300mwh_soc10_90_v5,1,8652,93.016,0.0
2026-05-25 17:25:45,20260525_172452_dk2022_150mw_300mwh_soc10_90_v5,1,8653,93.016,0.0
2026-05-25 17:25:45,20260525_172452_dk2022_150mw_300mwh_soc10_90_v5,1,8654,93.016,0.0
2026-05-25 17:25:45,20260525_172452_dk2022_150mw_300mwh_soc10_90_v5,1,8655,93.016,0.0
2026-05-25 17:25:45,20260525_172452_dk2022_150mw_300mwh_soc10_90_v5,1,8656,93.016,0.0
2026-05-25 17:25:45,20260525_172452_dk2022_150mw_300mwh_soc10_90_v5,1,8657,93.016,0.0
2026-05-25 17:25:45,20260525_172452_dk2022_150mw_300mwh_soc10_90_v5,1,8658,93.016,0.0
2026-05-25 17:25:45,20260525_172452_dk2022_150mw_300mwh_soc10_90_v5,1,8659,93.016,0.0
2026-05-25 17:25:45,20260525_172452_dk2022_150mw_300mwh_soc10_90_v5,1,8660,93.016,0.0
2026-05-25 17:25:45,20260525_172452_dk2022_150mw_300mwh_soc10_90_v5,1,8661,93.016,0.0
2026-05-25 17:25:45,20260525_172452_dk2022_150mw_300mwh_soc10_90_v5,1,8662,93.016,0.0
2026-05-25 17:25:45,20260525_172452_dk2022_150mw_300mwh_soc10_90_v5,1,8663,93.016,0.0
2026-05-25 17:25:45,20260525_172452_dk2022_150mw_300mwh_soc10_90_v5,1,8664,93.016,0.0
2026-05-25 17:25:45,20260525_172452_dk2022_150mw_300mwh_soc10_90_v5,1,8665,93.016,0.0
2026-05-25 17:25:45,20260525_172452_dk2022_150mw_300mwh_soc10_90_v5,1,8666,93.016,0.0
2026-05-25 17:25:45,20260525_172452_dk2022_150mw_300mwh_soc10_90_v5,1,8667,93.016,0.0
2026-05-25 17:25:45,20260525_172452_dk2022_150mw_300mwh_soc10_90_v5,1,8668,93.016,0.0
2026-05-25 17:25:45,20260525_172452_dk2022_150mw_300mwh_soc10_90_v5,1,8669,93.016,0.0
2026-05-25 17:25:45,20260525_172452_dk2022_150mw_300mwh_soc10_90_v5,1,8670,93.016,0.0
2026-05-25 17:25:45,20260525_172452_dk2022_150mw_300mwh_soc10_90_v5,1,8671,93.016,0.0
2026-05-25 17:25:45,20260525_172452_dk2022_150mw_300mwh_soc10_90_v5,1,8672,93.016,0.0
2026-05-25 17:25:45,20260525_172452_dk2022_150mw_300mwh_soc10_90_v5,1,8673,93.016,0.0
2026-05-25 17:25:45,20260525_172452_dk2022_150mw_300mwh_soc10_90_v5,1,8674,93.016,0.0
2026-05-25 17:25:45,20260525_172452_dk2022_150mw_300mwh_soc10_90_v5,1,8675,93.016,0.0
2026-05-25 17:25:45,20260525_172452_dk2022_150mw_300mwh_soc10_90_v5,1,8676,93.016,0.0
2026-05-25 17:25:45,20260525_172452_dk2022_150mw_300mwh_soc10_90_v5,1,8677,93.016,0.0
2026-05-25 17:25:45,20260525_172452_dk2022_150mw_300mwh_soc10_90_v5,1,8678,93.016,0.0
2026-05-25 17:25:45,20260525_172452_dk2022_150mw_300mwh_soc10_90_v5,1,8679,93.016,0.0
2026-05-25 17:25:45,20260525_172452_dk2022_150mw_300mwh_soc10_90_v5,1,8680,93.016,0.0
2026-05-25 17:25:45,20260525_172452_dk2022_150mw_300mwh_soc10_90_v5,1,8681,93.016,0.0
2026-05-25 17:25:45,20260525_172452_dk2022_150mw_300mwh_soc10_90_v5,1,8682,93.016,0.0
2026-05-25 17:25:45,20260525_172452_dk2022_150mw_300mwh_soc10_90_v5,1,8683,93.016,0.0
2026-05-25 17:25:45,20260525_172452_dk2022_150mw_300mwh_soc10_90_v5,1,8684,93.016,0.0
2026-05-25 17:25:45,20260525_172452_dk2022_150mw_300mwh_soc10_90_v5,1,8685,93.016,0.0
2026-05-25 17:25:45,20260525_172452_dk2022_150mw_300mwh_soc10_90_v5,1,8686,93.016,0.0
2026-05-25 17:25:45,20260525_172452_dk2022_150mw_300mwh_soc10_90_v5,1,8687,93.016,0.0
2026-05-25 17:25:45,20260525_172452_dk2022_150mw_300mwh_soc10_90_v5,1,8688,93.016,0.0
2026-05-25 17:25:45,20260525_172452_dk2022_150mw_300mwh_soc10_90_v5,1,8689,93.016,0.0
2026-05-25 17:25:45,20260525_172452_dk2022_150mw_300mwh_soc10_90_v5,1,8690,93.016,0.0
2026-05-25 17:25:45,20260525_172452_dk2022_150mw_300mwh_soc10_90_v5,1,8691,93.016,0.0
2026-05-25 17:25:45,20260525_172452_dk2022_150mw_300mwh_soc10_90_v5,1,8692,93.016,0.0
2026-05-25 17:25:45,20260525_172452_dk2022_150mw_300mwh_soc10_90_v5,1,8693,93.016,0.0
2026-05-25 17:25:45,20260525_172452_dk2022_150mw_300mwh_soc10_90_v5,1,8694,93.016,0.0
2026-05-25 17:25:45,20260525_172452_dk2022_150mw_300mwh_soc10_90_v5,1,8695,93.016,0.0
2026-05-25 17:25:45,20260525_172452_dk2022_150mw_300mwh_soc10_90_v5,1,8696,93.016,0.0
2026-05-25 17:25:45,20260525_172452_dk2022_150mw_300mwh_soc10_90_v5,1,8697,93.016,0.0
2026-05-25 17:25:45,20260525_172452_dk2022_150mw_300mwh_soc10_90_v5,1,8698,93.016,0.0
2026-05-25 17:25:45,20260525_172452_dk2022_150mw_300mwh_soc10_90_v5,1,8699,93.016,0.0
2026-05-25 17:25:45,20260525_172452_dk2022_150mw_300mwh_soc10_90_v5,1,8700,93.016,0.0
2026-05-25 17:25:45,20260525_172452_dk2022_150mw_300mwh_soc10_90_v5,1,8701,93.016,0.0
2026-05-25 17:25:45,20260525_172452_dk2022_150mw_300mwh_soc10_90_v5,1,8702,93.016,0.0
2026-05-25 17:25:45,20260525_172452_dk2022_150mw_300mwh_soc10_90_v5,1,8703,93.016,0.0
2026-05-25 17:25:45,20260525_172452_dk2022_150mw_300mwh_soc10_90_v5,1,8704,93.016,0.0
2026-05-25 17:25:45,20260525_172452_dk2022_150mw_300mwh_soc10_90_v5,1,8705,93.016,0.0
2026-05-25 17:25:45,20260525_172452_dk2022_150mw_300mwh_soc10_90_v5,1,8706,93.016,0.0
2026-05-25 17:25:45,20260525_172452_dk2022_150mw_300mwh_soc10_90_v5,1,8707,93.016,0.0
2026-05-25 17:25:45,20260525_172452_dk2022_150mw_300mwh_soc10_90_v5,1,8708,93.016,0.0
2026-05-25 17:25:45,20260525_172452_dk2022_150mw_300mwh_soc10_90_v5,1,8709,93.016,0.0
2026-05-25 17:25:45,20260525_172452_dk2022_150mw_300mwh_soc10_90_v5,1,8710,93.016,0.0
2026-05-25 17:25:45,20260525_172452_dk2022_150mw_300mwh_soc10_90_v5,1,8711,93.016,0.0
2026-05-25 17:25:45,20260525_172452_dk2022_150mw_300mwh_soc10_90_v5,1,8712,93.016,0.0
2026-05-25 17:25:45,20260525_172452_dk2022_150mw_300mwh_soc10_90_v5,1,8713,93.016,0.0
2026-05-25 17:25:45,20260525_172452_dk2022_150mw_300mwh_soc10_90_v5,1,8714,93.016,0.0
2026-05-25 17:25:45,20260525_172452_dk2022_150mw_300mwh_soc10_90_v5,1,8715,93.016,0.0
2026-05-25 17:25:45,20260525_172452_dk2022_150mw_300mwh_soc10_90_v5,1,8716,93.016,0.0
2026-05-25 17:25:45,20260525_172452_dk2022_150mw_300mwh_soc10_90_v5,1,8717,93.016,0.0
2026-05-25 17:25:45,20260525_172452_dk2022_150mw_300mwh_soc10_90_v5,1,8718,93.016,0.0
2026-05-25 17:25:45,20260525_172452_dk2022_150mw_300mwh_soc10_90_v5,1,8719,93.016,0.0
2026-05-25 17:25:45,20260525_172452_dk2022_150mw_300mwh_soc10_90_v5,1,8720,93.016,0.0
2026-05-25 17:25:45,20260525_172452_dk2022_150mw_300mwh_soc10_90_v5,1,8721,93.016,0.0
2026-05-25 17:25:45,20260525_172452_dk2022_150mw_300mwh_soc10_90_v5,1,8722,93.016,0.0
2026-05-25 17:25:45,20260525_172452_dk2022_150mw_300mwh_soc10_90_v5,1,8723,93.016,0.0
2026-05-25 17:25:45,20260525_172452_dk2022_150mw_300mwh_soc10_90_v5,1,8724,93.016,0.0
2026-05-25 17:25:45,20260525_172452_dk2022_150mw_300mwh_soc10_90_v5,1,8725,93.016,0.0
2026-05-25 17:25:45,20260525_172452_dk2022_150mw_300mwh_soc10_90_v5,1,8726,93.016,0.0
2026-05-25 17:25:45,20260525_172452_dk2022_150mw_300mwh_soc10_90_v5,1,8727,93.016,0.0
2026-05-25 17:25:45,20260525_172452_dk2022_150mw_300mwh_soc10_90_v5,1,8728,93.016,0.0
2026-05-25 17:25:45,20260525_172452_dk2022_150mw_300mwh_soc10_90_v5,1,8729,93.016,0.0
2026-05-25 17:25:45,20260525_172452_dk2022_150mw_300mwh_soc10_90_v5,1,8730,93.016,0.0
2026-05-25 17:25:45,20260525_172452_dk2022_150mw_300mwh_soc10_90_v5,1,8731,93.016,0.0
2026-05-25 17:25:45,20260525_172452_dk2022_150mw_300mwh_soc10_90_v5,1,8732,93.016,0.0
2026-05-25 17:25:45,20260525_172452_dk2022_150mw_300mwh_soc10_90_v5,1,8733,93.016,0.0
2026-05-25 17:25:45,20260525_172452_dk2022_150mw_300mwh_soc10_90_v5,1,8734,93.016,0.0
2026-05-25 17:25:45,20260525_172452_dk2022_150mw_300mwh_soc10_90_v5,1,8735,93.016,0.0
2026-05-25 17:25:45,20260525_172452_dk2022_150mw_300mwh_soc10_90_v5,1,8736,93.016,0.0
2026-05-25 17:25:45,20260525_172452_dk2022_150mw_300mwh_soc10_90_v5,1,8737,93.016,0.0
2026-05-25 17:25:45,20260525_172452_dk2022_150mw_300mwh_soc10_90_v5,1,8738,93.016,0.0
2026-05-25 17:25:45,20260525_172452_dk2022_150mw_300mwh_soc10_90_v5,1,8739,93.016,0.0
2026-05-25 17:25:45,20260525_172452_dk2022_150mw_300mwh_soc10_90_v5,1,8740,93.016,0.0
2026-05-25 17:25:45,20260525_172452_dk2022_150mw_300mwh_soc10_90_v5,1,8741,93.016,0.0
2026-05-25 17:25:45,20260525_172452_dk2022_150mw_300mwh_soc10_90_v5,1,8742,93.016,0.0
2026-05-25 17:25:45,20260525_172452_dk2022_150mw_300mwh_soc10_90_v5,1,8743,93.016,0.0
2026-05-25 17:25:45,20260525_172452_dk2022_150mw_300mwh_soc10_90_v5,1,8744,93.016,0.0
2026-05-25 17:25:45,20260525_172452_dk2022_150mw_300mwh_soc10_90_v5,1,8745,93.016,0.0
2026-05-25 17:25:45,20260525_172452_dk2022_150mw_300mwh_soc10_90_v5,1,8746,93.016,0.0
2026-05-25 17:25:45,20260525_172452_dk2022_150mw_300mwh_soc10_90_v5,1,8747,93.016,0.0
2026-05-25 17:25:45,20260525_172452_dk2022_150mw_300mwh_soc10_90_v5,1,8748,93.016,0.0
2026-05-25 17:25:45,20260525_172452_dk2022_150mw_300mwh_soc10_90_v5,1,8749,93.016,0.0
2026-05-25 17:25:45,20260525_172452_dk2022_150mw_300mwh_soc10_90_v5,1,8750,93.016,0.0
2026-05-25 17:25:45,20260525_172452_dk2022_150mw_300mwh_soc10_90_v5,1,8751,93.016,0.0
2026-05-25 17:25:45,20260525_172452_dk2022_150mw_300mwh_soc10_90_v5,1,8752,93.016,0.0
2026-05-25 17:25:45,20260525_172452_dk2022_150mw_300mwh_soc10_90_v5,1,8753,93.016,0.0
2026-05-25 17:25:45,20260525_172452_dk2022_150mw_300mwh_soc10_90_v5,1,8754,93.016,0.0
2026-05-25 17:25:45,20260525_172452_dk2022_150mw_300mwh_soc10_90_v5,1,8755,93.016,0.0
2026-05-25 17:25:45,20260525_172452_dk2022_150mw_300mwh_soc10_90_v5,1,8756,93.016,0.0
2026-05-25 17:25:45,20260525_172452_dk2022_150mw_300mwh_soc10_90_v5,1,8757,93.016,0.0
2026-05-25 17:25:45,20260525_172452_dk2022_150mw_300mwh_soc10_90_v5,1,8758,93.016,0.0
2026-05-25 17:25:45,20260525_172452_dk2022_150mw_300mwh_soc10_90_v5,1,8759,93.016,0.0
