timestamp,run_label,year,timestep,soh_pct,subgrad_combined
2026-05-25 19:07:24,20260525_190713_dk2022_150mw_300mwh_soc10_90_v5,1,0,92.7733,-3.24911932
2026-05-25 19:07:24,20260525_190713_dk2022_150mw_300mwh_soc10_90_v5,1,1,92.7733,-3.24911932
2026-05-25 19:07:24,20260525_190713_dk2022_150mw_300mwh_soc10_90_v5,1,2,92.7733,-3.24911932
2026-05-25 19:07:24,20260525_190713_dk2022_150mw_300mwh_soc10_90_v5,1,3,92.7733,-3.24911932
2026-05-25 19:07:24,20260525_190713_dk2022_150mw_300mwh_soc10_90_v5,1,4,92.7733,-3.24911932
2026-05-25 19:07:24,20260525_190713_dk2022_150mw_300mwh_soc10_90_v5,1,5,92.7733,-3.24911932
2026-05-25 19:07:24,20260525_190713_dk2022_150mw_300mwh_soc10_90_v5,1,6,92.7733,-3.24911932
2026-05-25 19:07:24,20260525_190713_dk2022_150mw_300mwh_soc10_90_v5,1,7,92.7733,0.0
2026-05-25 19:07:24,20260525_190713_dk2022_150mw_300mwh_soc10_90_v5,1,8,92.7733,0.0
2026-05-25 19:07:24,20260525_190713_dk2022_150mw_300mwh_soc10_90_v5,1,9,92.7733,0.0
2026-05-25 19:07:24,20260525_190713_dk2022_150mw_300mwh_soc10_90_v5,1,10,92.7733,0.0
2026-05-25 19:07:24,20260525_190713_dk2022_150mw_300mwh_soc10_90_v5,1,11,92.7733,0.0
2026-05-25 19:07:24,20260525_190713_dk2022_150mw_300mwh_soc10_90_v5,1,12,92.7733,0.0
2026-05-25 19:07:24,20260525_190713_dk2022_150mw_300mwh_soc10_90_v5,1,13,92.7733,0.0
2026-05-25 19:07:24,20260525_190713_dk2022_150mw_300mwh_soc10_90_v5,1,14,92.7733,0.0
2026-05-25 19:07:24,20260525_190713_dk2022_150mw_300mwh_soc10_90_v5,1,15,92.7733,0.0
2026-05-25 19:07:24,20260525_190713_dk2022_150mw_300mwh_soc10_90_v5,1,16,92.7733,3.70309301
2026-05-25 19:07:24,20260525_190713_dk2022_150mw_300mwh_soc10_90_v5,1,17,92.7733,3.70309301
2026-05-25 19:07:24,20260525_190713_dk2022_150mw_300mwh_soc10_90_v5,1,18,92.7733,0.0
2026-05-25 19:07:24,20260525_190713_dk2022_150mw_300mwh_soc10_90_v5,1,19,92.7733,0.0
2026-05-25 19:07:24,20260525_190713_dk2022_150mw_300mwh_soc10_90_v5,1,20,92.7733,0.0
2026-05-25 19:07:24,20260525_190713_dk2022_150mw_300mwh_soc10_90_v5,1,21,92.7733,0.0
2026-05-25 19:07:24,20260525_190713_dk2022_150mw_300mwh_soc10_90_v5,1,22,92.7733,0.0
2026-05-25 19:07:24,20260525_190713_dk2022_150mw_300mwh_soc10_90_v5,1,23,92.7733,0.0
2026-05-25 19:07:24,20260525_190713_dk2022_150mw_300mwh_soc10_90_v5,1,24,92.7733,0.0
2026-05-25 19:07:24,20260525_190713_dk2022_150mw_300mwh_soc10_90_v5,1,25,92.7733,0.0
2026-05-25 19:07:24,20260525_190713_dk2022_150mw_300mwh_soc10_90_v5,1,26,92.7733,0.0
2026-05-25 19:07:24,20260525_190713_dk2022_150mw_300mwh_soc10_90_v5,1,27,92.7733,-3.24911932
2026-05-25 19:07:24,20260525_190713_dk2022_150mw_300mwh_soc10_90_v5,1,28,92.7733,-3.24911932
2026-05-25 19:07:24,20260525_190713_dk2022_150mw_300mwh_soc10_90_v5,1,29,92.7733,0.0
2026-05-25 19:07:24,20260525_190713_dk2022_150mw_300mwh_soc10_90_v5,1,30,92.7733,0.0
2026-05-25 19:07:24,20260525_190713_dk2022_150mw_300mwh_soc10_90_v5,1,31,92.7733,0.0
2026-05-25 19:07:24,20260525_190713_dk2022_150mw_300mwh_soc10_90_v5,1,32,92.7733,-3.24911932
2026-05-25 19:07:24,20260525_190713_dk2022_150mw_300mwh_soc10_90_v5,1,33,92.7733,3.70309301
2026-05-25 19:07:24,20260525_190713_dk2022_150mw_300mwh_soc10_90_v5,1,34,92.7733,3.70309301
2026-05-25 19:07:24,20260525_190713_dk2022_150mw_300mwh_soc10_90_v5,1,35,92.7733,3.70309301
2026-05-25 19:07:24,20260525_190713_dk2022_150mw_300mwh_soc10_90_v5,1,36,92.7733,-3.24911932
2026-05-25 19:07:24,20260525_190713_dk2022_150mw_300mwh_soc10_90_v5,1,37,92.7733,-3.24911932
2026-05-25 19:07:24,20260525_190713_dk2022_150mw_300mwh_soc10_90_v5,1,38,92.7733,0.0
2026-05-25 19:07:24,20260525_190713_dk2022_150mw_300mwh_soc10_90_v5,1,39,92.7733,3.70309301
2026-05-25 19:07:24,20260525_190713_dk2022_150mw_300mwh_soc10_90_v5,1,40,92.7733,3.70309301
2026-05-25 19:07:24,20260525_190713_dk2022_150mw_300mwh_soc10_90_v5,1,41,92.7733,0.0
2026-05-25 19:07:24,20260525_190713_dk2022_150mw_300mwh_soc10_90_v5,1,42,92.7733,0.0
2026-05-25 19:07:24,20260525_190713_dk2022_150mw_300mwh_soc10_90_v5,1,43,92.7733,0.0
2026-05-25 19:07:24,20260525_190713_dk2022_150mw_300mwh_soc10_90_v5,1,44,92.7733,0.0
2026-05-25 19:07:24,20260525_190713_dk2022_150mw_300mwh_soc10_90_v5,1,45,92.7733,0.0
2026-05-25 19:07:24,20260525_190713_dk2022_150mw_300mwh_soc10_90_v5,1,46,92.7733,0.0
2026-05-25 19:07:24,20260525_190713_dk2022_150mw_300mwh_soc10_90_v5,1,47,92.7733,-3.24911932
2026-05-25 19:07:24,20260525_190713_dk2022_150mw_300mwh_soc10_90_v5,1,48,92.7733,3.70309301
2026-05-25 19:07:24,20260525_190713_dk2022_150mw_300mwh_soc10_90_v5,1,49,92.7733,0.0
2026-05-25 19:07:24,20260525_190713_dk2022_150mw_300mwh_soc10_90_v5,1,50,92.7733,0.0
2026-05-25 19:07:24,20260525_190713_dk2022_150mw_300mwh_soc10_90_v5,1,51,92.7733,-3.24911932
2026-05-25 19:07:24,20260525_190713_dk2022_150mw_300mwh_soc10_90_v5,1,52,92.7733,-3.24911932
2026-05-25 19:07:24,20260525_190713_dk2022_150mw_300mwh_soc10_90_v5,1,53,92.7733,0.0
2026-05-25 19:07:24,20260525_190713_dk2022_150mw_300mwh_soc10_90_v5,1,54,92.7733,0.0
2026-05-25 19:07:24,20260525_190713_dk2022_150mw_300mwh_soc10_90_v5,1,55,92.7733,3.70309301
2026-05-25 19:07:24,20260525_190713_dk2022_150mw_300mwh_soc10_90_v5,1,56,92.7733,0.0
2026-05-25 19:07:24,20260525_190713_dk2022_150mw_300mwh_soc10_90_v5,1,57,92.7733,0.0
2026-05-25 19:07:24,20260525_190713_dk2022_150mw_300mwh_soc10_90_v5,1,58,92.7733,0.0
2026-05-25 19:07:24,20260525_190713_dk2022_150mw_300mwh_soc10_90_v5,1,59,92.7733,0.0
2026-05-25 19:07:24,20260525_190713_dk2022_150mw_300mwh_soc10_90_v5,1,60,92.7733,-3.24911932
2026-05-25 19:07:24,20260525_190713_dk2022_150mw_300mwh_soc10_90_v5,1,61,92.7733,0.0
2026-05-25 19:07:24,20260525_190713_dk2022_150mw_300mwh_soc10_90_v5,1,62,92.7733,0.0
2026-05-25 19:07:24,20260525_190713_dk2022_150mw_300mwh_soc10_90_v5,1,63,92.7733,0.0
2026-05-25 19:07:24,20260525_190713_dk2022_150mw_300mwh_soc10_90_v5,1,64,92.7733,0.0
2026-05-25 19:07:24,20260525_190713_dk2022_150mw_300mwh_soc10_90_v5,1,65,92.7733,0.0
2026-05-25 19:07:24,20260525_190713_dk2022_150mw_300mwh_soc10_90_v5,1,66,92.7733,0.0
2026-05-25 19:07:24,20260525_190713_dk2022_150mw_300mwh_soc10_90_v5,1,67,92.7733,0.0
2026-05-25 19:07:24,20260525_190713_dk2022_150mw_300mwh_soc10_90_v5,1,68,92.7733,-3.24911932
2026-05-25 19:07:24,20260525_190713_dk2022_150mw_300mwh_soc10_90_v5,1,69,92.7733,0.0
2026-05-25 19:07:24,20260525_190713_dk2022_150mw_300mwh_soc10_90_v5,1,70,92.7733,3.70309301
2026-05-25 19:07:24,20260525_190713_dk2022_150mw_300mwh_soc10_90_v5,1,71,92.7733,-3.24911932
2026-05-25 19:07:24,20260525_190713_dk2022_150mw_300mwh_soc10_90_v5,1,72,92.7733,0.0
2026-05-25 19:07:24,20260525_190713_dk2022_150mw_300mwh_soc10_90_v5,1,73,92.7733,0.0
2026-05-25 19:07:24,20260525_190713_dk2022_150mw_300mwh_soc10_90_v5,1,74,92.7733,0.0
2026-05-25 19:07:24,20260525_190713_dk2022_150mw_300mwh_soc10_90_v5,1,75,92.7733,3.70309301
2026-05-25 19:07:24,20260525_190713_dk2022_150mw_300mwh_soc10_90_v5,1,76,92.7733,0.0
2026-05-25 19:07:24,20260525_190713_dk2022_150mw_300mwh_soc10_90_v5,1,77,92.7733,0.0
2026-05-25 19:07:24,20260525_190713_dk2022_150mw_300mwh_soc10_90_v5,1,78,92.7733,3.70309301
2026-05-25 19:07:24,20260525_190713_dk2022_150mw_300mwh_soc10_90_v5,1,79,92.7733,3.70309301
2026-05-25 19:07:24,20260525_190713_dk2022_150mw_300mwh_soc10_90_v5,1,80,92.7733,0.0
2026-05-25 19:07:24,20260525_190713_dk2022_150mw_300mwh_soc10_90_v5,1,81,92.7733,0.0
2026-05-25 19:07:24,20260525_190713_dk2022_150mw_300mwh_soc10_90_v5,1,82,92.7733,0.0
2026-05-25 19:07:24,20260525_190713_dk2022_150mw_300mwh_soc10_90_v5,1,83,92.7733,0.0
2026-05-25 19:07:24,20260525_190713_dk2022_150mw_300mwh_soc10_90_v5,1,84,92.7733,0.0
2026-05-25 19:07:24,20260525_190713_dk2022_150mw_300mwh_soc10_90_v5,1,85,92.7733,0.0
2026-05-25 19:07:24,20260525_190713_dk2022_150mw_300mwh_soc10_90_v5,1,86,92.7733,0.0
2026-05-25 19:07:24,20260525_190713_dk2022_150mw_300mwh_soc10_90_v5,1,87,92.7733,0.0
2026-05-25 19:07:24,20260525_190713_dk2022_150mw_300mwh_soc10_90_v5,1,88,92.7733,0.0
2026-05-25 19:07:24,20260525_190713_dk2022_150mw_300mwh_soc10_90_v5,1,89,92.7733,0.0
2026-05-25 19:07:24,20260525_190713_dk2022_150mw_300mwh_soc10_90_v5,1,90,92.7733,0.0
2026-05-25 19:07:24,20260525_190713_dk2022_150mw_300mwh_soc10_90_v5,1,91,92.7733,0.0
2026-05-25 19:07:24,20260525_190713_dk2022_150mw_300mwh_soc10_90_v5,1,92,92.7733,0.0
2026-05-25 19:07:24,20260525_190713_dk2022_150mw_300mwh_soc10_90_v5,1,93,92.7733,0.0
2026-05-25 19:07:24,20260525_190713_dk2022_150mw_300mwh_soc10_90_v5,1,94,92.7733,0.0
2026-05-25 19:07:24,20260525_190713_dk2022_150mw_300mwh_soc10_90_v5,1,95,92.7733,0.0
2026-05-25 19:07:24,20260525_190713_dk2022_150mw_300mwh_soc10_90_v5,1,96,92.7733,0.0
2026-05-25 19:07:24,20260525_190713_dk2022_150mw_300mwh_soc10_90_v5,1,97,92.7733,-3.24911932
2026-05-25 19:07:24,20260525_190713_dk2022_150mw_300mwh_soc10_90_v5,1,98,92.7733,-3.24911932
2026-05-25 19:07:24,20260525_190713_dk2022_150mw_300mwh_soc10_90_v5,1,99,92.7733,0.0
2026-05-25 19:07:24,20260525_190713_dk2022_150mw_300mwh_soc10_90_v5,1,100,92.7733,0.0
2026-05-25 19:07:24,20260525_190713_dk2022_150mw_300mwh_soc10_90_v5,1,101,92.7733,0.0
2026-05-25 19:07:24,20260525_190713_dk2022_150mw_300mwh_soc10_90_v5,1,102,92.7733,0.0
2026-05-25 19:07:24,20260525_190713_dk2022_150mw_300mwh_soc10_90_v5,1,103,92.7733,-3.24911932
2026-05-25 19:07:24,20260525_190713_dk2022_150mw_300mwh_soc10_90_v5,1,104,92.7733,0.0
2026-05-25 19:07:24,20260525_190713_dk2022_150mw_300mwh_soc10_90_v5,1,105,92.7733,0.0
2026-05-25 19:07:24,20260525_190713_dk2022_150mw_300mwh_soc10_90_v5,1,106,92.7733,0.0
2026-05-25 19:07:24,20260525_190713_dk2022_150mw_300mwh_soc10_90_v5,1,107,92.7733,0.0
2026-05-25 19:07:24,20260525_190713_dk2022_150mw_300mwh_soc10_90_v5,1,108,92.7733,3.70309301
2026-05-25 19:07:24,20260525_190713_dk2022_150mw_300mwh_soc10_90_v5,1,109,92.7733,0.0
2026-05-25 19:07:24,20260525_190713_dk2022_150mw_300mwh_soc10_90_v5,1,110,92.7733,0.0
2026-05-25 19:07:24,20260525_190713_dk2022_150mw_300mwh_soc10_90_v5,1,111,92.7733,-3.24911932
2026-05-25 19:07:24,20260525_190713_dk2022_150mw_300mwh_soc10_90_v5,1,112,92.7733,3.70309301
2026-05-25 19:07:24,20260525_190713_dk2022_150mw_300mwh_soc10_90_v5,1,113,92.7733,3.70309301
2026-05-25 19:07:24,20260525_190713_dk2022_150mw_300mwh_soc10_90_v5,1,114,92.7733,0.0
2026-05-25 19:07:24,20260525_190713_dk2022_150mw_300mwh_soc10_90_v5,1,115,92.7733,0.0
2026-05-25 19:07:24,20260525_190713_dk2022_150mw_300mwh_soc10_90_v5,1,116,92.7733,-3.24911932
2026-05-25 19:07:24,20260525_190713_dk2022_150mw_300mwh_soc10_90_v5,1,117,92.7733,3.70309301
2026-05-25 19:07:24,20260525_190713_dk2022_150mw_300mwh_soc10_90_v5,1,118,92.7733,-3.24911932
2026-05-25 19:07:24,20260525_190713_dk2022_150mw_300mwh_soc10_90_v5,1,119,92.7733,-3.24911932
2026-05-25 19:07:24,20260525_190713_dk2022_150mw_300mwh_soc10_90_v5,1,120,92.7733,-3.24911932
2026-05-25 19:07:24,20260525_190713_dk2022_150mw_300mwh_soc10_90_v5,1,121,92.7733,0.0
2026-05-25 19:07:24,20260525_190713_dk2022_150mw_300mwh_soc10_90_v5,1,122,92.7733,0.0
2026-05-25 19:07:24,20260525_190713_dk2022_150mw_300mwh_soc10_90_v5,1,123,92.7733,0.0
2026-05-25 19:07:24,20260525_190713_dk2022_150mw_300mwh_soc10_90_v5,1,124,92.7733,3.70309301
2026-05-25 19:07:24,20260525_190713_dk2022_150mw_300mwh_soc10_90_v5,1,125,92.7733,-3.24911932
2026-05-25 19:07:24,20260525_190713_dk2022_150mw_300mwh_soc10_90_v5,1,126,92.7733,0.0
2026-05-25 19:07:24,20260525_190713_dk2022_150mw_300mwh_soc10_90_v5,1,127,92.7733,-3.24911932
2026-05-25 19:07:24,20260525_190713_dk2022_150mw_300mwh_soc10_90_v5,1,128,92.7733,0.0
2026-05-25 19:07:24,20260525_190713_dk2022_150mw_300mwh_soc10_90_v5,1,129,92.7733,0.0
2026-05-25 19:07:24,20260525_190713_dk2022_150mw_300mwh_soc10_90_v5,1,130,92.7733,0.0
2026-05-25 19:07:24,20260525_190713_dk2022_150mw_300mwh_soc10_90_v5,1,131,92.7733,0.0
2026-05-25 19:07:24,20260525_190713_dk2022_150mw_300mwh_soc10_90_v5,1,132,92.7733,3.70309301
2026-05-25 19:07:24,20260525_190713_dk2022_150mw_300mwh_soc10_90_v5,1,133,92.7733,0.0
2026-05-25 19:07:24,20260525_190713_dk2022_150mw_300mwh_soc10_90_v5,1,134,92.7733,0.0
2026-05-25 19:07:24,20260525_190713_dk2022_150mw_300mwh_soc10_90_v5,1,135,92.7733,-3.24911932
2026-05-25 19:07:24,20260525_190713_dk2022_150mw_300mwh_soc10_90_v5,1,136,92.7733,3.70309301
2026-05-25 19:07:24,20260525_190713_dk2022_150mw_300mwh_soc10_90_v5,1,137,92.7733,3.70309301
2026-05-25 19:07:24,20260525_190713_dk2022_150mw_300mwh_soc10_90_v5,1,138,92.7733,0.0
2026-05-25 19:07:24,20260525_190713_dk2022_150mw_300mwh_soc10_90_v5,1,139,92.7733,0.0
2026-05-25 19:07:24,20260525_190713_dk2022_150mw_300mwh_soc10_90_v5,1,140,92.7733,0.0
2026-05-25 19:07:24,20260525_190713_dk2022_150mw_300mwh_soc10_90_v5,1,141,92.7733,0.0
2026-05-25 19:07:24,20260525_190713_dk2022_150mw_300mwh_soc10_90_v5,1,142,92.7733,0.0
2026-05-25 19:07:24,20260525_190713_dk2022_150mw_300mwh_soc10_90_v5,1,143,92.7733,0.0
2026-05-25 19:07:24,20260525_190713_dk2022_150mw_300mwh_soc10_90_v5,1,144,92.7733,0.0
2026-05-25 19:07:24,20260525_190713_dk2022_150mw_300mwh_soc10_90_v5,1,145,92.7733,-3.24911932
2026-05-25 19:07:24,20260525_190713_dk2022_150mw_300mwh_soc10_90_v5,1,146,92.7733,-3.24911932
2026-05-25 19:07:24,20260525_190713_dk2022_150mw_300mwh_soc10_90_v5,1,147,92.7733,-3.24911932
2026-05-25 19:07:24,20260525_190713_dk2022_150mw_300mwh_soc10_90_v5,1,148,92.7733,3.70309301
2026-05-25 19:07:24,20260525_190713_dk2022_150mw_300mwh_soc10_90_v5,1,149,92.7733,-3.24911932
2026-05-25 19:07:24,20260525_190713_dk2022_150mw_300mwh_soc10_90_v5,1,150,92.7733,3.70309301
2026-05-25 19:07:24,20260525_190713_dk2022_150mw_300mwh_soc10_90_v5,1,151,92.7733,0.0
2026-05-25 19:07:24,20260525_190713_dk2022_150mw_300mwh_soc10_90_v5,1,152,92.7733,-3.24911932
2026-05-25 19:07:24,20260525_190713_dk2022_150mw_300mwh_soc10_90_v5,1,153,92.7733,3.70309301
2026-05-25 19:07:24,20260525_190713_dk2022_150mw_300mwh_soc10_90_v5,1,154,92.7733,-3.24911932
2026-05-25 19:07:24,20260525_190713_dk2022_150mw_300mwh_soc10_90_v5,1,155,92.7733,0.0
2026-05-25 19:07:24,20260525_190713_dk2022_150mw_300mwh_soc10_90_v5,1,156,92.7733,0.0
2026-05-25 19:07:24,20260525_190713_dk2022_150mw_300mwh_soc10_90_v5,1,157,92.7733,3.70309301
2026-05-25 19:07:24,20260525_190713_dk2022_150mw_300mwh_soc10_90_v5,1,158,92.7733,0.0
2026-05-25 19:07:24,20260525_190713_dk2022_150mw_300mwh_soc10_90_v5,1,159,92.7733,0.0
2026-05-25 19:07:24,20260525_190713_dk2022_150mw_300mwh_soc10_90_v5,1,160,92.7733,3.70309301
2026-05-25 19:07:24,20260525_190713_dk2022_150mw_300mwh_soc10_90_v5,1,161,92.7733,3.70309301
2026-05-25 19:07:24,20260525_190713_dk2022_150mw_300mwh_soc10_90_v5,1,162,92.7733,0.0
2026-05-25 19:07:24,20260525_190713_dk2022_150mw_300mwh_soc10_90_v5,1,163,92.7733,0.0
2026-05-25 19:07:24,20260525_190713_dk2022_150mw_300mwh_soc10_90_v5,1,164,92.7733,0.0
2026-05-25 19:07:24,20260525_190713_dk2022_150mw_300mwh_soc10_90_v5,1,165,92.7733,0.0
2026-05-25 19:07:24,20260525_190713_dk2022_150mw_300mwh_soc10_90_v5,1,166,92.7733,-3.24911932
2026-05-25 19:07:24,20260525_190713_dk2022_150mw_300mwh_soc10_90_v5,1,167,92.7733,3.70309301
2026-05-25 19:07:24,20260525_190713_dk2022_150mw_300mwh_soc10_90_v5,1,168,92.7733,0.0
2026-05-25 19:07:24,20260525_190713_dk2022_150mw_300mwh_soc10_90_v5,1,169,92.7733,-3.24911932
2026-05-25 19:07:24,20260525_190713_dk2022_150mw_300mwh_soc10_90_v5,1,170,92.7733,-3.24911932
2026-05-25 19:07:24,20260525_190713_dk2022_150mw_300mwh_soc10_90_v5,1,171,92.7733,-3.24911932
2026-05-25 19:07:24,20260525_190713_dk2022_150mw_300mwh_soc10_90_v5,1,172,92.7733,0.0
2026-05-25 19:07:24,20260525_190713_dk2022_150mw_300mwh_soc10_90_v5,1,173,92.7733,3.70309301
2026-05-25 19:07:24,20260525_190713_dk2022_150mw_300mwh_soc10_90_v5,1,174,92.7733,0.0
2026-05-25 19:07:24,20260525_190713_dk2022_150mw_300mwh_soc10_90_v5,1,175,92.7733,-3.24911932
2026-05-25 19:07:24,20260525_190713_dk2022_150mw_300mwh_soc10_90_v5,1,176,92.7733,0.0
2026-05-25 19:07:24,20260525_190713_dk2022_150mw_300mwh_soc10_90_v5,1,177,92.7733,0.0
2026-05-25 19:07:24,20260525_190713_dk2022_150mw_300mwh_soc10_90_v5,1,178,92.7733,0.0
2026-05-25 19:07:24,20260525_190713_dk2022_150mw_300mwh_soc10_90_v5,1,179,92.7733,0.0
2026-05-25 19:07:24,20260525_190713_dk2022_150mw_300mwh_soc10_90_v5,1,180,92.7733,0.0
2026-05-25 19:07:24,20260525_190713_dk2022_150mw_300mwh_soc10_90_v5,1,181,92.7733,0.0
2026-05-25 19:07:24,20260525_190713_dk2022_150mw_300mwh_soc10_90_v5,1,182,92.7733,0.0
2026-05-25 19:07:24,20260525_190713_dk2022_150mw_300mwh_soc10_90_v5,1,183,92.7733,0.0
2026-05-25 19:07:24,20260525_190713_dk2022_150mw_300mwh_soc10_90_v5,1,184,92.7733,3.70309301
2026-05-25 19:07:24,20260525_190713_dk2022_150mw_300mwh_soc10_90_v5,1,185,92.7733,3.70309301
2026-05-25 19:07:24,20260525_190713_dk2022_150mw_300mwh_soc10_90_v5,1,186,92.7733,0.0
2026-05-25 19:07:24,20260525_190713_dk2022_150mw_300mwh_soc10_90_v5,1,187,92.7733,0.0
2026-05-25 19:07:24,20260525_190713_dk2022_150mw_300mwh_soc10_90_v5,1,188,92.7733,0.0
2026-05-25 19:07:24,20260525_190713_dk2022_150mw_300mwh_soc10_90_v5,1,189,92.7733,0.0
2026-05-25 19:07:24,20260525_190713_dk2022_150mw_300mwh_soc10_90_v5,1,190,92.7733,0.0
2026-05-25 19:07:24,20260525_190713_dk2022_150mw_300mwh_soc10_90_v5,1,191,92.7733,0.0
2026-05-25 19:07:24,20260525_190713_dk2022_150mw_300mwh_soc10_90_v5,1,192,92.7733,0.0
2026-05-25 19:07:24,20260525_190713_dk2022_150mw_300mwh_soc10_90_v5,1,193,92.7733,0.0
2026-05-25 19:07:24,20260525_190713_dk2022_150mw_300mwh_soc10_90_v5,1,194,92.7733,0.0
2026-05-25 19:07:24,20260525_190713_dk2022_150mw_300mwh_soc10_90_v5,1,195,92.7733,-3.24911932
2026-05-25 19:07:24,20260525_190713_dk2022_150mw_300mwh_soc10_90_v5,1,196,92.7733,-3.24911932
2026-05-25 19:07:24,20260525_190713_dk2022_150mw_300mwh_soc10_90_v5,1,197,92.7733,0.0
2026-05-25 19:07:24,20260525_190713_dk2022_150mw_300mwh_soc10_90_v5,1,198,92.7733,0.0
2026-05-25 19:07:24,20260525_190713_dk2022_150mw_300mwh_soc10_90_v5,1,199,92.7733,0.0
2026-05-25 19:07:24,20260525_190713_dk2022_150mw_300mwh_soc10_90_v5,1,200,92.7733,0.0
2026-05-25 19:07:24,20260525_190713_dk2022_150mw_300mwh_soc10_90_v5,1,201,92.7733,0.0
2026-05-25 19:07:24,20260525_190713_dk2022_150mw_300mwh_soc10_90_v5,1,202,92.7733,0.0
2026-05-25 19:07:24,20260525_190713_dk2022_150mw_300mwh_soc10_90_v5,1,203,92.7733,-3.24911932
2026-05-25 19:07:24,20260525_190713_dk2022_150mw_300mwh_soc10_90_v5,1,204,92.7733,3.70309301
2026-05-25 19:07:24,20260525_190713_dk2022_150mw_300mwh_soc10_90_v5,1,205,92.7733,0.0
2026-05-25 19:07:24,20260525_190713_dk2022_150mw_300mwh_soc10_90_v5,1,206,92.7733,0.0
2026-05-25 19:07:24,20260525_190713_dk2022_150mw_300mwh_soc10_90_v5,1,207,92.7733,0.0
2026-05-25 19:07:24,20260525_190713_dk2022_150mw_300mwh_soc10_90_v5,1,208,92.7733,3.70309301
2026-05-25 19:07:24,20260525_190713_dk2022_150mw_300mwh_soc10_90_v5,1,209,92.7733,3.70309301
2026-05-25 19:07:24,20260525_190713_dk2022_150mw_300mwh_soc10_90_v5,1,210,92.7733,0.0
2026-05-25 19:07:24,20260525_190713_dk2022_150mw_300mwh_soc10_90_v5,1,211,92.7733,0.0
2026-05-25 19:07:24,20260525_190713_dk2022_150mw_300mwh_soc10_90_v5,1,212,92.7733,0.0
2026-05-25 19:07:24,20260525_190713_dk2022_150mw_300mwh_soc10_90_v5,1,213,92.7733,0.0
2026-05-25 19:07:24,20260525_190713_dk2022_150mw_300mwh_soc10_90_v5,1,214,92.7733,0.0
2026-05-25 19:07:24,20260525_190713_dk2022_150mw_300mwh_soc10_90_v5,1,215,92.7733,0.0
2026-05-25 19:07:24,20260525_190713_dk2022_150mw_300mwh_soc10_90_v5,1,216,92.7733,-3.24911932
2026-05-25 19:07:24,20260525_190713_dk2022_150mw_300mwh_soc10_90_v5,1,217,92.7733,-3.24911932
2026-05-25 19:07:24,20260525_190713_dk2022_150mw_300mwh_soc10_90_v5,1,218,92.7733,-3.24911932
2026-05-25 19:07:24,20260525_190713_dk2022_150mw_300mwh_soc10_90_v5,1,219,92.7733,0.0
2026-05-25 19:07:24,20260525_190713_dk2022_150mw_300mwh_soc10_90_v5,1,220,92.7733,0.0
2026-05-25 19:07:24,20260525_190713_dk2022_150mw_300mwh_soc10_90_v5,1,221,92.7733,0.0
2026-05-25 19:07:24,20260525_190713_dk2022_150mw_300mwh_soc10_90_v5,1,222,92.7733,-3.24911932
2026-05-25 19:07:24,20260525_190713_dk2022_150mw_300mwh_soc10_90_v5,1,223,92.7733,3.70309301
2026-05-25 19:07:24,20260525_190713_dk2022_150mw_300mwh_soc10_90_v5,1,224,92.7733,3.70309301
2026-05-25 19:07:24,20260525_190713_dk2022_150mw_300mwh_soc10_90_v5,1,225,92.7733,0.0
2026-05-25 19:07:24,20260525_190713_dk2022_150mw_300mwh_soc10_90_v5,1,226,92.7733,0.0
2026-05-25 19:07:24,20260525_190713_dk2022_150mw_300mwh_soc10_90_v5,1,227,92.7733,0.0
2026-05-25 19:07:24,20260525_190713_dk2022_150mw_300mwh_soc10_90_v5,1,228,92.7733,0.0
2026-05-25 19:07:24,20260525_190713_dk2022_150mw_300mwh_soc10_90_v5,1,229,92.7733,0.0
2026-05-25 19:07:24,20260525_190713_dk2022_150mw_300mwh_soc10_90_v5,1,230,92.7733,0.0
2026-05-25 19:07:24,20260525_190713_dk2022_150mw_300mwh_soc10_90_v5,1,231,92.7733,0.0
2026-05-25 19:07:24,20260525_190713_dk2022_150mw_300mwh_soc10_90_v5,1,232,92.7733,0.0
2026-05-25 19:07:24,20260525_190713_dk2022_150mw_300mwh_soc10_90_v5,1,233,92.7733,0.0
2026-05-25 19:07:24,20260525_190713_dk2022_150mw_300mwh_soc10_90_v5,1,234,92.7733,0.0
2026-05-25 19:07:24,20260525_190713_dk2022_150mw_300mwh_soc10_90_v5,1,235,92.7733,0.0
2026-05-25 19:07:24,20260525_190713_dk2022_150mw_300mwh_soc10_90_v5,1,236,92.7733,0.0
2026-05-25 19:07:24,20260525_190713_dk2022_150mw_300mwh_soc10_90_v5,1,237,92.7733,0.0
2026-05-25 19:07:24,20260525_190713_dk2022_150mw_300mwh_soc10_90_v5,1,238,92.7733,0.0
2026-05-25 19:07:24,20260525_190713_dk2022_150mw_300mwh_soc10_90_v5,1,239,92.7733,0.0
2026-05-25 19:07:24,20260525_190713_dk2022_150mw_300mwh_soc10_90_v5,1,240,92.7733,0.0
2026-05-25 19:07:24,20260525_190713_dk2022_150mw_300mwh_soc10_90_v5,1,241,92.7733,-3.24911932
2026-05-25 19:07:24,20260525_190713_dk2022_150mw_300mwh_soc10_90_v5,1,242,92.7733,-3.24911932
2026-05-25 19:07:24,20260525_190713_dk2022_150mw_300mwh_soc10_90_v5,1,243,92.7733,-3.24911932
2026-05-25 19:07:24,20260525_190713_dk2022_150mw_300mwh_soc10_90_v5,1,244,92.7733,3.70309301
2026-05-25 19:07:24,20260525_190713_dk2022_150mw_300mwh_soc10_90_v5,1,245,92.7733,0.0
2026-05-25 19:07:24,20260525_190713_dk2022_150mw_300mwh_soc10_90_v5,1,246,92.7733,0.0
2026-05-25 19:07:24,20260525_190713_dk2022_150mw_300mwh_soc10_90_v5,1,247,92.7733,0.0
2026-05-25 19:07:24,20260525_190713_dk2022_150mw_300mwh_soc10_90_v5,1,248,92.7733,0.0
2026-05-25 19:07:24,20260525_190713_dk2022_150mw_300mwh_soc10_90_v5,1,249,92.7733,0.0
2026-05-25 19:07:24,20260525_190713_dk2022_150mw_300mwh_soc10_90_v5,1,250,92.7733,0.0
2026-05-25 19:07:24,20260525_190713_dk2022_150mw_300mwh_soc10_90_v5,1,251,92.7733,0.0
2026-05-25 19:07:24,20260525_190713_dk2022_150mw_300mwh_soc10_90_v5,1,252,92.7733,0.0
2026-05-25 19:07:24,20260525_190713_dk2022_150mw_300mwh_soc10_90_v5,1,253,92.7733,0.0
2026-05-25 19:07:24,20260525_190713_dk2022_150mw_300mwh_soc10_90_v5,1,254,92.7733,0.0
2026-05-25 19:07:24,20260525_190713_dk2022_150mw_300mwh_soc10_90_v5,1,255,92.7733,0.0
2026-05-25 19:07:24,20260525_190713_dk2022_150mw_300mwh_soc10_90_v5,1,256,92.7733,3.70309301
2026-05-25 19:07:24,20260525_190713_dk2022_150mw_300mwh_soc10_90_v5,1,257,92.7733,3.70309301
2026-05-25 19:07:24,20260525_190713_dk2022_150mw_300mwh_soc10_90_v5,1,258,92.7733,0.0
2026-05-25 19:07:24,20260525_190713_dk2022_150mw_300mwh_soc10_90_v5,1,259,92.7733,0.0
2026-05-25 19:07:24,20260525_190713_dk2022_150mw_300mwh_soc10_90_v5,1,260,92.7733,0.0
2026-05-25 19:07:24,20260525_190713_dk2022_150mw_300mwh_soc10_90_v5,1,261,92.7733,0.0
2026-05-25 19:07:24,20260525_190713_dk2022_150mw_300mwh_soc10_90_v5,1,262,92.7733,0.0
2026-05-25 19:07:24,20260525_190713_dk2022_150mw_300mwh_soc10_90_v5,1,263,92.7733,0.0
2026-05-25 19:07:24,20260525_190713_dk2022_150mw_300mwh_soc10_90_v5,1,264,92.7733,0.0
2026-05-25 19:07:24,20260525_190713_dk2022_150mw_300mwh_soc10_90_v5,1,265,92.7733,0.0
2026-05-25 19:07:24,20260525_190713_dk2022_150mw_300mwh_soc10_90_v5,1,266,92.7733,0.0
2026-05-25 19:07:24,20260525_190713_dk2022_150mw_300mwh_soc10_90_v5,1,267,92.7733,0.0
2026-05-25 19:07:24,20260525_190713_dk2022_150mw_300mwh_soc10_90_v5,1,268,92.7733,0.0
2026-05-25 19:07:24,20260525_190713_dk2022_150mw_300mwh_soc10_90_v5,1,269,92.7733,0.0
2026-05-25 19:07:24,20260525_190713_dk2022_150mw_300mwh_soc10_90_v5,1,270,92.7733,0.0
2026-05-25 19:07:24,20260525_190713_dk2022_150mw_300mwh_soc10_90_v5,1,271,92.7733,0.0
2026-05-25 19:07:24,20260525_190713_dk2022_150mw_300mwh_soc10_90_v5,1,272,92.7733,0.0
2026-05-25 19:07:24,20260525_190713_dk2022_150mw_300mwh_soc10_90_v5,1,273,92.7733,0.0
2026-05-25 19:07:24,20260525_190713_dk2022_150mw_300mwh_soc10_90_v5,1,274,92.7733,0.0
2026-05-25 19:07:24,20260525_190713_dk2022_150mw_300mwh_soc10_90_v5,1,275,92.7733,0.0
2026-05-25 19:07:24,20260525_190713_dk2022_150mw_300mwh_soc10_90_v5,1,276,92.7733,0.0
2026-05-25 19:07:24,20260525_190713_dk2022_150mw_300mwh_soc10_90_v5,1,277,92.7733,0.0
2026-05-25 19:07:24,20260525_190713_dk2022_150mw_300mwh_soc10_90_v5,1,278,92.7733,0.0
2026-05-25 19:07:24,20260525_190713_dk2022_150mw_300mwh_soc10_90_v5,1,279,92.7733,0.0
2026-05-25 19:07:24,20260525_190713_dk2022_150mw_300mwh_soc10_90_v5,1,280,92.7733,0.0
2026-05-25 19:07:24,20260525_190713_dk2022_150mw_300mwh_soc10_90_v5,1,281,92.7733,0.0
2026-05-25 19:07:24,20260525_190713_dk2022_150mw_300mwh_soc10_90_v5,1,282,92.7733,0.0
2026-05-25 19:07:24,20260525_190713_dk2022_150mw_300mwh_soc10_90_v5,1,283,92.7733,-3.24911932
2026-05-25 19:07:24,20260525_190713_dk2022_150mw_300mwh_soc10_90_v5,1,284,92.7733,3.70309301
2026-05-25 19:07:24,20260525_190713_dk2022_150mw_300mwh_soc10_90_v5,1,285,92.7733,0.0
2026-05-25 19:07:24,20260525_190713_dk2022_150mw_300mwh_soc10_90_v5,1,286,92.7733,0.0
2026-05-25 19:07:24,20260525_190713_dk2022_150mw_300mwh_soc10_90_v5,1,287,92.7733,0.0
2026-05-25 19:07:24,20260525_190713_dk2022_150mw_300mwh_soc10_90_v5,1,288,92.7733,0.0
2026-05-25 19:07:24,20260525_190713_dk2022_150mw_300mwh_soc10_90_v5,1,289,92.7733,-3.24911932
2026-05-25 19:07:24,20260525_190713_dk2022_150mw_300mwh_soc10_90_v5,1,290,92.7733,-3.24911932
2026-05-25 19:07:24,20260525_190713_dk2022_150mw_300mwh_soc10_90_v5,1,291,92.7733,0.0
2026-05-25 19:07:24,20260525_190713_dk2022_150mw_300mwh_soc10_90_v5,1,292,92.7733,0.0
2026-05-25 19:07:24,20260525_190713_dk2022_150mw_300mwh_soc10_90_v5,1,293,92.7733,0.0
2026-05-25 19:07:24,20260525_190713_dk2022_150mw_300mwh_soc10_90_v5,1,294,92.7733,0.0
2026-05-25 19:07:24,20260525_190713_dk2022_150mw_300mwh_soc10_90_v5,1,295,92.7733,3.70309301
2026-05-25 19:07:24,20260525_190713_dk2022_150mw_300mwh_soc10_90_v5,1,296,92.7733,3.70309301
2026-05-25 19:07:24,20260525_190713_dk2022_150mw_300mwh_soc10_90_v5,1,297,92.7733,0.0
2026-05-25 19:07:24,20260525_190713_dk2022_150mw_300mwh_soc10_90_v5,1,298,92.7733,0.0
2026-05-25 19:07:24,20260525_190713_dk2022_150mw_300mwh_soc10_90_v5,1,299,92.7733,0.0
2026-05-25 19:07:24,20260525_190713_dk2022_150mw_300mwh_soc10_90_v5,1,300,92.7733,-3.24911932
2026-05-25 19:07:24,20260525_190713_dk2022_150mw_300mwh_soc10_90_v5,1,301,92.7733,-3.24911932
2026-05-25 19:07:24,20260525_190713_dk2022_150mw_300mwh_soc10_90_v5,1,302,92.7733,0.0
2026-05-25 19:07:24,20260525_190713_dk2022_150mw_300mwh_soc10_90_v5,1,303,92.7733,0.0
2026-05-25 19:07:24,20260525_190713_dk2022_150mw_300mwh_soc10_90_v5,1,304,92.7733,3.70309301
2026-05-25 19:07:24,20260525_190713_dk2022_150mw_300mwh_soc10_90_v5,1,305,92.7733,3.70309301
2026-05-25 19:07:24,20260525_190713_dk2022_150mw_300mwh_soc10_90_v5,1,306,92.7733,0.0
2026-05-25 19:07:24,20260525_190713_dk2022_150mw_300mwh_soc10_90_v5,1,307,92.7733,0.0
2026-05-25 19:07:24,20260525_190713_dk2022_150mw_300mwh_soc10_90_v5,1,308,92.7733,0.0
2026-05-25 19:07:24,20260525_190713_dk2022_150mw_300mwh_soc10_90_v5,1,309,92.7733,0.0
2026-05-25 19:07:24,20260525_190713_dk2022_150mw_300mwh_soc10_90_v5,1,310,92.7733,-3.24911932
2026-05-25 19:07:24,20260525_190713_dk2022_150mw_300mwh_soc10_90_v5,1,311,92.7733,0.0
2026-05-25 19:07:24,20260525_190713_dk2022_150mw_300mwh_soc10_90_v5,1,312,92.7733,0.0
2026-05-25 19:07:24,20260525_190713_dk2022_150mw_300mwh_soc10_90_v5,1,313,92.7733,0.0
2026-05-25 19:07:24,20260525_190713_dk2022_150mw_300mwh_soc10_90_v5,1,314,92.7733,0.0
2026-05-25 19:07:24,20260525_190713_dk2022_150mw_300mwh_soc10_90_v5,1,315,92.7733,-3.24911932
2026-05-25 19:07:24,20260525_190713_dk2022_150mw_300mwh_soc10_90_v5,1,316,92.7733,0.0
2026-05-25 19:07:24,20260525_190713_dk2022_150mw_300mwh_soc10_90_v5,1,317,92.7733,0.0
2026-05-25 19:07:24,20260525_190713_dk2022_150mw_300mwh_soc10_90_v5,1,318,92.7733,0.0
2026-05-25 19:07:24,20260525_190713_dk2022_150mw_300mwh_soc10_90_v5,1,319,92.7733,0.0
2026-05-25 19:07:24,20260525_190713_dk2022_150mw_300mwh_soc10_90_v5,1,320,92.7733,0.0
2026-05-25 19:07:24,20260525_190713_dk2022_150mw_300mwh_soc10_90_v5,1,321,92.7733,0.0
2026-05-25 19:07:24,20260525_190713_dk2022_150mw_300mwh_soc10_90_v5,1,322,92.7733,0.0
2026-05-25 19:07:24,20260525_190713_dk2022_150mw_300mwh_soc10_90_v5,1,323,92.7733,0.0
2026-05-25 19:07:24,20260525_190713_dk2022_150mw_300mwh_soc10_90_v5,1,324,92.7733,0.0
2026-05-25 19:07:24,20260525_190713_dk2022_150mw_300mwh_soc10_90_v5,1,325,92.7733,0.0
2026-05-25 19:07:24,20260525_190713_dk2022_150mw_300mwh_soc10_90_v5,1,326,92.7733,0.0
2026-05-25 19:07:24,20260525_190713_dk2022_150mw_300mwh_soc10_90_v5,1,327,92.7733,0.0
2026-05-25 19:07:24,20260525_190713_dk2022_150mw_300mwh_soc10_90_v5,1,328,92.7733,-3.24911932
2026-05-25 19:07:24,20260525_190713_dk2022_150mw_300mwh_soc10_90_v5,1,329,92.7733,0.0
2026-05-25 19:07:24,20260525_190713_dk2022_150mw_300mwh_soc10_90_v5,1,330,92.7733,0.0
2026-05-25 19:07:24,20260525_190713_dk2022_150mw_300mwh_soc10_90_v5,1,331,92.7733,0.0
2026-05-25 19:07:24,20260525_190713_dk2022_150mw_300mwh_soc10_90_v5,1,332,92.7733,0.0
2026-05-25 19:07:24,20260525_190713_dk2022_150mw_300mwh_soc10_90_v5,1,333,92.7733,3.70309301
2026-05-25 19:07:24,20260525_190713_dk2022_150mw_300mwh_soc10_90_v5,1,334,92.7733,-3.24911932
2026-05-25 19:07:24,20260525_190713_dk2022_150mw_300mwh_soc10_90_v5,1,335,92.7733,0.0
2026-05-25 19:07:24,20260525_190713_dk2022_150mw_300mwh_soc10_90_v5,1,336,92.7733,0.0
2026-05-25 19:07:24,20260525_190713_dk2022_150mw_300mwh_soc10_90_v5,1,337,92.7733,3.70309301
2026-05-25 19:07:24,20260525_190713_dk2022_150mw_300mwh_soc10_90_v5,1,338,92.7733,0.0
2026-05-25 19:07:24,20260525_190713_dk2022_150mw_300mwh_soc10_90_v5,1,339,92.7733,0.0
2026-05-25 19:07:24,20260525_190713_dk2022_150mw_300mwh_soc10_90_v5,1,340,92.7733,0.0
2026-05-25 19:07:24,20260525_190713_dk2022_150mw_300mwh_soc10_90_v5,1,341,92.7733,0.0
2026-05-25 19:07:24,20260525_190713_dk2022_150mw_300mwh_soc10_90_v5,1,342,92.7733,0.0
2026-05-25 19:07:24,20260525_190713_dk2022_150mw_300mwh_soc10_90_v5,1,343,92.7733,0.0
2026-05-25 19:07:24,20260525_190713_dk2022_150mw_300mwh_soc10_90_v5,1,344,92.7733,3.70309301
2026-05-25 19:07:24,20260525_190713_dk2022_150mw_300mwh_soc10_90_v5,1,345,92.7733,0.0
2026-05-25 19:07:24,20260525_190713_dk2022_150mw_300mwh_soc10_90_v5,1,346,92.7733,0.0
2026-05-25 19:07:24,20260525_190713_dk2022_150mw_300mwh_soc10_90_v5,1,347,92.7733,-3.24911932
2026-05-25 19:07:24,20260525_190713_dk2022_150mw_300mwh_soc10_90_v5,1,348,92.7733,-3.24911932
2026-05-25 19:07:24,20260525_190713_dk2022_150mw_300mwh_soc10_90_v5,1,349,92.7733,-3.24911932
2026-05-25 19:07:24,20260525_190713_dk2022_150mw_300mwh_soc10_90_v5,1,350,92.7733,-3.24911932
2026-05-25 19:07:24,20260525_190713_dk2022_150mw_300mwh_soc10_90_v5,1,351,92.7733,3.70309301
2026-05-25 19:07:24,20260525_190713_dk2022_150mw_300mwh_soc10_90_v5,1,352,92.7733,3.70309301
2026-05-25 19:07:24,20260525_190713_dk2022_150mw_300mwh_soc10_90_v5,1,353,92.7733,0.0
2026-05-25 19:07:24,20260525_190713_dk2022_150mw_300mwh_soc10_90_v5,1,354,92.7733,0.0
2026-05-25 19:07:24,20260525_190713_dk2022_150mw_300mwh_soc10_90_v5,1,355,92.7733,0.0
2026-05-25 19:07:24,20260525_190713_dk2022_150mw_300mwh_soc10_90_v5,1,356,92.7733,0.0
2026-05-25 19:07:24,20260525_190713_dk2022_150mw_300mwh_soc10_90_v5,1,357,92.7733,0.0
2026-05-25 19:07:24,20260525_190713_dk2022_150mw_300mwh_soc10_90_v5,1,358,92.7733,0.0
2026-05-25 19:07:24,20260525_190713_dk2022_150mw_300mwh_soc10_90_v5,1,359,92.7733,0.0
2026-05-25 19:07:24,20260525_190713_dk2022_150mw_300mwh_soc10_90_v5,1,360,92.7733,0.0
2026-05-25 19:07:24,20260525_190713_dk2022_150mw_300mwh_soc10_90_v5,1,361,92.7733,0.0
2026-05-25 19:07:24,20260525_190713_dk2022_150mw_300mwh_soc10_90_v5,1,362,92.7733,0.0
2026-05-25 19:07:24,20260525_190713_dk2022_150mw_300mwh_soc10_90_v5,1,363,92.7733,0.0
2026-05-25 19:07:24,20260525_190713_dk2022_150mw_300mwh_soc10_90_v5,1,364,92.7733,0.0
2026-05-25 19:07:24,20260525_190713_dk2022_150mw_300mwh_soc10_90_v5,1,365,92.7733,0.0
2026-05-25 19:07:24,20260525_190713_dk2022_150mw_300mwh_soc10_90_v5,1,366,92.7733,0.0
2026-05-25 19:07:24,20260525_190713_dk2022_150mw_300mwh_soc10_90_v5,1,367,92.7733,0.0
2026-05-25 19:07:24,20260525_190713_dk2022_150mw_300mwh_soc10_90_v5,1,368,92.7733,0.0
2026-05-25 19:07:24,20260525_190713_dk2022_150mw_300mwh_soc10_90_v5,1,369,92.7733,0.0
2026-05-25 19:07:24,20260525_190713_dk2022_150mw_300mwh_soc10_90_v5,1,370,92.7733,0.0
2026-05-25 19:07:24,20260525_190713_dk2022_150mw_300mwh_soc10_90_v5,1,371,92.7733,0.0
2026-05-25 19:07:24,20260525_190713_dk2022_150mw_300mwh_soc10_90_v5,1,372,92.7733,0.0
2026-05-25 19:07:24,20260525_190713_dk2022_150mw_300mwh_soc10_90_v5,1,373,92.7733,0.0
2026-05-25 19:07:24,20260525_190713_dk2022_150mw_300mwh_soc10_90_v5,1,374,92.7733,0.0
2026-05-25 19:07:24,20260525_190713_dk2022_150mw_300mwh_soc10_90_v5,1,375,92.7733,0.0
2026-05-25 19:07:24,20260525_190713_dk2022_150mw_300mwh_soc10_90_v5,1,376,92.7733,0.0
2026-05-25 19:07:24,20260525_190713_dk2022_150mw_300mwh_soc10_90_v5,1,377,92.7733,0.0
2026-05-25 19:07:24,20260525_190713_dk2022_150mw_300mwh_soc10_90_v5,1,378,92.7733,0.0
2026-05-25 19:07:24,20260525_190713_dk2022_150mw_300mwh_soc10_90_v5,1,379,92.7733,0.0
2026-05-25 19:07:24,20260525_190713_dk2022_150mw_300mwh_soc10_90_v5,1,380,92.7733,0.0
2026-05-25 19:07:24,20260525_190713_dk2022_150mw_300mwh_soc10_90_v5,1,381,92.7733,0.0
2026-05-25 19:07:24,20260525_190713_dk2022_150mw_300mwh_soc10_90_v5,1,382,92.7733,0.0
2026-05-25 19:07:24,20260525_190713_dk2022_150mw_300mwh_soc10_90_v5,1,383,92.7733,0.0
2026-05-25 19:07:24,20260525_190713_dk2022_150mw_300mwh_soc10_90_v5,1,384,92.7733,0.0
2026-05-25 19:07:24,20260525_190713_dk2022_150mw_300mwh_soc10_90_v5,1,385,92.7733,-3.24911932
2026-05-25 19:07:24,20260525_190713_dk2022_150mw_300mwh_soc10_90_v5,1,386,92.7733,-3.24911932
2026-05-25 19:07:24,20260525_190713_dk2022_150mw_300mwh_soc10_90_v5,1,387,92.7733,0.0
2026-05-25 19:07:24,20260525_190713_dk2022_150mw_300mwh_soc10_90_v5,1,388,92.7733,0.0
2026-05-25 19:07:24,20260525_190713_dk2022_150mw_300mwh_soc10_90_v5,1,389,92.7733,0.0
2026-05-25 19:07:24,20260525_190713_dk2022_150mw_300mwh_soc10_90_v5,1,390,92.7733,0.0
2026-05-25 19:07:24,20260525_190713_dk2022_150mw_300mwh_soc10_90_v5,1,391,92.7733,0.0
2026-05-25 19:07:24,20260525_190713_dk2022_150mw_300mwh_soc10_90_v5,1,392,92.7733,0.0
2026-05-25 19:07:24,20260525_190713_dk2022_150mw_300mwh_soc10_90_v5,1,393,92.7733,0.0
2026-05-25 19:07:24,20260525_190713_dk2022_150mw_300mwh_soc10_90_v5,1,394,92.7733,0.0
2026-05-25 19:07:24,20260525_190713_dk2022_150mw_300mwh_soc10_90_v5,1,395,92.7733,0.0
2026-05-25 19:07:24,20260525_190713_dk2022_150mw_300mwh_soc10_90_v5,1,396,92.7733,0.0
2026-05-25 19:07:24,20260525_190713_dk2022_150mw_300mwh_soc10_90_v5,1,397,92.7733,0.0
2026-05-25 19:07:24,20260525_190713_dk2022_150mw_300mwh_soc10_90_v5,1,398,92.7733,0.0
2026-05-25 19:07:24,20260525_190713_dk2022_150mw_300mwh_soc10_90_v5,1,399,92.7733,-3.24911932
2026-05-25 19:07:24,20260525_190713_dk2022_150mw_300mwh_soc10_90_v5,1,400,92.7733,0.0
2026-05-25 19:07:24,20260525_190713_dk2022_150mw_300mwh_soc10_90_v5,1,401,92.7733,0.0
2026-05-25 19:07:24,20260525_190713_dk2022_150mw_300mwh_soc10_90_v5,1,402,92.7733,0.0
2026-05-25 19:07:24,20260525_190713_dk2022_150mw_300mwh_soc10_90_v5,1,403,92.7733,0.0
2026-05-25 19:07:24,20260525_190713_dk2022_150mw_300mwh_soc10_90_v5,1,404,92.7733,0.0
2026-05-25 19:07:24,20260525_190713_dk2022_150mw_300mwh_soc10_90_v5,1,405,92.7733,0.0
2026-05-25 19:07:24,20260525_190713_dk2022_150mw_300mwh_soc10_90_v5,1,406,92.7733,0.0
2026-05-25 19:07:24,20260525_190713_dk2022_150mw_300mwh_soc10_90_v5,1,407,92.7733,0.0
2026-05-25 19:07:24,20260525_190713_dk2022_150mw_300mwh_soc10_90_v5,1,408,92.7733,3.70309301
2026-05-25 19:07:24,20260525_190713_dk2022_150mw_300mwh_soc10_90_v5,1,409,92.7733,-3.24911932
2026-05-25 19:07:24,20260525_190713_dk2022_150mw_300mwh_soc10_90_v5,1,410,92.7733,0.0
2026-05-25 19:07:24,20260525_190713_dk2022_150mw_300mwh_soc10_90_v5,1,411,92.7733,3.70309301
2026-05-25 19:07:24,20260525_190713_dk2022_150mw_300mwh_soc10_90_v5,1,412,92.7733,0.0
2026-05-25 19:07:24,20260525_190713_dk2022_150mw_300mwh_soc10_90_v5,1,413,92.7733,0.0
2026-05-25 19:07:24,20260525_190713_dk2022_150mw_300mwh_soc10_90_v5,1,414,92.7733,3.70309301
2026-05-25 19:07:24,20260525_190713_dk2022_150mw_300mwh_soc10_90_v5,1,415,92.7733,3.70309301
2026-05-25 19:07:24,20260525_190713_dk2022_150mw_300mwh_soc10_90_v5,1,416,92.7733,0.0
2026-05-25 19:07:24,20260525_190713_dk2022_150mw_300mwh_soc10_90_v5,1,417,92.7733,0.0
2026-05-25 19:07:24,20260525_190713_dk2022_150mw_300mwh_soc10_90_v5,1,418,92.7733,0.0
2026-05-25 19:07:24,20260525_190713_dk2022_150mw_300mwh_soc10_90_v5,1,419,92.7733,0.0
2026-05-25 19:07:24,20260525_190713_dk2022_150mw_300mwh_soc10_90_v5,1,420,92.7733,0.0
2026-05-25 19:07:24,20260525_190713_dk2022_150mw_300mwh_soc10_90_v5,1,421,92.7733,0.0
2026-05-25 19:07:24,20260525_190713_dk2022_150mw_300mwh_soc10_90_v5,1,422,92.7733,0.0
2026-05-25 19:07:24,20260525_190713_dk2022_150mw_300mwh_soc10_90_v5,1,423,92.7733,0.0
2026-05-25 19:07:24,20260525_190713_dk2022_150mw_300mwh_soc10_90_v5,1,424,92.7733,0.0
2026-05-25 19:07:24,20260525_190713_dk2022_150mw_300mwh_soc10_90_v5,1,425,92.7733,0.0
2026-05-25 19:07:24,20260525_190713_dk2022_150mw_300mwh_soc10_90_v5,1,426,92.7733,0.0
2026-05-25 19:07:24,20260525_190713_dk2022_150mw_300mwh_soc10_90_v5,1,427,92.7733,0.0
2026-05-25 19:07:24,20260525_190713_dk2022_150mw_300mwh_soc10_90_v5,1,428,92.7733,0.0
2026-05-25 19:07:24,20260525_190713_dk2022_150mw_300mwh_soc10_90_v5,1,429,92.7733,0.0
2026-05-25 19:07:24,20260525_190713_dk2022_150mw_300mwh_soc10_90_v5,1,430,92.7733,0.0
2026-05-25 19:07:24,20260525_190713_dk2022_150mw_300mwh_soc10_90_v5,1,431,92.7733,0.0
2026-05-25 19:07:24,20260525_190713_dk2022_150mw_300mwh_soc10_90_v5,1,432,92.7733,0.0
2026-05-25 19:07:24,20260525_190713_dk2022_150mw_300mwh_soc10_90_v5,1,433,92.7733,0.0
2026-05-25 19:07:24,20260525_190713_dk2022_150mw_300mwh_soc10_90_v5,1,434,92.7733,0.0
2026-05-25 19:07:24,20260525_190713_dk2022_150mw_300mwh_soc10_90_v5,1,435,92.7733,0.0
2026-05-25 19:07:24,20260525_190713_dk2022_150mw_300mwh_soc10_90_v5,1,436,92.7733,0.0
2026-05-25 19:07:24,20260525_190713_dk2022_150mw_300mwh_soc10_90_v5,1,437,92.7733,0.0
2026-05-25 19:07:24,20260525_190713_dk2022_150mw_300mwh_soc10_90_v5,1,438,92.7733,0.0
2026-05-25 19:07:24,20260525_190713_dk2022_150mw_300mwh_soc10_90_v5,1,439,92.7733,0.0
2026-05-25 19:07:24,20260525_190713_dk2022_150mw_300mwh_soc10_90_v5,1,440,92.7733,0.0
2026-05-25 19:07:24,20260525_190713_dk2022_150mw_300mwh_soc10_90_v5,1,441,92.7733,0.0
2026-05-25 19:07:24,20260525_190713_dk2022_150mw_300mwh_soc10_90_v5,1,442,92.7733,0.0
2026-05-25 19:07:24,20260525_190713_dk2022_150mw_300mwh_soc10_90_v5,1,443,92.7733,0.0
2026-05-25 19:07:24,20260525_190713_dk2022_150mw_300mwh_soc10_90_v5,1,444,92.7733,0.0
2026-05-25 19:07:24,20260525_190713_dk2022_150mw_300mwh_soc10_90_v5,1,445,92.7733,0.0
2026-05-25 19:07:24,20260525_190713_dk2022_150mw_300mwh_soc10_90_v5,1,446,92.7733,0.0
2026-05-25 19:07:24,20260525_190713_dk2022_150mw_300mwh_soc10_90_v5,1,447,92.7733,0.0
2026-05-25 19:07:24,20260525_190713_dk2022_150mw_300mwh_soc10_90_v5,1,448,92.7733,0.0
2026-05-25 19:07:24,20260525_190713_dk2022_150mw_300mwh_soc10_90_v5,1,449,92.7733,0.0
2026-05-25 19:07:24,20260525_190713_dk2022_150mw_300mwh_soc10_90_v5,1,450,92.7733,0.0
2026-05-25 19:07:24,20260525_190713_dk2022_150mw_300mwh_soc10_90_v5,1,451,92.7733,0.0
2026-05-25 19:07:24,20260525_190713_dk2022_150mw_300mwh_soc10_90_v5,1,452,92.7733,0.0
2026-05-25 19:07:24,20260525_190713_dk2022_150mw_300mwh_soc10_90_v5,1,453,92.7733,0.0
2026-05-25 19:07:24,20260525_190713_dk2022_150mw_300mwh_soc10_90_v5,1,454,92.7733,0.0
2026-05-25 19:07:24,20260525_190713_dk2022_150mw_300mwh_soc10_90_v5,1,455,92.7733,0.0
2026-05-25 19:07:24,20260525_190713_dk2022_150mw_300mwh_soc10_90_v5,1,456,92.7733,0.0
2026-05-25 19:07:24,20260525_190713_dk2022_150mw_300mwh_soc10_90_v5,1,457,92.7733,-3.24911932
2026-05-25 19:07:24,20260525_190713_dk2022_150mw_300mwh_soc10_90_v5,1,458,92.7733,-3.24911932
2026-05-25 19:07:24,20260525_190713_dk2022_150mw_300mwh_soc10_90_v5,1,459,92.7733,3.70309301
2026-05-25 19:07:24,20260525_190713_dk2022_150mw_300mwh_soc10_90_v5,1,460,92.7733,0.0
2026-05-25 19:07:24,20260525_190713_dk2022_150mw_300mwh_soc10_90_v5,1,461,92.7733,0.0
2026-05-25 19:07:24,20260525_190713_dk2022_150mw_300mwh_soc10_90_v5,1,462,92.7733,0.0
2026-05-25 19:07:24,20260525_190713_dk2022_150mw_300mwh_soc10_90_v5,1,463,92.7733,0.0
2026-05-25 19:07:24,20260525_190713_dk2022_150mw_300mwh_soc10_90_v5,1,464,92.7733,0.0
2026-05-25 19:07:24,20260525_190713_dk2022_150mw_300mwh_soc10_90_v5,1,465,92.7733,0.0
2026-05-25 19:07:24,20260525_190713_dk2022_150mw_300mwh_soc10_90_v5,1,466,92.7733,0.0
2026-05-25 19:07:24,20260525_190713_dk2022_150mw_300mwh_soc10_90_v5,1,467,92.7733,0.0
2026-05-25 19:07:24,20260525_190713_dk2022_150mw_300mwh_soc10_90_v5,1,468,92.7733,0.0
2026-05-25 19:07:24,20260525_190713_dk2022_150mw_300mwh_soc10_90_v5,1,469,92.7733,0.0
2026-05-25 19:07:24,20260525_190713_dk2022_150mw_300mwh_soc10_90_v5,1,470,92.7733,0.0
2026-05-25 19:07:24,20260525_190713_dk2022_150mw_300mwh_soc10_90_v5,1,471,92.7733,3.70309301
2026-05-25 19:07:24,20260525_190713_dk2022_150mw_300mwh_soc10_90_v5,1,472,92.7733,3.70309301
2026-05-25 19:07:24,20260525_190713_dk2022_150mw_300mwh_soc10_90_v5,1,473,92.7733,3.70309301
2026-05-25 19:07:24,20260525_190713_dk2022_150mw_300mwh_soc10_90_v5,1,474,92.7733,3.70309301
2026-05-25 19:07:24,20260525_190713_dk2022_150mw_300mwh_soc10_90_v5,1,475,92.7733,-3.24911932
2026-05-25 19:07:24,20260525_190713_dk2022_150mw_300mwh_soc10_90_v5,1,476,92.7733,-3.24911932
2026-05-25 19:07:24,20260525_190713_dk2022_150mw_300mwh_soc10_90_v5,1,477,92.7733,3.70309301
2026-05-25 19:07:24,20260525_190713_dk2022_150mw_300mwh_soc10_90_v5,1,478,92.7733,-3.24911932
2026-05-25 19:07:24,20260525_190713_dk2022_150mw_300mwh_soc10_90_v5,1,479,92.7733,-3.24911932
2026-05-25 19:07:24,20260525_190713_dk2022_150mw_300mwh_soc10_90_v5,1,480,92.7733,3.70309301
2026-05-25 19:07:24,20260525_190713_dk2022_150mw_300mwh_soc10_90_v5,1,481,92.7733,0.0
2026-05-25 19:07:24,20260525_190713_dk2022_150mw_300mwh_soc10_90_v5,1,482,92.7733,0.0
2026-05-25 19:07:24,20260525_190713_dk2022_150mw_300mwh_soc10_90_v5,1,483,92.7733,-3.24911932
2026-05-25 19:07:24,20260525_190713_dk2022_150mw_300mwh_soc10_90_v5,1,484,92.7733,0.0
2026-05-25 19:07:24,20260525_190713_dk2022_150mw_300mwh_soc10_90_v5,1,485,92.7733,3.70309301
2026-05-25 19:07:24,20260525_190713_dk2022_150mw_300mwh_soc10_90_v5,1,486,92.7733,-3.24911932
2026-05-25 19:07:24,20260525_190713_dk2022_150mw_300mwh_soc10_90_v5,1,487,92.7733,0.0
2026-05-25 19:07:24,20260525_190713_dk2022_150mw_300mwh_soc10_90_v5,1,488,92.7733,0.0
2026-05-25 19:07:24,20260525_190713_dk2022_150mw_300mwh_soc10_90_v5,1,489,92.7733,0.0
2026-05-25 19:07:24,20260525_190713_dk2022_150mw_300mwh_soc10_90_v5,1,490,92.7733,0.0
2026-05-25 19:07:24,20260525_190713_dk2022_150mw_300mwh_soc10_90_v5,1,491,92.7733,0.0
2026-05-25 19:07:24,20260525_190713_dk2022_150mw_300mwh_soc10_90_v5,1,492,92.7733,3.70309301
2026-05-25 19:07:24,20260525_190713_dk2022_150mw_300mwh_soc10_90_v5,1,493,92.7733,0.0
2026-05-25 19:07:24,20260525_190713_dk2022_150mw_300mwh_soc10_90_v5,1,494,92.7733,0.0
2026-05-25 19:07:24,20260525_190713_dk2022_150mw_300mwh_soc10_90_v5,1,495,92.7733,3.70309301
2026-05-25 19:07:24,20260525_190713_dk2022_150mw_300mwh_soc10_90_v5,1,496,92.7733,3.70309301
2026-05-25 19:07:24,20260525_190713_dk2022_150mw_300mwh_soc10_90_v5,1,497,92.7733,3.70309301
2026-05-25 19:07:24,20260525_190713_dk2022_150mw_300mwh_soc10_90_v5,1,498,92.7733,0.0
2026-05-25 19:07:24,20260525_190713_dk2022_150mw_300mwh_soc10_90_v5,1,499,92.7733,0.0
2026-05-25 19:07:24,20260525_190713_dk2022_150mw_300mwh_soc10_90_v5,1,500,92.7733,0.0
2026-05-25 19:07:24,20260525_190713_dk2022_150mw_300mwh_soc10_90_v5,1,501,92.7733,0.0
2026-05-25 19:07:24,20260525_190713_dk2022_150mw_300mwh_soc10_90_v5,1,502,92.7733,-3.24911932
2026-05-25 19:07:24,20260525_190713_dk2022_150mw_300mwh_soc10_90_v5,1,503,92.7733,3.70309301
2026-05-25 19:07:24,20260525_190713_dk2022_150mw_300mwh_soc10_90_v5,1,504,92.7733,-3.24911932
2026-05-25 19:07:24,20260525_190713_dk2022_150mw_300mwh_soc10_90_v5,1,505,92.7733,-3.24911932
2026-05-25 19:07:24,20260525_190713_dk2022_150mw_300mwh_soc10_90_v5,1,506,92.7733,-3.24911932
2026-05-25 19:07:24,20260525_190713_dk2022_150mw_300mwh_soc10_90_v5,1,507,92.7733,0.0
2026-05-25 19:07:24,20260525_190713_dk2022_150mw_300mwh_soc10_90_v5,1,508,92.7733,3.70309301
2026-05-25 19:07:24,20260525_190713_dk2022_150mw_300mwh_soc10_90_v5,1,509,92.7733,-3.24911932
2026-05-25 19:07:24,20260525_190713_dk2022_150mw_300mwh_soc10_90_v5,1,510,92.7733,0.0
2026-05-25 19:07:24,20260525_190713_dk2022_150mw_300mwh_soc10_90_v5,1,511,92.7733,-3.24911932
2026-05-25 19:07:24,20260525_190713_dk2022_150mw_300mwh_soc10_90_v5,1,512,92.7733,0.0
2026-05-25 19:07:24,20260525_190713_dk2022_150mw_300mwh_soc10_90_v5,1,513,92.7733,3.70309301
2026-05-25 19:07:24,20260525_190713_dk2022_150mw_300mwh_soc10_90_v5,1,514,92.7733,3.70309301
2026-05-25 19:07:24,20260525_190713_dk2022_150mw_300mwh_soc10_90_v5,1,515,92.7733,0.0
2026-05-25 19:07:24,20260525_190713_dk2022_150mw_300mwh_soc10_90_v5,1,516,92.7733,0.0
2026-05-25 19:07:24,20260525_190713_dk2022_150mw_300mwh_soc10_90_v5,1,517,92.7733,-3.24911932
2026-05-25 19:07:24,20260525_190713_dk2022_150mw_300mwh_soc10_90_v5,1,518,92.7733,-3.24911932
2026-05-25 19:07:24,20260525_190713_dk2022_150mw_300mwh_soc10_90_v5,1,519,92.7733,0.0
2026-05-25 19:07:24,20260525_190713_dk2022_150mw_300mwh_soc10_90_v5,1,520,92.7733,3.70309301
2026-05-25 19:07:24,20260525_190713_dk2022_150mw_300mwh_soc10_90_v5,1,521,92.7733,3.70309301
2026-05-25 19:07:24,20260525_190713_dk2022_150mw_300mwh_soc10_90_v5,1,522,92.7733,0.0
2026-05-25 19:07:24,20260525_190713_dk2022_150mw_300mwh_soc10_90_v5,1,523,92.7733,0.0
2026-05-25 19:07:24,20260525_190713_dk2022_150mw_300mwh_soc10_90_v5,1,524,92.7733,0.0
2026-05-25 19:07:24,20260525_190713_dk2022_150mw_300mwh_soc10_90_v5,1,525,92.7733,0.0
2026-05-25 19:07:24,20260525_190713_dk2022_150mw_300mwh_soc10_90_v5,1,526,92.7733,0.0
2026-05-25 19:07:24,20260525_190713_dk2022_150mw_300mwh_soc10_90_v5,1,527,92.7733,0.0
2026-05-25 19:07:24,20260525_190713_dk2022_150mw_300mwh_soc10_90_v5,1,528,92.7733,0.0
2026-05-25 19:07:24,20260525_190713_dk2022_150mw_300mwh_soc10_90_v5,1,529,92.7733,0.0
2026-05-25 19:07:24,20260525_190713_dk2022_150mw_300mwh_soc10_90_v5,1,530,92.7733,0.0
2026-05-25 19:07:24,20260525_190713_dk2022_150mw_300mwh_soc10_90_v5,1,531,92.7733,0.0
2026-05-25 19:07:24,20260525_190713_dk2022_150mw_300mwh_soc10_90_v5,1,532,92.7733,0.0
2026-05-25 19:07:24,20260525_190713_dk2022_150mw_300mwh_soc10_90_v5,1,533,92.7733,0.0
2026-05-25 19:07:24,20260525_190713_dk2022_150mw_300mwh_soc10_90_v5,1,534,92.7733,0.0
2026-05-25 19:07:24,20260525_190713_dk2022_150mw_300mwh_soc10_90_v5,1,535,92.7733,0.0
2026-05-25 19:07:24,20260525_190713_dk2022_150mw_300mwh_soc10_90_v5,1,536,92.7733,0.0
2026-05-25 19:07:24,20260525_190713_dk2022_150mw_300mwh_soc10_90_v5,1,537,92.7733,0.0
2026-05-25 19:07:24,20260525_190713_dk2022_150mw_300mwh_soc10_90_v5,1,538,92.7733,0.0
2026-05-25 19:07:24,20260525_190713_dk2022_150mw_300mwh_soc10_90_v5,1,539,92.7733,0.0
2026-05-25 19:07:24,20260525_190713_dk2022_150mw_300mwh_soc10_90_v5,1,540,92.7733,0.0
2026-05-25 19:07:24,20260525_190713_dk2022_150mw_300mwh_soc10_90_v5,1,541,92.7733,0.0
2026-05-25 19:07:24,20260525_190713_dk2022_150mw_300mwh_soc10_90_v5,1,542,92.7733,0.0
2026-05-25 19:07:24,20260525_190713_dk2022_150mw_300mwh_soc10_90_v5,1,543,92.7733,0.0
2026-05-25 19:07:24,20260525_190713_dk2022_150mw_300mwh_soc10_90_v5,1,544,92.7733,0.0
2026-05-25 19:07:24,20260525_190713_dk2022_150mw_300mwh_soc10_90_v5,1,545,92.7733,0.0
2026-05-25 19:07:24,20260525_190713_dk2022_150mw_300mwh_soc10_90_v5,1,546,92.7733,0.0
2026-05-25 19:07:24,20260525_190713_dk2022_150mw_300mwh_soc10_90_v5,1,547,92.7733,0.0
2026-05-25 19:07:24,20260525_190713_dk2022_150mw_300mwh_soc10_90_v5,1,548,92.7733,0.0
2026-05-25 19:07:24,20260525_190713_dk2022_150mw_300mwh_soc10_90_v5,1,549,92.7733,0.0
2026-05-25 19:07:24,20260525_190713_dk2022_150mw_300mwh_soc10_90_v5,1,550,92.7733,0.0
2026-05-25 19:07:24,20260525_190713_dk2022_150mw_300mwh_soc10_90_v5,1,551,92.7733,-3.24911932
2026-05-25 19:07:24,20260525_190713_dk2022_150mw_300mwh_soc10_90_v5,1,552,92.7733,-3.24911932
2026-05-25 19:07:24,20260525_190713_dk2022_150mw_300mwh_soc10_90_v5,1,553,92.7733,0.0
2026-05-25 19:07:24,20260525_190713_dk2022_150mw_300mwh_soc10_90_v5,1,554,92.7733,-3.24911932
2026-05-25 19:07:24,20260525_190713_dk2022_150mw_300mwh_soc10_90_v5,1,555,92.7733,-3.24911932
2026-05-25 19:07:24,20260525_190713_dk2022_150mw_300mwh_soc10_90_v5,1,556,92.7733,-3.24911932
2026-05-25 19:07:24,20260525_190713_dk2022_150mw_300mwh_soc10_90_v5,1,557,92.7733,0.0
2026-05-25 19:07:24,20260525_190713_dk2022_150mw_300mwh_soc10_90_v5,1,558,92.7733,0.0
2026-05-25 19:07:24,20260525_190713_dk2022_150mw_300mwh_soc10_90_v5,1,559,92.7733,0.0
2026-05-25 19:07:24,20260525_190713_dk2022_150mw_300mwh_soc10_90_v5,1,560,92.7733,0.0
2026-05-25 19:07:24,20260525_190713_dk2022_150mw_300mwh_soc10_90_v5,1,561,92.7733,0.0
2026-05-25 19:07:24,20260525_190713_dk2022_150mw_300mwh_soc10_90_v5,1,562,92.7733,0.0
2026-05-25 19:07:24,20260525_190713_dk2022_150mw_300mwh_soc10_90_v5,1,563,92.7733,0.0
2026-05-25 19:07:24,20260525_190713_dk2022_150mw_300mwh_soc10_90_v5,1,564,92.7733,0.0
2026-05-25 19:07:24,20260525_190713_dk2022_150mw_300mwh_soc10_90_v5,1,565,92.7733,0.0
2026-05-25 19:07:24,20260525_190713_dk2022_150mw_300mwh_soc10_90_v5,1,566,92.7733,0.0
2026-05-25 19:07:24,20260525_190713_dk2022_150mw_300mwh_soc10_90_v5,1,567,92.7733,0.0
2026-05-25 19:07:24,20260525_190713_dk2022_150mw_300mwh_soc10_90_v5,1,568,92.7733,0.0
2026-05-25 19:07:24,20260525_190713_dk2022_150mw_300mwh_soc10_90_v5,1,569,92.7733,0.0
2026-05-25 19:07:24,20260525_190713_dk2022_150mw_300mwh_soc10_90_v5,1,570,92.7733,0.0
2026-05-25 19:07:24,20260525_190713_dk2022_150mw_300mwh_soc10_90_v5,1,571,92.7733,0.0
2026-05-25 19:07:24,20260525_190713_dk2022_150mw_300mwh_soc10_90_v5,1,572,92.7733,0.0
2026-05-25 19:07:24,20260525_190713_dk2022_150mw_300mwh_soc10_90_v5,1,573,92.7733,0.0
2026-05-25 19:07:24,20260525_190713_dk2022_150mw_300mwh_soc10_90_v5,1,574,92.7733,0.0
2026-05-25 19:07:24,20260525_190713_dk2022_150mw_300mwh_soc10_90_v5,1,575,92.7733,0.0
2026-05-25 19:07:24,20260525_190713_dk2022_150mw_300mwh_soc10_90_v5,1,576,92.7733,3.70309301
2026-05-25 19:07:24,20260525_190713_dk2022_150mw_300mwh_soc10_90_v5,1,577,92.7733,0.0
2026-05-25 19:07:24,20260525_190713_dk2022_150mw_300mwh_soc10_90_v5,1,578,92.7733,0.0
2026-05-25 19:07:24,20260525_190713_dk2022_150mw_300mwh_soc10_90_v5,1,579,92.7733,0.0
2026-05-25 19:07:24,20260525_190713_dk2022_150mw_300mwh_soc10_90_v5,1,580,92.7733,-3.24911932
2026-05-25 19:07:24,20260525_190713_dk2022_150mw_300mwh_soc10_90_v5,1,581,92.7733,3.70309301
2026-05-25 19:07:24,20260525_190713_dk2022_150mw_300mwh_soc10_90_v5,1,582,92.7733,0.0
2026-05-25 19:07:24,20260525_190713_dk2022_150mw_300mwh_soc10_90_v5,1,583,92.7733,0.0
2026-05-25 19:07:24,20260525_190713_dk2022_150mw_300mwh_soc10_90_v5,1,584,92.7733,-3.24911932
2026-05-25 19:07:24,20260525_190713_dk2022_150mw_300mwh_soc10_90_v5,1,585,92.7733,0.0
2026-05-25 19:07:24,20260525_190713_dk2022_150mw_300mwh_soc10_90_v5,1,586,92.7733,0.0
2026-05-25 19:07:24,20260525_190713_dk2022_150mw_300mwh_soc10_90_v5,1,587,92.7733,0.0
2026-05-25 19:07:24,20260525_190713_dk2022_150mw_300mwh_soc10_90_v5,1,588,92.7733,0.0
2026-05-25 19:07:24,20260525_190713_dk2022_150mw_300mwh_soc10_90_v5,1,589,92.7733,3.70309301
2026-05-25 19:07:24,20260525_190713_dk2022_150mw_300mwh_soc10_90_v5,1,590,92.7733,0.0
2026-05-25 19:07:24,20260525_190713_dk2022_150mw_300mwh_soc10_90_v5,1,591,92.7733,0.0
2026-05-25 19:07:24,20260525_190713_dk2022_150mw_300mwh_soc10_90_v5,1,592,92.7733,3.70309301
2026-05-25 19:07:24,20260525_190713_dk2022_150mw_300mwh_soc10_90_v5,1,593,92.7733,3.70309301
2026-05-25 19:07:24,20260525_190713_dk2022_150mw_300mwh_soc10_90_v5,1,594,92.7733,0.0
2026-05-25 19:07:24,20260525_190713_dk2022_150mw_300mwh_soc10_90_v5,1,595,92.7733,0.0
2026-05-25 19:07:24,20260525_190713_dk2022_150mw_300mwh_soc10_90_v5,1,596,92.7733,0.0
2026-05-25 19:07:24,20260525_190713_dk2022_150mw_300mwh_soc10_90_v5,1,597,92.7733,0.0
2026-05-25 19:07:24,20260525_190713_dk2022_150mw_300mwh_soc10_90_v5,1,598,92.7733,0.0
2026-05-25 19:07:24,20260525_190713_dk2022_150mw_300mwh_soc10_90_v5,1,599,92.7733,-3.24911932
2026-05-25 19:07:24,20260525_190713_dk2022_150mw_300mwh_soc10_90_v5,1,600,92.7733,-3.24911932
2026-05-25 19:07:24,20260525_190713_dk2022_150mw_300mwh_soc10_90_v5,1,601,92.7733,-3.24911932
2026-05-25 19:07:24,20260525_190713_dk2022_150mw_300mwh_soc10_90_v5,1,602,92.7733,3.70309301
2026-05-25 19:07:24,20260525_190713_dk2022_150mw_300mwh_soc10_90_v5,1,603,92.7733,0.0
2026-05-25 19:07:24,20260525_190713_dk2022_150mw_300mwh_soc10_90_v5,1,604,92.7733,-3.24911932
2026-05-25 19:07:24,20260525_190713_dk2022_150mw_300mwh_soc10_90_v5,1,605,92.7733,-3.24911932
2026-05-25 19:07:24,20260525_190713_dk2022_150mw_300mwh_soc10_90_v5,1,606,92.7733,-3.24911932
2026-05-25 19:07:24,20260525_190713_dk2022_150mw_300mwh_soc10_90_v5,1,607,92.7733,0.0
2026-05-25 19:07:24,20260525_190713_dk2022_150mw_300mwh_soc10_90_v5,1,608,92.7733,0.0
2026-05-25 19:07:24,20260525_190713_dk2022_150mw_300mwh_soc10_90_v5,1,609,92.7733,0.0
2026-05-25 19:07:24,20260525_190713_dk2022_150mw_300mwh_soc10_90_v5,1,610,92.7733,0.0
2026-05-25 19:07:24,20260525_190713_dk2022_150mw_300mwh_soc10_90_v5,1,611,92.7733,3.70309301
2026-05-25 19:07:24,20260525_190713_dk2022_150mw_300mwh_soc10_90_v5,1,612,92.7733,0.0
2026-05-25 19:07:24,20260525_190713_dk2022_150mw_300mwh_soc10_90_v5,1,613,92.7733,-3.24911932
2026-05-25 19:07:24,20260525_190713_dk2022_150mw_300mwh_soc10_90_v5,1,614,92.7733,0.0
2026-05-25 19:07:24,20260525_190713_dk2022_150mw_300mwh_soc10_90_v5,1,615,92.7733,0.0
2026-05-25 19:07:24,20260525_190713_dk2022_150mw_300mwh_soc10_90_v5,1,616,92.7733,3.70309301
2026-05-25 19:07:24,20260525_190713_dk2022_150mw_300mwh_soc10_90_v5,1,617,92.7733,3.70309301
2026-05-25 19:07:24,20260525_190713_dk2022_150mw_300mwh_soc10_90_v5,1,618,92.7733,0.0
2026-05-25 19:07:24,20260525_190713_dk2022_150mw_300mwh_soc10_90_v5,1,619,92.7733,0.0
2026-05-25 19:07:24,20260525_190713_dk2022_150mw_300mwh_soc10_90_v5,1,620,92.7733,0.0
2026-05-25 19:07:24,20260525_190713_dk2022_150mw_300mwh_soc10_90_v5,1,621,92.7733,0.0
2026-05-25 19:07:24,20260525_190713_dk2022_150mw_300mwh_soc10_90_v5,1,622,92.7733,0.0
2026-05-25 19:07:24,20260525_190713_dk2022_150mw_300mwh_soc10_90_v5,1,623,92.7733,0.0
2026-05-25 19:07:24,20260525_190713_dk2022_150mw_300mwh_soc10_90_v5,1,624,92.7733,0.0
2026-05-25 19:07:24,20260525_190713_dk2022_150mw_300mwh_soc10_90_v5,1,625,92.7733,0.0
2026-05-25 19:07:24,20260525_190713_dk2022_150mw_300mwh_soc10_90_v5,1,626,92.7733,0.0
2026-05-25 19:07:24,20260525_190713_dk2022_150mw_300mwh_soc10_90_v5,1,627,92.7733,0.0
2026-05-25 19:07:24,20260525_190713_dk2022_150mw_300mwh_soc10_90_v5,1,628,92.7733,0.0
2026-05-25 19:07:24,20260525_190713_dk2022_150mw_300mwh_soc10_90_v5,1,629,92.7733,0.0
2026-05-25 19:07:24,20260525_190713_dk2022_150mw_300mwh_soc10_90_v5,1,630,92.7733,0.0
2026-05-25 19:07:24,20260525_190713_dk2022_150mw_300mwh_soc10_90_v5,1,631,92.7733,0.0
2026-05-25 19:07:24,20260525_190713_dk2022_150mw_300mwh_soc10_90_v5,1,632,92.7733,0.0
2026-05-25 19:07:24,20260525_190713_dk2022_150mw_300mwh_soc10_90_v5,1,633,92.7733,0.0
2026-05-25 19:07:24,20260525_190713_dk2022_150mw_300mwh_soc10_90_v5,1,634,92.7733,0.0
2026-05-25 19:07:24,20260525_190713_dk2022_150mw_300mwh_soc10_90_v5,1,635,92.7733,0.0
2026-05-25 19:07:24,20260525_190713_dk2022_150mw_300mwh_soc10_90_v5,1,636,92.7733,0.0
2026-05-25 19:07:24,20260525_190713_dk2022_150mw_300mwh_soc10_90_v5,1,637,92.7733,0.0
2026-05-25 19:07:24,20260525_190713_dk2022_150mw_300mwh_soc10_90_v5,1,638,92.7733,0.0
2026-05-25 19:07:24,20260525_190713_dk2022_150mw_300mwh_soc10_90_v5,1,639,92.7733,0.0
2026-05-25 19:07:24,20260525_190713_dk2022_150mw_300mwh_soc10_90_v5,1,640,92.7733,0.0
2026-05-25 19:07:24,20260525_190713_dk2022_150mw_300mwh_soc10_90_v5,1,641,92.7733,0.0
2026-05-25 19:07:24,20260525_190713_dk2022_150mw_300mwh_soc10_90_v5,1,642,92.7733,0.0
2026-05-25 19:07:24,20260525_190713_dk2022_150mw_300mwh_soc10_90_v5,1,643,92.7733,0.0
2026-05-25 19:07:24,20260525_190713_dk2022_150mw_300mwh_soc10_90_v5,1,644,92.7733,0.0
2026-05-25 19:07:24,20260525_190713_dk2022_150mw_300mwh_soc10_90_v5,1,645,92.7733,0.0
2026-05-25 19:07:24,20260525_190713_dk2022_150mw_300mwh_soc10_90_v5,1,646,92.7733,0.0
2026-05-25 19:07:24,20260525_190713_dk2022_150mw_300mwh_soc10_90_v5,1,647,92.7733,-3.24911932
2026-05-25 19:07:24,20260525_190713_dk2022_150mw_300mwh_soc10_90_v5,1,648,92.7733,3.70309301
2026-05-25 19:07:24,20260525_190713_dk2022_150mw_300mwh_soc10_90_v5,1,649,92.7733,-3.24911932
2026-05-25 19:07:24,20260525_190713_dk2022_150mw_300mwh_soc10_90_v5,1,650,92.7733,-3.24911932
2026-05-25 19:07:24,20260525_190713_dk2022_150mw_300mwh_soc10_90_v5,1,651,92.7733,3.70309301
2026-05-25 19:07:24,20260525_190713_dk2022_150mw_300mwh_soc10_90_v5,1,652,92.7733,0.0
2026-05-25 19:07:24,20260525_190713_dk2022_150mw_300mwh_soc10_90_v5,1,653,92.7733,0.0
2026-05-25 19:07:24,20260525_190713_dk2022_150mw_300mwh_soc10_90_v5,1,654,92.7733,0.0
2026-05-25 19:07:24,20260525_190713_dk2022_150mw_300mwh_soc10_90_v5,1,655,92.7733,0.0
2026-05-25 19:07:24,20260525_190713_dk2022_150mw_300mwh_soc10_90_v5,1,656,92.7733,0.0
2026-05-25 19:07:24,20260525_190713_dk2022_150mw_300mwh_soc10_90_v5,1,657,92.7733,0.0
2026-05-25 19:07:24,20260525_190713_dk2022_150mw_300mwh_soc10_90_v5,1,658,92.7733,-3.24911932
2026-05-25 19:07:24,20260525_190713_dk2022_150mw_300mwh_soc10_90_v5,1,659,92.7733,0.0
2026-05-25 19:07:24,20260525_190713_dk2022_150mw_300mwh_soc10_90_v5,1,660,92.7733,0.0
2026-05-25 19:07:24,20260525_190713_dk2022_150mw_300mwh_soc10_90_v5,1,661,92.7733,3.70309301
2026-05-25 19:07:24,20260525_190713_dk2022_150mw_300mwh_soc10_90_v5,1,662,92.7733,0.0
2026-05-25 19:07:24,20260525_190713_dk2022_150mw_300mwh_soc10_90_v5,1,663,92.7733,0.0
2026-05-25 19:07:24,20260525_190713_dk2022_150mw_300mwh_soc10_90_v5,1,664,92.7733,3.70309301
2026-05-25 19:07:24,20260525_190713_dk2022_150mw_300mwh_soc10_90_v5,1,665,92.7733,3.70309301
2026-05-25 19:07:24,20260525_190713_dk2022_150mw_300mwh_soc10_90_v5,1,666,92.7733,0.0
2026-05-25 19:07:24,20260525_190713_dk2022_150mw_300mwh_soc10_90_v5,1,667,92.7733,0.0
2026-05-25 19:07:24,20260525_190713_dk2022_150mw_300mwh_soc10_90_v5,1,668,92.7733,0.0
2026-05-25 19:07:24,20260525_190713_dk2022_150mw_300mwh_soc10_90_v5,1,669,92.7733,0.0
2026-05-25 19:07:24,20260525_190713_dk2022_150mw_300mwh_soc10_90_v5,1,670,92.7733,-3.24911932
2026-05-25 19:07:24,20260525_190713_dk2022_150mw_300mwh_soc10_90_v5,1,671,92.7733,3.70309301
2026-05-25 19:07:24,20260525_190713_dk2022_150mw_300mwh_soc10_90_v5,1,672,92.7733,3.70309301
2026-05-25 19:07:24,20260525_190713_dk2022_150mw_300mwh_soc10_90_v5,1,673,92.7733,0.0
2026-05-25 19:07:24,20260525_190713_dk2022_150mw_300mwh_soc10_90_v5,1,674,92.7733,0.0
2026-05-25 19:07:24,20260525_190713_dk2022_150mw_300mwh_soc10_90_v5,1,675,92.7733,0.0
2026-05-25 19:07:24,20260525_190713_dk2022_150mw_300mwh_soc10_90_v5,1,676,92.7733,0.0
2026-05-25 19:07:24,20260525_190713_dk2022_150mw_300mwh_soc10_90_v5,1,677,92.7733,0.0
2026-05-25 19:07:24,20260525_190713_dk2022_150mw_300mwh_soc10_90_v5,1,678,92.7733,0.0
2026-05-25 19:07:24,20260525_190713_dk2022_150mw_300mwh_soc10_90_v5,1,679,92.7733,0.0
2026-05-25 19:07:24,20260525_190713_dk2022_150mw_300mwh_soc10_90_v5,1,680,92.7733,0.0
2026-05-25 19:07:24,20260525_190713_dk2022_150mw_300mwh_soc10_90_v5,1,681,92.7733,0.0
2026-05-25 19:07:24,20260525_190713_dk2022_150mw_300mwh_soc10_90_v5,1,682,92.7733,0.0
2026-05-25 19:07:24,20260525_190713_dk2022_150mw_300mwh_soc10_90_v5,1,683,92.7733,0.0
2026-05-25 19:07:24,20260525_190713_dk2022_150mw_300mwh_soc10_90_v5,1,684,92.7733,0.0
2026-05-25 19:07:24,20260525_190713_dk2022_150mw_300mwh_soc10_90_v5,1,685,92.7733,0.0
2026-05-25 19:07:24,20260525_190713_dk2022_150mw_300mwh_soc10_90_v5,1,686,92.7733,0.0
2026-05-25 19:07:24,20260525_190713_dk2022_150mw_300mwh_soc10_90_v5,1,687,92.7733,0.0
2026-05-25 19:07:24,20260525_190713_dk2022_150mw_300mwh_soc10_90_v5,1,688,92.7733,0.0
2026-05-25 19:07:24,20260525_190713_dk2022_150mw_300mwh_soc10_90_v5,1,689,92.7733,0.0
2026-05-25 19:07:24,20260525_190713_dk2022_150mw_300mwh_soc10_90_v5,1,690,92.7733,0.0
2026-05-25 19:07:24,20260525_190713_dk2022_150mw_300mwh_soc10_90_v5,1,691,92.7733,0.0
2026-05-25 19:07:24,20260525_190713_dk2022_150mw_300mwh_soc10_90_v5,1,692,92.7733,0.0
2026-05-25 19:07:24,20260525_190713_dk2022_150mw_300mwh_soc10_90_v5,1,693,92.7733,0.0
2026-05-25 19:07:24,20260525_190713_dk2022_150mw_300mwh_soc10_90_v5,1,694,92.7733,0.0
2026-05-25 19:07:24,20260525_190713_dk2022_150mw_300mwh_soc10_90_v5,1,695,92.7733,0.0
2026-05-25 19:07:24,20260525_190713_dk2022_150mw_300mwh_soc10_90_v5,1,696,92.7733,-3.24911932
2026-05-25 19:07:24,20260525_190713_dk2022_150mw_300mwh_soc10_90_v5,1,697,92.7733,0.0
2026-05-25 19:07:24,20260525_190713_dk2022_150mw_300mwh_soc10_90_v5,1,698,92.7733,0.0
2026-05-25 19:07:24,20260525_190713_dk2022_150mw_300mwh_soc10_90_v5,1,699,92.7733,0.0
2026-05-25 19:07:24,20260525_190713_dk2022_150mw_300mwh_soc10_90_v5,1,700,92.7733,0.0
2026-05-25 19:07:24,20260525_190713_dk2022_150mw_300mwh_soc10_90_v5,1,701,92.7733,-3.24911932
2026-05-25 19:07:24,20260525_190713_dk2022_150mw_300mwh_soc10_90_v5,1,702,92.7733,0.0
2026-05-25 19:07:24,20260525_190713_dk2022_150mw_300mwh_soc10_90_v5,1,703,92.7733,0.0
2026-05-25 19:07:24,20260525_190713_dk2022_150mw_300mwh_soc10_90_v5,1,704,92.7733,0.0
2026-05-25 19:07:24,20260525_190713_dk2022_150mw_300mwh_soc10_90_v5,1,705,92.7733,0.0
2026-05-25 19:07:24,20260525_190713_dk2022_150mw_300mwh_soc10_90_v5,1,706,92.7733,0.0
2026-05-25 19:07:24,20260525_190713_dk2022_150mw_300mwh_soc10_90_v5,1,707,92.7733,0.0
2026-05-25 19:07:24,20260525_190713_dk2022_150mw_300mwh_soc10_90_v5,1,708,92.7733,0.0
2026-05-25 19:07:24,20260525_190713_dk2022_150mw_300mwh_soc10_90_v5,1,709,92.7733,0.0
2026-05-25 19:07:24,20260525_190713_dk2022_150mw_300mwh_soc10_90_v5,1,710,92.7733,0.0
2026-05-25 19:07:24,20260525_190713_dk2022_150mw_300mwh_soc10_90_v5,1,711,92.7733,0.0
2026-05-25 19:07:24,20260525_190713_dk2022_150mw_300mwh_soc10_90_v5,1,712,92.7733,0.0
2026-05-25 19:07:24,20260525_190713_dk2022_150mw_300mwh_soc10_90_v5,1,713,92.7733,0.0
2026-05-25 19:07:24,20260525_190713_dk2022_150mw_300mwh_soc10_90_v5,1,714,92.7733,3.70309301
2026-05-25 19:07:24,20260525_190713_dk2022_150mw_300mwh_soc10_90_v5,1,715,92.7733,3.70309301
2026-05-25 19:07:24,20260525_190713_dk2022_150mw_300mwh_soc10_90_v5,1,716,92.7733,0.0
2026-05-25 19:07:24,20260525_190713_dk2022_150mw_300mwh_soc10_90_v5,1,717,92.7733,0.0
2026-05-25 19:07:24,20260525_190713_dk2022_150mw_300mwh_soc10_90_v5,1,718,92.7733,0.0
2026-05-25 19:07:24,20260525_190713_dk2022_150mw_300mwh_soc10_90_v5,1,719,92.7733,0.0
2026-05-25 19:07:24,20260525_190713_dk2022_150mw_300mwh_soc10_90_v5,2,0,90.4318,-3.24911932
2026-05-25 19:07:24,20260525_190713_dk2022_150mw_300mwh_soc10_90_v5,2,1,90.4318,-3.24911932
2026-05-25 19:07:24,20260525_190713_dk2022_150mw_300mwh_soc10_90_v5,2,2,90.4318,0.0
2026-05-25 19:07:24,20260525_190713_dk2022_150mw_300mwh_soc10_90_v5,2,3,90.4318,-3.24911932
2026-05-25 19:07:24,20260525_190713_dk2022_150mw_300mwh_soc10_90_v5,2,4,90.4318,-3.24911932
2026-05-25 19:07:24,20260525_190713_dk2022_150mw_300mwh_soc10_90_v5,2,5,90.4318,-3.24911932
2026-05-25 19:07:24,20260525_190713_dk2022_150mw_300mwh_soc10_90_v5,2,6,90.4318,0.0
2026-05-25 19:07:24,20260525_190713_dk2022_150mw_300mwh_soc10_90_v5,2,7,90.4318,0.0
2026-05-25 19:07:24,20260525_190713_dk2022_150mw_300mwh_soc10_90_v5,2,8,90.4318,0.0
2026-05-25 19:07:24,20260525_190713_dk2022_150mw_300mwh_soc10_90_v5,2,9,90.4318,0.0
2026-05-25 19:07:24,20260525_190713_dk2022_150mw_300mwh_soc10_90_v5,2,10,90.4318,0.0
2026-05-25 19:07:24,20260525_190713_dk2022_150mw_300mwh_soc10_90_v5,2,11,90.4318,0.0
2026-05-25 19:07:24,20260525_190713_dk2022_150mw_300mwh_soc10_90_v5,2,12,90.4318,0.0
2026-05-25 19:07:24,20260525_190713_dk2022_150mw_300mwh_soc10_90_v5,2,13,90.4318,0.0
2026-05-25 19:07:24,20260525_190713_dk2022_150mw_300mwh_soc10_90_v5,2,14,90.4318,0.0
2026-05-25 19:07:24,20260525_190713_dk2022_150mw_300mwh_soc10_90_v5,2,15,90.4318,0.0
2026-05-25 19:07:24,20260525_190713_dk2022_150mw_300mwh_soc10_90_v5,2,16,90.4318,3.70309301
2026-05-25 19:07:24,20260525_190713_dk2022_150mw_300mwh_soc10_90_v5,2,17,90.4318,3.70309301
2026-05-25 19:07:24,20260525_190713_dk2022_150mw_300mwh_soc10_90_v5,2,18,90.4318,3.70309301
2026-05-25 19:07:24,20260525_190713_dk2022_150mw_300mwh_soc10_90_v5,2,19,90.4318,0.0
2026-05-25 19:07:24,20260525_190713_dk2022_150mw_300mwh_soc10_90_v5,2,20,90.4318,0.0
2026-05-25 19:07:24,20260525_190713_dk2022_150mw_300mwh_soc10_90_v5,2,21,90.4318,0.0
2026-05-25 19:07:24,20260525_190713_dk2022_150mw_300mwh_soc10_90_v5,2,22,90.4318,0.0
2026-05-25 19:07:24,20260525_190713_dk2022_150mw_300mwh_soc10_90_v5,2,23,90.4318,0.0
2026-05-25 19:07:24,20260525_190713_dk2022_150mw_300mwh_soc10_90_v5,2,24,90.4318,0.0
2026-05-25 19:07:24,20260525_190713_dk2022_150mw_300mwh_soc10_90_v5,2,25,90.4318,0.0
2026-05-25 19:07:24,20260525_190713_dk2022_150mw_300mwh_soc10_90_v5,2,26,90.4318,0.0
2026-05-25 19:07:24,20260525_190713_dk2022_150mw_300mwh_soc10_90_v5,2,27,90.4318,-3.24911932
2026-05-25 19:07:24,20260525_190713_dk2022_150mw_300mwh_soc10_90_v5,2,28,90.4318,-3.24911932
2026-05-25 19:07:24,20260525_190713_dk2022_150mw_300mwh_soc10_90_v5,2,29,90.4318,0.0
2026-05-25 19:07:24,20260525_190713_dk2022_150mw_300mwh_soc10_90_v5,2,30,90.4318,0.0
2026-05-25 19:07:24,20260525_190713_dk2022_150mw_300mwh_soc10_90_v5,2,31,90.4318,0.0
2026-05-25 19:07:24,20260525_190713_dk2022_150mw_300mwh_soc10_90_v5,2,32,90.4318,3.70309301
2026-05-25 19:07:24,20260525_190713_dk2022_150mw_300mwh_soc10_90_v5,2,33,90.4318,3.70309301
2026-05-25 19:07:24,20260525_190713_dk2022_150mw_300mwh_soc10_90_v5,2,34,90.4318,3.70309301
2026-05-25 19:07:24,20260525_190713_dk2022_150mw_300mwh_soc10_90_v5,2,35,90.4318,3.70309301
2026-05-25 19:07:24,20260525_190713_dk2022_150mw_300mwh_soc10_90_v5,2,36,90.4318,-3.24911932
2026-05-25 19:07:24,20260525_190713_dk2022_150mw_300mwh_soc10_90_v5,2,37,90.4318,-3.24911932
2026-05-25 19:07:24,20260525_190713_dk2022_150mw_300mwh_soc10_90_v5,2,38,90.4318,0.0
2026-05-25 19:07:24,20260525_190713_dk2022_150mw_300mwh_soc10_90_v5,2,39,90.4318,3.70309301
2026-05-25 19:07:24,20260525_190713_dk2022_150mw_300mwh_soc10_90_v5,2,40,90.4318,3.70309301
2026-05-25 19:07:24,20260525_190713_dk2022_150mw_300mwh_soc10_90_v5,2,41,90.4318,3.70309301
2026-05-25 19:07:24,20260525_190713_dk2022_150mw_300mwh_soc10_90_v5,2,42,90.4318,0.0
2026-05-25 19:07:24,20260525_190713_dk2022_150mw_300mwh_soc10_90_v5,2,43,90.4318,0.0
2026-05-25 19:07:24,20260525_190713_dk2022_150mw_300mwh_soc10_90_v5,2,44,90.4318,-3.24911932
2026-05-25 19:07:24,20260525_190713_dk2022_150mw_300mwh_soc10_90_v5,2,45,90.4318,3.70309301
2026-05-25 19:07:24,20260525_190713_dk2022_150mw_300mwh_soc10_90_v5,2,46,90.4318,0.0
2026-05-25 19:07:24,20260525_190713_dk2022_150mw_300mwh_soc10_90_v5,2,47,90.4318,-3.24911932
2026-05-25 19:07:24,20260525_190713_dk2022_150mw_300mwh_soc10_90_v5,2,48,90.4318,3.70309301
2026-05-25 19:07:24,20260525_190713_dk2022_150mw_300mwh_soc10_90_v5,2,49,90.4318,3.70309301
2026-05-25 19:07:24,20260525_190713_dk2022_150mw_300mwh_soc10_90_v5,2,50,90.4318,0.0
2026-05-25 19:07:24,20260525_190713_dk2022_150mw_300mwh_soc10_90_v5,2,51,90.4318,-3.24911932
2026-05-25 19:07:24,20260525_190713_dk2022_150mw_300mwh_soc10_90_v5,2,52,90.4318,-3.24911932
2026-05-25 19:07:24,20260525_190713_dk2022_150mw_300mwh_soc10_90_v5,2,53,90.4318,0.0
2026-05-25 19:07:24,20260525_190713_dk2022_150mw_300mwh_soc10_90_v5,2,54,90.4318,0.0
2026-05-25 19:07:24,20260525_190713_dk2022_150mw_300mwh_soc10_90_v5,2,55,90.4318,3.70309301
2026-05-25 19:07:24,20260525_190713_dk2022_150mw_300mwh_soc10_90_v5,2,56,90.4318,0.0
2026-05-25 19:07:24,20260525_190713_dk2022_150mw_300mwh_soc10_90_v5,2,57,90.4318,0.0
2026-05-25 19:07:24,20260525_190713_dk2022_150mw_300mwh_soc10_90_v5,2,58,90.4318,0.0
2026-05-25 19:07:24,20260525_190713_dk2022_150mw_300mwh_soc10_90_v5,2,59,90.4318,0.0
2026-05-25 19:07:24,20260525_190713_dk2022_150mw_300mwh_soc10_90_v5,2,60,90.4318,-3.24911932
2026-05-25 19:07:24,20260525_190713_dk2022_150mw_300mwh_soc10_90_v5,2,61,90.4318,-3.24911932
2026-05-25 19:07:24,20260525_190713_dk2022_150mw_300mwh_soc10_90_v5,2,62,90.4318,0.0
2026-05-25 19:07:24,20260525_190713_dk2022_150mw_300mwh_soc10_90_v5,2,63,90.4318,0.0
2026-05-25 19:07:24,20260525_190713_dk2022_150mw_300mwh_soc10_90_v5,2,64,90.4318,0.0
2026-05-25 19:07:24,20260525_190713_dk2022_150mw_300mwh_soc10_90_v5,2,65,90.4318,0.0
2026-05-25 19:07:24,20260525_190713_dk2022_150mw_300mwh_soc10_90_v5,2,66,90.4318,0.0
2026-05-25 19:07:24,20260525_190713_dk2022_150mw_300mwh_soc10_90_v5,2,67,90.4318,0.0
2026-05-25 19:07:24,20260525_190713_dk2022_150mw_300mwh_soc10_90_v5,2,68,90.4318,3.70309301
2026-05-25 19:07:24,20260525_190713_dk2022_150mw_300mwh_soc10_90_v5,2,69,90.4318,0.0
2026-05-25 19:07:24,20260525_190713_dk2022_150mw_300mwh_soc10_90_v5,2,70,90.4318,-3.24911932
2026-05-25 19:07:24,20260525_190713_dk2022_150mw_300mwh_soc10_90_v5,2,71,90.4318,3.70309301
2026-05-25 19:07:24,20260525_190713_dk2022_150mw_300mwh_soc10_90_v5,2,72,90.4318,0.0
2026-05-25 19:07:24,20260525_190713_dk2022_150mw_300mwh_soc10_90_v5,2,73,90.4318,0.0
2026-05-25 19:07:24,20260525_190713_dk2022_150mw_300mwh_soc10_90_v5,2,74,90.4318,0.0
2026-05-25 19:07:24,20260525_190713_dk2022_150mw_300mwh_soc10_90_v5,2,75,90.4318,-3.24911932
2026-05-25 19:07:24,20260525_190713_dk2022_150mw_300mwh_soc10_90_v5,2,76,90.4318,0.0
2026-05-25 19:07:24,20260525_190713_dk2022_150mw_300mwh_soc10_90_v5,2,77,90.4318,0.0
2026-05-25 19:07:24,20260525_190713_dk2022_150mw_300mwh_soc10_90_v5,2,78,90.4318,3.70309301
2026-05-25 19:07:24,20260525_190713_dk2022_150mw_300mwh_soc10_90_v5,2,79,90.4318,3.70309301
2026-05-25 19:07:24,20260525_190713_dk2022_150mw_300mwh_soc10_90_v5,2,80,90.4318,0.0
2026-05-25 19:07:24,20260525_190713_dk2022_150mw_300mwh_soc10_90_v5,2,81,90.4318,0.0
2026-05-25 19:07:24,20260525_190713_dk2022_150mw_300mwh_soc10_90_v5,2,82,90.4318,0.0
2026-05-25 19:07:24,20260525_190713_dk2022_150mw_300mwh_soc10_90_v5,2,83,90.4318,0.0
2026-05-25 19:07:24,20260525_190713_dk2022_150mw_300mwh_soc10_90_v5,2,84,90.4318,0.0
2026-05-25 19:07:24,20260525_190713_dk2022_150mw_300mwh_soc10_90_v5,2,85,90.4318,0.0
2026-05-25 19:07:24,20260525_190713_dk2022_150mw_300mwh_soc10_90_v5,2,86,90.4318,0.0
2026-05-25 19:07:24,20260525_190713_dk2022_150mw_300mwh_soc10_90_v5,2,87,90.4318,0.0
2026-05-25 19:07:24,20260525_190713_dk2022_150mw_300mwh_soc10_90_v5,2,88,90.4318,0.0
2026-05-25 19:07:24,20260525_190713_dk2022_150mw_300mwh_soc10_90_v5,2,89,90.4318,0.0
2026-05-25 19:07:24,20260525_190713_dk2022_150mw_300mwh_soc10_90_v5,2,90,90.4318,3.70309301
2026-05-25 19:07:24,20260525_190713_dk2022_150mw_300mwh_soc10_90_v5,2,91,90.4318,0.0
2026-05-25 19:07:24,20260525_190713_dk2022_150mw_300mwh_soc10_90_v5,2,92,90.4318,0.0
2026-05-25 19:07:24,20260525_190713_dk2022_150mw_300mwh_soc10_90_v5,2,93,90.4318,0.0
2026-05-25 19:07:24,20260525_190713_dk2022_150mw_300mwh_soc10_90_v5,2,94,90.4318,-3.24911932
2026-05-25 19:07:24,20260525_190713_dk2022_150mw_300mwh_soc10_90_v5,2,95,90.4318,3.70309301
2026-05-25 19:07:24,20260525_190713_dk2022_150mw_300mwh_soc10_90_v5,2,96,90.4318,0.0
2026-05-25 19:07:24,20260525_190713_dk2022_150mw_300mwh_soc10_90_v5,2,97,90.4318,-3.24911932
2026-05-25 19:07:24,20260525_190713_dk2022_150mw_300mwh_soc10_90_v5,2,98,90.4318,-3.24911932
2026-05-25 19:07:24,20260525_190713_dk2022_150mw_300mwh_soc10_90_v5,2,99,90.4318,0.0
2026-05-25 19:07:24,20260525_190713_dk2022_150mw_300mwh_soc10_90_v5,2,100,90.4318,0.0
2026-05-25 19:07:24,20260525_190713_dk2022_150mw_300mwh_soc10_90_v5,2,101,90.4318,0.0
2026-05-25 19:07:24,20260525_190713_dk2022_150mw_300mwh_soc10_90_v5,2,102,90.4318,0.0
2026-05-25 19:07:24,20260525_190713_dk2022_150mw_300mwh_soc10_90_v5,2,103,90.4318,3.70309301
2026-05-25 19:07:24,20260525_190713_dk2022_150mw_300mwh_soc10_90_v5,2,104,90.4318,-3.24911932
2026-05-25 19:07:24,20260525_190713_dk2022_150mw_300mwh_soc10_90_v5,2,105,90.4318,3.70309301
2026-05-25 19:07:24,20260525_190713_dk2022_150mw_300mwh_soc10_90_v5,2,106,90.4318,0.0
2026-05-25 19:07:24,20260525_190713_dk2022_150mw_300mwh_soc10_90_v5,2,107,90.4318,0.0
2026-05-25 19:07:24,20260525_190713_dk2022_150mw_300mwh_soc10_90_v5,2,108,90.4318,0.0
2026-05-25 19:07:24,20260525_190713_dk2022_150mw_300mwh_soc10_90_v5,2,109,90.4318,-3.24911932
2026-05-25 19:07:24,20260525_190713_dk2022_150mw_300mwh_soc10_90_v5,2,110,90.4318,0.0
2026-05-25 19:07:24,20260525_190713_dk2022_150mw_300mwh_soc10_90_v5,2,111,90.4318,3.70309301
2026-05-25 19:07:24,20260525_190713_dk2022_150mw_300mwh_soc10_90_v5,2,112,90.4318,3.70309301
2026-05-25 19:07:24,20260525_190713_dk2022_150mw_300mwh_soc10_90_v5,2,113,90.4318,3.70309301
2026-05-25 19:07:24,20260525_190713_dk2022_150mw_300mwh_soc10_90_v5,2,114,90.4318,3.70309301
2026-05-25 19:07:24,20260525_190713_dk2022_150mw_300mwh_soc10_90_v5,2,115,90.4318,0.0
2026-05-25 19:07:24,20260525_190713_dk2022_150mw_300mwh_soc10_90_v5,2,116,90.4318,-3.24911932
2026-05-25 19:07:24,20260525_190713_dk2022_150mw_300mwh_soc10_90_v5,2,117,90.4318,3.70309301
2026-05-25 19:07:24,20260525_190713_dk2022_150mw_300mwh_soc10_90_v5,2,118,90.4318,-3.24911932
2026-05-25 19:07:24,20260525_190713_dk2022_150mw_300mwh_soc10_90_v5,2,119,90.4318,-3.24911932
2026-05-25 19:07:24,20260525_190713_dk2022_150mw_300mwh_soc10_90_v5,2,120,90.4318,-3.24911932
2026-05-25 19:07:24,20260525_190713_dk2022_150mw_300mwh_soc10_90_v5,2,121,90.4318,0.0
2026-05-25 19:07:24,20260525_190713_dk2022_150mw_300mwh_soc10_90_v5,2,122,90.4318,0.0
2026-05-25 19:07:24,20260525_190713_dk2022_150mw_300mwh_soc10_90_v5,2,123,90.4318,0.0
2026-05-25 19:07:24,20260525_190713_dk2022_150mw_300mwh_soc10_90_v5,2,124,90.4318,3.70309301
2026-05-25 19:07:24,20260525_190713_dk2022_150mw_300mwh_soc10_90_v5,2,125,90.4318,-3.24911932
2026-05-25 19:07:24,20260525_190713_dk2022_150mw_300mwh_soc10_90_v5,2,126,90.4318,0.0
2026-05-25 19:07:24,20260525_190713_dk2022_150mw_300mwh_soc10_90_v5,2,127,90.4318,3.70309301
2026-05-25 19:07:24,20260525_190713_dk2022_150mw_300mwh_soc10_90_v5,2,128,90.4318,0.0
2026-05-25 19:07:24,20260525_190713_dk2022_150mw_300mwh_soc10_90_v5,2,129,90.4318,0.0
2026-05-25 19:07:24,20260525_190713_dk2022_150mw_300mwh_soc10_90_v5,2,130,90.4318,0.0
2026-05-25 19:07:24,20260525_190713_dk2022_150mw_300mwh_soc10_90_v5,2,131,90.4318,0.0
2026-05-25 19:07:24,20260525_190713_dk2022_150mw_300mwh_soc10_90_v5,2,132,90.4318,-3.24911932
2026-05-25 19:07:24,20260525_190713_dk2022_150mw_300mwh_soc10_90_v5,2,133,90.4318,0.0
2026-05-25 19:07:24,20260525_190713_dk2022_150mw_300mwh_soc10_90_v5,2,134,90.4318,0.0
2026-05-25 19:07:24,20260525_190713_dk2022_150mw_300mwh_soc10_90_v5,2,135,90.4318,3.70309301
2026-05-25 19:07:24,20260525_190713_dk2022_150mw_300mwh_soc10_90_v5,2,136,90.4318,3.70309301
2026-05-25 19:07:24,20260525_190713_dk2022_150mw_300mwh_soc10_90_v5,2,137,90.4318,3.70309301
2026-05-25 19:07:24,20260525_190713_dk2022_150mw_300mwh_soc10_90_v5,2,138,90.4318,0.0
2026-05-25 19:07:24,20260525_190713_dk2022_150mw_300mwh_soc10_90_v5,2,139,90.4318,0.0
2026-05-25 19:07:24,20260525_190713_dk2022_150mw_300mwh_soc10_90_v5,2,140,90.4318,0.0
2026-05-25 19:07:24,20260525_190713_dk2022_150mw_300mwh_soc10_90_v5,2,141,90.4318,0.0
2026-05-25 19:07:24,20260525_190713_dk2022_150mw_300mwh_soc10_90_v5,2,142,90.4318,-3.24911932
2026-05-25 19:07:24,20260525_190713_dk2022_150mw_300mwh_soc10_90_v5,2,143,90.4318,3.70309301
2026-05-25 19:07:24,20260525_190713_dk2022_150mw_300mwh_soc10_90_v5,2,144,90.4318,0.0
2026-05-25 19:07:24,20260525_190713_dk2022_150mw_300mwh_soc10_90_v5,2,145,90.4318,-3.24911932
2026-05-25 19:07:24,20260525_190713_dk2022_150mw_300mwh_soc10_90_v5,2,146,90.4318,-3.24911932
2026-05-25 19:07:24,20260525_190713_dk2022_150mw_300mwh_soc10_90_v5,2,147,90.4318,3.70309301
2026-05-25 19:07:24,20260525_190713_dk2022_150mw_300mwh_soc10_90_v5,2,148,90.4318,-3.24911932
2026-05-25 19:07:24,20260525_190713_dk2022_150mw_300mwh_soc10_90_v5,2,149,90.4318,3.70309301
2026-05-25 19:07:24,20260525_190713_dk2022_150mw_300mwh_soc10_90_v5,2,150,90.4318,-3.24911932
2026-05-25 19:07:24,20260525_190713_dk2022_150mw_300mwh_soc10_90_v5,2,151,90.4318,0.0
2026-05-25 19:07:24,20260525_190713_dk2022_150mw_300mwh_soc10_90_v5,2,152,90.4318,3.70309301
2026-05-25 19:07:24,20260525_190713_dk2022_150mw_300mwh_soc10_90_v5,2,153,90.4318,-3.24911932
2026-05-25 19:07:24,20260525_190713_dk2022_150mw_300mwh_soc10_90_v5,2,154,90.4318,3.70309301
2026-05-25 19:07:24,20260525_190713_dk2022_150mw_300mwh_soc10_90_v5,2,155,90.4318,0.0
2026-05-25 19:07:24,20260525_190713_dk2022_150mw_300mwh_soc10_90_v5,2,156,90.4318,0.0
2026-05-25 19:07:24,20260525_190713_dk2022_150mw_300mwh_soc10_90_v5,2,157,90.4318,-3.24911932
2026-05-25 19:07:24,20260525_190713_dk2022_150mw_300mwh_soc10_90_v5,2,158,90.4318,0.0
2026-05-25 19:07:24,20260525_190713_dk2022_150mw_300mwh_soc10_90_v5,2,159,90.4318,0.0
2026-05-25 19:07:24,20260525_190713_dk2022_150mw_300mwh_soc10_90_v5,2,160,90.4318,3.70309301
2026-05-25 19:07:24,20260525_190713_dk2022_150mw_300mwh_soc10_90_v5,2,161,90.4318,3.70309301
2026-05-25 19:07:24,20260525_190713_dk2022_150mw_300mwh_soc10_90_v5,2,162,90.4318,0.0
2026-05-25 19:07:24,20260525_190713_dk2022_150mw_300mwh_soc10_90_v5,2,163,90.4318,0.0
2026-05-25 19:07:24,20260525_190713_dk2022_150mw_300mwh_soc10_90_v5,2,164,90.4318,0.0
2026-05-25 19:07:24,20260525_190713_dk2022_150mw_300mwh_soc10_90_v5,2,165,90.4318,0.0
2026-05-25 19:07:24,20260525_190713_dk2022_150mw_300mwh_soc10_90_v5,2,166,90.4318,-3.24911932
2026-05-25 19:07:24,20260525_190713_dk2022_150mw_300mwh_soc10_90_v5,2,167,90.4318,3.70309301
2026-05-25 19:07:24,20260525_190713_dk2022_150mw_300mwh_soc10_90_v5,2,168,90.4318,0.0
2026-05-25 19:07:24,20260525_190713_dk2022_150mw_300mwh_soc10_90_v5,2,169,90.4318,-3.24911932
2026-05-25 19:07:24,20260525_190713_dk2022_150mw_300mwh_soc10_90_v5,2,170,90.4318,-3.24911932
2026-05-25 19:07:24,20260525_190713_dk2022_150mw_300mwh_soc10_90_v5,2,171,90.4318,3.70309301
2026-05-25 19:07:24,20260525_190713_dk2022_150mw_300mwh_soc10_90_v5,2,172,90.4318,0.0
2026-05-25 19:07:24,20260525_190713_dk2022_150mw_300mwh_soc10_90_v5,2,173,90.4318,-3.24911932
2026-05-25 19:07:24,20260525_190713_dk2022_150mw_300mwh_soc10_90_v5,2,174,90.4318,0.0
2026-05-25 19:07:24,20260525_190713_dk2022_150mw_300mwh_soc10_90_v5,2,175,90.4318,3.70309301
2026-05-25 19:07:24,20260525_190713_dk2022_150mw_300mwh_soc10_90_v5,2,176,90.4318,0.0
2026-05-25 19:07:24,20260525_190713_dk2022_150mw_300mwh_soc10_90_v5,2,177,90.4318,0.0
2026-05-25 19:07:24,20260525_190713_dk2022_150mw_300mwh_soc10_90_v5,2,178,90.4318,0.0
2026-05-25 19:07:24,20260525_190713_dk2022_150mw_300mwh_soc10_90_v5,2,179,90.4318,0.0
2026-05-25 19:07:24,20260525_190713_dk2022_150mw_300mwh_soc10_90_v5,2,180,90.4318,0.0
2026-05-25 19:07:24,20260525_190713_dk2022_150mw_300mwh_soc10_90_v5,2,181,90.4318,0.0
2026-05-25 19:07:24,20260525_190713_dk2022_150mw_300mwh_soc10_90_v5,2,182,90.4318,0.0
2026-05-25 19:07:24,20260525_190713_dk2022_150mw_300mwh_soc10_90_v5,2,183,90.4318,0.0
2026-05-25 19:07:24,20260525_190713_dk2022_150mw_300mwh_soc10_90_v5,2,184,90.4318,3.70309301
2026-05-25 19:07:24,20260525_190713_dk2022_150mw_300mwh_soc10_90_v5,2,185,90.4318,3.70309301
2026-05-25 19:07:24,20260525_190713_dk2022_150mw_300mwh_soc10_90_v5,2,186,90.4318,0.0
2026-05-25 19:07:24,20260525_190713_dk2022_150mw_300mwh_soc10_90_v5,2,187,90.4318,-3.24911932
2026-05-25 19:07:24,20260525_190713_dk2022_150mw_300mwh_soc10_90_v5,2,188,90.4318,0.0
2026-05-25 19:07:24,20260525_190713_dk2022_150mw_300mwh_soc10_90_v5,2,189,90.4318,3.70309301
2026-05-25 19:07:24,20260525_190713_dk2022_150mw_300mwh_soc10_90_v5,2,190,90.4318,0.0
2026-05-25 19:07:24,20260525_190713_dk2022_150mw_300mwh_soc10_90_v5,2,191,90.4318,0.0
2026-05-25 19:07:24,20260525_190713_dk2022_150mw_300mwh_soc10_90_v5,2,192,90.4318,0.0
2026-05-25 19:07:24,20260525_190713_dk2022_150mw_300mwh_soc10_90_v5,2,193,90.4318,0.0
2026-05-25 19:07:24,20260525_190713_dk2022_150mw_300mwh_soc10_90_v5,2,194,90.4318,0.0
2026-05-25 19:07:24,20260525_190713_dk2022_150mw_300mwh_soc10_90_v5,2,195,90.4318,-3.24911932
2026-05-25 19:07:24,20260525_190713_dk2022_150mw_300mwh_soc10_90_v5,2,196,90.4318,-3.24911932
2026-05-25 19:07:24,20260525_190713_dk2022_150mw_300mwh_soc10_90_v5,2,197,90.4318,0.0
2026-05-25 19:07:24,20260525_190713_dk2022_150mw_300mwh_soc10_90_v5,2,198,90.4318,0.0
2026-05-25 19:07:24,20260525_190713_dk2022_150mw_300mwh_soc10_90_v5,2,199,90.4318,0.0
2026-05-25 19:07:24,20260525_190713_dk2022_150mw_300mwh_soc10_90_v5,2,200,90.4318,0.0
2026-05-25 19:07:24,20260525_190713_dk2022_150mw_300mwh_soc10_90_v5,2,201,90.4318,0.0
2026-05-25 19:07:24,20260525_190713_dk2022_150mw_300mwh_soc10_90_v5,2,202,90.4318,0.0
2026-05-25 19:07:24,20260525_190713_dk2022_150mw_300mwh_soc10_90_v5,2,203,90.4318,3.70309301
2026-05-25 19:07:24,20260525_190713_dk2022_150mw_300mwh_soc10_90_v5,2,204,90.4318,-3.24911932
2026-05-25 19:07:24,20260525_190713_dk2022_150mw_300mwh_soc10_90_v5,2,205,90.4318,0.0
2026-05-25 19:07:24,20260525_190713_dk2022_150mw_300mwh_soc10_90_v5,2,206,90.4318,0.0
2026-05-25 19:07:24,20260525_190713_dk2022_150mw_300mwh_soc10_90_v5,2,207,90.4318,0.0
2026-05-25 19:07:24,20260525_190713_dk2022_150mw_300mwh_soc10_90_v5,2,208,90.4318,3.70309301
2026-05-25 19:07:24,20260525_190713_dk2022_150mw_300mwh_soc10_90_v5,2,209,90.4318,3.70309301
2026-05-25 19:07:24,20260525_190713_dk2022_150mw_300mwh_soc10_90_v5,2,210,90.4318,3.70309301
2026-05-25 19:07:24,20260525_190713_dk2022_150mw_300mwh_soc10_90_v5,2,211,90.4318,-3.24911932
2026-05-25 19:07:24,20260525_190713_dk2022_150mw_300mwh_soc10_90_v5,2,212,90.4318,3.70309301
2026-05-25 19:07:24,20260525_190713_dk2022_150mw_300mwh_soc10_90_v5,2,213,90.4318,0.0
2026-05-25 19:07:24,20260525_190713_dk2022_150mw_300mwh_soc10_90_v5,2,214,90.4318,0.0
2026-05-25 19:07:24,20260525_190713_dk2022_150mw_300mwh_soc10_90_v5,2,215,90.4318,0.0
2026-05-25 19:07:24,20260525_190713_dk2022_150mw_300mwh_soc10_90_v5,2,216,90.4318,-3.24911932
2026-05-25 19:07:24,20260525_190713_dk2022_150mw_300mwh_soc10_90_v5,2,217,90.4318,-3.24911932
2026-05-25 19:07:24,20260525_190713_dk2022_150mw_300mwh_soc10_90_v5,2,218,90.4318,-3.24911932
2026-05-25 19:07:24,20260525_190713_dk2022_150mw_300mwh_soc10_90_v5,2,219,90.4318,0.0
2026-05-25 19:07:24,20260525_190713_dk2022_150mw_300mwh_soc10_90_v5,2,220,90.4318,0.0
2026-05-25 19:07:24,20260525_190713_dk2022_150mw_300mwh_soc10_90_v5,2,221,90.4318,0.0
2026-05-25 19:07:24,20260525_190713_dk2022_150mw_300mwh_soc10_90_v5,2,222,90.4318,3.70309301
2026-05-25 19:07:24,20260525_190713_dk2022_150mw_300mwh_soc10_90_v5,2,223,90.4318,3.70309301
2026-05-25 19:07:24,20260525_190713_dk2022_150mw_300mwh_soc10_90_v5,2,224,90.4318,3.70309301
2026-05-25 19:07:24,20260525_190713_dk2022_150mw_300mwh_soc10_90_v5,2,225,90.4318,0.0
2026-05-25 19:07:24,20260525_190713_dk2022_150mw_300mwh_soc10_90_v5,2,226,90.4318,0.0
2026-05-25 19:07:24,20260525_190713_dk2022_150mw_300mwh_soc10_90_v5,2,227,90.4318,0.0
2026-05-25 19:07:24,20260525_190713_dk2022_150mw_300mwh_soc10_90_v5,2,228,90.4318,0.0
2026-05-25 19:07:24,20260525_190713_dk2022_150mw_300mwh_soc10_90_v5,2,229,90.4318,0.0
2026-05-25 19:07:24,20260525_190713_dk2022_150mw_300mwh_soc10_90_v5,2,230,90.4318,0.0
2026-05-25 19:07:24,20260525_190713_dk2022_150mw_300mwh_soc10_90_v5,2,231,90.4318,0.0
2026-05-25 19:07:24,20260525_190713_dk2022_150mw_300mwh_soc10_90_v5,2,232,90.4318,0.0
2026-05-25 19:07:24,20260525_190713_dk2022_150mw_300mwh_soc10_90_v5,2,233,90.4318,0.0
2026-05-25 19:07:24,20260525_190713_dk2022_150mw_300mwh_soc10_90_v5,2,234,90.4318,3.70309301
2026-05-25 19:07:24,20260525_190713_dk2022_150mw_300mwh_soc10_90_v5,2,235,90.4318,0.0
2026-05-25 19:07:24,20260525_190713_dk2022_150mw_300mwh_soc10_90_v5,2,236,90.4318,-3.24911932
2026-05-25 19:07:24,20260525_190713_dk2022_150mw_300mwh_soc10_90_v5,2,237,90.4318,3.70309301
2026-05-25 19:07:24,20260525_190713_dk2022_150mw_300mwh_soc10_90_v5,2,238,90.4318,-3.24911932
2026-05-25 19:07:24,20260525_190713_dk2022_150mw_300mwh_soc10_90_v5,2,239,90.4318,3.70309301
2026-05-25 19:07:24,20260525_190713_dk2022_150mw_300mwh_soc10_90_v5,2,240,90.4318,0.0
2026-05-25 19:07:24,20260525_190713_dk2022_150mw_300mwh_soc10_90_v5,2,241,90.4318,-3.24911932
2026-05-25 19:07:24,20260525_190713_dk2022_150mw_300mwh_soc10_90_v5,2,242,90.4318,-3.24911932
2026-05-25 19:07:24,20260525_190713_dk2022_150mw_300mwh_soc10_90_v5,2,243,90.4318,-3.24911932
2026-05-25 19:07:24,20260525_190713_dk2022_150mw_300mwh_soc10_90_v5,2,244,90.4318,3.70309301
2026-05-25 19:07:24,20260525_190713_dk2022_150mw_300mwh_soc10_90_v5,2,245,90.4318,0.0
2026-05-25 19:07:24,20260525_190713_dk2022_150mw_300mwh_soc10_90_v5,2,246,90.4318,0.0
2026-05-25 19:07:24,20260525_190713_dk2022_150mw_300mwh_soc10_90_v5,2,247,90.4318,0.0
2026-05-25 19:07:24,20260525_190713_dk2022_150mw_300mwh_soc10_90_v5,2,248,90.4318,0.0
2026-05-25 19:07:24,20260525_190713_dk2022_150mw_300mwh_soc10_90_v5,2,249,90.4318,0.0
2026-05-25 19:07:24,20260525_190713_dk2022_150mw_300mwh_soc10_90_v5,2,250,90.4318,0.0
2026-05-25 19:07:24,20260525_190713_dk2022_150mw_300mwh_soc10_90_v5,2,251,90.4318,0.0
2026-05-25 19:07:24,20260525_190713_dk2022_150mw_300mwh_soc10_90_v5,2,252,90.4318,0.0
2026-05-25 19:07:24,20260525_190713_dk2022_150mw_300mwh_soc10_90_v5,2,253,90.4318,0.0
2026-05-25 19:07:24,20260525_190713_dk2022_150mw_300mwh_soc10_90_v5,2,254,90.4318,0.0
2026-05-25 19:07:24,20260525_190713_dk2022_150mw_300mwh_soc10_90_v5,2,255,90.4318,0.0
2026-05-25 19:07:24,20260525_190713_dk2022_150mw_300mwh_soc10_90_v5,2,256,90.4318,3.70309301
2026-05-25 19:07:24,20260525_190713_dk2022_150mw_300mwh_soc10_90_v5,2,257,90.4318,3.70309301
2026-05-25 19:07:24,20260525_190713_dk2022_150mw_300mwh_soc10_90_v5,2,258,90.4318,0.0
2026-05-25 19:07:24,20260525_190713_dk2022_150mw_300mwh_soc10_90_v5,2,259,90.4318,0.0
2026-05-25 19:07:24,20260525_190713_dk2022_150mw_300mwh_soc10_90_v5,2,260,90.4318,0.0
2026-05-25 19:07:24,20260525_190713_dk2022_150mw_300mwh_soc10_90_v5,2,261,90.4318,0.0
2026-05-25 19:07:24,20260525_190713_dk2022_150mw_300mwh_soc10_90_v5,2,262,90.4318,0.0
2026-05-25 19:07:24,20260525_190713_dk2022_150mw_300mwh_soc10_90_v5,2,263,90.4318,3.70309301
2026-05-25 19:07:24,20260525_190713_dk2022_150mw_300mwh_soc10_90_v5,2,264,90.4318,0.0
2026-05-25 19:07:24,20260525_190713_dk2022_150mw_300mwh_soc10_90_v5,2,265,90.4318,0.0
2026-05-25 19:07:24,20260525_190713_dk2022_150mw_300mwh_soc10_90_v5,2,266,90.4318,-3.24911932
2026-05-25 19:07:24,20260525_190713_dk2022_150mw_300mwh_soc10_90_v5,2,267,90.4318,0.0
2026-05-25 19:07:24,20260525_190713_dk2022_150mw_300mwh_soc10_90_v5,2,268,90.4318,0.0
2026-05-25 19:07:24,20260525_190713_dk2022_150mw_300mwh_soc10_90_v5,2,269,90.4318,0.0
2026-05-25 19:07:24,20260525_190713_dk2022_150mw_300mwh_soc10_90_v5,2,270,90.4318,0.0
2026-05-25 19:07:24,20260525_190713_dk2022_150mw_300mwh_soc10_90_v5,2,271,90.4318,0.0
2026-05-25 19:07:24,20260525_190713_dk2022_150mw_300mwh_soc10_90_v5,2,272,90.4318,0.0
2026-05-25 19:07:24,20260525_190713_dk2022_150mw_300mwh_soc10_90_v5,2,273,90.4318,0.0
2026-05-25 19:07:24,20260525_190713_dk2022_150mw_300mwh_soc10_90_v5,2,274,90.4318,0.0
2026-05-25 19:07:24,20260525_190713_dk2022_150mw_300mwh_soc10_90_v5,2,275,90.4318,3.70309301
2026-05-25 19:07:24,20260525_190713_dk2022_150mw_300mwh_soc10_90_v5,2,276,90.4318,0.0
2026-05-25 19:07:24,20260525_190713_dk2022_150mw_300mwh_soc10_90_v5,2,277,90.4318,0.0
2026-05-25 19:07:24,20260525_190713_dk2022_150mw_300mwh_soc10_90_v5,2,278,90.4318,-3.24911932
2026-05-25 19:07:24,20260525_190713_dk2022_150mw_300mwh_soc10_90_v5,2,279,90.4318,0.0
2026-05-25 19:07:24,20260525_190713_dk2022_150mw_300mwh_soc10_90_v5,2,280,90.4318,3.70309301
2026-05-25 19:07:24,20260525_190713_dk2022_150mw_300mwh_soc10_90_v5,2,281,90.4318,0.0
2026-05-25 19:07:24,20260525_190713_dk2022_150mw_300mwh_soc10_90_v5,2,282,90.4318,0.0
2026-05-25 19:07:24,20260525_190713_dk2022_150mw_300mwh_soc10_90_v5,2,283,90.4318,-3.24911932
2026-05-25 19:07:24,20260525_190713_dk2022_150mw_300mwh_soc10_90_v5,2,284,90.4318,3.70309301
2026-05-25 19:07:24,20260525_190713_dk2022_150mw_300mwh_soc10_90_v5,2,285,90.4318,0.0
2026-05-25 19:07:24,20260525_190713_dk2022_150mw_300mwh_soc10_90_v5,2,286,90.4318,0.0
2026-05-25 19:07:24,20260525_190713_dk2022_150mw_300mwh_soc10_90_v5,2,287,90.4318,0.0
2026-05-25 19:07:24,20260525_190713_dk2022_150mw_300mwh_soc10_90_v5,2,288,90.4318,-3.24911932
2026-05-25 19:07:24,20260525_190713_dk2022_150mw_300mwh_soc10_90_v5,2,289,90.4318,-3.24911932
2026-05-25 19:07:24,20260525_190713_dk2022_150mw_300mwh_soc10_90_v5,2,290,90.4318,-3.24911932
2026-05-25 19:07:24,20260525_190713_dk2022_150mw_300mwh_soc10_90_v5,2,291,90.4318,0.0
2026-05-25 19:07:24,20260525_190713_dk2022_150mw_300mwh_soc10_90_v5,2,292,90.4318,0.0
2026-05-25 19:07:24,20260525_190713_dk2022_150mw_300mwh_soc10_90_v5,2,293,90.4318,0.0
2026-05-25 19:07:24,20260525_190713_dk2022_150mw_300mwh_soc10_90_v5,2,294,90.4318,0.0
2026-05-25 19:07:24,20260525_190713_dk2022_150mw_300mwh_soc10_90_v5,2,295,90.4318,3.70309301
2026-05-25 19:07:24,20260525_190713_dk2022_150mw_300mwh_soc10_90_v5,2,296,90.4318,3.70309301
2026-05-25 19:07:24,20260525_190713_dk2022_150mw_300mwh_soc10_90_v5,2,297,90.4318,0.0
2026-05-25 19:07:24,20260525_190713_dk2022_150mw_300mwh_soc10_90_v5,2,298,90.4318,3.70309301
2026-05-25 19:07:24,20260525_190713_dk2022_150mw_300mwh_soc10_90_v5,2,299,90.4318,0.0
2026-05-25 19:07:24,20260525_190713_dk2022_150mw_300mwh_soc10_90_v5,2,300,90.4318,-3.24911932
2026-05-25 19:07:24,20260525_190713_dk2022_150mw_300mwh_soc10_90_v5,2,301,90.4318,-3.24911932
2026-05-25 19:07:24,20260525_190713_dk2022_150mw_300mwh_soc10_90_v5,2,302,90.4318,0.0
2026-05-25 19:07:24,20260525_190713_dk2022_150mw_300mwh_soc10_90_v5,2,303,90.4318,0.0
2026-05-25 19:07:24,20260525_190713_dk2022_150mw_300mwh_soc10_90_v5,2,304,90.4318,3.70309301
2026-05-25 19:07:24,20260525_190713_dk2022_150mw_300mwh_soc10_90_v5,2,305,90.4318,3.70309301
2026-05-25 19:07:24,20260525_190713_dk2022_150mw_300mwh_soc10_90_v5,2,306,90.4318,0.0
2026-05-25 19:07:24,20260525_190713_dk2022_150mw_300mwh_soc10_90_v5,2,307,90.4318,0.0
2026-05-25 19:07:24,20260525_190713_dk2022_150mw_300mwh_soc10_90_v5,2,308,90.4318,0.0
2026-05-25 19:07:24,20260525_190713_dk2022_150mw_300mwh_soc10_90_v5,2,309,90.4318,0.0
2026-05-25 19:07:24,20260525_190713_dk2022_150mw_300mwh_soc10_90_v5,2,310,90.4318,-3.24911932
2026-05-25 19:07:24,20260525_190713_dk2022_150mw_300mwh_soc10_90_v5,2,311,90.4318,0.0
2026-05-25 19:07:24,20260525_190713_dk2022_150mw_300mwh_soc10_90_v5,2,312,90.4318,0.0
2026-05-25 19:07:24,20260525_190713_dk2022_150mw_300mwh_soc10_90_v5,2,313,90.4318,0.0
2026-05-25 19:07:24,20260525_190713_dk2022_150mw_300mwh_soc10_90_v5,2,314,90.4318,0.0
2026-05-25 19:07:24,20260525_190713_dk2022_150mw_300mwh_soc10_90_v5,2,315,90.4318,-3.24911932
2026-05-25 19:07:24,20260525_190713_dk2022_150mw_300mwh_soc10_90_v5,2,316,90.4318,0.0
2026-05-25 19:07:24,20260525_190713_dk2022_150mw_300mwh_soc10_90_v5,2,317,90.4318,0.0
2026-05-25 19:07:24,20260525_190713_dk2022_150mw_300mwh_soc10_90_v5,2,318,90.4318,0.0
2026-05-25 19:07:24,20260525_190713_dk2022_150mw_300mwh_soc10_90_v5,2,319,90.4318,0.0
2026-05-25 19:07:24,20260525_190713_dk2022_150mw_300mwh_soc10_90_v5,2,320,90.4318,0.0
2026-05-25 19:07:24,20260525_190713_dk2022_150mw_300mwh_soc10_90_v5,2,321,90.4318,0.0
2026-05-25 19:07:24,20260525_190713_dk2022_150mw_300mwh_soc10_90_v5,2,322,90.4318,0.0
2026-05-25 19:07:24,20260525_190713_dk2022_150mw_300mwh_soc10_90_v5,2,323,90.4318,0.0
2026-05-25 19:07:24,20260525_190713_dk2022_150mw_300mwh_soc10_90_v5,2,324,90.4318,0.0
2026-05-25 19:07:24,20260525_190713_dk2022_150mw_300mwh_soc10_90_v5,2,325,90.4318,0.0
2026-05-25 19:07:24,20260525_190713_dk2022_150mw_300mwh_soc10_90_v5,2,326,90.4318,0.0
2026-05-25 19:07:24,20260525_190713_dk2022_150mw_300mwh_soc10_90_v5,2,327,90.4318,0.0
2026-05-25 19:07:24,20260525_190713_dk2022_150mw_300mwh_soc10_90_v5,2,328,90.4318,3.70309301
2026-05-25 19:07:24,20260525_190713_dk2022_150mw_300mwh_soc10_90_v5,2,329,90.4318,0.0
2026-05-25 19:07:24,20260525_190713_dk2022_150mw_300mwh_soc10_90_v5,2,330,90.4318,0.0
2026-05-25 19:07:24,20260525_190713_dk2022_150mw_300mwh_soc10_90_v5,2,331,90.4318,-3.24911932
2026-05-25 19:07:24,20260525_190713_dk2022_150mw_300mwh_soc10_90_v5,2,332,90.4318,3.70309301
2026-05-25 19:07:24,20260525_190713_dk2022_150mw_300mwh_soc10_90_v5,2,333,90.4318,0.0
2026-05-25 19:07:24,20260525_190713_dk2022_150mw_300mwh_soc10_90_v5,2,334,90.4318,0.0
2026-05-25 19:07:24,20260525_190713_dk2022_150mw_300mwh_soc10_90_v5,2,335,90.4318,0.0
2026-05-25 19:07:24,20260525_190713_dk2022_150mw_300mwh_soc10_90_v5,2,336,90.4318,0.0
2026-05-25 19:07:24,20260525_190713_dk2022_150mw_300mwh_soc10_90_v5,2,337,90.4318,-3.24911932
2026-05-25 19:07:24,20260525_190713_dk2022_150mw_300mwh_soc10_90_v5,2,338,90.4318,0.0
2026-05-25 19:07:24,20260525_190713_dk2022_150mw_300mwh_soc10_90_v5,2,339,90.4318,0.0
2026-05-25 19:07:24,20260525_190713_dk2022_150mw_300mwh_soc10_90_v5,2,340,90.4318,0.0
2026-05-25 19:07:24,20260525_190713_dk2022_150mw_300mwh_soc10_90_v5,2,341,90.4318,0.0
2026-05-25 19:07:24,20260525_190713_dk2022_150mw_300mwh_soc10_90_v5,2,342,90.4318,0.0
2026-05-25 19:07:24,20260525_190713_dk2022_150mw_300mwh_soc10_90_v5,2,343,90.4318,0.0
2026-05-25 19:07:24,20260525_190713_dk2022_150mw_300mwh_soc10_90_v5,2,344,90.4318,3.70309301
2026-05-25 19:07:24,20260525_190713_dk2022_150mw_300mwh_soc10_90_v5,2,345,90.4318,3.70309301
2026-05-25 19:07:24,20260525_190713_dk2022_150mw_300mwh_soc10_90_v5,2,346,90.4318,0.0
2026-05-25 19:07:24,20260525_190713_dk2022_150mw_300mwh_soc10_90_v5,2,347,90.4318,-3.24911932
2026-05-25 19:07:24,20260525_190713_dk2022_150mw_300mwh_soc10_90_v5,2,348,90.4318,-3.24911932
2026-05-25 19:07:24,20260525_190713_dk2022_150mw_300mwh_soc10_90_v5,2,349,90.4318,-3.24911932
2026-05-25 19:07:24,20260525_190713_dk2022_150mw_300mwh_soc10_90_v5,2,350,90.4318,-3.24911932
2026-05-25 19:07:24,20260525_190713_dk2022_150mw_300mwh_soc10_90_v5,2,351,90.4318,3.70309301
2026-05-25 19:07:24,20260525_190713_dk2022_150mw_300mwh_soc10_90_v5,2,352,90.4318,3.70309301
2026-05-25 19:07:24,20260525_190713_dk2022_150mw_300mwh_soc10_90_v5,2,353,90.4318,3.70309301
2026-05-25 19:07:24,20260525_190713_dk2022_150mw_300mwh_soc10_90_v5,2,354,90.4318,0.0
2026-05-25 19:07:24,20260525_190713_dk2022_150mw_300mwh_soc10_90_v5,2,355,90.4318,-3.24911932
2026-05-25 19:07:24,20260525_190713_dk2022_150mw_300mwh_soc10_90_v5,2,356,90.4318,3.70309301
2026-05-25 19:07:24,20260525_190713_dk2022_150mw_300mwh_soc10_90_v5,2,357,90.4318,0.0
2026-05-25 19:07:24,20260525_190713_dk2022_150mw_300mwh_soc10_90_v5,2,358,90.4318,0.0
2026-05-25 19:07:24,20260525_190713_dk2022_150mw_300mwh_soc10_90_v5,2,359,90.4318,0.0
2026-05-25 19:07:24,20260525_190713_dk2022_150mw_300mwh_soc10_90_v5,2,360,90.4318,0.0
2026-05-25 19:07:24,20260525_190713_dk2022_150mw_300mwh_soc10_90_v5,2,361,90.4318,0.0
2026-05-25 19:07:24,20260525_190713_dk2022_150mw_300mwh_soc10_90_v5,2,362,90.4318,0.0
2026-05-25 19:07:24,20260525_190713_dk2022_150mw_300mwh_soc10_90_v5,2,363,90.4318,0.0
2026-05-25 19:07:24,20260525_190713_dk2022_150mw_300mwh_soc10_90_v5,2,364,90.4318,0.0
2026-05-25 19:07:24,20260525_190713_dk2022_150mw_300mwh_soc10_90_v5,2,365,90.4318,-3.24911932
2026-05-25 19:07:24,20260525_190713_dk2022_150mw_300mwh_soc10_90_v5,2,366,90.4318,3.70309301
2026-05-25 19:07:24,20260525_190713_dk2022_150mw_300mwh_soc10_90_v5,2,367,90.4318,-3.24911932
2026-05-25 19:07:24,20260525_190713_dk2022_150mw_300mwh_soc10_90_v5,2,368,90.4318,0.0
2026-05-25 19:07:24,20260525_190713_dk2022_150mw_300mwh_soc10_90_v5,2,369,90.4318,0.0
2026-05-25 19:07:24,20260525_190713_dk2022_150mw_300mwh_soc10_90_v5,2,370,90.4318,0.0
2026-05-25 19:07:24,20260525_190713_dk2022_150mw_300mwh_soc10_90_v5,2,371,90.4318,3.70309301
2026-05-25 19:07:24,20260525_190713_dk2022_150mw_300mwh_soc10_90_v5,2,372,90.4318,0.0
2026-05-25 19:07:24,20260525_190713_dk2022_150mw_300mwh_soc10_90_v5,2,373,90.4318,0.0
2026-05-25 19:07:24,20260525_190713_dk2022_150mw_300mwh_soc10_90_v5,2,374,90.4318,0.0
2026-05-25 19:07:24,20260525_190713_dk2022_150mw_300mwh_soc10_90_v5,2,375,90.4318,0.0
2026-05-25 19:07:24,20260525_190713_dk2022_150mw_300mwh_soc10_90_v5,2,376,90.4318,0.0
2026-05-25 19:07:24,20260525_190713_dk2022_150mw_300mwh_soc10_90_v5,2,377,90.4318,0.0
2026-05-25 19:07:24,20260525_190713_dk2022_150mw_300mwh_soc10_90_v5,2,378,90.4318,0.0
2026-05-25 19:07:24,20260525_190713_dk2022_150mw_300mwh_soc10_90_v5,2,379,90.4318,0.0
2026-05-25 19:07:24,20260525_190713_dk2022_150mw_300mwh_soc10_90_v5,2,380,90.4318,0.0
2026-05-25 19:07:24,20260525_190713_dk2022_150mw_300mwh_soc10_90_v5,2,381,90.4318,0.0
2026-05-25 19:07:24,20260525_190713_dk2022_150mw_300mwh_soc10_90_v5,2,382,90.4318,-3.24911932
2026-05-25 19:07:24,20260525_190713_dk2022_150mw_300mwh_soc10_90_v5,2,383,90.4318,0.0
2026-05-25 19:07:24,20260525_190713_dk2022_150mw_300mwh_soc10_90_v5,2,384,90.4318,0.0
2026-05-25 19:07:24,20260525_190713_dk2022_150mw_300mwh_soc10_90_v5,2,385,90.4318,-3.24911932
2026-05-25 19:07:24,20260525_190713_dk2022_150mw_300mwh_soc10_90_v5,2,386,90.4318,-3.24911932
2026-05-25 19:07:24,20260525_190713_dk2022_150mw_300mwh_soc10_90_v5,2,387,90.4318,-3.24911932
2026-05-25 19:07:24,20260525_190713_dk2022_150mw_300mwh_soc10_90_v5,2,388,90.4318,0.0
2026-05-25 19:07:24,20260525_190713_dk2022_150mw_300mwh_soc10_90_v5,2,389,90.4318,0.0
2026-05-25 19:07:24,20260525_190713_dk2022_150mw_300mwh_soc10_90_v5,2,390,90.4318,0.0
2026-05-25 19:07:24,20260525_190713_dk2022_150mw_300mwh_soc10_90_v5,2,391,90.4318,0.0
2026-05-25 19:07:24,20260525_190713_dk2022_150mw_300mwh_soc10_90_v5,2,392,90.4318,0.0
2026-05-25 19:07:24,20260525_190713_dk2022_150mw_300mwh_soc10_90_v5,2,393,90.4318,0.0
2026-05-25 19:07:24,20260525_190713_dk2022_150mw_300mwh_soc10_90_v5,2,394,90.4318,0.0
2026-05-25 19:07:24,20260525_190713_dk2022_150mw_300mwh_soc10_90_v5,2,395,90.4318,0.0
2026-05-25 19:07:24,20260525_190713_dk2022_150mw_300mwh_soc10_90_v5,2,396,90.4318,0.0
2026-05-25 19:07:24,20260525_190713_dk2022_150mw_300mwh_soc10_90_v5,2,397,90.4318,0.0
2026-05-25 19:07:24,20260525_190713_dk2022_150mw_300mwh_soc10_90_v5,2,398,90.4318,0.0
2026-05-25 19:07:24,20260525_190713_dk2022_150mw_300mwh_soc10_90_v5,2,399,90.4318,3.70309301
2026-05-25 19:07:24,20260525_190713_dk2022_150mw_300mwh_soc10_90_v5,2,400,90.4318,0.0
2026-05-25 19:07:24,20260525_190713_dk2022_150mw_300mwh_soc10_90_v5,2,401,90.4318,0.0
2026-05-25 19:07:24,20260525_190713_dk2022_150mw_300mwh_soc10_90_v5,2,402,90.4318,-3.24911932
2026-05-25 19:07:24,20260525_190713_dk2022_150mw_300mwh_soc10_90_v5,2,403,90.4318,3.70309301
2026-05-25 19:07:24,20260525_190713_dk2022_150mw_300mwh_soc10_90_v5,2,404,90.4318,0.0
2026-05-25 19:07:24,20260525_190713_dk2022_150mw_300mwh_soc10_90_v5,2,405,90.4318,0.0
2026-05-25 19:07:24,20260525_190713_dk2022_150mw_300mwh_soc10_90_v5,2,406,90.4318,-3.24911932
2026-05-25 19:07:24,20260525_190713_dk2022_150mw_300mwh_soc10_90_v5,2,407,90.4318,3.70309301
2026-05-25 19:07:24,20260525_190713_dk2022_150mw_300mwh_soc10_90_v5,2,408,90.4318,0.0
2026-05-25 19:07:24,20260525_190713_dk2022_150mw_300mwh_soc10_90_v5,2,409,90.4318,0.0
2026-05-25 19:07:24,20260525_190713_dk2022_150mw_300mwh_soc10_90_v5,2,410,90.4318,0.0
2026-05-25 19:07:24,20260525_190713_dk2022_150mw_300mwh_soc10_90_v5,2,411,90.4318,-3.24911932
2026-05-25 19:07:24,20260525_190713_dk2022_150mw_300mwh_soc10_90_v5,2,412,90.4318,0.0
2026-05-25 19:07:24,20260525_190713_dk2022_150mw_300mwh_soc10_90_v5,2,413,90.4318,0.0
2026-05-25 19:07:24,20260525_190713_dk2022_150mw_300mwh_soc10_90_v5,2,414,90.4318,3.70309301
2026-05-25 19:07:24,20260525_190713_dk2022_150mw_300mwh_soc10_90_v5,2,415,90.4318,3.70309301
2026-05-25 19:07:24,20260525_190713_dk2022_150mw_300mwh_soc10_90_v5,2,416,90.4318,3.70309301
2026-05-25 19:07:24,20260525_190713_dk2022_150mw_300mwh_soc10_90_v5,2,417,90.4318,0.0
2026-05-25 19:07:24,20260525_190713_dk2022_150mw_300mwh_soc10_90_v5,2,418,90.4318,0.0
2026-05-25 19:07:24,20260525_190713_dk2022_150mw_300mwh_soc10_90_v5,2,419,90.4318,0.0
2026-05-25 19:07:24,20260525_190713_dk2022_150mw_300mwh_soc10_90_v5,2,420,90.4318,0.0
2026-05-25 19:07:24,20260525_190713_dk2022_150mw_300mwh_soc10_90_v5,2,421,90.4318,0.0
2026-05-25 19:07:24,20260525_190713_dk2022_150mw_300mwh_soc10_90_v5,2,422,90.4318,-3.24911932
2026-05-25 19:07:24,20260525_190713_dk2022_150mw_300mwh_soc10_90_v5,2,423,90.4318,0.0
2026-05-25 19:07:24,20260525_190713_dk2022_150mw_300mwh_soc10_90_v5,2,424,90.4318,3.70309301
2026-05-25 19:07:24,20260525_190713_dk2022_150mw_300mwh_soc10_90_v5,2,425,90.4318,0.0
2026-05-25 19:07:24,20260525_190713_dk2022_150mw_300mwh_soc10_90_v5,2,426,90.4318,0.0
2026-05-25 19:07:24,20260525_190713_dk2022_150mw_300mwh_soc10_90_v5,2,427,90.4318,-3.24911932
2026-05-25 19:07:24,20260525_190713_dk2022_150mw_300mwh_soc10_90_v5,2,428,90.4318,0.0
2026-05-25 19:07:24,20260525_190713_dk2022_150mw_300mwh_soc10_90_v5,2,429,90.4318,3.70309301
2026-05-25 19:07:24,20260525_190713_dk2022_150mw_300mwh_soc10_90_v5,2,430,90.4318,-3.24911932
2026-05-25 19:07:24,20260525_190713_dk2022_150mw_300mwh_soc10_90_v5,2,431,90.4318,0.0
2026-05-25 19:07:24,20260525_190713_dk2022_150mw_300mwh_soc10_90_v5,2,432,90.4318,3.70309301
2026-05-25 19:07:24,20260525_190713_dk2022_150mw_300mwh_soc10_90_v5,2,433,90.4318,0.0
2026-05-25 19:07:24,20260525_190713_dk2022_150mw_300mwh_soc10_90_v5,2,434,90.4318,0.0
2026-05-25 19:07:24,20260525_190713_dk2022_150mw_300mwh_soc10_90_v5,2,435,90.4318,0.0
2026-05-25 19:07:24,20260525_190713_dk2022_150mw_300mwh_soc10_90_v5,2,436,90.4318,0.0
2026-05-25 19:07:24,20260525_190713_dk2022_150mw_300mwh_soc10_90_v5,2,437,90.4318,0.0
2026-05-25 19:07:24,20260525_190713_dk2022_150mw_300mwh_soc10_90_v5,2,438,90.4318,0.0
2026-05-25 19:07:24,20260525_190713_dk2022_150mw_300mwh_soc10_90_v5,2,439,90.4318,0.0
2026-05-25 19:07:24,20260525_190713_dk2022_150mw_300mwh_soc10_90_v5,2,440,90.4318,0.0
2026-05-25 19:07:24,20260525_190713_dk2022_150mw_300mwh_soc10_90_v5,2,441,90.4318,0.0
2026-05-25 19:07:24,20260525_190713_dk2022_150mw_300mwh_soc10_90_v5,2,442,90.4318,0.0
2026-05-25 19:07:24,20260525_190713_dk2022_150mw_300mwh_soc10_90_v5,2,443,90.4318,0.0
2026-05-25 19:07:24,20260525_190713_dk2022_150mw_300mwh_soc10_90_v5,2,444,90.4318,0.0
2026-05-25 19:07:24,20260525_190713_dk2022_150mw_300mwh_soc10_90_v5,2,445,90.4318,0.0
2026-05-25 19:07:24,20260525_190713_dk2022_150mw_300mwh_soc10_90_v5,2,446,90.4318,0.0
2026-05-25 19:07:24,20260525_190713_dk2022_150mw_300mwh_soc10_90_v5,2,447,90.4318,0.0
2026-05-25 19:07:24,20260525_190713_dk2022_150mw_300mwh_soc10_90_v5,2,448,90.4318,0.0
2026-05-25 19:07:24,20260525_190713_dk2022_150mw_300mwh_soc10_90_v5,2,449,90.4318,0.0
2026-05-25 19:07:24,20260525_190713_dk2022_150mw_300mwh_soc10_90_v5,2,450,90.4318,0.0
2026-05-25 19:07:24,20260525_190713_dk2022_150mw_300mwh_soc10_90_v5,2,451,90.4318,0.0
2026-05-25 19:07:24,20260525_190713_dk2022_150mw_300mwh_soc10_90_v5,2,452,90.4318,0.0
2026-05-25 19:07:24,20260525_190713_dk2022_150mw_300mwh_soc10_90_v5,2,453,90.4318,0.0
2026-05-25 19:07:24,20260525_190713_dk2022_150mw_300mwh_soc10_90_v5,2,454,90.4318,0.0
2026-05-25 19:07:24,20260525_190713_dk2022_150mw_300mwh_soc10_90_v5,2,455,90.4318,0.0
2026-05-25 19:07:24,20260525_190713_dk2022_150mw_300mwh_soc10_90_v5,2,456,90.4318,-3.24911932
2026-05-25 19:07:24,20260525_190713_dk2022_150mw_300mwh_soc10_90_v5,2,457,90.4318,-3.24911932
2026-05-25 19:07:24,20260525_190713_dk2022_150mw_300mwh_soc10_90_v5,2,458,90.4318,-3.24911932
2026-05-25 19:07:24,20260525_190713_dk2022_150mw_300mwh_soc10_90_v5,2,459,90.4318,-3.24911932
2026-05-25 19:07:24,20260525_190713_dk2022_150mw_300mwh_soc10_90_v5,2,460,90.4318,0.0
2026-05-25 19:07:24,20260525_190713_dk2022_150mw_300mwh_soc10_90_v5,2,461,90.4318,0.0
2026-05-25 19:07:24,20260525_190713_dk2022_150mw_300mwh_soc10_90_v5,2,462,90.4318,0.0
2026-05-25 19:07:24,20260525_190713_dk2022_150mw_300mwh_soc10_90_v5,2,463,90.4318,0.0
2026-05-25 19:07:24,20260525_190713_dk2022_150mw_300mwh_soc10_90_v5,2,464,90.4318,0.0
2026-05-25 19:07:24,20260525_190713_dk2022_150mw_300mwh_soc10_90_v5,2,465,90.4318,0.0
2026-05-25 19:07:24,20260525_190713_dk2022_150mw_300mwh_soc10_90_v5,2,466,90.4318,0.0
2026-05-25 19:07:24,20260525_190713_dk2022_150mw_300mwh_soc10_90_v5,2,467,90.4318,0.0
2026-05-25 19:07:24,20260525_190713_dk2022_150mw_300mwh_soc10_90_v5,2,468,90.4318,0.0
2026-05-25 19:07:24,20260525_190713_dk2022_150mw_300mwh_soc10_90_v5,2,469,90.4318,0.0
2026-05-25 19:07:24,20260525_190713_dk2022_150mw_300mwh_soc10_90_v5,2,470,90.4318,0.0
2026-05-25 19:07:24,20260525_190713_dk2022_150mw_300mwh_soc10_90_v5,2,471,90.4318,3.70309301
2026-05-25 19:07:24,20260525_190713_dk2022_150mw_300mwh_soc10_90_v5,2,472,90.4318,3.70309301
2026-05-25 19:07:24,20260525_190713_dk2022_150mw_300mwh_soc10_90_v5,2,473,90.4318,3.70309301
2026-05-25 19:07:24,20260525_190713_dk2022_150mw_300mwh_soc10_90_v5,2,474,90.4318,3.70309301
2026-05-25 19:07:24,20260525_190713_dk2022_150mw_300mwh_soc10_90_v5,2,475,90.4318,-3.24911932
2026-05-25 19:07:24,20260525_190713_dk2022_150mw_300mwh_soc10_90_v5,2,476,90.4318,-3.24911932
2026-05-25 19:07:24,20260525_190713_dk2022_150mw_300mwh_soc10_90_v5,2,477,90.4318,3.70309301
2026-05-25 19:07:24,20260525_190713_dk2022_150mw_300mwh_soc10_90_v5,2,478,90.4318,-3.24911932
2026-05-25 19:07:24,20260525_190713_dk2022_150mw_300mwh_soc10_90_v5,2,479,90.4318,3.70309301
2026-05-25 19:07:24,20260525_190713_dk2022_150mw_300mwh_soc10_90_v5,2,480,90.4318,-3.24911932
2026-05-25 19:07:24,20260525_190713_dk2022_150mw_300mwh_soc10_90_v5,2,481,90.4318,0.0
2026-05-25 19:07:24,20260525_190713_dk2022_150mw_300mwh_soc10_90_v5,2,482,90.4318,0.0
2026-05-25 19:07:24,20260525_190713_dk2022_150mw_300mwh_soc10_90_v5,2,483,90.4318,3.70309301
2026-05-25 19:07:24,20260525_190713_dk2022_150mw_300mwh_soc10_90_v5,2,484,90.4318,0.0
2026-05-25 19:07:24,20260525_190713_dk2022_150mw_300mwh_soc10_90_v5,2,485,90.4318,-3.24911932
2026-05-25 19:07:24,20260525_190713_dk2022_150mw_300mwh_soc10_90_v5,2,486,90.4318,3.70309301
2026-05-25 19:07:24,20260525_190713_dk2022_150mw_300mwh_soc10_90_v5,2,487,90.4318,0.0
2026-05-25 19:07:24,20260525_190713_dk2022_150mw_300mwh_soc10_90_v5,2,488,90.4318,0.0
2026-05-25 19:07:24,20260525_190713_dk2022_150mw_300mwh_soc10_90_v5,2,489,90.4318,-3.24911932
2026-05-25 19:07:24,20260525_190713_dk2022_150mw_300mwh_soc10_90_v5,2,490,90.4318,3.70309301
2026-05-25 19:07:24,20260525_190713_dk2022_150mw_300mwh_soc10_90_v5,2,491,90.4318,0.0
2026-05-25 19:07:24,20260525_190713_dk2022_150mw_300mwh_soc10_90_v5,2,492,90.4318,3.70309301
2026-05-25 19:07:24,20260525_190713_dk2022_150mw_300mwh_soc10_90_v5,2,493,90.4318,0.0
2026-05-25 19:07:24,20260525_190713_dk2022_150mw_300mwh_soc10_90_v5,2,494,90.4318,0.0
2026-05-25 19:07:24,20260525_190713_dk2022_150mw_300mwh_soc10_90_v5,2,495,90.4318,-3.24911932
2026-05-25 19:07:24,20260525_190713_dk2022_150mw_300mwh_soc10_90_v5,2,496,90.4318,3.70309301
2026-05-25 19:07:24,20260525_190713_dk2022_150mw_300mwh_soc10_90_v5,2,497,90.4318,3.70309301
2026-05-25 19:07:24,20260525_190713_dk2022_150mw_300mwh_soc10_90_v5,2,498,90.4318,0.0
2026-05-25 19:07:24,20260525_190713_dk2022_150mw_300mwh_soc10_90_v5,2,499,90.4318,0.0
2026-05-25 19:07:24,20260525_190713_dk2022_150mw_300mwh_soc10_90_v5,2,500,90.4318,0.0
2026-05-25 19:07:24,20260525_190713_dk2022_150mw_300mwh_soc10_90_v5,2,501,90.4318,3.70309301
2026-05-25 19:07:24,20260525_190713_dk2022_150mw_300mwh_soc10_90_v5,2,502,90.4318,-3.24911932
2026-05-25 19:07:24,20260525_190713_dk2022_150mw_300mwh_soc10_90_v5,2,503,90.4318,3.70309301
2026-05-25 19:07:24,20260525_190713_dk2022_150mw_300mwh_soc10_90_v5,2,504,90.4318,-3.24911932
2026-05-25 19:07:24,20260525_190713_dk2022_150mw_300mwh_soc10_90_v5,2,505,90.4318,-3.24911932
2026-05-25 19:07:24,20260525_190713_dk2022_150mw_300mwh_soc10_90_v5,2,506,90.4318,0.0
2026-05-25 19:07:24,20260525_190713_dk2022_150mw_300mwh_soc10_90_v5,2,507,90.4318,0.0
2026-05-25 19:07:24,20260525_190713_dk2022_150mw_300mwh_soc10_90_v5,2,508,90.4318,-3.24911932
2026-05-25 19:07:24,20260525_190713_dk2022_150mw_300mwh_soc10_90_v5,2,509,90.4318,-3.24911932
2026-05-25 19:07:24,20260525_190713_dk2022_150mw_300mwh_soc10_90_v5,2,510,90.4318,0.0
2026-05-25 19:07:24,20260525_190713_dk2022_150mw_300mwh_soc10_90_v5,2,511,90.4318,3.70309301
2026-05-25 19:07:24,20260525_190713_dk2022_150mw_300mwh_soc10_90_v5,2,512,90.4318,0.0
2026-05-25 19:07:24,20260525_190713_dk2022_150mw_300mwh_soc10_90_v5,2,513,90.4318,3.70309301
2026-05-25 19:07:24,20260525_190713_dk2022_150mw_300mwh_soc10_90_v5,2,514,90.4318,3.70309301
2026-05-25 19:07:24,20260525_190713_dk2022_150mw_300mwh_soc10_90_v5,2,515,90.4318,3.70309301
2026-05-25 19:07:24,20260525_190713_dk2022_150mw_300mwh_soc10_90_v5,2,516,90.4318,0.0
2026-05-25 19:07:24,20260525_190713_dk2022_150mw_300mwh_soc10_90_v5,2,517,90.4318,-3.24911932
2026-05-25 19:07:24,20260525_190713_dk2022_150mw_300mwh_soc10_90_v5,2,518,90.4318,-3.24911932
2026-05-25 19:07:24,20260525_190713_dk2022_150mw_300mwh_soc10_90_v5,2,519,90.4318,0.0
2026-05-25 19:07:24,20260525_190713_dk2022_150mw_300mwh_soc10_90_v5,2,520,90.4318,3.70309301
2026-05-25 19:07:24,20260525_190713_dk2022_150mw_300mwh_soc10_90_v5,2,521,90.4318,3.70309301
2026-05-25 19:07:24,20260525_190713_dk2022_150mw_300mwh_soc10_90_v5,2,522,90.4318,0.0
2026-05-25 19:07:24,20260525_190713_dk2022_150mw_300mwh_soc10_90_v5,2,523,90.4318,0.0
2026-05-25 19:07:24,20260525_190713_dk2022_150mw_300mwh_soc10_90_v5,2,524,90.4318,0.0
2026-05-25 19:07:24,20260525_190713_dk2022_150mw_300mwh_soc10_90_v5,2,525,90.4318,0.0
2026-05-25 19:07:24,20260525_190713_dk2022_150mw_300mwh_soc10_90_v5,2,526,90.4318,0.0
2026-05-25 19:07:24,20260525_190713_dk2022_150mw_300mwh_soc10_90_v5,2,527,90.4318,0.0
2026-05-25 19:07:24,20260525_190713_dk2022_150mw_300mwh_soc10_90_v5,2,528,90.4318,-3.24911932
2026-05-25 19:07:24,20260525_190713_dk2022_150mw_300mwh_soc10_90_v5,2,529,90.4318,3.70309301
2026-05-25 19:07:24,20260525_190713_dk2022_150mw_300mwh_soc10_90_v5,2,530,90.4318,0.0
2026-05-25 19:07:24,20260525_190713_dk2022_150mw_300mwh_soc10_90_v5,2,531,90.4318,-3.24911932
2026-05-25 19:07:24,20260525_190713_dk2022_150mw_300mwh_soc10_90_v5,2,532,90.4318,0.0
2026-05-25 19:07:24,20260525_190713_dk2022_150mw_300mwh_soc10_90_v5,2,533,90.4318,0.0
2026-05-25 19:07:24,20260525_190713_dk2022_150mw_300mwh_soc10_90_v5,2,534,90.4318,0.0
2026-05-25 19:07:24,20260525_190713_dk2022_150mw_300mwh_soc10_90_v5,2,535,90.4318,0.0
2026-05-25 19:07:24,20260525_190713_dk2022_150mw_300mwh_soc10_90_v5,2,536,90.4318,0.0
2026-05-25 19:07:24,20260525_190713_dk2022_150mw_300mwh_soc10_90_v5,2,537,90.4318,0.0
2026-05-25 19:07:24,20260525_190713_dk2022_150mw_300mwh_soc10_90_v5,2,538,90.4318,0.0
2026-05-25 19:07:24,20260525_190713_dk2022_150mw_300mwh_soc10_90_v5,2,539,90.4318,0.0
2026-05-25 19:07:24,20260525_190713_dk2022_150mw_300mwh_soc10_90_v5,2,540,90.4318,0.0
2026-05-25 19:07:24,20260525_190713_dk2022_150mw_300mwh_soc10_90_v5,2,541,90.4318,0.0
2026-05-25 19:07:24,20260525_190713_dk2022_150mw_300mwh_soc10_90_v5,2,542,90.4318,0.0
2026-05-25 19:07:24,20260525_190713_dk2022_150mw_300mwh_soc10_90_v5,2,543,90.4318,0.0
2026-05-25 19:07:24,20260525_190713_dk2022_150mw_300mwh_soc10_90_v5,2,544,90.4318,0.0
2026-05-25 19:07:24,20260525_190713_dk2022_150mw_300mwh_soc10_90_v5,2,545,90.4318,0.0
2026-05-25 19:07:24,20260525_190713_dk2022_150mw_300mwh_soc10_90_v5,2,546,90.4318,0.0
2026-05-25 19:07:24,20260525_190713_dk2022_150mw_300mwh_soc10_90_v5,2,547,90.4318,0.0
2026-05-25 19:07:24,20260525_190713_dk2022_150mw_300mwh_soc10_90_v5,2,548,90.4318,0.0
2026-05-25 19:07:24,20260525_190713_dk2022_150mw_300mwh_soc10_90_v5,2,549,90.4318,0.0
2026-05-25 19:07:24,20260525_190713_dk2022_150mw_300mwh_soc10_90_v5,2,550,90.4318,3.70309301
2026-05-25 19:07:24,20260525_190713_dk2022_150mw_300mwh_soc10_90_v5,2,551,90.4318,-3.24911932
2026-05-25 19:07:24,20260525_190713_dk2022_150mw_300mwh_soc10_90_v5,2,552,90.4318,-3.24911932
2026-05-25 19:07:24,20260525_190713_dk2022_150mw_300mwh_soc10_90_v5,2,553,90.4318,0.0
2026-05-25 19:07:24,20260525_190713_dk2022_150mw_300mwh_soc10_90_v5,2,554,90.4318,0.0
2026-05-25 19:07:24,20260525_190713_dk2022_150mw_300mwh_soc10_90_v5,2,555,90.4318,-3.24911932
2026-05-25 19:07:24,20260525_190713_dk2022_150mw_300mwh_soc10_90_v5,2,556,90.4318,0.0
2026-05-25 19:07:24,20260525_190713_dk2022_150mw_300mwh_soc10_90_v5,2,557,90.4318,0.0
2026-05-25 19:07:24,20260525_190713_dk2022_150mw_300mwh_soc10_90_v5,2,558,90.4318,0.0
2026-05-25 19:07:24,20260525_190713_dk2022_150mw_300mwh_soc10_90_v5,2,559,90.4318,0.0
2026-05-25 19:07:24,20260525_190713_dk2022_150mw_300mwh_soc10_90_v5,2,560,90.4318,0.0
2026-05-25 19:07:24,20260525_190713_dk2022_150mw_300mwh_soc10_90_v5,2,561,90.4318,0.0
2026-05-25 19:07:24,20260525_190713_dk2022_150mw_300mwh_soc10_90_v5,2,562,90.4318,0.0
2026-05-25 19:07:24,20260525_190713_dk2022_150mw_300mwh_soc10_90_v5,2,563,90.4318,0.0
2026-05-25 19:07:24,20260525_190713_dk2022_150mw_300mwh_soc10_90_v5,2,564,90.4318,0.0
2026-05-25 19:07:24,20260525_190713_dk2022_150mw_300mwh_soc10_90_v5,2,565,90.4318,0.0
2026-05-25 19:07:24,20260525_190713_dk2022_150mw_300mwh_soc10_90_v5,2,566,90.4318,0.0
2026-05-25 19:07:24,20260525_190713_dk2022_150mw_300mwh_soc10_90_v5,2,567,90.4318,0.0
2026-05-25 19:07:24,20260525_190713_dk2022_150mw_300mwh_soc10_90_v5,2,568,90.4318,0.0
2026-05-25 19:07:24,20260525_190713_dk2022_150mw_300mwh_soc10_90_v5,2,569,90.4318,0.0
2026-05-25 19:07:24,20260525_190713_dk2022_150mw_300mwh_soc10_90_v5,2,570,90.4318,0.0
2026-05-25 19:07:24,20260525_190713_dk2022_150mw_300mwh_soc10_90_v5,2,571,90.4318,0.0
2026-05-25 19:07:24,20260525_190713_dk2022_150mw_300mwh_soc10_90_v5,2,572,90.4318,0.0
2026-05-25 19:07:24,20260525_190713_dk2022_150mw_300mwh_soc10_90_v5,2,573,90.4318,0.0
2026-05-25 19:07:24,20260525_190713_dk2022_150mw_300mwh_soc10_90_v5,2,574,90.4318,-3.24911932
2026-05-25 19:07:24,20260525_190713_dk2022_150mw_300mwh_soc10_90_v5,2,575,90.4318,3.70309301
2026-05-25 19:07:24,20260525_190713_dk2022_150mw_300mwh_soc10_90_v5,2,576,90.4318,-3.24911932
2026-05-25 19:07:24,20260525_190713_dk2022_150mw_300mwh_soc10_90_v5,2,577,90.4318,0.0
2026-05-25 19:07:24,20260525_190713_dk2022_150mw_300mwh_soc10_90_v5,2,578,90.4318,0.0
2026-05-25 19:07:24,20260525_190713_dk2022_150mw_300mwh_soc10_90_v5,2,579,90.4318,0.0
2026-05-25 19:07:24,20260525_190713_dk2022_150mw_300mwh_soc10_90_v5,2,580,90.4318,3.70309301
2026-05-25 19:07:24,20260525_190713_dk2022_150mw_300mwh_soc10_90_v5,2,581,90.4318,-3.24911932
2026-05-25 19:07:24,20260525_190713_dk2022_150mw_300mwh_soc10_90_v5,2,582,90.4318,0.0
2026-05-25 19:07:24,20260525_190713_dk2022_150mw_300mwh_soc10_90_v5,2,583,90.4318,0.0
2026-05-25 19:07:24,20260525_190713_dk2022_150mw_300mwh_soc10_90_v5,2,584,90.4318,3.70309301
2026-05-25 19:07:24,20260525_190713_dk2022_150mw_300mwh_soc10_90_v5,2,585,90.4318,0.0
2026-05-25 19:07:24,20260525_190713_dk2022_150mw_300mwh_soc10_90_v5,2,586,90.4318,0.0
2026-05-25 19:07:24,20260525_190713_dk2022_150mw_300mwh_soc10_90_v5,2,587,90.4318,0.0
2026-05-25 19:07:24,20260525_190713_dk2022_150mw_300mwh_soc10_90_v5,2,588,90.4318,0.0
2026-05-25 19:07:24,20260525_190713_dk2022_150mw_300mwh_soc10_90_v5,2,589,90.4318,-3.24911932
2026-05-25 19:07:24,20260525_190713_dk2022_150mw_300mwh_soc10_90_v5,2,590,90.4318,0.0
2026-05-25 19:07:24,20260525_190713_dk2022_150mw_300mwh_soc10_90_v5,2,591,90.4318,0.0
2026-05-25 19:07:24,20260525_190713_dk2022_150mw_300mwh_soc10_90_v5,2,592,90.4318,3.70309301
2026-05-25 19:07:24,20260525_190713_dk2022_150mw_300mwh_soc10_90_v5,2,593,90.4318,3.70309301
2026-05-25 19:07:24,20260525_190713_dk2022_150mw_300mwh_soc10_90_v5,2,594,90.4318,0.0
2026-05-25 19:07:24,20260525_190713_dk2022_150mw_300mwh_soc10_90_v5,2,595,90.4318,-3.24911932
2026-05-25 19:07:24,20260525_190713_dk2022_150mw_300mwh_soc10_90_v5,2,596,90.4318,3.70309301
2026-05-25 19:07:24,20260525_190713_dk2022_150mw_300mwh_soc10_90_v5,2,597,90.4318,0.0
2026-05-25 19:07:24,20260525_190713_dk2022_150mw_300mwh_soc10_90_v5,2,598,90.4318,0.0
2026-05-25 19:07:24,20260525_190713_dk2022_150mw_300mwh_soc10_90_v5,2,599,90.4318,-3.24911932
2026-05-25 19:07:24,20260525_190713_dk2022_150mw_300mwh_soc10_90_v5,2,600,90.4318,-3.24911932
2026-05-25 19:07:24,20260525_190713_dk2022_150mw_300mwh_soc10_90_v5,2,601,90.4318,3.70309301
2026-05-25 19:07:24,20260525_190713_dk2022_150mw_300mwh_soc10_90_v5,2,602,90.4318,3.70309301
2026-05-25 19:07:24,20260525_190713_dk2022_150mw_300mwh_soc10_90_v5,2,603,90.4318,0.0
2026-05-25 19:07:24,20260525_190713_dk2022_150mw_300mwh_soc10_90_v5,2,604,90.4318,-3.24911932
2026-05-25 19:07:24,20260525_190713_dk2022_150mw_300mwh_soc10_90_v5,2,605,90.4318,-3.24911932
2026-05-25 19:07:24,20260525_190713_dk2022_150mw_300mwh_soc10_90_v5,2,606,90.4318,3.70309301
2026-05-25 19:07:24,20260525_190713_dk2022_150mw_300mwh_soc10_90_v5,2,607,90.4318,0.0
2026-05-25 19:07:24,20260525_190713_dk2022_150mw_300mwh_soc10_90_v5,2,608,90.4318,0.0
2026-05-25 19:07:24,20260525_190713_dk2022_150mw_300mwh_soc10_90_v5,2,609,90.4318,0.0
2026-05-25 19:07:24,20260525_190713_dk2022_150mw_300mwh_soc10_90_v5,2,610,90.4318,0.0
2026-05-25 19:07:24,20260525_190713_dk2022_150mw_300mwh_soc10_90_v5,2,611,90.4318,0.0
2026-05-25 19:07:24,20260525_190713_dk2022_150mw_300mwh_soc10_90_v5,2,612,90.4318,0.0
2026-05-25 19:07:24,20260525_190713_dk2022_150mw_300mwh_soc10_90_v5,2,613,90.4318,0.0
2026-05-25 19:07:24,20260525_190713_dk2022_150mw_300mwh_soc10_90_v5,2,614,90.4318,0.0
2026-05-25 19:07:24,20260525_190713_dk2022_150mw_300mwh_soc10_90_v5,2,615,90.4318,0.0
2026-05-25 19:07:24,20260525_190713_dk2022_150mw_300mwh_soc10_90_v5,2,616,90.4318,3.70309301
2026-05-25 19:07:24,20260525_190713_dk2022_150mw_300mwh_soc10_90_v5,2,617,90.4318,3.70309301
2026-05-25 19:07:24,20260525_190713_dk2022_150mw_300mwh_soc10_90_v5,2,618,90.4318,3.70309301
2026-05-25 19:07:24,20260525_190713_dk2022_150mw_300mwh_soc10_90_v5,2,619,90.4318,0.0
2026-05-25 19:07:24,20260525_190713_dk2022_150mw_300mwh_soc10_90_v5,2,620,90.4318,0.0
2026-05-25 19:07:24,20260525_190713_dk2022_150mw_300mwh_soc10_90_v5,2,621,90.4318,0.0
2026-05-25 19:07:24,20260525_190713_dk2022_150mw_300mwh_soc10_90_v5,2,622,90.4318,0.0
2026-05-25 19:07:24,20260525_190713_dk2022_150mw_300mwh_soc10_90_v5,2,623,90.4318,0.0
2026-05-25 19:07:24,20260525_190713_dk2022_150mw_300mwh_soc10_90_v5,2,624,90.4318,0.0
2026-05-25 19:07:24,20260525_190713_dk2022_150mw_300mwh_soc10_90_v5,2,625,90.4318,0.0
2026-05-25 19:07:24,20260525_190713_dk2022_150mw_300mwh_soc10_90_v5,2,626,90.4318,0.0
2026-05-25 19:07:24,20260525_190713_dk2022_150mw_300mwh_soc10_90_v5,2,627,90.4318,0.0
2026-05-25 19:07:24,20260525_190713_dk2022_150mw_300mwh_soc10_90_v5,2,628,90.4318,0.0
2026-05-25 19:07:24,20260525_190713_dk2022_150mw_300mwh_soc10_90_v5,2,629,90.4318,0.0
2026-05-25 19:07:24,20260525_190713_dk2022_150mw_300mwh_soc10_90_v5,2,630,90.4318,0.0
2026-05-25 19:07:24,20260525_190713_dk2022_150mw_300mwh_soc10_90_v5,2,631,90.4318,0.0
2026-05-25 19:07:24,20260525_190713_dk2022_150mw_300mwh_soc10_90_v5,2,632,90.4318,0.0
2026-05-25 19:07:24,20260525_190713_dk2022_150mw_300mwh_soc10_90_v5,2,633,90.4318,0.0
2026-05-25 19:07:24,20260525_190713_dk2022_150mw_300mwh_soc10_90_v5,2,634,90.4318,0.0
2026-05-25 19:07:24,20260525_190713_dk2022_150mw_300mwh_soc10_90_v5,2,635,90.4318,0.0
2026-05-25 19:07:24,20260525_190713_dk2022_150mw_300mwh_soc10_90_v5,2,636,90.4318,0.0
2026-05-25 19:07:24,20260525_190713_dk2022_150mw_300mwh_soc10_90_v5,2,637,90.4318,0.0
2026-05-25 19:07:24,20260525_190713_dk2022_150mw_300mwh_soc10_90_v5,2,638,90.4318,0.0
2026-05-25 19:07:24,20260525_190713_dk2022_150mw_300mwh_soc10_90_v5,2,639,90.4318,0.0
2026-05-25 19:07:24,20260525_190713_dk2022_150mw_300mwh_soc10_90_v5,2,640,90.4318,0.0
2026-05-25 19:07:24,20260525_190713_dk2022_150mw_300mwh_soc10_90_v5,2,641,90.4318,0.0
2026-05-25 19:07:24,20260525_190713_dk2022_150mw_300mwh_soc10_90_v5,2,642,90.4318,0.0
2026-05-25 19:07:24,20260525_190713_dk2022_150mw_300mwh_soc10_90_v5,2,643,90.4318,0.0
2026-05-25 19:07:24,20260525_190713_dk2022_150mw_300mwh_soc10_90_v5,2,644,90.4318,0.0
2026-05-25 19:07:24,20260525_190713_dk2022_150mw_300mwh_soc10_90_v5,2,645,90.4318,0.0
2026-05-25 19:07:24,20260525_190713_dk2022_150mw_300mwh_soc10_90_v5,2,646,90.4318,0.0
2026-05-25 19:07:24,20260525_190713_dk2022_150mw_300mwh_soc10_90_v5,2,647,90.4318,0.0
2026-05-25 19:07:24,20260525_190713_dk2022_150mw_300mwh_soc10_90_v5,2,648,90.4318,-3.24911932
2026-05-25 19:07:24,20260525_190713_dk2022_150mw_300mwh_soc10_90_v5,2,649,90.4318,-3.24911932
2026-05-25 19:07:24,20260525_190713_dk2022_150mw_300mwh_soc10_90_v5,2,650,90.4318,-3.24911932
2026-05-25 19:07:24,20260525_190713_dk2022_150mw_300mwh_soc10_90_v5,2,651,90.4318,0.0
2026-05-25 19:07:24,20260525_190713_dk2022_150mw_300mwh_soc10_90_v5,2,652,90.4318,-3.24911932
2026-05-25 19:07:24,20260525_190713_dk2022_150mw_300mwh_soc10_90_v5,2,653,90.4318,0.0
2026-05-25 19:07:24,20260525_190713_dk2022_150mw_300mwh_soc10_90_v5,2,654,90.4318,0.0
2026-05-25 19:07:24,20260525_190713_dk2022_150mw_300mwh_soc10_90_v5,2,655,90.4318,0.0
2026-05-25 19:07:24,20260525_190713_dk2022_150mw_300mwh_soc10_90_v5,2,656,90.4318,0.0
2026-05-25 19:07:24,20260525_190713_dk2022_150mw_300mwh_soc10_90_v5,2,657,90.4318,0.0
2026-05-25 19:07:24,20260525_190713_dk2022_150mw_300mwh_soc10_90_v5,2,658,90.4318,3.70309301
2026-05-25 19:07:24,20260525_190713_dk2022_150mw_300mwh_soc10_90_v5,2,659,90.4318,0.0
2026-05-25 19:07:24,20260525_190713_dk2022_150mw_300mwh_soc10_90_v5,2,660,90.4318,0.0
2026-05-25 19:07:24,20260525_190713_dk2022_150mw_300mwh_soc10_90_v5,2,661,90.4318,-3.24911932
2026-05-25 19:07:24,20260525_190713_dk2022_150mw_300mwh_soc10_90_v5,2,662,90.4318,0.0
2026-05-25 19:07:24,20260525_190713_dk2022_150mw_300mwh_soc10_90_v5,2,663,90.4318,0.0
2026-05-25 19:07:24,20260525_190713_dk2022_150mw_300mwh_soc10_90_v5,2,664,90.4318,3.70309301
2026-05-25 19:07:24,20260525_190713_dk2022_150mw_300mwh_soc10_90_v5,2,665,90.4318,3.70309301
2026-05-25 19:07:24,20260525_190713_dk2022_150mw_300mwh_soc10_90_v5,2,666,90.4318,0.0
2026-05-25 19:07:24,20260525_190713_dk2022_150mw_300mwh_soc10_90_v5,2,667,90.4318,0.0
2026-05-25 19:07:24,20260525_190713_dk2022_150mw_300mwh_soc10_90_v5,2,668,90.4318,0.0
2026-05-25 19:07:24,20260525_190713_dk2022_150mw_300mwh_soc10_90_v5,2,669,90.4318,0.0
2026-05-25 19:07:24,20260525_190713_dk2022_150mw_300mwh_soc10_90_v5,2,670,90.4318,-3.24911932
2026-05-25 19:07:24,20260525_190713_dk2022_150mw_300mwh_soc10_90_v5,2,671,90.4318,3.70309301
2026-05-25 19:07:24,20260525_190713_dk2022_150mw_300mwh_soc10_90_v5,2,672,90.4318,3.70309301
2026-05-25 19:07:24,20260525_190713_dk2022_150mw_300mwh_soc10_90_v5,2,673,90.4318,0.0
2026-05-25 19:07:24,20260525_190713_dk2022_150mw_300mwh_soc10_90_v5,2,674,90.4318,0.0
2026-05-25 19:07:24,20260525_190713_dk2022_150mw_300mwh_soc10_90_v5,2,675,90.4318,0.0
2026-05-25 19:07:24,20260525_190713_dk2022_150mw_300mwh_soc10_90_v5,2,676,90.4318,0.0
2026-05-25 19:07:24,20260525_190713_dk2022_150mw_300mwh_soc10_90_v5,2,677,90.4318,0.0
2026-05-25 19:07:24,20260525_190713_dk2022_150mw_300mwh_soc10_90_v5,2,678,90.4318,0.0
2026-05-25 19:07:24,20260525_190713_dk2022_150mw_300mwh_soc10_90_v5,2,679,90.4318,0.0
2026-05-25 19:07:24,20260525_190713_dk2022_150mw_300mwh_soc10_90_v5,2,680,90.4318,0.0
2026-05-25 19:07:24,20260525_190713_dk2022_150mw_300mwh_soc10_90_v5,2,681,90.4318,0.0
2026-05-25 19:07:24,20260525_190713_dk2022_150mw_300mwh_soc10_90_v5,2,682,90.4318,0.0
2026-05-25 19:07:24,20260525_190713_dk2022_150mw_300mwh_soc10_90_v5,2,683,90.4318,0.0
2026-05-25 19:07:24,20260525_190713_dk2022_150mw_300mwh_soc10_90_v5,2,684,90.4318,0.0
2026-05-25 19:07:24,20260525_190713_dk2022_150mw_300mwh_soc10_90_v5,2,685,90.4318,0.0
2026-05-25 19:07:24,20260525_190713_dk2022_150mw_300mwh_soc10_90_v5,2,686,90.4318,0.0
2026-05-25 19:07:24,20260525_190713_dk2022_150mw_300mwh_soc10_90_v5,2,687,90.4318,0.0
2026-05-25 19:07:24,20260525_190713_dk2022_150mw_300mwh_soc10_90_v5,2,688,90.4318,0.0
2026-05-25 19:07:24,20260525_190713_dk2022_150mw_300mwh_soc10_90_v5,2,689,90.4318,0.0
2026-05-25 19:07:24,20260525_190713_dk2022_150mw_300mwh_soc10_90_v5,2,690,90.4318,0.0
2026-05-25 19:07:24,20260525_190713_dk2022_150mw_300mwh_soc10_90_v5,2,691,90.4318,0.0
2026-05-25 19:07:24,20260525_190713_dk2022_150mw_300mwh_soc10_90_v5,2,692,90.4318,0.0
2026-05-25 19:07:24,20260525_190713_dk2022_150mw_300mwh_soc10_90_v5,2,693,90.4318,0.0
2026-05-25 19:07:24,20260525_190713_dk2022_150mw_300mwh_soc10_90_v5,2,694,90.4318,0.0
2026-05-25 19:07:24,20260525_190713_dk2022_150mw_300mwh_soc10_90_v5,2,695,90.4318,0.0
2026-05-25 19:07:24,20260525_190713_dk2022_150mw_300mwh_soc10_90_v5,2,696,90.4318,-3.24911932
2026-05-25 19:07:24,20260525_190713_dk2022_150mw_300mwh_soc10_90_v5,2,697,90.4318,0.0
2026-05-25 19:07:24,20260525_190713_dk2022_150mw_300mwh_soc10_90_v5,2,698,90.4318,0.0
2026-05-25 19:07:24,20260525_190713_dk2022_150mw_300mwh_soc10_90_v5,2,699,90.4318,0.0
2026-05-25 19:07:24,20260525_190713_dk2022_150mw_300mwh_soc10_90_v5,2,700,90.4318,0.0
2026-05-25 19:07:24,20260525_190713_dk2022_150mw_300mwh_soc10_90_v5,2,701,90.4318,-3.24911932
2026-05-25 19:07:24,20260525_190713_dk2022_150mw_300mwh_soc10_90_v5,2,702,90.4318,0.0
2026-05-25 19:07:24,20260525_190713_dk2022_150mw_300mwh_soc10_90_v5,2,703,90.4318,0.0
2026-05-25 19:07:24,20260525_190713_dk2022_150mw_300mwh_soc10_90_v5,2,704,90.4318,0.0
2026-05-25 19:07:24,20260525_190713_dk2022_150mw_300mwh_soc10_90_v5,2,705,90.4318,0.0
2026-05-25 19:07:24,20260525_190713_dk2022_150mw_300mwh_soc10_90_v5,2,706,90.4318,0.0
2026-05-25 19:07:24,20260525_190713_dk2022_150mw_300mwh_soc10_90_v5,2,707,90.4318,0.0
2026-05-25 19:07:24,20260525_190713_dk2022_150mw_300mwh_soc10_90_v5,2,708,90.4318,0.0
2026-05-25 19:07:24,20260525_190713_dk2022_150mw_300mwh_soc10_90_v5,2,709,90.4318,0.0
2026-05-25 19:07:24,20260525_190713_dk2022_150mw_300mwh_soc10_90_v5,2,710,90.4318,0.0
2026-05-25 19:07:24,20260525_190713_dk2022_150mw_300mwh_soc10_90_v5,2,711,90.4318,0.0
2026-05-25 19:07:24,20260525_190713_dk2022_150mw_300mwh_soc10_90_v5,2,712,90.4318,0.0
2026-05-25 19:07:24,20260525_190713_dk2022_150mw_300mwh_soc10_90_v5,2,713,90.4318,0.0
2026-05-25 19:07:24,20260525_190713_dk2022_150mw_300mwh_soc10_90_v5,2,714,90.4318,3.70309301
2026-05-25 19:07:24,20260525_190713_dk2022_150mw_300mwh_soc10_90_v5,2,715,90.4318,3.70309301
2026-05-25 19:07:24,20260525_190713_dk2022_150mw_300mwh_soc10_90_v5,2,716,90.4318,0.0
2026-05-25 19:07:24,20260525_190713_dk2022_150mw_300mwh_soc10_90_v5,2,717,90.4318,0.0
2026-05-25 19:07:24,20260525_190713_dk2022_150mw_300mwh_soc10_90_v5,2,718,90.4318,3.70309301
2026-05-25 19:07:24,20260525_190713_dk2022_150mw_300mwh_soc10_90_v5,2,719,90.4318,0.0
