cycle_idx,dod,sigma_bar,measured_discharge,expected_discharge,ratio_discharge,measured_charge,expected_charge,ratio_charge,classification,pct_overwritten,n_discharge_timesteps,n_carry_dominant,n_carry_own
0,0.8,0.5,3.703093014014995,3.703093014014995,1.0,3.249119324807623,3.249119324807623,1.0,PASS_FORMULA,0.0,1,0,0
1,0.8,0.5,3.703093014014995,3.703093014014995,1.0,3.249119324807624,3.249119324807623,1.0000000000000004,PASS_FORMULA,0.0,2,0,0
2,0.6754721626442224,0.5622639186778888,3.7030930140149962,3.833261060258207,0.9660424781414593,3.249119324807624,3.363329665439256,0.9660424781414594,PASS_OVERWRITE,100.0,1,1,0
3,0.8000000000000004,0.5000000000000002,3.7030930140149962,3.7030930140149962,1.0,3.249119324807624,3.249119324807624,1.0,PASS_FORMULA,0.0,1,0,0
4,0.49501925192887647,0.34750962596443824,3.7030930140149962,2.9004967169742493,1.2767099484525541,3.249119324807624,2.544915803895586,1.2767099484525541,PASS_OVERWRITE,100.0,1,1,0
5,0.31325941426997017,0.7433702928650149,3.7030930140149962,4.03452530160357,0.9178509829999475,3.249119324807624,3.5399202975063,0.9178509829999475,PASS_OVERWRITE,100.0,1,1,0
6,0.8000000000000004,0.5000000000000002,3.7030930140149962,3.7030930140149962,1.0,3.249119324807624,3.249119324807624,1.0,PASS_FORMULA,0.0,6,0,0
9,0.8000000000000004,0.5000000000000002,3.7030930140149962,3.7030930140149962,1.0,3.249119324807624,3.249119324807624,1.0,PASS_FORMULA,0.0,4,0,0
10,0.8000000000000004,0.5000000000000002,3.7030930140149962,3.7030930140149962,1.0,3.249119324807624,3.249119324807624,1.0,PASS_FORMULA,0.0,3,0,0
13,0.8000000000000004,0.5000000000000002,3.7030930140149962,3.7030930140149962,1.0,3.249119324807624,3.249119324807624,1.0,PASS_FORMULA,0.0,3,0,0
14,0.27215830763998883,0.44172102011060377,3.7030930140149962,2.8750318718646684,1.288018073905132,3.249119324807624,2.522572773343657,1.2880180739051321,PASS_OVERWRITE,100.0,1,1,0
15,0.014791988142600493,0.8926040059286997,3.7030930140149962,2.7320534123769953,1.3554248234089823,3.249119324807624,2.3971224878675867,1.3554248234089823,PASS_OVERWRITE,100.0,1,1,0
16,0.8000000000000004,0.5000000000000002,3.7030930140149962,3.7030930140149962,1.0,3.249119324807624,3.249119324807624,1.0,PASS_FORMULA,0.0,2,0,0
18,0.8000000000000004,0.5000000000000002,3.7030930140149962,3.7030930140149962,1.0,3.2491193248076238,3.249119324807624,0.9999999999999999,PASS_FORMULA,0.0,4,0,0
19,0.8000000000000004,0.5000000000000002,3.7030930140149962,3.7030930140149962,1.0,3.249119324807624,3.249119324807624,1.0,PASS_FORMULA,0.0,2,0,0
23,0.8000000000000004,0.5000000000000002,3.7030930140149962,3.7030930140149962,1.0,3.249119324807624,3.249119324807624,1.0,PASS_FORMULA,0.0,4,0,0
25,0.8000000000000004,0.5000000000000002,3.7030930140149962,3.7030930140149962,1.0,3.249119324807624,3.249119324807624,1.0,PASS_FORMULA,0.0,3,0,0
27,0.8000000000000004,0.5000000000000002,3.7030930140149962,3.7030930140149962,1.0,3.249119324807624,3.249119324807624,1.0,PASS_FORMULA,0.0,3,0,0
28,0.8000000000000004,0.5000000000000002,3.7030930140149962,3.7030930140149962,1.0,3.249119324807624,3.249119324807624,1.0,PASS_FORMULA,0.0,2,0,0
29,0.8000000000000004,0.5000000000000002,3.7030930140149962,3.7030930140149962,1.0,3.249119324807624,3.249119324807624,1.0,PASS_FORMULA,0.0,1,0,0
30,0.8000000000000004,0.5000000000000002,3.7030930140149962,3.7030930140149962,1.0,3.249119324807624,3.249119324807624,1.0,PASS_FORMULA,0.0,3,0,0
31,0.8000000000000004,0.5000000000000002,3.7030930140149962,3.7030930140149962,1.0,3.249119324807624,3.249119324807624,1.0,PASS_FORMULA,0.0,1,0,0
32,0.6639454689790777,0.4319727344895388,3.7030930140149962,3.337227057541895,1.1096317242323295,3.249119324807624,2.9281060137816852,1.1096317242323295,PASS_OVERWRITE,100.0,1,1,0
33,0.2585778791935667,0.22928893959678334,3.7030930140149962,2.284154774318492,1.6212093224373831,3.249119324807624,2.0041331368134396,1.6212093224373834,PASS_OVERWRITE,100.0,1,1,0
34,0.8,0.5,3.7030930140149962,3.703093014014995,1.0000000000000004,3.249119324807624,3.249119324807623,1.0000000000000004,PASS_FORMULA,0.0,1,0,0
35,0.8,0.5,3.7030930140149962,3.703093014014995,1.0000000000000004,3.249119324807624,3.249119324807623,1.0000000000000004,PASS_FORMULA,0.0,1,0,0
36,0.8000000000000004,0.5000000000000002,3.7030930140149962,3.7030930140149962,1.0,3.249119324807624,3.249119324807624,1.0,PASS_FORMULA,0.0,10,0,0
38,0.5264897097442686,0.5933838181073101,3.7030930140149962,3.7870782017862825,0.9778232232617556,3.249119324807624,3.322808507216094,0.9778232232617557,PASS_OVERWRITE,100.0,1,1,0
39,0.8000000000000004,0.5000000000000002,3.7030930140149962,3.7030930140149962,1.0,3.249119324807624,3.249119324807624,1.0,PASS_FORMULA,0.0,2,0,0
40,0.8000000000000004,0.5000000000000002,3.7030930140149962,3.7030930140149962,1.0,3.249119324807624,3.249119324807624,1.0,PASS_FORMULA,0.0,4,0,0
44,0.8000000000000004,0.5000000000000002,3.7030930140149962,3.7030930140149962,1.0,3.249119324807624,3.249119324807624,1.0,PASS_FORMULA,0.0,4,0,0
45,0.8000000000000004,0.5000000000000002,3.7030930140149962,3.7030930140149962,1.0,3.249119324807624,3.249119324807624,1.0,PASS_FORMULA,0.0,3,0,0
46,0.8000000000000004,0.5000000000000002,3.7030930140149962,3.7030930140149962,1.0,3.249119324807624,3.249119324807624,1.0,PASS_FORMULA,0.0,1,0,0
47,0.4478175371944216,0.6760912314027892,3.7030930140149962,4.009699818438707,0.9235337261373603,3.249119324807624,3.5181382475298704,0.9235337261373604,PASS_OVERWRITE,100.0,1,1,0
48,0.8000000000000004,0.5000000000000002,3.7030930140149962,3.7030930140149962,1.0,3.249119324807624,3.249119324807624,1.0,PASS_FORMULA,0.0,5,0,0
52,0.8000000000000004,0.5000000000000002,3.7030930140149962,3.7030930140149962,1.0,3.2491193248076238,3.249119324807624,0.9999999999999999,PASS_FORMULA,0.0,5,0,0
55,0.8000000000000004,0.5000000000000002,3.7030930140149962,3.7030930140149962,1.0,3.249119324807624,3.249119324807624,1.0,PASS_FORMULA,0.0,4,0,0
56,0.8000000000000004,0.5000000000000002,3.7030930140149962,3.7030930140149962,1.0,3.249119324807624,3.249119324807624,1.0,PASS_FORMULA,0.0,3,0,0
57,0.8,0.5,3.7030930140149962,3.703093014014995,1.0000000000000004,3.249119324807624,3.249119324807623,1.0000000000000004,PASS_FORMULA,0.0,1,0,0
58,0.8000000000000004,0.5000000000000002,3.7030930140149962,3.7030930140149962,1.0,3.249119324807624,3.249119324807624,1.0,PASS_FORMULA,0.0,4,0,0
62,0.8000000000000004,0.5000000000000002,3.7030930140149962,3.7030930140149962,1.0,3.2491193248076238,3.249119324807624,0.9999999999999999,PASS_FORMULA,0.0,4,0,0
63,0.8000000000000004,0.5000000000000002,3.7030930140149962,3.7030930140149962,1.0,3.249119324807624,3.249119324807624,1.0,PASS_FORMULA,0.0,3,0,0
64,0.5000000000000004,0.6500000000000002,3.7030930140149962,3.979910462793564,0.9304463124569227,3.249119324807624,3.4920008616381617,0.9304463124569227,PASS_OVERWRITE,100.0,1,1,0
65,0.8000000000000004,0.5000000000000002,3.7030930140149962,3.7030930140149962,1.0,3.249119324807624,3.249119324807624,1.0,PASS_FORMULA,0.0,2,0,0
66,0.8000000000000004,0.5000000000000002,3.7030930140149962,3.7030930140149962,1.0,3.249119324807624,3.249119324807624,1.0,PASS_FORMULA,0.0,2,0,0
68,0.8000000000000004,0.5000000000000002,3.7030930140149962,3.7030930140149962,1.0,3.249119324807624,3.249119324807624,1.0,PASS_FORMULA,0.0,2,0,0
69,0.20547090306523327,0.2027354515326166,3.7030930140149962,2.1325917804754853,1.7364284378838553,3.249119324807624,1.8711507217465582,1.7364284378838553,PASS_OVERWRITE,100.0,1,1,0
70,0.49723003726796494,0.6513849813660175,3.7030930140149962,3.981696233782281,0.9300290119061557,3.249119324807624,3.493567709407624,0.9300290119061557,PASS_OVERWRITE,100.0,3,3,0
71,0.8000000000000004,0.5000000000000002,3.7030930140149962,3.7030930140149962,1.0,3.249119324807624,3.249119324807624,1.0,PASS_FORMULA,0.0,5,0,0
72,0.8000000000000004,0.5000000000000002,3.7030930140149962,3.7030930140149962,1.0,3.249119324807624,3.249119324807624,1.0,PASS_FORMULA,0.0,4,0,0
73,0.04619280944679427,0.12309640472339711,3.7030930140149962,1.5039018862609446,2.4623235384202893,3.249119324807624,1.319533876889349,2.4623235384202893,PASS_OVERWRITE,100.0,1,1,0
74,0.8,0.5,3.7030930140149962,3.703093014014995,1.0000000000000004,3.249119324807624,3.249119324807623,1.0000000000000004,PASS_FORMULA,0.0,1,0,0
75,0.8000000000000004,0.5000000000000002,3.7030930140149962,3.7030930140149962,1.0,3.2491193248076238,3.249119324807624,0.9999999999999999,PASS_FORMULA,0.0,5,0,0
77,0.8000000000000004,0.5000000000000002,3.7030930140149962,3.7030930140149962,1.0,3.249119324807624,3.249119324807624,1.0,PASS_FORMULA,0.0,2,0,0
78,0.8000000000000004,0.5000000000000002,3.7030930140149962,3.7030930140149962,1.0,3.249119324807624,3.249119324807624,1.0,PASS_FORMULA,0.0,2,0,0
79,0.8000000000000004,0.5000000000000002,3.7030930140149962,3.7030930140149962,1.0,3.249119324807624,3.249119324807624,1.0,PASS_FORMULA,0.0,1,0,0
80,0.8,0.5,3.7030930140149962,3.703093014014995,1.0000000000000004,3.249119324807624,3.249119324807623,1.0000000000000004,PASS_FORMULA,0.0,1,0,0
81,0.8000000000000004,0.5000000000000002,3.7030930140149962,3.7030930140149962,1.0,3.249119324807624,3.249119324807624,1.0,PASS_FORMULA,0.0,4,0,0
83,0.8000000000000004,0.5000000000000002,3.7030930140149962,3.7030930140149962,1.0,3.249119324807624,3.249119324807624,1.0,PASS_FORMULA,0.0,2,0,0
84,0.8,0.5,3.7030930140149962,3.703093014014995,1.0000000000000004,3.249119324807624,3.249119324807623,1.0000000000000004,PASS_FORMULA,0.0,1,0,0
85,0.7763809776332043,0.5118095111833979,3.7030930140149962,3.7288508341646485,0.9930922900123403,3.249119324807624,3.27171941367831,0.9930922900123403,PASS_OVERWRITE,100.0,2,2,0
86,0.8000000000000004,0.5000000000000002,3.7030930140149962,3.7030930140149962,1.0,3.249119324807624,3.249119324807624,1.0,PASS_FORMULA,0.0,5,0,0
87,0.8000000000000004,0.5000000000000002,3.7030930140149962,3.7030930140149962,1.0,3.249119324807624,3.249119324807624,1.0,PASS_FORMULA,0.0,3,0,0
88,0.3483077806858793,0.2741538903429397,3.7030930140149962,2.523981008075934,1.4671635809327723,3.249119324807624,2.21455832671497,1.4671635809327725,PASS_OVERWRITE,100.0,1,1,0
89,0.8,0.5,3.7030930140149962,3.703093014014995,1.0000000000000004,3.249119324807624,3.249119324807623,1.0000000000000004,PASS_FORMULA,0.0,1,0,0
90,0.5000000000000001,0.65,3.7030930140149962,3.979910462793563,0.930446312456923,3.249119324807624,3.4920008616381604,0.930446312456923,PASS_OVERWRITE,100.0,3,3,0
91,0.8,0.5,3.7030930140149962,3.703093014014995,1.0000000000000004,3.249119324807624,3.249119324807623,1.0000000000000004,PASS_FORMULA,0.0,4,0,0
92,0.8000000000000004,0.5000000000000002,3.7030930140149962,3.7030930140149962,1.0,3.249119324807624,3.249119324807624,1.0,PASS_FORMULA,0.0,11,0,0
95,0.8000000000000004,0.5000000000000002,3.7030930140149962,3.7030930140149962,1.0,3.249119324807624,3.249119324807624,1.0,PASS_FORMULA,0.0,3,0,0
96,0.8,0.5,3.7030930140149962,3.703093014014995,1.0000000000000004,3.249119324807624,3.249119324807623,1.0000000000000004,PASS_FORMULA,0.0,1,0,0
97,0.8000000000000004,0.5000000000000002,3.7030930140149962,3.7030930140149962,1.0,3.249119324807624,3.249119324807624,1.0,PASS_FORMULA,0.0,5,0,0
99,0.8000000000000004,0.5000000000000002,3.7030930140149962,3.7030930140149962,1.0,3.249119324807624,3.249119324807624,1.0,PASS_FORMULA,0.0,2,0,0
100,0.8000000000000004,0.5000000000000002,3.7030930140149962,3.7030930140149962,1.0,3.249119324807624,3.249119324807624,1.0,PASS_FORMULA,0.0,2,0,0
102,0.8000000000000004,0.5000000000000002,3.7030930140149962,3.7030930140149962,1.0,3.249119324807624,3.249119324807624,1.0,PASS_FORMULA,0.0,2,0,0
103,0.8000000000000004,0.5000000000000002,3.7030930140149962,3.7030930140149962,1.0,3.249119324807624,3.249119324807624,1.0,PASS_FORMULA,0.0,2,0,0
105,0.8000000000000004,0.5000000000000002,3.7030930140149962,3.7030930140149962,1.0,3.249119324807624,3.249119324807624,1.0,PASS_FORMULA,0.0,1,0,0
106,0.8000000000000004,0.5000000000000002,3.7030930140149962,3.7030930140149962,1.0,3.249119324807624,3.249119324807624,1.0,PASS_FORMULA,0.0,4,0,0
107,0.8000000000000004,0.5000000000000002,3.7030930140149962,3.7030930140149962,1.0,3.249119324807624,3.249119324807624,1.0,PASS_FORMULA,0.0,1,0,0
108,0.8000000000000004,0.5000000000000002,3.7030930140149962,3.7030930140149962,1.0,3.249119324807624,3.249119324807624,1.0,PASS_FORMULA,0.0,2,0,0
112,0.8000000000000004,0.5000000000000002,3.7030930140149962,3.7030930140149962,1.0,3.249119324807624,3.249119324807624,1.0,PASS_FORMULA,0.0,3,0,0
113,0.8,0.5,3.7030930140149962,3.703093014014995,1.0000000000000004,3.249119324807624,3.249119324807623,1.0000000000000004,PASS_FORMULA,0.0,1,0,0
114,0.1814940658409991,0.8092529670795005,3.7030930140149962,3.919500257819806,0.9447870316188766,3.249119324807624,3.438996531567874,0.9447870316188767,PASS_OVERWRITE,100.0,1,1,0
115,0.8000000000000004,0.5000000000000002,3.7030930140149962,3.7030930140149962,1.0,3.249119324807624,3.249119324807624,1.0,PASS_FORMULA,0.0,4,0,0
116,0.8000000000000004,0.5000000000000002,3.7030930140149962,3.7030930140149962,1.0,3.249119324807624,3.249119324807624,1.0,PASS_FORMULA,0.0,2,0,0
117,0.8,0.5,3.7030930140149962,3.703093014014995,1.0000000000000004,3.249119324807624,3.249119324807623,1.0000000000000004,PASS_FORMULA,0.0,1,0,0
118,0.8000000000000004,0.5000000000000002,3.7030930140149962,3.7030930140149962,1.0,3.249119324807624,3.249119324807624,1.0,PASS_FORMULA,0.0,5,0,0
119,0.8000000000000004,0.5000000000000002,3.7030930140149962,3.7030930140149962,1.0,3.249119324807624,3.249119324807624,1.0,PASS_FORMULA,0.0,1,0,0
120,0.31423814586228466,0.25711907293114233,3.7030930140149962,2.4345070607936243,1.5210853456337177,3.249119324807624,2.1360532688939746,1.521085345633718,PASS_OVERWRITE,100.0,1,1,0
121,0.12033408138394987,0.16016704069197493,3.7030930140149962,1.8543760354638648,1.996948268957047,3.249119324807624,1.6270423101668792,1.996948268957047,PASS_OVERWRITE,100.0,1,1,0
122,0.8000000000000004,0.5000000000000002,3.7030930140149962,3.7030930140149962,1.0,3.249119324807624,3.249119324807624,1.0,PASS_FORMULA,0.0,7,0,0
123,0.8000000000000004,0.5000000000000002,3.7030930140149962,3.7030930140149962,1.0,3.249119324807624,3.249119324807624,1.0,PASS_FORMULA,0.0,1,0,0
124,0.8,0.5,3.7030930140149962,3.703093014014995,1.0000000000000004,3.249119324807624,3.249119324807623,1.0000000000000004,PASS_FORMULA,0.0,1,0,0
125,0.6832999118254155,0.4416499559127077,3.7030930140149962,3.3883204798452606,1.0928992803490982,3.249119324807624,2.9729357345443375,1.0928992803490982,PASS_OVERWRITE,100.0,1,1,0
126,0.8000000000000004,0.5000000000000002,3.7030930140149962,3.7030930140149962,1.0,3.249119324807624,3.249119324807624,1.0,PASS_FORMULA,0.0,10,0,0
128,0.8000000000000004,0.5000000000000002,3.7030930140149962,3.7030930140149962,1.0,3.249119324807624,3.249119324807624,1.0,PASS_FORMULA,0.0,2,0,0
129,0.23545106846466202,0.782274465767669,3.7030930140149962,3.992325828347861,0.927552803361103,3.249119324807624,3.5028941889173706,0.927552803361103,PASS_OVERWRITE,100.0,2,2,0
130,0.8,0.5,3.7030930140149962,3.703093014014995,1.0000000000000004,3.249119324807624,3.249119324807623,1.0000000000000004,PASS_FORMULA,0.0,3,0,0
132,0.8000000000000004,0.5000000000000002,3.7030930140149962,3.7030930140149962,1.0,3.249119324807624,3.249119324807624,1.0,PASS_FORMULA,0.0,7,0,0
133,0.8000000000000004,0.5000000000000002,3.7030930140149962,3.7030930140149962,1.0,3.249119324807624,3.249119324807624,1.0,PASS_FORMULA,0.0,2,0,0
134,0.8000000000000004,0.5000000000000002,3.7030930140149962,3.7030930140149962,1.0,3.249119324807624,3.249119324807624,1.0,PASS_FORMULA,0.0,2,0,0
136,0.201774250391576,0.799112874804212,3.7030930140149962,3.9524252724255726,0.9369166420045778,3.249119324807624,3.467885166236324,0.9369166420045779,PASS_OVERWRITE,100.0,1,1,0
137,0.8000000000000004,0.5000000000000002,3.7030930140149962,3.7030930140149962,1.0,3.249119324807624,3.249119324807624,1.0,PASS_FORMULA,0.0,2,0,0
138,0.8,0.5,3.7030930140149962,3.703093014014995,1.0000000000000004,3.249119324807624,3.249119324807623,1.0000000000000004,PASS_FORMULA,0.0,1,0,0
139,0.8000000000000004,0.5000000000000002,3.7030930140149962,3.7030930140149962,1.0,3.249119324807624,3.249119324807624,1.0,PASS_FORMULA,0.0,6,0,0
140,0.8000000000000004,0.5000000000000002,3.7030930140149962,3.7030930140149962,1.0,3.249119324807624,3.249119324807624,1.0,PASS_FORMULA,0.0,1,0,0
141,0.8000000000000004,0.5000000000000002,3.7030930140149962,3.7030930140149962,1.0,3.249119324807624,3.249119324807624,1.0,PASS_FORMULA,0.0,3,0,0
142,0.8000000000000004,0.5000000000000002,3.7030930140149962,3.7030930140149962,1.0,3.249119324807624,3.249119324807624,1.0,PASS_FORMULA,0.0,1,0,0
143,0.32183761149656825,0.26091880574828413,3.7030930140149962,2.454595877284347,1.508636532915524,3.249119324807624,2.15367933489488,1.5086365329155242,PASS_OVERWRITE,100.0,1,1,0
144,0.74867659720178,0.52566170139911,3.7030930140149962,3.758497656382806,0.9852588328015265,3.249119324807624,3.297731739759126,0.9852588328015266,PASS_OVERWRITE,100.0,2,2,0
145,0.3507619843969218,0.7246190078015391,3.7030930140149962,4.037293968517435,0.9172215456420768,3.249119324807624,3.54234954493264,0.917221545642077,PASS_OVERWRITE,100.0,2,2,0
146,0.8000000000000004,0.5000000000000002,3.7030930140149962,3.7030930140149962,1.0,3.249119324807624,3.249119324807624,1.0,PASS_FORMULA,0.0,4,0,0
147,0.24170923816815437,0.7791453809159232,3.7030930140149962,3.998034879250839,0.9262282911120802,3.249119324807624,3.507903349515004,0.9262282911120802,PASS_OVERWRITE,100.0,1,1,0
148,0.06599537478598175,0.8670023126070094,3.7030930140149962,3.474383640394225,1.0658273228556936,3.249119324807624,3.0484481445851754,1.0658273228556938,PASS_OVERWRITE,100.0,2,2,0
149,0.8000000000000004,0.5000000000000002,3.7030930140149962,3.7030930140149962,1.0,3.2491193248076238,3.249119324807624,0.9999999999999999,PASS_FORMULA,0.0,8,0,0
150,0.8000000000000004,0.5000000000000002,3.7030930140149962,3.7030930140149962,1.0,3.249119324807624,3.249119324807624,1.0,PASS_FORMULA,0.0,2,0,0
151,0.8000000000000004,0.5000000000000002,3.7030930140149962,3.7030930140149962,1.0,3.2491193248076238,3.249119324807624,0.9999999999999999,PASS_FORMULA,0.0,1,0,0
152,0.5376010420253577,0.3688005210126789,3.7030930140149962,3.009448168955988,1.2304890485286681,3.2491193248076238,2.640510558539868,1.230489048528668,PASS_OVERWRITE,100.0,1,1,0
154,0.8000000000000004,0.5000000000000002,3.7030930140149962,3.7030930140149962,1.0,3.249119324807624,3.249119324807624,1.0,PASS_FORMULA,0.0,3,0,0
155,0.5343340997868592,0.6328329501065707,3.7030930140149962,3.9561140663457457,0.9360430341270558,3.249119324807624,3.4711217394376743,0.9360430341270558,PASS_OVERWRITE,100.0,2,2,0
157,0.19774465839902103,0.5709887075653136,3.7030930140149962,3.106444450384053,1.1920679970817374,3.2491193248076238,2.725615764169231,1.1920679970817372,PASS_OVERWRITE,100.0,1,1,0
158,0.6921659451124398,0.5539170274437801,3.7030930140149962,3.8167286643568934,0.9702269507908432,3.249119324807624,3.3488240273672356,0.9702269507908432,PASS_OVERWRITE,100.0,1,1,0
159,0.8000000000000004,0.5000000000000002,3.7030930140149962,3.7030930140149962,1.0,3.2491193248076238,3.249119324807624,0.9999999999999999,PASS_FORMULA,0.0,5,0,0
161,0.8000000000000004,0.5000000000000002,3.7030930140149962,3.7030930140149962,1.0,3.2491193248076238,3.249119324807624,0.9999999999999999,PASS_FORMULA,0.0,4,0,0
162,0.8000000000000004,0.5000000000000002,3.7030930140149962,3.7030930140149962,1.0,3.249119324807624,3.249119324807624,1.0,PASS_FORMULA,0.0,2,0,0
163,0.8000000000000004,0.5000000000000002,3.7030930140149962,3.7030930140149962,1.0,3.249119324807624,3.249119324807624,1.0,PASS_FORMULA,0.0,2,0,0
164,0.8000000000000004,0.5000000000000002,3.7030930140149962,3.7030930140149962,1.0,3.2491193248076238,3.249119324807624,0.9999999999999999,PASS_FORMULA,0.0,1,0,0
165,0.2,0.5,3.7030930140149962,2.8912103050338422,1.2808106721145802,3.249119324807624,2.5367678420756947,1.2808106721145804,PASS_OVERWRITE,100.0,1,1,0
166,0.8,0.5,3.7030930140149962,3.703093014014995,1.0000000000000004,3.249119324807624,3.249119324807623,1.0000000000000004,PASS_FORMULA,0.0,2,0,0
167,0.8000000000000004,0.5000000000000002,3.7030930140149962,3.7030930140149962,1.0,3.249119324807624,3.249119324807624,1.0,PASS_FORMULA,0.0,5,0,0
168,0.8000000000000004,0.5000000000000002,3.7030930140149962,3.7030930140149962,1.0,3.249119324807624,3.249119324807624,1.0,PASS_FORMULA,0.0,1,0,0
169,0.22699950202558056,0.21349975101279023,3.7030930140149962,2.195307453334618,1.68682204781389,3.249119324807624,1.9261778852241471,1.6868220478138902,PASS_OVERWRITE,100.0,1,1,0
170,0.8000000000000004,0.5000000000000002,3.7030930140149962,3.7030930140149962,1.0,3.249119324807624,3.249119324807624,1.0,PASS_FORMULA,0.0,8,0,0
172,0.7238506294826305,0.5380746852586852,3.7030930140149962,3.7844799123690014,0.9784945619375586,3.249119324807624,3.320528750179158,0.9784945619375587,PASS_OVERWRITE,100.0,3,3,0
173,0.8000000000000004,0.5000000000000002,3.7030930140149962,3.7030930140149962,1.0,3.2491193248076238,3.249119324807624,0.9999999999999999,PASS_FORMULA,0.0,5,0,0
174,0.4929233169107427,0.34646165845537136,3.7030930140149962,2.895143315826104,1.2790707091328744,3.249119324807624,2.5402186928432693,1.2790707091328746,PASS_OVERWRITE,100.0,1,1,0
175,0.5698610367648241,0.6150694816175879,3.7030930140149962,3.9285890768582017,0.9426012600372191,3.249119324807624,3.4469711240141256,0.9426012600372191,PASS_OVERWRITE,100.0,1,1,0
176,0.8000000000000004,0.5000000000000002,3.7030930140149962,3.7030930140149962,1.0,3.249119324807624,3.249119324807624,1.0,PASS_FORMULA,0.0,3,0,0
179,0.3039705148498399,0.7480147425750804,3.7030930140149962,4.032332521455358,0.9183501098462157,3.249119324807624,3.537996337096004,0.9183501098462157,PASS_OVERWRITE,100.0,2,2,0
181,0.8000000000000004,0.5000000000000002,3.7030930140149962,3.7030930140149962,1.0,3.2491193248076238,3.249119324807624,0.9999999999999999,PASS_FORMULA,0.0,7,0,0
182,0.053289918653808,0.40645203970832827,3.7030930140149962,2.0714911252543926,1.7876460916820158,3.249119324807624,1.817540585872057,1.787646091682016,PASS_OVERWRITE,100.0,1,1,0
183,0.5698610367648241,0.38493051838241205,3.7030930140149962,3.092363935619568,1.1974958611309332,3.2491193248076238,2.713261423500125,1.1974958611309332,PASS_OVERWRITE,100.0,2,2,0
184,0.8000000000000004,0.5000000000000002,3.7030930140149962,3.7030930140149962,1.0,3.249119324807624,3.249119324807624,1.0,PASS_FORMULA,0.0,4,0,0
185,0.8000000000000004,0.5000000000000002,3.7030930140149962,3.7030930140149962,1.0,3.249119324807624,3.249119324807624,1.0,PASS_FORMULA,0.0,1,0,0
186,0.5698610367648241,0.38493051838241205,3.7030930140149962,3.092363935619568,1.1974958611309332,3.249119324807624,2.713261423500125,1.1974958611309334,PASS_OVERWRITE,100.0,1,1,0
187,0.4253921374221783,0.3126960687110891,3.7030930140149962,2.722671594637887,1.3600953641665712,3.249119324807624,2.388890816342569,1.3600953641665712,PASS_OVERWRITE,100.0,1,1,0
188,0.05778058006634097,0.8711097099668295,3.7030930140149962,3.407424181622813,1.0867719475569868,3.249119324807624,2.9896974541084673,1.0867719475569868,PASS_OVERWRITE,100.0,1,1,0
189,0.8000000000000004,0.5000000000000002,3.7030930140149962,3.7030930140149962,1.0,3.249119324807624,3.249119324807624,1.0,PASS_FORMULA,0.0,4,0,0
191,0.8000000000000004,0.5000000000000002,3.7030930140149962,3.7030930140149962,1.0,3.249119324807624,3.249119324807624,1.0,PASS_FORMULA,0.0,3,0,0
192,0.8000000000000004,0.5000000000000002,3.7030930140149962,3.7030930140149962,1.0,3.249119324807624,3.249119324807624,1.0,PASS_FORMULA,0.0,3,0,0
193,0.8000000000000004,0.5000000000000002,3.7030930140149962,3.7030930140149962,1.0,3.249119324807624,3.249119324807624,1.0,PASS_FORMULA,0.0,1,0,0
194,0.8000000000000004,0.5000000000000002,3.7030930140149962,3.7030930140149962,1.0,3.249119324807624,3.249119324807624,1.0,PASS_FORMULA,0.0,2,0,0
195,0.8000000000000004,0.5000000000000002,3.7030930140149962,3.7030930140149962,1.0,3.249119324807624,3.249119324807624,1.0,PASS_FORMULA,0.0,1,0,0
196,0.12639932735540813,0.16319966367770405,3.7030930140149962,1.8766367528483956,1.973260413020458,3.2491193248076238,1.6465740169764094,1.9732604130204578,PASS_OVERWRITE,100.0,1,1,0
197,0.44981301961614006,0.32490650980807007,3.7030930140149962,2.7850839850018985,1.3296162822940767,3.249119324807624,2.443651877669322,1.3296162822940767,PASS_OVERWRITE,100.0,1,1,0
198,0.018285126033856614,0.8908574369830717,3.7030930140149962,2.8322898798236387,1.307455511667323,3.249119324807624,2.4850706550345323,1.3074555116673232,PASS_OVERWRITE,100.0,1,1,0
199,0.002305375640853337,0.8988473121795733,3.7030930140149962,1.9732659806348087,1.8766314578755847,3.249119324807624,1.7313571672115877,1.8766314578755847,PASS_OVERWRITE,100.0,1,1,0
200,0.8000000000000004,0.5000000000000002,3.7030930140149962,3.7030930140149962,1.0,3.249119324807624,3.249119324807624,1.0,PASS_FORMULA,0.0,4,0,0
201,0.8000000000000004,0.5000000000000002,3.7030930140149962,3.7030930140149962,1.0,3.249119324807624,3.249119324807624,1.0,PASS_FORMULA,0.0,3,0,0
202,0.8,0.5,3.7030930140149962,3.703093014014995,1.0000000000000004,3.249119324807624,3.249119324807623,1.0000000000000004,PASS_FORMULA,0.0,1,0,0
203,0.6963498848562181,0.448174942428109,3.7030930140149962,3.422933121065074,1.0818479015046454,3.249119324807624,3.0033051044317,1.0818479015046454,PASS_OVERWRITE,100.0,1,1,0
204,0.8000000000000004,0.5000000000000002,3.7030930140149962,3.7030930140149962,1.0,3.2491193248076238,3.249119324807624,0.9999999999999999,PASS_FORMULA,0.0,6,0,0
205,0.29520493018475025,0.7523975349076253,3.7030930140149962,4.029648663093695,0.9189617566242136,3.249119324807624,3.535641501277697,0.9189617566242135,PASS_OVERWRITE,100.0,1,1,0
206,0.33972207352964784,0.5000000000000002,3.7030930140149962,3.1780300969049726,1.1652164709268718,3.2491193248076238,2.7884255036517906,1.1652164709268715,PASS_OVERWRITE,100.0,1,1,0
207,0.8000000000000004,0.5000000000000002,3.7030930140149962,3.7030930140149962,1.0,3.249119324807624,3.249119324807624,1.0,PASS_FORMULA,0.0,2,0,0
208,0.8,0.5,3.7030930140149962,3.703093014014995,1.0000000000000004,3.2491193248076238,3.249119324807623,1.0000000000000002,PASS_FORMULA,0.0,1,0,0
209,0.50207802456178,0.35103901228089,3.7030930140149962,2.918530777173424,1.2688209570986313,3.249119324807624,2.560739012569017,1.2688209570986313,PASS_OVERWRITE,100.0,1,1,0
211,0.5,0.35,3.7030930140149962,2.913220942767483,1.271133596374999,3.249119324807624,2.556080127276485,1.2711335963749992,PASS_OVERWRITE,100.0,1,1,0
212,0.8000000000000004,0.5000000000000002,3.7030930140149962,3.7030930140149962,1.0,3.249119324807624,3.249119324807624,1.0,PASS_FORMULA,0.0,9,0,0
213,0.8000000000000004,0.5000000000000002,3.7030930140149962,3.7030930140149962,1.0,3.249119324807624,3.249119324807624,1.0,PASS_FORMULA,0.0,1,0,0
214,0.8000000000000004,0.5000000000000002,3.7030930140149962,3.7030930140149962,1.0,3.249119324807624,3.249119324807624,1.0,PASS_FORMULA,0.0,2,0,0
215,0.8000000000000004,0.5000000000000002,3.7030930140149962,3.7030930140149962,1.0,3.249119324807624,3.249119324807624,1.0,PASS_FORMULA,0.0,1,0,0
216,0.5,0.35,3.7030930140149962,2.913220942767483,1.271133596374999,3.249119324807624,2.556080127276485,1.2711335963749992,PASS_OVERWRITE,100.0,1,1,0
217,0.8000000000000004,0.5000000000000002,3.7030930140149962,3.7030930140149962,1.0,3.249119324807624,3.249119324807624,1.0,PASS_FORMULA,0.0,4,0,0
219,0.8000000000000004,0.5000000000000002,3.7030930140149962,3.7030930140149962,1.0,3.249119324807624,3.249119324807624,1.0,PASS_FORMULA,0.0,2,0,0
220,0.3344494236924051,0.7327752881537974,3.7030930140149962,4.037215657343005,0.917239337284275,3.249119324807624,3.5422808341686314,0.917239337284275,PASS_OVERWRITE,100.0,2,2,0
221,0.8000000000000004,0.5000000000000002,3.7030930140149962,3.7030930140149962,1.0,3.249119324807624,3.249119324807624,1.0,PASS_FORMULA,0.0,3,0,0
222,0.8000000000000004,0.5000000000000002,3.7030930140149962,3.7030930140149962,1.0,3.249119324807624,3.249119324807624,1.0,PASS_FORMULA,0.0,3,0,0
223,0.8000000000000004,0.5000000000000002,3.7030930140149962,3.7030930140149962,1.0,3.249119324807624,3.249119324807624,1.0,PASS_FORMULA,0.0,2,0,0
224,0.8000000000000004,0.5000000000000002,3.7030930140149962,3.7030930140149962,1.0,3.249119324807624,3.249119324807624,1.0,PASS_FORMULA,0.0,1,0,0
225,0.8,0.5,3.7030930140149962,3.703093014014995,1.0000000000000004,3.249119324807624,3.249119324807623,1.0000000000000004,PASS_FORMULA,0.0,1,0,0
226,0.5698610367648241,0.38493051838241205,3.7030930140149962,3.092363935619568,1.1974958611309332,3.249119324807624,2.713261423500125,1.1974958611309334,PASS_OVERWRITE,100.0,1,1,0
227,0.8000000000000004,0.5000000000000002,3.7030930140149962,3.7030930140149962,1.0,3.249119324807624,3.249119324807624,1.0,PASS_FORMULA,0.0,5,0,0
228,0.8000000000000004,0.5000000000000002,3.7030930140149962,3.7030930140149962,1.0,3.2491193248076238,3.249119324807624,0.9999999999999999,PASS_FORMULA,0.0,1,0,0
229,0.8000000000000004,0.5000000000000002,3.7030930140149962,3.7030930140149962,1.0,3.249119324807624,3.249119324807624,1.0,PASS_FORMULA,0.0,2,0,0
230,0.8000000000000004,0.5000000000000002,3.7030930140149962,3.7030930140149962,1.0,3.2491193248076238,3.249119324807624,0.9999999999999999,PASS_FORMULA,0.0,1,0,0
231,0.8000000000000004,0.5000000000000002,3.7030930140149962,3.7030930140149962,1.0,3.249119324807624,3.249119324807624,1.0,PASS_FORMULA,0.0,2,0,0
232,0.1674516154698326,0.8162741922650841,3.7030930140149962,3.8918693342227,0.951494692139913,3.249119324807624,3.4147529688267095,0.9514946921399131,PASS_OVERWRITE,100.0,2,2,0
233,0.8000000000000004,0.5000000000000002,3.7030930140149962,3.7030930140149962,1.0,3.2491193248076238,3.249119324807624,0.9999999999999999,PASS_FORMULA,0.0,3,0,0
234,0.8000000000000004,0.5000000000000002,3.7030930140149962,3.7030930140149962,1.0,3.249119324807624,3.249119324807624,1.0,PASS_FORMULA,0.0,2,0,0
235,0.8000000000000004,0.5000000000000002,3.7030930140149962,3.7030930140149962,1.0,3.249119324807624,3.249119324807624,1.0,PASS_FORMULA,0.0,1,0,0
236,0.8000000000000004,0.5000000000000002,3.7030930140149962,3.7030930140149962,1.0,3.249119324807624,3.249119324807624,1.0,PASS_FORMULA,0.0,3,0,0
237,0.8000000000000004,0.5000000000000002,3.7030930140149962,3.7030930140149962,1.0,3.249119324807624,3.249119324807624,1.0,PASS_FORMULA,0.0,1,0,0
238,0.8,0.5,3.7030930140149962,3.703093014014995,1.0000000000000004,3.249119324807624,3.249119324807623,1.0000000000000004,PASS_FORMULA,0.0,1,0,0
239,0.35695908030823564,0.2784795401541178,3.7030930140149962,2.546490739874485,1.4541945729586745,3.249119324807624,2.2343085204870707,1.4541945729586747,PASS_OVERWRITE,100.0,1,1,0
240,0.8,0.5,3.7030930140149962,3.703093014014995,1.0000000000000004,3.249119324807624,3.249119324807623,1.0000000000000004,PASS_FORMULA,0.0,1,0,0
242,0.8,0.5,3.7030930140149962,3.703093014014995,1.0000000000000004,3.249119324807624,3.249119324807623,1.0000000000000004,PASS_FORMULA,0.0,2,0,0
243,0.8000000000000004,0.5000000000000002,3.7030930140149962,3.7030930140149962,1.0,3.2491193248076238,3.249119324807624,0.9999999999999999,PASS_FORMULA,0.0,14,0,0
244,0.8000000000000004,0.5000000000000002,3.7030930140149962,3.7030930140149962,1.0,3.249119324807624,3.249119324807624,1.0,PASS_FORMULA,0.0,1,0,0
245,0.8,0.5,3.7030930140149962,3.703093014014995,1.0000000000000004,3.249119324807624,3.249119324807623,1.0000000000000004,PASS_FORMULA,0.0,1,0,0
246,0.06876386874408598,0.13438193437204296,3.7030930140149962,1.6336688544818425,2.266734169446795,3.249119324807624,1.4333923089007758,2.2667341694467953,PASS_OVERWRITE,100.0,1,1,0
247,0.7259890651919181,0.537005467404041,3.7030930140149962,3.782265330640819,0.9790674874170161,3.249119324807624,3.3185856609123823,0.9790674874170162,PASS_OVERWRITE,100.0,7,7,0
248,0.8000000000000004,0.5000000000000002,3.7030930140149962,3.7030930140149962,1.0,3.249119324807624,3.249119324807624,1.0,PASS_FORMULA,0.0,10,0,0
250,0.8000000000000004,0.5000000000000002,3.7030930140149962,3.7030930140149962,1.0,3.249119324807624,3.249119324807624,1.0,PASS_FORMULA,0.0,9,0,0
251,0.8000000000000004,0.5000000000000002,3.7030930140149962,3.7030930140149962,1.0,3.249119324807624,3.249119324807624,1.0,PASS_FORMULA,0.0,3,0,0
252,0.8000000000000004,0.5000000000000002,3.7030930140149962,3.7030930140149962,1.0,3.2491193248076238,3.249119324807624,0.9999999999999999,PASS_FORMULA,0.0,1,0,0
253,0.5698610367648241,0.38493051838241205,3.7030930140149962,3.092363935619568,1.1974958611309332,3.249119324807624,2.713261423500125,1.1974958611309334,PASS_OVERWRITE,100.0,1,1,0
254,0.8000000000000004,0.5000000000000002,3.7030930140149962,3.7030930140149962,1.0,3.249119324807624,3.249119324807624,1.0,PASS_FORMULA,0.0,3,0,0
256,0.8000000000000004,0.5000000000000002,3.7030930140149962,3.7030930140149962,1.0,3.249119324807624,3.249119324807624,1.0,PASS_FORMULA,0.0,1,0,0
257,0.8000000000000004,0.5000000000000002,3.7030930140149962,3.7030930140149962,1.0,3.249119324807624,3.249119324807624,1.0,PASS_FORMULA,0.0,2,0,0
261,0.8000000000000004,0.5000000000000002,3.7030930140149962,3.7030930140149962,1.0,3.249119324807624,3.249119324807624,1.0,PASS_FORMULA,0.0,4,0,0
262,0.8000000000000004,0.5000000000000002,3.7030930140149962,3.7030930140149962,1.0,3.249119324807624,3.249119324807624,1.0,PASS_FORMULA,0.0,2,0,0
263,0.8000000000000004,0.5000000000000002,3.7030930140149962,3.7030930140149962,1.0,3.249119324807624,3.249119324807624,1.0,PASS_FORMULA,0.0,1,0,0
264,0.8,0.5,3.7030930140149962,3.703093014014995,1.0000000000000004,3.2491193248076238,3.249119324807623,1.0000000000000002,PASS_FORMULA,0.0,1,0,0
265,0.8,0.5,3.7030930140149962,3.703093014014995,1.0000000000000004,3.2491193248076238,3.249119324807623,1.0000000000000002,PASS_FORMULA,0.0,1,0,0
267,0.3973068360680783,0.29865341803403916,3.7030930140149962,2.6506775472673674,1.3970363984229555,3.249119324807624,2.325722743140689,1.3970363984229555,PASS_OVERWRITE,100.0,2,2,0
268,0.6218070464435682,0.4109035232217841,3.7030930140149962,3.2269005826118713,1.1475696009877354,3.249119324807624,2.8313048045286697,1.1475696009877356,PASS_OVERWRITE,100.0,1,1,0
269,0.6014347563620943,0.4708469799470441,3.7030930140149962,3.414107785950261,1.0846444360233638,3.249119324807624,2.995561694595404,1.084644436023364,PASS_OVERWRITE,100.0,4,4,0
270,0.7484259871532138,0.525787006423393,3.7030930140149962,3.7587628165380385,0.9851893281805112,3.249119324807624,3.2979643931062808,0.9851893281805112,PASS_OVERWRITE,100.0,3,3,0
271,0.8,0.5,3.7030930140149962,3.703093014014995,1.0000000000000004,3.249119324807624,3.249119324807623,1.0000000000000004,PASS_FORMULA,0.0,8,0,0
272,0.16323186414020155,0.2597991540443261,3.7030930140149962,2.171892712155535,1.7050073391239446,3.249119324807624,1.9056336299860532,1.7050073391239446,PASS_OVERWRITE,100.0,2,2,0
273,0.8000000000000004,0.5000000000000002,3.7030930140149962,3.7030930140149962,1.0,3.2491193248076238,3.249119324807624,0.9999999999999999,PASS_FORMULA,0.0,20,0,0
274,0.5177257386380107,0.641137130680995,3.7030930140149962,3.9679970115144045,0.9332398697048649,3.249119324807624,3.4815479174021475,0.9332398697048649,PASS_OVERWRITE,100.0,2,2,0
275,0.8000000000000004,0.5000000000000002,3.7030930140149962,3.7030930140149962,1.0,3.2491193248076238,3.249119324807624,0.9999999999999999,PASS_FORMULA,0.0,5,0,0
276,0.8000000000000004,0.5000000000000002,3.7030930140149962,3.7030930140149962,1.0,3.249119324807624,3.249119324807624,1.0,PASS_FORMULA,0.0,2,0,0
277,0.8000000000000004,0.5000000000000002,3.7030930140149962,3.7030930140149962,1.0,3.249119324807624,3.249119324807624,1.0,PASS_FORMULA,0.0,1,0,0
279,0.8,0.5,3.7030930140149962,3.703093014014995,1.0000000000000004,3.249119324807624,3.249119324807623,1.0000000000000004,PASS_FORMULA,0.0,2,0,0
280,0.8,0.5,3.7030930140149962,3.703093014014995,1.0000000000000004,3.249119324807624,3.249119324807623,1.0000000000000004,PASS_FORMULA,0.0,1,0,0
281,0.3995544096072953,0.29977720480364767,3.7030930140149962,2.656451257099598,1.3939999855514595,3.249119324807624,2.3307886359283487,1.3939999855514595,PASS_OVERWRITE,100.0,1,1,0
282,0.5287443156374728,0.36437215781873644,3.7030930140149962,2.9867491624842137,1.2398406469912482,3.249119324807624,2.6205942938653783,1.2398406469912484,PASS_OVERWRITE,100.0,1,1,0
283,0.8,0.5,3.7030930140149962,3.703093014014995,1.0000000000000004,3.249119324807624,3.249119324807623,1.0000000000000004,PASS_FORMULA,0.0,1,0,0
284,0.5,0.35,3.7030930140149962,2.913220942767483,1.271133596374999,3.249119324807624,2.556080127276485,1.2711335963749992,PASS_OVERWRITE,100.0,1,1,0
285,0.8000000000000004,0.5000000000000002,3.7030930140149962,3.7030930140149962,1.0,3.2491193248076238,3.249119324807624,0.9999999999999999,PASS_FORMULA,0.0,13,0,0
286,0.8000000000000004,0.5000000000000002,3.7030930140149962,3.7030930140149962,1.0,3.249119324807624,3.249119324807624,1.0,PASS_FORMULA,0.0,1,0,0
287,0.8000000000000004,0.5000000000000002,3.7030930140149962,3.7030930140149962,1.0,3.249119324807624,3.249119324807624,1.0,PASS_FORMULA,0.0,2,0,0
288,0.8000000000000004,0.5000000000000002,3.7030930140149962,3.7030930140149962,1.0,3.249119324807624,3.249119324807624,1.0,PASS_FORMULA,0.0,1,0,0
289,0.8000000000000004,0.5000000000000002,3.7030930140149962,3.7030930140149962,1.0,3.249119324807624,3.249119324807624,1.0,PASS_FORMULA,0.0,2,0,0
290,0.33923915564403395,0.7303804221779835,3.7030930140149962,4.037409272127487,0.9171953508849191,3.249119324807624,3.5424507131145417,0.9171953508849192,PASS_OVERWRITE,100.0,1,1,0
291,0.13835761718721065,0.3993177718287816,3.7030930140149962,2.438010280348495,1.5188996715328318,3.249119324807624,2.139127017868601,1.5188996715328318,PASS_OVERWRITE,100.0,1,1,0
292,0.8000000000000004,0.5000000000000002,3.7030930140149962,3.7030930140149962,1.0,3.249119324807624,3.249119324807624,1.0,PASS_FORMULA,0.0,2,0,0
293,0.10946959578137336,0.15473479789068667,3.7030930140149962,1.8130408450396733,2.0424763314882544,3.2491193248076238,1.5907745292892317,2.042476331488254,PASS_OVERWRITE,100.0,1,1,0
295,0.8000000000000004,0.5000000000000002,3.7030930140149962,3.7030930140149962,1.0,3.249119324807624,3.249119324807624,1.0,PASS_FORMULA,0.0,5,0,0
296,0.8000000000000004,0.5000000000000002,3.7030930140149962,3.7030930140149962,1.0,3.2491193248076238,3.249119324807624,0.9999999999999999,PASS_FORMULA,0.0,1,0,0
297,0.8000000000000004,0.5000000000000002,3.7030930140149962,3.7030930140149962,1.0,3.249119324807624,3.249119324807624,1.0,PASS_FORMULA,0.0,2,0,0
298,0.8000000000000004,0.5000000000000002,3.7030930140149962,3.7030930140149962,1.0,3.249119324807624,3.249119324807624,1.0,PASS_FORMULA,0.0,1,0,0
299,0.8000000000000004,0.5000000000000002,3.7030930140149962,3.7030930140149962,1.0,3.249119324807624,3.249119324807624,1.0,PASS_FORMULA,0.0,3,0,0
300,0.8000000000000004,0.5000000000000002,3.7030930140149962,3.7030930140149962,1.0,3.249119324807624,3.249119324807624,1.0,PASS_FORMULA,0.0,1,0,0
301,0.8000000000000004,0.5000000000000002,3.7030930140149962,3.7030930140149962,1.0,3.249119324807624,3.249119324807624,1.0,PASS_FORMULA,0.0,2,0,0
302,0.8000000000000004,0.5000000000000002,3.7030930140149962,3.7030930140149962,1.0,3.249119324807624,3.249119324807624,1.0,PASS_FORMULA,0.0,1,0,0
303,0.8000000000000004,0.5000000000000002,3.7030930140149962,3.7030930140149962,1.0,3.249119324807624,3.249119324807624,1.0,PASS_FORMULA,0.0,2,0,0
304,0.8000000000000004,0.5000000000000002,3.7030930140149962,3.7030930140149962,1.0,3.249119324807624,3.249119324807624,1.0,PASS_FORMULA,0.0,1,0,0
305,0.8000000000000004,0.5000000000000002,3.7030930140149962,3.7030930140149962,1.0,3.249119324807624,3.249119324807624,1.0,PASS_FORMULA,0.0,2,0,0
306,0.27631435849221997,0.7618428207538903,3.7030930140149962,4.0216653587624105,0.9207859639407072,3.249119324807624,3.5286368950524603,0.9207859639407073,PASS_OVERWRITE,100.0,1,1,0
307,0.8000000000000004,0.5000000000000002,3.7030930140149962,3.7030930140149962,1.0,3.249119324807624,3.249119324807624,1.0,PASS_FORMULA,0.0,2,0,0
308,0.8000000000000004,0.5000000000000002,3.7030930140149962,3.7030930140149962,1.0,3.249119324807624,3.249119324807624,1.0,PASS_FORMULA,0.0,2,0,0
309,0.8000000000000004,0.5000000000000002,3.7030930140149962,3.7030930140149962,1.0,3.2491193248076238,3.249119324807624,0.9999999999999999,PASS_FORMULA,0.0,1,0,0
310,0.8000000000000004,0.5000000000000002,3.7030930140149962,3.7030930140149962,1.0,3.249119324807624,3.249119324807624,1.0,PASS_FORMULA,0.0,2,0,0
311,0.14080749554235278,0.8295962522288239,3.7030930140149962,3.8259445830134426,0.9678898723353477,3.249119324807624,3.3569101378941713,0.9678898723353478,PASS_OVERWRITE,100.0,2,2,0
312,0.8000000000000004,0.5000000000000002,3.7030930140149962,3.7030930140149962,1.0,3.249119324807624,3.249119324807624,1.0,PASS_FORMULA,0.0,3,0,0
313,0.8000000000000004,0.5000000000000002,3.7030930140149962,3.7030930140149962,1.0,3.249119324807624,3.249119324807624,1.0,PASS_FORMULA,0.0,2,0,0
314,0.28102445964122846,0.4706511930557905,3.7030930140149962,2.9798542044615486,1.2427094615805658,3.249119324807624,2.6145446101900314,1.2427094615805658,PASS_OVERWRITE,100.0,1,1,0
315,0.8000000000000004,0.5000000000000002,3.7030930140149962,3.7030930140149962,1.0,3.249119324807624,3.249119324807624,1.0,PASS_FORMULA,0.0,1,0,0
316,0.26252988542331307,0.23126494271165654,3.7030930140149962,2.2950600755394492,1.613505917985433,3.249119324807624,2.0137015232422333,1.613505917985433,PASS_OVERWRITE,100.0,1,1,0
317,0.8000000000000004,0.5000000000000002,3.7030930140149962,3.7030930140149962,1.0,3.249119324807624,3.249119324807624,1.0,PASS_FORMULA,0.0,5,0,0
318,0.46657179989018277,0.43657513681973265,3.7030930140149962,3.1485560992930277,1.1761241970077914,3.2491193248076238,2.7625648150712263,1.1761241970077914,PASS_OVERWRITE,100.0,1,1,0
319,0.8000000000000004,0.5000000000000002,3.7030930140149962,3.7030930140149962,1.0,3.2491193248076238,3.249119324807624,0.9999999999999999,PASS_FORMULA,0.0,1,0,0
320,0.8000000000000004,0.5000000000000002,3.7030930140149962,3.7030930140149962,1.0,3.249119324807624,3.249119324807624,1.0,PASS_FORMULA,0.0,3,0,0
321,0.8000000000000004,0.5000000000000002,3.7030930140149962,3.7030930140149962,1.0,3.2491193248076238,3.249119324807624,0.9999999999999999,PASS_FORMULA,0.0,1,0,0
322,0.8000000000000004,0.5000000000000002,3.7030930140149962,3.7030930140149962,1.0,3.249119324807624,3.249119324807624,1.0,PASS_FORMULA,0.0,2,0,0
323,0.8000000000000004,0.5000000000000002,3.7030930140149962,3.7030930140149962,1.0,3.249119324807624,3.249119324807624,1.0,PASS_FORMULA,0.0,1,0,0
325,0.8000000000000004,0.5000000000000002,3.7030930140149962,3.7030930140149962,1.0,3.249119324807624,3.249119324807624,1.0,PASS_FORMULA,0.0,2,0,0
326,0.8000000000000004,0.5000000000000002,3.7030930140149962,3.7030930140149962,1.0,3.249119324807624,3.249119324807624,1.0,PASS_FORMULA,0.0,2,0,0
327,0.8000000000000004,0.5000000000000002,3.7030930140149962,3.7030930140149962,1.0,3.249119324807624,3.249119324807624,1.0,PASS_FORMULA,0.0,2,0,0
328,0.8000000000000004,0.5000000000000002,3.7030930140149962,3.7030930140149962,1.0,3.249119324807624,3.249119324807624,1.0,PASS_FORMULA,0.0,1,0,0
329,0.8000000000000004,0.5000000000000002,3.7030930140149962,3.7030930140149962,1.0,3.249119324807624,3.249119324807624,1.0,PASS_FORMULA,0.0,2,0,0
330,0.8000000000000004,0.5000000000000002,3.7030930140149962,3.7030930140149962,1.0,3.249119324807624,3.249119324807624,1.0,PASS_FORMULA,0.0,1,0,0
331,0.8000000000000004,0.5000000000000002,3.7030930140149962,3.7030930140149962,1.0,3.249119324807624,3.249119324807624,1.0,PASS_FORMULA,0.0,2,0,0
332,0.8000000000000004,0.5000000000000002,3.7030930140149962,3.7030930140149962,1.0,3.249119324807624,3.249119324807624,1.0,PASS_FORMULA,0.0,1,0,0
333,0.8000000000000004,0.5000000000000002,3.7030930140149962,3.7030930140149962,1.0,3.249119324807624,3.249119324807624,1.0,PASS_FORMULA,0.0,2,0,0
334,0.4968078051772685,0.6515960974113657,3.7030930140149962,3.9819665818317476,0.9299658693548185,3.249119324807624,3.493804914648924,0.9299658693548185,PASS_OVERWRITE,100.0,1,1,0
335,0.8000000000000004,0.5000000000000002,3.7030930140149962,3.7030930140149962,1.0,3.249119324807624,3.249119324807624,1.0,PASS_FORMULA,0.0,1,0,0
336,0.8,0.5,3.7030930140149962,3.703093014014995,1.0000000000000004,3.249119324807624,3.249119324807623,1.0000000000000004,PASS_FORMULA,0.0,1,0,0
337,0.8000000000000004,0.5000000000000002,3.7030930140149962,3.7030930140149962,1.0,3.249119324807624,3.249119324807624,1.0,PASS_FORMULA,0.0,7,0,0
338,0.8000000000000004,0.5000000000000002,3.7030930140149962,3.7030930140149962,1.0,3.249119324807624,3.249119324807624,1.0,PASS_FORMULA,0.0,1,0,0
339,0.2547130411773175,0.7726434794113413,3.7030930140149962,4.008416407531182,0.9238294222769543,3.249119324807624,3.5170121739569065,0.9238294222769544,PASS_OVERWRITE,100.0,2,2,0
340,0.4051725484703786,0.6974137257648106,3.7030930140149962,4.02701701823689,0.9195622956756924,3.249119324807624,3.5333324779483024,0.9195622956756926,PASS_OVERWRITE,100.0,1,1,0
341,0.8,0.5,3.7030930140149962,3.703093014014995,1.0000000000000004,3.249119324807624,3.249119324807623,1.0000000000000004,PASS_FORMULA,0.0,4,0,0
342,0.02431202317340194,0.887843988413299,3.7030930140149962,2.970740719665298,1.246521781420295,3.249119324807624,2.606548375837891,1.246521781420295,PASS_OVERWRITE,100.0,1,1,0
343,0.8000000000000004,0.5000000000000002,3.7030930140149962,3.7030930140149962,1.0,3.2491193248076238,3.249119324807624,0.9999999999999999,PASS_FORMULA,0.0,7,0,0
344,0.8000000000000004,0.5000000000000002,3.7030930140149962,3.7030930140149962,1.0,3.249119324807624,3.249119324807624,1.0,PASS_FORMULA,0.0,2,0,0
345,0.8000000000000004,0.5000000000000002,3.7030930140149962,3.7030930140149962,1.0,3.249119324807624,3.249119324807624,1.0,PASS_FORMULA,0.0,2,0,0
346,0.8000000000000004,0.5000000000000002,3.7030930140149962,3.7030930140149962,1.0,3.249119324807624,3.249119324807624,1.0,PASS_FORMULA,0.0,1,0,0
347,0.8000000000000004,0.5000000000000002,3.7030930140149962,3.7030930140149962,1.0,3.249119324807624,3.249119324807624,1.0,PASS_FORMULA,0.0,2,0,0
348,0.5403463699082078,0.6298268150458964,3.7030930140149962,3.951650873610697,0.9371002480873041,3.249119324807624,3.4672057033805443,0.9371002480873042,PASS_OVERWRITE,100.0,2,2,0
349,0.8000000000000004,0.5000000000000002,3.7030930140149962,3.7030930140149962,1.0,3.249119324807624,3.249119324807624,1.0,PASS_FORMULA,0.0,3,0,0
350,0.8000000000000004,0.5000000000000002,3.7030930140149962,3.7030930140149962,1.0,3.249119324807624,3.249119324807624,1.0,PASS_FORMULA,0.0,2,0,0
351,0.8000000000000004,0.5000000000000002,3.7030930140149962,3.7030930140149962,1.0,3.2491193248076238,3.249119324807624,0.9999999999999999,PASS_FORMULA,0.0,1,0,0
352,0.8000000000000004,0.5000000000000002,3.7030930140149962,3.7030930140149962,1.0,3.249119324807624,3.249119324807624,1.0,PASS_FORMULA,0.0,2,0,0
353,0.8000000000000004,0.5000000000000002,3.7030930140149962,3.7030930140149962,1.0,3.249119324807624,3.249119324807624,1.0,PASS_FORMULA,0.0,1,0,0
354,0.8,0.5,3.7030930140149962,3.703093014014995,1.0000000000000004,3.249119324807624,3.249119324807623,1.0000000000000004,PASS_FORMULA,0.0,1,0,0
355,0.2000000000000001,0.5,3.7030930140149962,2.8912103050338427,1.2808106721145802,3.249119324807624,2.536767842075695,1.2808106721145802,PASS_OVERWRITE,100.0,1,1,0
356,0.8000000000000004,0.5000000000000002,3.7030930140149962,3.7030930140149962,1.0,3.249119324807624,3.249119324807624,1.0,PASS_FORMULA,0.0,4,0,0
357,0.8000000000000004,0.5000000000000002,3.7030930140149962,3.7030930140149962,1.0,3.249119324807624,3.249119324807624,1.0,PASS_FORMULA,0.0,2,0,0
358,0.8,0.5,3.7030930140149962,3.703093014014995,1.0000000000000004,3.249119324807624,3.249119324807623,1.0000000000000004,PASS_FORMULA,0.0,1,0,0
359,0.12620298597361898,0.16310149298680945,3.7030930140149962,1.8759244620990798,1.9740096623461012,3.249119324807624,1.6459490481652763,1.9740096623461014,PASS_OVERWRITE,100.0,1,1,0
360,0.6267146428190192,0.4133573214095096,3.7030930140149962,3.239689707790731,1.1430394105675872,3.2491193248076238,2.842526071077674,1.1430394105675872,PASS_OVERWRITE,100.0,1,1,0
361,0.12587097529794786,0.1629354876489739,3.7030930140149962,1.8747187585066947,1.9752792237299057,3.2491193248076238,1.64489115552602,1.9752792237299055,PASS_OVERWRITE,100.0,1,1,0
362,0.6481082629775334,0.4240541314887667,3.7030930140149962,3.295621625462136,1.1236402217429076,3.249119324807624,2.8916011210134775,1.1236402217429076,PASS_OVERWRITE,100.0,1,1,0
363,0.8000000000000004,0.5000000000000002,3.7030930140149962,3.7030930140149962,1.0,3.2491193248076238,3.249119324807624,0.9999999999999999,PASS_FORMULA,0.0,11,0,0
364,0.8000000000000004,0.5000000000000002,3.7030930140149962,3.7030930140149962,1.0,3.249119324807624,3.249119324807624,1.0,PASS_FORMULA,0.0,1,0,0
365,0.8000000000000004,0.5000000000000002,3.7030930140149962,3.7030930140149962,1.0,3.249119324807624,3.249119324807624,1.0,PASS_FORMULA,0.0,2,0,0
366,0.8000000000000004,0.5000000000000002,3.7030930140149962,3.7030930140149962,1.0,3.249119324807624,3.249119324807624,1.0,PASS_FORMULA,0.0,1,0,0
367,0.8000000000000004,0.5000000000000002,3.7030930140149962,3.7030930140149962,1.0,3.249119324807624,3.249119324807624,1.0,PASS_FORMULA,0.0,2,0,0
368,0.8000000000000004,0.5000000000000002,3.7030930140149962,3.7030930140149962,1.0,3.249119324807624,3.249119324807624,1.0,PASS_FORMULA,0.0,1,0,0
369,0.8,0.5,3.7030930140149962,3.703093014014995,1.0000000000000004,3.249119324807624,3.249119324807623,1.0000000000000004,PASS_FORMULA,0.0,1,0,0
370,0.8000000000000004,0.5000000000000002,3.7030930140149962,3.7030930140149962,1.0,3.249119324807624,3.249119324807624,1.0,PASS_FORMULA,0.0,4,0,0
371,0.5698610367648245,0.6150694816175881,3.7030930140149962,3.928589076858203,0.9426012600372188,3.249119324807624,3.4469711240141265,0.9426012600372189,PASS_OVERWRITE,100.0,2,2,0
372,0.8000000000000004,0.5000000000000002,3.7030930140149962,3.7030930140149962,1.0,3.249119324807624,3.249119324807624,1.0,PASS_FORMULA,0.0,3,0,0
373,0.8,0.5,3.7030930140149962,3.703093014014995,1.0000000000000004,3.249119324807624,3.249119324807623,1.0000000000000004,PASS_FORMULA,0.0,1,0,0
374,0.08516607527724979,0.14258303763862487,3.7030930140149962,1.7118063375018848,2.1632663303601767,3.249119324807624,1.501950674869819,2.1632663303601767,PASS_OVERWRITE,100.0,1,1,0
375,0.5,0.35,3.7030930140149962,2.913220942767483,1.271133596374999,3.249119324807624,2.556080127276485,1.2711335963749992,PASS_OVERWRITE,100.0,1,1,0
376,0.8000000000000004,0.5000000000000002,3.7030930140149962,3.7030930140149962,1.0,3.249119324807624,3.249119324807624,1.0,PASS_FORMULA,0.0,7,0,0
377,0.8000000000000004,0.5000000000000002,3.7030930140149962,3.7030930140149962,1.0,3.249119324807624,3.249119324807624,1.0,PASS_FORMULA,0.0,1,0,0
378,0.8000000000000004,0.5000000000000002,3.7030930140149962,3.7030930140149962,1.0,3.249119324807624,3.249119324807624,1.0,PASS_FORMULA,0.0,2,0,0
379,0.8000000000000004,0.5000000000000002,3.7030930140149962,3.7030930140149962,1.0,3.249119324807624,3.249119324807624,1.0,PASS_FORMULA,0.0,1,0,0
380,0.8,0.5,3.7030930140149962,3.703093014014995,1.0000000000000004,3.249119324807624,3.249119324807623,1.0000000000000004,PASS_FORMULA,0.0,1,0,0
381,0.8,0.5,3.7030930140149962,3.703093014014995,1.0000000000000004,3.249119324807624,3.249119324807623,1.0000000000000004,PASS_FORMULA,0.0,1,0,0
382,0.8000000000000004,0.5000000000000002,3.7030930140149962,3.7030930140149962,1.0,3.249119324807624,3.249119324807624,1.0,PASS_FORMULA,0.0,12,0,0
384,0.8000000000000004,0.5000000000000002,3.7030930140149962,3.7030930140149962,1.0,3.249119324807624,3.249119324807624,1.0,PASS_FORMULA,0.0,1,0,0
385,0.8000000000000004,0.5000000000000002,3.7030930140149962,3.7030930140149962,1.0,3.249119324807624,3.249119324807624,1.0,PASS_FORMULA,0.0,2,0,0
387,0.3610886283041206,0.7194556858479401,3.7030930140149962,4.036527969181686,0.917395603916926,3.249119324807624,3.541677451837719,0.9173956039169261,PASS_OVERWRITE,100.0,1,1,0
388,0.8000000000000004,0.5000000000000002,3.7030930140149962,3.7030930140149962,1.0,3.249119324807624,3.249119324807624,1.0,PASS_FORMULA,0.0,3,0,0
390,0.3043517172460211,0.2521758586230105,3.7030930140149962,2.4082402811513237,1.5376758884892638,3.249119324807624,2.1130066154577083,1.537675888489264,PASS_OVERWRITE,100.0,2,2,0
391,0.10171113252366656,0.15517658780790178,3.7030930140149962,1.7902249246119288,2.068507126174508,3.249119324807624,1.5707556835042369,2.068507126174508,PASS_OVERWRITE,100.0,2,2,0
392,0.8000000000000004,0.5000000000000002,3.7030930140149962,3.7030930140149962,1.0,3.249119324807624,3.249119324807624,1.0,PASS_FORMULA,0.0,5,0,0
393,0.8000000000000004,0.5000000000000002,3.7030930140149962,3.7030930140149962,1.0,3.2491193248076238,3.249119324807624,0.9999999999999999,PASS_FORMULA,0.0,3,0,0
394,0.8000000000000004,0.5000000000000002,3.7030930140149962,3.7030930140149962,1.0,3.249119324807624,3.249119324807624,1.0,PASS_FORMULA,0.0,2,0,0
395,0.8000000000000004,0.5000000000000002,3.7030930140149962,3.7030930140149962,1.0,3.249119324807624,3.249119324807624,1.0,PASS_FORMULA,0.0,1,0,0
396,0.8000000000000004,0.5000000000000002,3.7030930140149962,3.7030930140149962,1.0,3.249119324807624,3.249119324807624,1.0,PASS_FORMULA,0.0,2,0,0
397,0.15765992849133645,0.8211700357543318,3.7030930140149962,3.869882673602843,0.9569005901068918,3.249119324807624,3.395461721310755,0.9569005901068918,PASS_OVERWRITE,100.0,1,1,0
398,0.8000000000000004,0.5000000000000002,3.7030930140149962,3.7030930140149962,1.0,3.249119324807624,3.249119324807624,1.0,PASS_FORMULA,0.0,1,0,0
399,0.8000000000000004,0.5000000000000002,3.7030930140149962,3.7030930140149962,1.0,3.249119324807624,3.249119324807624,1.0,PASS_FORMULA,0.0,4,0,0
401,0.8000000000000004,0.5000000000000002,3.7030930140149962,3.7030930140149962,1.0,3.249119324807624,3.249119324807624,1.0,PASS_FORMULA,0.0,2,0,0
402,0.8000000000000004,0.5000000000000002,3.7030930140149962,3.7030930140149962,1.0,3.249119324807624,3.249119324807624,1.0,PASS_FORMULA,0.0,2,0,0
404,0.8000000000000004,0.5000000000000002,3.7030930140149962,3.7030930140149962,1.0,3.249119324807624,3.249119324807624,1.0,PASS_FORMULA,0.0,1,0,0
405,0.02738040002578259,0.11369020001289128,3.7030930140149962,1.3565038005259806,2.729880308908189,3.249119324807624,1.190205780892681,2.729880308908189,PASS_OVERWRITE,100.0,1,1,0
406,0.14699313551472712,0.17349656775736355,3.7030930140149962,1.9486504473316408,1.9003372406199268,3.249119324807624,1.7097593286903636,1.9003372406199268,PASS_OVERWRITE,100.0,1,1,0
407,0.8000000000000004,0.5000000000000002,3.7030930140149962,3.7030930140149962,1.0,3.249119324807624,3.249119324807624,1.0,PASS_FORMULA,0.0,6,0,0
408,0.8000000000000004,0.5000000000000002,3.7030930140149962,3.7030930140149962,1.0,3.249119324807624,3.249119324807624,1.0,PASS_FORMULA,0.0,1,0,0
409,0.8,0.5,3.7030930140149962,3.703093014014995,1.0000000000000004,3.249119324807624,3.249119324807623,1.0000000000000004,PASS_FORMULA,0.0,1,0,0
410,0.8000000000000004,0.5000000000000002,3.7030930140149962,3.7030930140149962,1.0,3.2491193248076238,3.249119324807624,0.9999999999999999,PASS_FORMULA,0.0,4,0,0
411,0.8000000000000004,0.5000000000000002,3.7030930140149962,3.7030930140149962,1.0,3.249119324807624,3.249119324807624,1.0,PASS_FORMULA,0.0,1,0,0
412,0.8000000000000004,0.5000000000000002,3.7030930140149962,3.7030930140149962,1.0,3.249119324807624,3.249119324807624,1.0,PASS_FORMULA,0.0,2,0,0
413,0.8000000000000004,0.5000000000000002,3.7030930140149962,3.7030930140149962,1.0,3.249119324807624,3.249119324807624,1.0,PASS_FORMULA,0.0,1,0,0
414,0.8000000000000004,0.5000000000000002,3.7030930140149962,3.7030930140149962,1.0,3.249119324807624,3.249119324807624,1.0,PASS_FORMULA,0.0,2,0,0
415,0.3241368382445838,0.4922073823574682,3.7030930140149962,3.126059106693212,1.1845882907608163,3.2491193248076238,2.742825798759869,1.184588290760816,PASS_OVERWRITE,100.0,1,1,0
416,0.8000000000000004,0.5000000000000002,3.7030930140149962,3.7030930140149962,1.0,3.2491193248076238,3.249119324807624,0.9999999999999999,PASS_FORMULA,0.0,1,0,0
417,0.32537304819187296,0.3620424047913998,3.7030930140149962,2.7321289757604856,1.3553873359819126,3.249119324807624,2.397188787700893,1.3553873359819129,PASS_OVERWRITE,100.0,2,2,0
418,0.8000000000000004,0.5000000000000002,3.7030930140149962,3.7030930140149962,1.0,3.249119324807624,3.249119324807624,1.0,PASS_FORMULA,0.0,2,0,0
419,0.8000000000000004,0.5000000000000002,3.7030930140149962,3.7030930140149962,1.0,3.249119324807624,3.249119324807624,1.0,PASS_FORMULA,0.0,3,0,0
420,0.8000000000000004,0.5000000000000002,3.7030930140149962,3.7030930140149962,1.0,3.249119324807624,3.249119324807624,1.0,PASS_FORMULA,0.0,2,0,0
421,0.8000000000000004,0.5000000000000002,3.7030930140149962,3.7030930140149962,1.0,3.249119324807624,3.249119324807624,1.0,PASS_FORMULA,0.0,1,0,0
422,0.4696458120262744,0.6651770939868628,3.7030930140149962,3.998272454266931,0.9261732551675109,3.249119324807624,3.5081117994710147,0.926173255167511,PASS_OVERWRITE,100.0,1,1,0
423,0.8000000000000004,0.5000000000000002,3.7030930140149962,3.7030930140149962,1.0,3.249119324807624,3.249119324807624,1.0,PASS_FORMULA,0.0,3,0,0
424,0.8000000000000004,0.5000000000000002,3.7030930140149962,3.7030930140149962,1.0,3.249119324807624,3.249119324807624,1.0,PASS_FORMULA,0.0,2,0,0
425,0.8,0.5,3.7030930140149962,3.703093014014995,1.0000000000000004,3.249119324807624,3.249119324807623,1.0000000000000004,PASS_FORMULA,0.0,1,0,0
426,0.8000000000000004,0.5000000000000002,3.7030930140149962,3.7030930140149962,1.0,3.249119324807624,3.249119324807624,1.0,PASS_FORMULA,0.0,4,0,0
427,0.8000000000000004,0.5000000000000002,3.7030930140149962,3.7030930140149962,1.0,3.249119324807624,3.249119324807624,1.0,PASS_FORMULA,0.0,1,0,0
428,0.8000000000000004,0.5000000000000002,3.7030930140149962,3.7030930140149962,1.0,3.249119324807624,3.249119324807624,1.0,PASS_FORMULA,0.0,2,0,0
429,0.8000000000000004,0.5000000000000002,3.7030930140149962,3.7030930140149962,1.0,3.249119324807624,3.249119324807624,1.0,PASS_FORMULA,0.0,1,0,0
430,0.5,0.35,3.7030930140149962,2.913220942767483,1.271133596374999,3.249119324807624,2.556080127276485,1.2711335963749992,PASS_OVERWRITE,100.0,1,1,0
431,0.8,0.5,3.7030930140149962,3.703093014014995,1.0000000000000004,3.249119324807624,3.249119324807623,1.0000000000000004,PASS_FORMULA,0.0,1,0,0
432,0.8000000000000004,0.5000000000000002,3.7030930140149962,3.7030930140149962,1.0,3.249119324807624,3.249119324807624,1.0,PASS_FORMULA,0.0,7,0,0
433,0.49087286464540986,0.6545635676772954,3.7030930140149962,3.9857137741505055,0.9290915564563474,3.249119324807624,3.497092727007557,0.9290915564563476,PASS_OVERWRITE,100.0,1,1,0
434,0.8000000000000004,0.5000000000000002,3.7030930140149962,3.7030930140149962,1.0,3.249119324807624,3.249119324807624,1.0,PASS_FORMULA,0.0,2,0,0
435,0.8,0.5,3.7030930140149962,3.703093014014995,1.0000000000000004,3.249119324807624,3.249119324807623,1.0000000000000004,PASS_FORMULA,0.0,1,0,0
436,0.5710020163727836,0.3855010081863918,3.7030930140149962,3.095304325341181,1.1963582978571328,3.249119324807624,2.7158413417011538,1.1963582978571328,PASS_OVERWRITE,100.0,1,1,0
437,0.8000000000000004,0.5000000000000002,3.7030930140149962,3.7030930140149962,1.0,3.2491193248076238,3.249119324807624,0.9999999999999999,PASS_FORMULA,0.0,7,0,0
438,0.12202003360381507,0.8389899831980925,3.7030930140149962,3.7659797858517776,0.9833013517297576,3.249119324807624,3.304296611707074,0.9833013517297577,PASS_OVERWRITE,100.0,1,1,0
439,0.5041671059209947,0.647916447039503,3.7030930140149962,3.9771844984438123,0.9310840408494848,3.249119324807624,3.4896090817357948,0.9310840408494849,PASS_OVERWRITE,100.0,2,2,0
440,0.8000000000000004,0.5000000000000002,3.7030930140149962,3.7030930140149962,1.0,3.249119324807624,3.249119324807624,1.0,PASS_FORMULA,0.0,3,0,0
441,0.8000000000000004,0.5000000000000002,3.7030930140149962,3.7030930140149962,1.0,3.249119324807624,3.249119324807624,1.0,PASS_FORMULA,0.0,2,0,0
442,0.8000000000000004,0.5000000000000002,3.7030930140149962,3.7030930140149962,1.0,3.2491193248076238,3.249119324807624,0.9999999999999999,PASS_FORMULA,0.0,1,0,0
444,0.8,0.5,3.7030930140149962,3.703093014014995,1.0000000000000004,3.249119324807624,3.249119324807623,1.0000000000000004,PASS_FORMULA,0.0,2,0,0
445,0.8000000000000004,0.5000000000000002,3.7030930140149962,3.7030930140149962,1.0,3.249119324807624,3.249119324807624,1.0,PASS_FORMULA,0.0,5,0,0
446,0.04725338111627063,0.8763733094418646,3.7030930140149962,3.3052879001021465,1.120354149452626,3.249119324807624,2.9000823769832547,1.1203541494526261,PASS_OVERWRITE,100.0,1,1,0
447,0.8000000000000004,0.5000000000000002,3.7030930140149962,3.7030930140149962,1.0,3.249119324807624,3.249119324807624,1.0,PASS_FORMULA,0.0,1,0,0
448,0.40090473342634697,0.3004523667131735,3.7030930140149962,2.6599188639924525,1.3921826955491314,3.2491193248076238,2.3338311381079504,1.3921826955491314,PASS_OVERWRITE,100.0,1,1,0
449,0.8000000000000004,0.5000000000000002,3.7030930140149962,3.7030930140149962,1.0,3.249119324807624,3.249119324807624,1.0,PASS_FORMULA,0.0,5,0,0
450,0.8000000000000004,0.5000000000000002,3.7030930140149962,3.7030930140149962,1.0,3.249119324807624,3.249119324807624,1.0,PASS_FORMULA,0.0,1,0,0
451,0.8,0.5,3.7030930140149962,3.703093014014995,1.0000000000000004,3.249119324807624,3.249119324807623,1.0000000000000004,PASS_FORMULA,0.0,1,0,0
452,0.8000000000000004,0.5000000000000002,3.7030930140149962,3.7030930140149962,1.0,3.2491193248076238,3.249119324807624,0.9999999999999999,PASS_FORMULA,0.0,4,0,0
453,0.8000000000000004,0.5000000000000002,3.7030930140149962,3.7030930140149962,1.0,3.2491193248076238,3.249119324807624,0.9999999999999999,PASS_FORMULA,0.0,1,0,0
454,0.8,0.5,3.7030930140149962,3.703093014014995,1.0000000000000004,3.249119324807624,3.249119324807623,1.0000000000000004,PASS_FORMULA,0.0,1,0,0
455,0.526522436204665,0.36326121810233253,3.7030930140149962,2.981058359650627,1.2422074871586848,3.249119324807624,2.615601144249558,1.2422074871586848,PASS_OVERWRITE,100.0,1,1,0
456,0.8,0.5,3.7030930140149962,3.703093014014995,1.0000000000000004,3.249119324807624,3.249119324807623,1.0000000000000004,PASS_FORMULA,0.0,1,0,0
457,0.041269554106056795,0.4206347770530283,3.7030930140149962,2.0084893648485553,1.8437204990100697,3.249119324807624,1.7622624072098463,1.8437204990100695,PASS_OVERWRITE,100.0,1,1,0
458,0.8000000000000004,0.5000000000000002,3.7030930140149962,3.7030930140149962,1.0,3.249119324807624,3.249119324807624,1.0,PASS_FORMULA,0.0,7,0,0
459,0.8000000000000004,0.5000000000000002,3.7030930140149962,3.7030930140149962,1.0,3.249119324807624,3.249119324807624,1.0,PASS_FORMULA,0.0,2,0,0
460,0.8000000000000004,0.5000000000000002,3.7030930140149962,3.7030930140149962,1.0,3.249119324807624,3.249119324807624,1.0,PASS_FORMULA,0.0,2,0,0
462,0.8000000000000004,0.5000000000000002,3.7030930140149962,3.7030930140149962,1.0,3.249119324807624,3.249119324807624,1.0,PASS_FORMULA,0.0,1,0,0
463,0.8000000000000004,0.5000000000000002,3.7030930140149962,3.7030930140149962,1.0,3.249119324807624,3.249119324807624,1.0,PASS_FORMULA,0.0,2,0,0
464,0.1165669186830478,0.8417165406584766,3.7030930140149962,3.745973026547357,0.9885530375610091,3.249119324807624,3.286742543246804,0.9885530375610091,PASS_OVERWRITE,100.0,1,1,0
465,0.25089894259045176,0.7745505287047745,3.7030930140149962,4.00557067540528,0.9244857509948494,3.249119324807624,3.5145153089825456,0.9244857509948495,PASS_OVERWRITE,100.0,1,1,0
466,0.2708602324251111,0.4655690794477318,3.7030930140149962,2.9447154816582106,1.257538474287415,3.249119324807624,2.5837136526965825,1.257538474287415,PASS_OVERWRITE,100.0,1,1,0
467,0.8000000000000004,0.5000000000000002,3.7030930140149962,3.7030930140149962,1.0,3.249119324807624,3.249119324807624,1.0,PASS_FORMULA,0.0,3,0,0
468,0.8000000000000004,0.5000000000000002,3.7030930140149962,3.7030930140149962,1.0,3.249119324807624,3.249119324807624,1.0,PASS_FORMULA,0.0,3,0,0
469,0.8000000000000004,0.5000000000000002,3.7030930140149962,3.7030930140149962,1.0,3.2491193248076238,3.249119324807624,0.9999999999999999,PASS_FORMULA,0.0,1,0,0
471,0.8000000000000004,0.5000000000000002,3.7030930140149962,3.7030930140149962,1.0,3.249119324807624,3.249119324807624,1.0,PASS_FORMULA,0.0,2,0,0
472,0.8000000000000004,0.5000000000000002,3.7030930140149962,3.7030930140149962,1.0,3.249119324807624,3.249119324807624,1.0,PASS_FORMULA,0.0,2,0,0
474,0.8000000000000004,0.5000000000000002,3.7030930140149962,3.7030930140149962,1.0,3.249119324807624,3.249119324807624,1.0,PASS_FORMULA,0.0,2,0,0
475,0.8000000000000004,0.5000000000000002,3.7030930140149962,3.7030930140149962,1.0,3.249119324807624,3.249119324807624,1.0,PASS_FORMULA,0.0,2,0,0
476,0.8000000000000004,0.5000000000000002,3.7030930140149962,3.7030930140149962,1.0,3.249119324807624,3.249119324807624,1.0,PASS_FORMULA,0.0,2,0,0
477,0.8000000000000004,0.5000000000000002,3.7030930140149962,3.7030930140149962,1.0,3.249119324807624,3.249119324807624,1.0,PASS_FORMULA,0.0,1,0,0
478,0.8000000000000004,0.5000000000000002,3.7030930140149962,3.7030930140149962,1.0,3.249119324807624,3.249119324807624,1.0,PASS_FORMULA,0.0,2,0,0
479,0.8000000000000004,0.5000000000000002,3.7030930140149962,3.7030930140149962,1.0,3.2491193248076238,3.249119324807624,0.9999999999999999,PASS_FORMULA,0.0,1,0,0
480,0.8000000000000004,0.5000000000000002,3.7030930140149962,3.7030930140149962,1.0,3.249119324807624,3.249119324807624,1.0,PASS_FORMULA,0.0,2,0,0
481,0.25375754574272025,0.7731212271286398,3.7030930140149962,4.007718565614728,0.9239902835959225,3.249119324807624,3.516399882651279,0.9239902835959226,PASS_OVERWRITE,100.0,1,1,0
482,0.8000000000000004,0.5000000000000002,3.7030930140149962,3.7030930140149962,1.0,3.249119324807624,3.249119324807624,1.0,PASS_FORMULA,0.0,1,0,0
483,0.1777651530351112,0.18888257651755558,3.7030930140149962,2.048428192573371,1.8077729194709657,3.249119324807624,1.7973050098341226,1.8077729194709655,PASS_OVERWRITE,100.0,1,1,0
484,0.8000000000000004,0.5000000000000002,3.7030930140149962,3.7030930140149962,1.0,3.249119324807624,3.249119324807624,1.0,PASS_FORMULA,0.0,5,0,0
485,0.8000000000000004,0.5000000000000002,3.7030930140149962,3.7030930140149962,1.0,3.249119324807624,3.249119324807624,1.0,PASS_FORMULA,0.0,1,0,0
486,0.8000000000000004,0.5000000000000002,3.7030930140149962,3.7030930140149962,1.0,3.249119324807624,3.249119324807624,1.0,PASS_FORMULA,0.0,2,0,0
487,0.5134846179650102,0.6432576910174953,3.7030930140149962,3.9709220416905073,0.9325524337008917,3.249119324807624,3.484114359032118,0.9325524337008917,PASS_OVERWRITE,100.0,1,1,0
488,0.8000000000000004,0.5000000000000002,3.7030930140149962,3.7030930140149962,1.0,3.249119324807624,3.249119324807624,1.0,PASS_FORMULA,0.0,2,0,0
489,0.8000000000000004,0.5000000000000002,3.7030930140149962,3.7030930140149962,1.0,3.249119324807624,3.249119324807624,1.0,PASS_FORMULA,0.0,2,0,0
490,0.8000000000000004,0.5000000000000002,3.7030930140149962,3.7030930140149962,1.0,3.249119324807624,3.249119324807624,1.0,PASS_FORMULA,0.0,1,0,0
491,0.8,0.5,3.7030930140149962,3.703093014014995,1.0000000000000004,3.249119324807624,3.249119324807623,1.0000000000000004,PASS_FORMULA,0.0,1,0,0
492,0.8000000000000004,0.5000000000000002,3.7030930140149962,3.7030930140149962,1.0,3.249119324807624,3.249119324807624,1.0,PASS_FORMULA,0.0,4,0,0
493,0.8000000000000004,0.5000000000000002,3.7030930140149962,3.7030930140149962,1.0,3.249119324807624,3.249119324807624,1.0,PASS_FORMULA,0.0,1,0,0
494,0.8000000000000004,0.5000000000000002,3.7030930140149962,3.7030930140149962,1.0,3.249119324807624,3.249119324807624,1.0,PASS_FORMULA,0.0,3,0,0
495,0.8000000000000004,0.5000000000000002,3.7030930140149962,3.7030930140149962,1.0,3.249119324807624,3.249119324807624,1.0,PASS_FORMULA,0.0,1,0,0
496,0.8000000000000004,0.5000000000000002,3.7030930140149962,3.7030930140149962,1.0,3.249119324807624,3.249119324807624,1.0,PASS_FORMULA,0.0,2,0,0
497,0.8000000000000004,0.5000000000000002,3.7030930140149962,3.7030930140149962,1.0,3.249119324807624,3.249119324807624,1.0,PASS_FORMULA,0.0,1,0,0
498,0.8000000000000004,0.5000000000000002,3.7030930140149962,3.7030930140149962,1.0,3.249119324807624,3.249119324807624,1.0,PASS_FORMULA,0.0,3,0,0
499,0.8000000000000004,0.5000000000000002,3.7030930140149962,3.7030930140149962,1.0,3.249119324807624,3.249119324807624,1.0,PASS_FORMULA,0.0,1,0,0
500,0.8,0.5,3.7030930140149962,3.703093014014995,1.0000000000000004,3.249119324807624,3.249119324807623,1.0000000000000004,PASS_FORMULA,0.0,1,0,0
501,0.8000000000000004,0.5000000000000002,3.7030930140149962,3.7030930140149962,1.0,3.249119324807624,3.249119324807624,1.0,PASS_FORMULA,0.0,4,0,0
502,0.8000000000000004,0.5000000000000002,3.7030930140149962,3.7030930140149962,1.0,3.249119324807624,3.249119324807624,1.0,PASS_FORMULA,0.0,1,0,0
503,0.8000000000000004,0.5000000000000002,3.7030930140149962,3.7030930140149962,1.0,3.249119324807624,3.249119324807624,1.0,PASS_FORMULA,0.0,2,0,0
504,0.8000000000000004,0.5000000000000002,3.7030930140149962,3.7030930140149962,1.0,3.249119324807624,3.249119324807624,1.0,PASS_FORMULA,0.0,1,0,0
505,0.021550002076546282,0.8892249989617269,3.7030930140149962,2.9116440799352272,1.2718220058329985,3.249119324807624,2.554696576962879,1.2718220058329985,PASS_OVERWRITE,100.0,1,1,0
506,0.8,0.5,3.7030930140149962,3.703093014014995,1.0000000000000004,3.249119324807624,3.249119324807623,1.0000000000000004,PASS_FORMULA,0.0,2,0,0
507,0.23993336329746218,0.2199666816487311,3.7030930140149962,2.232094971452848,1.659021260911981,3.249119324807624,1.9584555070870822,1.659021260911981,PASS_OVERWRITE,100.0,1,1,0
508,0.8000000000000004,0.5000000000000002,3.7030930140149962,3.7030930140149962,1.0,3.249119324807624,3.249119324807624,1.0,PASS_FORMULA,0.0,10,0,0
509,0.8000000000000004,0.5000000000000002,3.7030930140149962,3.7030930140149962,1.0,3.249119324807624,3.249119324807624,1.0,PASS_FORMULA,0.0,1,0,0
510,0.8000000000000004,0.5000000000000002,3.7030930140149962,3.7030930140149962,1.0,3.249119324807624,3.249119324807624,1.0,PASS_FORMULA,0.0,2,0,0
511,0.11936614427201021,0.8403169278639953,3.7030930140149962,3.7564047146643014,0.9858077857156375,3.249119324807624,3.295895378274942,0.9858077857156377,PASS_OVERWRITE,100.0,2,2,0
512,0.8000000000000004,0.5000000000000002,3.7030930140149962,3.7030930140149962,1.0,3.249119324807624,3.249119324807624,1.0,PASS_FORMULA,0.0,3,0,0
513,0.422842038196852,0.311421019098426,3.7030930140149962,2.7161463807181376,1.3633628291550008,3.249119324807624,2.383165548690657,1.363362829155001,PASS_OVERWRITE,100.0,1,1,0
514,0.8000000000000004,0.5000000000000002,3.7030930140149962,3.7030930140149962,1.0,3.2491193248076238,3.249119324807624,0.9999999999999999,PASS_FORMULA,0.0,4,0,0
515,0.8000000000000004,0.5000000000000002,3.7030930140149962,3.7030930140149962,1.0,3.249119324807624,3.249119324807624,1.0,PASS_FORMULA,0.0,1,0,0
516,0.793112275554314,0.496556137777157,3.7030930140149962,3.6841619526459204,1.0051384986904497,3.249119324807624,3.232509081127384,1.0051384986904497,PASS_OVERWRITE,100.0,1,1,0
517,0.8000000000000004,0.5000000000000002,3.7030930140149962,3.7030930140149962,1.0,3.249119324807624,3.249119324807624,1.0,PASS_FORMULA,0.0,5,0,0
518,0.3397220735296482,0.5,3.7030930140149962,3.1780300969049726,1.1652164709268718,3.249119324807624,2.7884255036517906,1.1652164709268718,PASS_OVERWRITE,100.0,1,1,0
519,0.8000000000000004,0.5000000000000002,3.7030930140149962,3.7030930140149962,1.0,3.249119324807624,3.249119324807624,1.0,PASS_FORMULA,0.0,1,0,0
520,0.06468584639418423,0.1323429231970921,3.7030930140149962,1.6125120058734568,2.296474693228175,3.249119324807624,1.4148291441610914,2.296474693228175,PASS_OVERWRITE,100.0,1,1,0
522,0.8000000000000004,0.5000000000000002,3.7030930140149962,3.7030930140149962,1.0,3.249119324807624,3.249119324807624,1.0,PASS_FORMULA,0.0,5,0,0
523,0.8000000000000004,0.5000000000000002,3.7030930140149962,3.7030930140149962,1.0,3.249119324807624,3.249119324807624,1.0,PASS_FORMULA,0.0,2,0,0
524,0.3560913644130246,0.7219543177934877,3.7030930140149962,4.036974374119651,0.9172941591492108,3.249119324807624,3.542069130606019,0.9172941591492108,PASS_OVERWRITE,100.0,1,1,0
525,0.8,0.5,3.7030930140149962,3.703093014014995,1.0000000000000004,3.249119324807624,3.249119324807623,1.0000000000000004,PASS_FORMULA,0.0,2,0,0
526,0.8000000000000004,0.5000000000000002,3.7030930140149962,3.7030930140149962,1.0,3.249119324807624,3.249119324807624,1.0,PASS_FORMULA,0.0,8,0,0
529,0.8000000000000004,0.5000000000000002,3.7030930140149962,3.7030930140149962,1.0,3.249119324807624,3.249119324807624,1.0,PASS_FORMULA,0.0,2,0,0
530,0.8,0.5,3.7030930140149962,3.703093014014995,1.0000000000000004,3.249119324807624,3.249119324807623,1.0000000000000004,PASS_FORMULA,0.0,1,0,0
531,0.8,0.5,3.7030930140149962,3.703093014014995,1.0000000000000004,3.249119324807624,3.249119324807623,1.0000000000000004,PASS_FORMULA,0.0,1,0,0
532,0.8,0.5,3.7030930140149962,3.703093014014995,1.0000000000000004,3.249119324807624,3.249119324807623,1.0000000000000004,PASS_FORMULA,0.0,1,0,0
533,0.4473655254264966,0.3236827627132483,3.7030930140149962,2.7788336272620877,1.3326069533941682,3.249119324807624,2.4381677707234473,1.3326069533941685,PASS_OVERWRITE,100.0,1,1,0
534,0.8,0.5,3.7030930140149962,3.703093014014995,1.0000000000000004,3.249119324807624,3.249119324807623,1.0000000000000004,PASS_FORMULA,0.0,1,0,0
535,0.8000000000000004,0.5000000000000002,3.7030930140149962,3.7030930140149962,1.0,3.2491193248076238,3.249119324807624,0.9999999999999999,PASS_FORMULA,0.0,11,0,0
536,0.2720260178252879,0.7639869910873561,3.7030930140149962,4.019403747728136,0.9213040655863631,3.249119324807624,3.526652541948488,0.9213040655863631,PASS_OVERWRITE,100.0,1,1,0
537,0.5698610367648245,0.6150694816175881,3.7030930140149962,3.928589076858203,0.9426012600372188,3.249119324807624,3.4469711240141265,0.9426012600372189,PASS_OVERWRITE,100.0,2,2,0
539,0.8000000000000004,0.5000000000000002,3.7030930140149962,3.7030930140149962,1.0,3.249119324807624,3.249119324807624,1.0,PASS_FORMULA,0.0,4,0,0
540,0.769017604344285,0.48450880217214254,3.7030930140149962,3.6183064144599326,1.023432675357794,3.249119324807624,3.1747269781783403,1.0234326753577943,PASS_OVERWRITE,100.0,1,1,0
541,0.8,0.5,3.7030930140149962,3.703093014014995,1.0000000000000004,3.249119324807624,3.249119324807623,1.0000000000000004,PASS_FORMULA,0.0,1,0,0
542,0.8,0.5,3.7030930140149962,3.703093014014995,1.0000000000000004,3.249119324807624,3.249119324807623,1.0000000000000004,PASS_FORMULA,0.0,1,0,0
543,0.8000000000000004,0.5000000000000002,3.7030930140149962,3.7030930140149962,1.0,3.249119324807624,3.249119324807624,1.0,PASS_FORMULA,0.0,11,0,0
544,0.08813732212987697,0.3742076243001148,3.7030930140149962,2.191444652057249,1.6897953642309271,3.249119324807624,1.9227886367686828,1.6897953642309271,PASS_OVERWRITE,100.0,1,1,0
545,0.8000000000000004,0.5000000000000002,3.7030930140149962,3.7030930140149962,1.0,3.249119324807624,3.249119324807624,1.0,PASS_FORMULA,0.0,1,0,0
546,0.8000000000000004,0.5000000000000002,3.7030930140149962,3.7030930140149962,1.0,3.249119324807624,3.249119324807624,1.0,PASS_FORMULA,0.0,2,0,0
547,0.8000000000000004,0.5000000000000002,3.7030930140149962,3.7030930140149962,1.0,3.249119324807624,3.249119324807624,1.0,PASS_FORMULA,0.0,1,0,0
548,0.23607448361687497,0.2180372418084375,3.7030930140149962,2.221181666920281,1.6671725096441208,3.249119324807624,1.9488800984975392,1.667172509644121,PASS_OVERWRITE,100.0,1,1,0
549,0.8,0.5,3.7030930140149962,3.703093014014995,1.0000000000000004,3.249119324807624,3.249119324807623,1.0000000000000004,PASS_FORMULA,0.0,1,0,0
550,0.8000000000000004,0.5000000000000002,3.7030930140149962,3.7030930140149962,1.0,3.249119324807624,3.249119324807624,1.0,PASS_FORMULA,0.0,5,0,0
551,0.8000000000000004,0.5000000000000002,3.7030930140149962,3.7030930140149962,1.0,3.249119324807624,3.249119324807624,1.0,PASS_FORMULA,0.0,1,0,0
552,0.2880329055856458,0.2440164527928229,3.7030930140149962,2.3645126747187257,1.566112566707008,3.249119324807624,2.0746397122905385,1.5661125667070082,PASS_OVERWRITE,100.0,1,1,0
553,0.486156427312441,0.34307821365622054,3.7030930140149962,2.8778629825210476,1.2867509803302157,3.249119324807624,2.5250568093399166,1.2867509803302157,PASS_OVERWRITE,100.0,1,1,0
554,0.8000000000000004,0.5000000000000002,3.7030930140149962,3.7030930140149962,1.0,3.249119324807624,3.249119324807624,1.0,PASS_FORMULA,0.0,6,0,0
559,0.5000000000000001,0.65,3.7030930140149962,3.979910462793563,0.930446312456923,3.249119324807624,3.4920008616381604,0.930446312456923,PASS_OVERWRITE,100.0,1,1,0
560,0.48235452242771126,0.6588227387861444,3.7030930140149962,3.9909155428239167,0.9278805763438278,3.249119324807624,3.5016567946817942,0.9278805763438279,PASS_OVERWRITE,100.0,1,1,0
561,0.6925022030843413,0.5537488984578297,3.7030930140149962,3.8163922535029964,0.9703124752483173,3.249119324807624,3.3485288581661554,0.9703124752483174,PASS_OVERWRITE,100.0,4,4,0
562,0.8000000000000004,0.5000000000000002,3.7030930140149962,3.7030930140149962,1.0,3.249119324807624,3.249119324807624,1.0,PASS_FORMULA,0.0,10,0,0
563,0.38907071091222767,0.2945353554561138,3.7030930140149962,2.6294973987763868,1.4082892859061955,3.2491193248076238,2.3071391349234793,1.4082892859061953,PASS_OVERWRITE,100.0,1,1,0
564,0.03697500017359213,0.11848750008679604,3.7030930140149962,1.4384015279690818,2.5744501392761268,3.249119324807624,1.2620634112266,2.5744501392761268,PASS_OVERWRITE,100.0,1,1,0
566,0.8000000000000004,0.5000000000000002,3.7030930140149962,3.7030930140149962,1.0,3.249119324807624,3.249119324807624,1.0,PASS_FORMULA,0.0,5,0,0
567,0.8000000000000004,0.5000000000000002,3.7030930140149962,3.7030930140149962,1.0,3.249119324807624,3.249119324807624,1.0,PASS_FORMULA,0.0,2,0,0
568,0.8000000000000004,0.5000000000000002,3.7030930140149962,3.7030930140149962,1.0,3.249119324807624,3.249119324807624,1.0,PASS_FORMULA,0.0,2,0,0
569,0.8000000000000004,0.5000000000000002,3.7030930140149962,3.7030930140149962,1.0,3.2491193248076238,3.249119324807624,0.9999999999999999,PASS_FORMULA,0.0,1,0,0
570,0.8000000000000004,0.5000000000000002,3.7030930140149962,3.7030930140149962,1.0,3.249119324807624,3.249119324807624,1.0,PASS_FORMULA,0.0,2,0,0
571,0.8000000000000004,0.5000000000000002,3.7030930140149962,3.7030930140149962,1.0,3.249119324807624,3.249119324807624,1.0,PASS_FORMULA,0.0,1,0,0
572,0.8000000000000004,0.5000000000000002,3.7030930140149962,3.7030930140149962,1.0,3.249119324807624,3.249119324807624,1.0,PASS_FORMULA,0.0,2,0,0
573,0.8000000000000004,0.5000000000000002,3.7030930140149962,3.7030930140149962,1.0,3.249119324807624,3.249119324807624,1.0,PASS_FORMULA,0.0,1,0,0
574,0.47808230318863965,0.3390411515943198,3.7030930140149962,2.8572497584256538,1.2960340632088818,3.249119324807624,2.506970624493504,1.296034063208882,PASS_OVERWRITE,100.0,1,1,0
575,0.08765955882331052,0.4438297794116552,3.7030930140149962,2.3537213975583913,1.5732928365508176,3.249119324807624,2.0651713713581614,1.5732928365508179,PASS_OVERWRITE,100.0,1,1,0
576,0.8000000000000004,0.5000000000000002,3.7030930140149962,3.7030930140149962,1.0,3.2491193248076238,3.249119324807624,0.9999999999999999,PASS_FORMULA,0.0,3,0,0
577,0.8000000000000004,0.5000000000000002,3.7030930140149962,3.7030930140149962,1.0,3.249119324807624,3.249119324807624,1.0,PASS_FORMULA,0.0,2,0,0
578,0.8000000000000004,0.5000000000000002,3.7030930140149962,3.7030930140149962,1.0,3.249119324807624,3.249119324807624,1.0,PASS_FORMULA,0.0,4,0,0
579,0.8000000000000004,0.5000000000000002,3.7030930140149962,3.7030930140149962,1.0,3.249119324807624,3.249119324807624,1.0,PASS_FORMULA,0.0,1,0,0
580,0.8000000000000004,0.5000000000000002,3.7030930140149962,3.7030930140149962,1.0,3.249119324807624,3.249119324807624,1.0,PASS_FORMULA,0.0,3,0,0
581,0.8000000000000004,0.5000000000000002,3.7030930140149962,3.7030930140149962,1.0,3.249119324807624,3.249119324807624,1.0,PASS_FORMULA,0.0,1,0,0
582,0.4181693188521415,0.3090846594260708,3.7030930140149962,2.704184623848126,1.3693935618735222,3.249119324807624,2.372670220796404,1.3693935618735222,PASS_OVERWRITE,100.0,1,1,0
583,0.8,0.5,3.7030930140149962,3.703093014014995,1.0000000000000004,3.249119324807624,3.249119324807623,1.0000000000000004,PASS_FORMULA,0.0,1,0,0
584,0.5997859380354424,0.3998929690177212,3.7030930140149962,3.1696904092138047,1.1682822408304205,3.2491193248076238,2.7811082042111117,1.1682822408304203,PASS_OVERWRITE,100.0,1,1,0
585,0.8000000000000004,0.5000000000000002,3.7030930140149962,3.7030930140149962,1.0,3.249119324807624,3.249119324807624,1.0,PASS_FORMULA,0.0,8,0,0
586,0.8000000000000004,0.5000000000000002,3.7030930140149962,3.7030930140149962,1.0,3.2491193248076238,3.249119324807624,0.9999999999999999,PASS_FORMULA,0.0,1,0,0
587,0.7879645113473354,0.4939822556736677,3.7030930140149962,3.670044211619655,1.0090050147872078,3.249119324807624,3.220122077879703,1.0090050147872078,PASS_OVERWRITE,100.0,1,1,0
588,0.5698610367648241,0.38493051838241205,3.7030930140149962,3.092363935619568,1.1974958611309332,3.249119324807624,2.713261423500125,1.1974958611309334,PASS_OVERWRITE,100.0,1,1,0
589,0.8000000000000004,0.5000000000000002,3.7030930140149962,3.7030930140149962,1.0,3.249119324807624,3.249119324807624,1.0,PASS_FORMULA,0.0,5,0,0
590,0.8000000000000004,0.5000000000000002,3.7030930140149962,3.7030930140149962,1.0,3.249119324807624,3.249119324807624,1.0,PASS_FORMULA,0.0,1,0,0
591,0.8000000000000004,0.5000000000000002,3.7030930140149962,3.7030930140149962,1.0,3.249119324807624,3.249119324807624,1.0,PASS_FORMULA,0.0,2,0,0
592,0.36343337702299816,0.6722326250444629,3.7030930140149962,3.8475187624721836,0.9624626265982422,3.249119324807624,3.375839471597367,0.9624626265982423,PASS_OVERWRITE,100.0,1,1,0
593,0.5698610367648241,0.6150694816175882,3.7030930140149962,3.9285890768582026,0.9426012600372189,3.249119324807624,3.446971124014126,0.942601260037219,PASS_OVERWRITE,100.0,1,1,0
594,0.8000000000000004,0.5000000000000002,3.7030930140149962,3.7030930140149962,1.0,3.249119324807624,3.249119324807624,1.0,PASS_FORMULA,0.0,3,0,0
596,0.05693750739009478,0.8715312463049526,3.7030930140149962,3.399984733344641,1.089149894615021,3.249119324807624,2.9831700309314004,1.089149894615021,PASS_OVERWRITE,100.0,2,2,0
597,0.8000000000000004,0.5000000000000002,3.7030930140149962,3.7030930140149962,1.0,3.249119324807624,3.249119324807624,1.0,PASS_FORMULA,0.0,2,0,0
598,0.8000000000000004,0.5000000000000002,3.7030930140149962,3.7030930140149962,1.0,3.249119324807624,3.249119324807624,1.0,PASS_FORMULA,0.0,4,0,0
599,0.4440722157138194,0.32203610785690967,3.7030930140149962,2.7704219828846015,1.336653057509775,3.2491193248076238,2.430787335990411,1.336653057509775,PASS_OVERWRITE,100.0,1,1,0
600,0.8000000000000004,0.5000000000000002,3.7030930140149962,3.7030930140149962,1.0,3.2491193248076238,3.249119324807624,0.9999999999999999,PASS_FORMULA,0.0,3,0,0
601,0.8000000000000004,0.5000000000000002,3.7030930140149962,3.7030930140149962,1.0,3.249119324807624,3.249119324807624,1.0,PASS_FORMULA,0.0,1,0,0
602,0.8000000000000004,0.5000000000000002,3.7030930140149962,3.7030930140149962,1.0,3.249119324807624,3.249119324807624,1.0,PASS_FORMULA,0.0,2,0,0
603,0.5698610367648241,0.6150694816175882,3.7030930140149962,3.9285890768582026,0.9426012600372189,3.249119324807624,3.446971124014126,0.942601260037219,PASS_OVERWRITE,100.0,1,1,0
604,0.8000000000000004,0.5000000000000002,3.7030930140149962,3.7030930140149962,1.0,3.249119324807624,3.249119324807624,1.0,PASS_FORMULA,0.0,2,0,0
605,0.8000000000000004,0.5000000000000002,3.7030930140149962,3.7030930140149962,1.0,3.249119324807624,3.249119324807624,1.0,PASS_FORMULA,0.0,2,0,0
606,0.6000545785445688,0.599972710727716,3.7030930140149962,3.903200258628367,0.9487325191242708,3.249119324807624,3.424694799970311,0.9487325191242709,PASS_OVERWRITE,100.0,2,2,0
608,0.5005535854165747,0.6497232072917131,3.7030930140149962,3.9795510450279403,0.9305303467941813,3.249119324807624,3.491685506014215,0.9305303467941815,PASS_OVERWRITE,100.0,1,1,0
609,0.8000000000000004,0.5000000000000002,3.7030930140149962,3.7030930140149962,1.0,3.249119324807624,3.249119324807624,1.0,PASS_FORMULA,0.0,5,0,0
611,0.8000000000000004,0.5000000000000002,3.7030930140149962,3.7030930140149962,1.0,3.249119324807624,3.249119324807624,1.0,PASS_FORMULA,0.0,2,0,0
612,0.8000000000000004,0.5000000000000002,3.7030930140149962,3.7030930140149962,1.0,3.249119324807624,3.249119324807624,1.0,PASS_FORMULA,0.0,2,0,0
613,0.44042118299877586,0.3202105914993879,3.7030930140149962,2.76109470774623,1.3411684154208825,3.2491193248076238,2.4226035205190786,1.3411684154208825,PASS_OVERWRITE,100.0,1,1,0
615,0.6174707841091425,0.4087353920545712,3.7030930140149962,3.2156126242879752,1.1515979835521895,3.249119324807624,2.821400672121251,1.1515979835521895,PASS_OVERWRITE,100.0,1,1,0
616,0.8000000000000004,0.5000000000000002,3.7030930140149962,3.7030930140149962,1.0,3.249119324807624,3.249119324807624,1.0,PASS_FORMULA,0.0,8,0,0
617,0.0997105363846354,0.8501447318076827,3.7030930140149962,3.6750310951979355,1.007635831667854,3.249119324807624,3.224497603890914,1.0076358316678542,PASS_OVERWRITE,100.0,1,1,0
618,0.8000000000000004,0.5000000000000002,3.7030930140149962,3.7030930140149962,1.0,3.249119324807624,3.249119324807624,1.0,PASS_FORMULA,0.0,2,0,0
619,0.8000000000000004,0.5000000000000002,3.7030930140149962,3.7030930140149962,1.0,3.249119324807624,3.249119324807624,1.0,PASS_FORMULA,0.0,2,0,0
620,0.8000000000000004,0.5000000000000002,3.7030930140149962,3.7030930140149962,1.0,3.249119324807624,3.249119324807624,1.0,PASS_FORMULA,0.0,1,0,0
621,0.8000000000000004,0.5000000000000002,3.7030930140149962,3.7030930140149962,1.0,3.249119324807624,3.249119324807624,1.0,PASS_FORMULA,0.0,2,0,0
622,0.8000000000000004,0.5000000000000002,3.7030930140149962,3.7030930140149962,1.0,3.249119324807624,3.249119324807624,1.0,PASS_FORMULA,0.0,1,0,0
624,0.8000000000000004,0.5000000000000002,3.7030930140149962,3.7030930140149962,1.0,3.249119324807624,3.249119324807624,1.0,PASS_FORMULA,0.0,2,0,0
625,0.8000000000000004,0.5000000000000002,3.7030930140149962,3.7030930140149962,1.0,3.249119324807624,3.249119324807624,1.0,PASS_FORMULA,0.0,2,0,0
626,0.8000000000000004,0.5000000000000002,3.7030930140149962,3.7030930140149962,1.0,3.249119324807624,3.249119324807624,1.0,PASS_FORMULA,0.0,3,0,0
627,0.8000000000000004,0.5000000000000002,3.7030930140149962,3.7030930140149962,1.0,3.249119324807624,3.249119324807624,1.0,PASS_FORMULA,0.0,1,0,0
628,0.8000000000000004,0.5000000000000002,3.7030930140149962,3.7030930140149962,1.0,3.249119324807624,3.249119324807624,1.0,PASS_FORMULA,0.0,2,0,0
629,0.8000000000000004,0.5000000000000002,3.7030930140149962,3.7030930140149962,1.0,3.249119324807624,3.249119324807624,1.0,PASS_FORMULA,0.0,1,0,0
630,0.8000000000000004,0.5000000000000002,3.7030930140149962,3.7030930140149962,1.0,3.249119324807624,3.249119324807624,1.0,PASS_FORMULA,0.0,2,0,0
631,0.8000000000000004,0.5000000000000002,3.7030930140149962,3.7030930140149962,1.0,3.249119324807624,3.249119324807624,1.0,PASS_FORMULA,0.0,1,0,0
632,0.8000000000000004,0.5000000000000002,3.7030930140149962,3.7030930140149962,1.0,3.249119324807624,3.249119324807624,1.0,PASS_FORMULA,0.0,2,0,0
633,0.8000000000000004,0.5000000000000002,3.7030930140149962,3.7030930140149962,1.0,3.249119324807624,3.249119324807624,1.0,PASS_FORMULA,0.0,1,0,0
634,0.286828503638903,0.24341425181945145,3.7030930140149962,2.361265199099443,1.568266459619745,3.249119324807624,2.071790354807073,1.568266459619745,PASS_OVERWRITE,100.0,1,1,0
635,0.7548280679803978,0.47741403399019894,3.7030930140149962,3.579784573662735,1.0344457711951351,3.249119324807624,3.1409276496473963,1.0344457711951351,PASS_OVERWRITE,100.0,1,1,0
636,0.8000000000000004,0.5000000000000002,3.7030930140149962,3.7030930140149962,1.0,3.249119324807624,3.249119324807624,1.0,PASS_FORMULA,0.0,5,0,0
637,0.8000000000000004,0.5000000000000002,3.7030930140149962,3.7030930140149962,1.0,3.2491193248076238,3.249119324807624,0.9999999999999999,PASS_FORMULA,0.0,1,0,0
638,0.8,0.5,3.7030930140149962,3.703093014014995,1.0000000000000004,3.249119324807624,3.249119324807623,1.0000000000000004,PASS_FORMULA,0.0,1,0,0
639,0.8000000000000004,0.5000000000000002,3.7030930140149962,3.7030930140149962,1.0,3.249119324807624,3.249119324807624,1.0,PASS_FORMULA,0.0,4,0,0
640,0.8000000000000004,0.5000000000000002,3.7030930140149962,3.7030930140149962,1.0,3.249119324807624,3.249119324807624,1.0,PASS_FORMULA,0.0,1,0,0
641,0.8000000000000004,0.5000000000000002,3.7030930140149962,3.7030930140149962,1.0,3.249119324807624,3.249119324807624,1.0,PASS_FORMULA,0.0,2,0,0
642,0.8000000000000004,0.5000000000000002,3.7030930140149962,3.7030930140149962,1.0,3.2491193248076238,3.249119324807624,0.9999999999999999,PASS_FORMULA,0.0,1,0,0
643,0.8000000000000004,0.5000000000000002,3.7030930140149962,3.7030930140149962,1.0,3.249119324807624,3.249119324807624,1.0,PASS_FORMULA,0.0,2,0,0
644,0.12719476651466655,0.8364026167426671,3.7030930140149962,3.78381309507626,0.9786670009767919,3.249119324807624,3.3199436800921354,0.9786670009767919,PASS_OVERWRITE,100.0,1,1,0
645,0.8000000000000004,0.5000000000000002,3.7030930140149962,3.7030930140149962,1.0,3.249119324807624,3.249119324807624,1.0,PASS_FORMULA,0.0,2,0,0
646,0.8000000000000004,0.5000000000000002,3.7030930140149962,3.7030930140149962,1.0,3.249119324807624,3.249119324807624,1.0,PASS_FORMULA,0.0,2,0,0
647,0.8000000000000004,0.5000000000000002,3.7030930140149962,3.7030930140149962,1.0,3.249119324807624,3.249119324807624,1.0,PASS_FORMULA,0.0,1,0,0
649,0.5698610367648241,0.38493051838241205,3.7030930140149962,3.092363935619568,1.1974958611309332,3.249119324807624,2.713261423500125,1.1974958611309334,PASS_OVERWRITE,100.0,2,2,0
650,0.7196222917041897,0.45981114585209476,3.7030930140149962,3.485001466248638,1.0625800447656966,3.249119324807624,3.0577642981466573,1.0625800447656968,PASS_OVERWRITE,100.0,1,1,0
651,0.38709805338904185,0.29354902669452093,3.7030930140149962,2.6244188174482095,1.4110145032474692,3.249119324807624,2.302683152674711,1.4110145032474695,PASS_OVERWRITE,100.0,1,1,0
652,0.6037145067572188,0.4018572533786094,3.7030930140149962,3.179876364474989,1.1645399347551024,3.2491193248076238,2.7900454315385064,1.1645399347551024,PASS_OVERWRITE,100.0,1,1,0
653,0.8000000000000004,0.5000000000000002,3.7030930140149962,3.7030930140149962,1.0,3.249119324807624,3.249119324807624,1.0,PASS_FORMULA,0.0,10,0,0
655,0.8000000000000004,0.5000000000000002,3.7030930140149962,3.7030930140149962,1.0,3.249119324807624,3.249119324807624,1.0,PASS_FORMULA,0.0,2,0,0
656,0.8000000000000004,0.5000000000000002,3.7030930140149962,3.7030930140149962,1.0,3.249119324807624,3.249119324807624,1.0,PASS_FORMULA,0.0,2,0,0
657,0.8000000000000004,0.5000000000000002,3.7030930140149962,3.7030930140149962,1.0,3.249119324807624,3.249119324807624,1.0,PASS_FORMULA,0.0,1,0,0
658,0.8000000000000004,0.5000000000000002,3.7030930140149962,3.7030930140149962,1.0,3.249119324807624,3.249119324807624,1.0,PASS_FORMULA,0.0,2,0,0
659,0.8000000000000004,0.5000000000000002,3.7030930140149962,3.7030930140149962,1.0,3.249119324807624,3.249119324807624,1.0,PASS_FORMULA,0.0,1,0,0
660,0.8000000000000004,0.5000000000000002,3.7030930140149962,3.7030930140149962,1.0,3.249119324807624,3.249119324807624,1.0,PASS_FORMULA,0.0,2,0,0
661,0.8000000000000004,0.5000000000000002,3.7030930140149962,3.7030930140149962,1.0,3.249119324807624,3.249119324807624,1.0,PASS_FORMULA,0.0,1,0,0
662,0.8,0.5,3.7030930140149962,3.703093014014995,1.0000000000000004,3.249119324807624,3.249119324807623,1.0000000000000004,PASS_FORMULA,0.0,1,0,0
663,0.8000000000000004,0.5000000000000002,3.7030930140149962,3.7030930140149962,1.0,3.249119324807624,3.249119324807624,1.0,PASS_FORMULA,0.0,4,0,0
664,0.8000000000000004,0.5000000000000002,3.7030930140149962,3.7030930140149962,1.0,3.249119324807624,3.249119324807624,1.0,PASS_FORMULA,0.0,1,0,0
665,0.8000000000000004,0.5000000000000002,3.7030930140149962,3.7030930140149962,1.0,3.249119324807624,3.249119324807624,1.0,PASS_FORMULA,0.0,5,0,0
666,0.8000000000000004,0.5000000000000002,3.7030930140149962,3.7030930140149962,1.0,3.249119324807624,3.249119324807624,1.0,PASS_FORMULA,0.0,1,0,0
667,0.8000000000000004,0.5000000000000002,3.7030930140149962,3.7030930140149962,1.0,3.249119324807624,3.249119324807624,1.0,PASS_FORMULA,0.0,3,0,0
668,0.8000000000000004,0.5000000000000002,3.7030930140149962,3.7030930140149962,1.0,3.249119324807624,3.249119324807624,1.0,PASS_FORMULA,0.0,1,0,0
669,0.8000000000000004,0.5000000000000002,3.7030930140149962,3.7030930140149962,1.0,3.249119324807624,3.249119324807624,1.0,PASS_FORMULA,0.0,3,0,0
670,0.8000000000000004,0.5000000000000002,3.7030930140149962,3.7030930140149962,1.0,3.249119324807624,3.249119324807624,1.0,PASS_FORMULA,0.0,1,0,0
671,0.8,0.5,3.7030930140149962,3.703093014014995,1.0000000000000004,3.249119324807624,3.249119324807623,1.0000000000000004,PASS_FORMULA,0.0,1,0,0
672,0.692305449278179,0.4461527246390895,3.7030930140149962,3.412191619623684,1.0852535340390392,3.249119324807624,2.9938804370580794,1.0852535340390392,PASS_OVERWRITE,100.0,1,1,0
673,0.8,0.5,3.7030930140149962,3.703093014014995,1.0000000000000004,3.249119324807624,3.249119324807623,1.0000000000000004,PASS_FORMULA,0.0,1,0,0
674,0.8000000000000004,0.5000000000000002,3.7030930140149962,3.7030930140149962,1.0,3.2491193248076238,3.249119324807624,0.9999999999999999,PASS_FORMULA,0.0,10,0,0
675,0.8000000000000004,0.5000000000000002,3.7030930140149962,3.7030930140149962,1.0,3.2491193248076238,3.249119324807624,0.9999999999999999,PASS_FORMULA,0.0,1,0,0
677,0.28774008536404694,0.7247591023606289,3.7030930140149962,3.8976067496976046,0.950094058181293,3.249119324807624,3.4197870166951834,0.9500940581812931,PASS_OVERWRITE,100.0,2,2,0
678,0.8000000000000004,0.5000000000000002,3.7030930140149962,3.7030930140149962,1.0,3.249119324807624,3.249119324807624,1.0,PASS_FORMULA,0.0,2,0,0
679,0.32810023839659325,0.7359498808017038,3.7030930140149962,4.0367304425965616,0.9173495893951843,3.249119324807624,3.5418551034069723,0.9173495893951843,PASS_OVERWRITE,100.0,1,1,0
680,0.8000000000000004,0.5000000000000002,3.7030930140149962,3.7030930140149962,1.0,3.2491193248076238,3.249119324807624,0.9999999999999999,PASS_FORMULA,0.0,5,0,0
681,0.09798727523681876,0.14899363761840936,3.7030930140149962,1.7669449473607741,2.0957602666377246,3.249119324807624,1.5503296710650305,2.0957602666377246,PASS_OVERWRITE,100.0,1,1,0
682,0.8000000000000004,0.5000000000000002,3.7030930140149962,3.7030930140149962,1.0,3.249119324807624,3.249119324807624,1.0,PASS_FORMULA,0.0,3,0,0
684,0.8000000000000004,0.5000000000000002,3.7030930140149962,3.7030930140149962,1.0,3.249119324807624,3.249119324807624,1.0,PASS_FORMULA,0.0,1,0,0
686,0.8000000000000004,0.5000000000000002,3.7030930140149962,3.7030930140149962,1.0,3.249119324807624,3.249119324807624,1.0,PASS_FORMULA,0.0,2,0,0
688,0.8000000000000004,0.5000000000000002,3.7030930140149962,3.7030930140149962,1.0,3.249119324807624,3.249119324807624,1.0,PASS_FORMULA,0.0,3,0,0
690,0.8000000000000004,0.5000000000000002,3.7030930140149962,3.7030930140149962,1.0,3.249119324807624,3.249119324807624,1.0,PASS_FORMULA,0.0,2,0,0
692,0.8000000000000004,0.5000000000000002,3.7030930140149962,3.7030930140149962,1.0,3.249119324807624,3.249119324807624,1.0,PASS_FORMULA,0.0,3,0,0
693,0.5,0.35,3.7030930140149962,2.913220942767483,1.271133596374999,3.249119324807624,2.556080127276485,1.2711335963749992,PASS_OVERWRITE,100.0,1,1,0
694,0.8,0.5,3.7030930140149962,3.703093014014995,1.0000000000000004,3.249119324807624,3.249119324807623,1.0000000000000004,PASS_FORMULA,0.0,1,0,0
695,0.8,0.5,3.7030930140149962,3.703093014014995,1.0000000000000004,3.249119324807624,3.249119324807623,1.0000000000000004,PASS_FORMULA,0.0,1,0,0
696,0.8000000000000004,0.5000000000000002,3.7030930140149962,3.7030930140149962,1.0,3.249119324807624,3.249119324807624,1.0,PASS_FORMULA,0.0,10,0,0
697,0.8000000000000004,0.5000000000000002,3.7030930140149962,3.7030930140149962,1.0,3.249119324807624,3.249119324807624,1.0,PASS_FORMULA,0.0,1,0,0
699,0.8000000000000004,0.5000000000000002,3.7030930140149962,3.7030930140149962,1.0,3.249119324807624,3.249119324807624,1.0,PASS_FORMULA,0.0,2,0,0
700,0.8000000000000004,0.5000000000000002,3.7030930140149962,3.7030930140149962,1.0,3.249119324807624,3.249119324807624,1.0,PASS_FORMULA,0.0,2,0,0
701,0.8000000000000004,0.5000000000000002,3.7030930140149962,3.7030930140149962,1.0,3.249119324807624,3.249119324807624,1.0,PASS_FORMULA,0.0,2,0,0
702,0.8000000000000004,0.5000000000000002,3.7030930140149962,3.7030930140149962,1.0,3.249119324807624,3.249119324807624,1.0,PASS_FORMULA,0.0,1,0,0
703,0.5,0.65,3.7030930140149962,3.9799104627935624,0.9304463124569231,3.249119324807624,3.49200086163816,0.9304463124569231,PASS_OVERWRITE,100.0,2,2,0
704,0.8,0.5,3.7030930140149962,3.703093014014995,1.0000000000000004,3.249119324807624,3.249119324807623,1.0000000000000004,PASS_FORMULA,0.0,3,0,0
705,0.8000000000000004,0.5000000000000002,3.7030930140149962,3.7030930140149962,1.0,3.249119324807624,3.249119324807624,1.0,PASS_FORMULA,0.0,6,0,0
706,0.8000000000000004,0.5000000000000002,3.7030930140149962,3.7030930140149962,1.0,3.249119324807624,3.249119324807624,1.0,PASS_FORMULA,0.0,1,0,0
707,0.8000000000000004,0.5000000000000002,3.7030930140149962,3.7030930140149962,1.0,3.249119324807624,3.249119324807624,1.0,PASS_FORMULA,0.0,2,0,0
708,0.5698610367648241,0.6150694816175882,3.7030930140149962,3.9285890768582026,0.9426012600372189,3.249119324807624,3.446971124014126,0.942601260037219,PASS_OVERWRITE,100.0,1,1,0
709,0.5698610367648241,0.6150694816175882,3.7030930140149962,3.9285890768582026,0.9426012600372189,3.249119324807624,3.446971124014126,0.942601260037219,PASS_OVERWRITE,100.0,1,1,0
710,0.14910604582016476,0.8254469770899177,3.7030930140149962,3.848615293602857,0.9621884058326778,3.2491193248076238,3.3768015755665193,0.9621884058326777,PASS_OVERWRITE,100.0,1,1,0
711,0.27052748093768153,0.5613237780473179,3.7030930140149962,3.2523494124148904,1.1385901526691826,3.249119324807624,2.853633783140276,1.1385901526691826,PASS_OVERWRITE,100.0,1,1,0
712,0.5248596853443495,0.5925688059073506,3.7030930140149962,3.781775468148779,0.9791943083886208,3.249119324807624,3.318155852186714,0.9791943083886209,PASS_OVERWRITE,100.0,1,1,0
713,0.5431345550134897,0.39829375925807925,3.7030930140149962,3.108865580847662,1.1911396352509112,3.249119324807624,2.727740080719591,1.1911396352509112,PASS_OVERWRITE,100.0,1,1,0
714,0.8000000000000004,0.5000000000000002,3.7030930140149962,3.7030930140149962,1.0,3.249119324807624,3.249119324807624,1.0,PASS_FORMULA,0.0,3,0,0
715,0.8000000000000004,0.5000000000000002,3.7030930140149962,3.7030930140149962,1.0,3.2491193248076238,3.249119324807624,0.9999999999999999,PASS_FORMULA,0.0,9,0,0
716,0.8000000000000004,0.5000000000000002,3.7030930140149962,3.7030930140149962,1.0,3.249119324807624,3.249119324807624,1.0,PASS_FORMULA,0.0,1,0,0
717,0.8000000000000004,0.5000000000000002,3.7030930140149962,3.7030930140149962,1.0,3.249119324807624,3.249119324807624,1.0,PASS_FORMULA,0.0,2,0,0
718,0.8000000000000004,0.5000000000000002,3.7030930140149962,3.7030930140149962,1.0,3.249119324807624,3.249119324807624,1.0,PASS_FORMULA,0.0,1,0,0
719,0.8000000000000004,0.5000000000000002,3.7030930140149962,3.7030930140149962,1.0,3.249119324807624,3.249119324807624,1.0,PASS_FORMULA,0.0,2,0,0
720,0.8000000000000004,0.5000000000000002,3.7030930140149962,3.7030930140149962,1.0,3.249119324807624,3.249119324807624,1.0,PASS_FORMULA,0.0,1,0,0
722,0.5913606395478894,0.39568031977394474,3.7030930140149962,3.1478735510307314,1.1763792140896083,3.249119324807624,2.76196594252313,1.1763792140896083,PASS_OVERWRITE,100.0,2,2,0
723,0.7353010906608957,0.46765054533044786,3.7030930140149962,3.5270766090649466,1.049904332811391,3.249119324807624,3.0946813183514204,1.049904332811391,PASS_OVERWRITE,100.0,1,1,0
724,0.8,0.5,3.7030930140149962,3.703093014014995,1.0000000000000004,3.249119324807624,3.249119324807623,1.0000000000000004,PASS_FORMULA,0.0,1,0,0
725,0.8000000000000004,0.5000000000000002,3.7030930140149962,3.7030930140149962,1.0,3.249119324807624,3.249119324807624,1.0,PASS_FORMULA,0.0,11,0,0
726,0.4693540502311189,0.5648159883507358,3.7030930140149962,3.601591706067305,1.028182347204071,3.249119324807624,3.160061377870308,1.028182347204071,PASS_OVERWRITE,100.0,1,1,0
727,0.5389730403321097,0.5275122872875861,3.7030930140149962,3.5511518099474055,1.0427864569579866,3.249119324807624,3.115805065483824,1.0427864569579866,PASS_OVERWRITE,100.0,3,3,0
728,0.6703680232985292,0.5648159883507358,3.7030930140149962,3.8382475235585782,0.9647874430416422,3.2491193248076238,3.3677048226957336,0.9647874430416422,PASS_OVERWRITE,100.0,2,2,0
729,0.35343354815024025,0.7232832259248799,3.7030930140149962,4.0371542416409,0.9172532908997489,3.2491193248076238,3.5422269476084507,0.9172532908997488,PASS_OVERWRITE,100.0,1,1,0
730,0.8000000000000004,0.5000000000000002,3.7030930140149962,3.7030930140149962,1.0,3.249119324807624,3.249119324807624,1.0,PASS_FORMULA,0.0,6,0,0
731,0.8,0.5,3.7030930140149962,3.703093014014995,1.0000000000000004,3.249119324807624,3.249119324807623,1.0000000000000004,PASS_FORMULA,0.0,1,0,0
733,0.8,0.5,3.7030930140149962,3.703093014014995,1.0000000000000004,3.249119324807624,3.249119324807623,1.0000000000000004,PASS_FORMULA,0.0,2,0,0
734,0.8,0.5,3.7030930140149962,3.703093014014995,1.0000000000000004,3.249119324807624,3.249119324807623,1.0000000000000004,PASS_FORMULA,0.0,1,0,0
735,0.5549142294057838,0.37745711470289195,3.7030930140149962,3.053896690199054,1.2125796612241089,3.249119324807624,2.679509997328845,1.2125796612241089,PASS_OVERWRITE,100.0,1,1,0
736,0.8,0.5,3.7030930140149962,3.703093014014995,1.0000000000000004,3.249119324807624,3.249119324807623,1.0000000000000004,PASS_FORMULA,0.0,1,0,0
737,0.8000000000000004,0.5000000000000002,3.7030930140149962,3.7030930140149962,1.0,3.2491193248076238,3.249119324807624,0.9999999999999999,PASS_FORMULA,0.0,14,0,0
738,0.8000000000000004,0.5000000000000002,3.7030930140149962,3.7030930140149962,1.0,3.249119324807624,3.249119324807624,1.0,PASS_FORMULA,0.0,1,0,0
740,0.8,0.5,3.7030930140149962,3.703093014014995,1.0000000000000004,3.249119324807624,3.249119324807623,1.0000000000000004,PASS_FORMULA,0.0,2,0,0
741,0.8000000000000004,0.5000000000000002,3.7030930140149962,3.7030930140149962,1.0,3.249119324807624,3.249119324807624,1.0,PASS_FORMULA,0.0,5,0,0
742,0.8000000000000004,0.5000000000000002,3.7030930140149962,3.7030930140149962,1.0,3.249119324807624,3.249119324807624,1.0,PASS_FORMULA,0.0,1,0,0
744,0.8,0.5,3.7030930140149962,3.703093014014995,1.0000000000000004,3.249119324807624,3.249119324807623,1.0000000000000004,PASS_FORMULA,0.0,2,0,0
745,0.2,0.5,3.7030930140149962,2.8912103050338422,1.2808106721145802,3.249119324807624,2.5367678420756947,1.2808106721145804,PASS_OVERWRITE,100.0,1,1,0
746,0.8,0.5,3.7030930140149962,3.703093014014995,1.0000000000000004,3.249119324807624,3.249119324807623,1.0000000000000004,PASS_FORMULA,0.0,2,0,0
747,0.8,0.5,3.7030930140149962,3.703093014014995,1.0000000000000004,3.249119324807624,3.249119324807623,1.0000000000000004,PASS_FORMULA,0.0,1,0,0
748,0.6538249331682899,0.42691246658414495,3.7030930140149962,3.3106193667736075,1.1185499158194914,3.249119324807624,2.9047602425746,1.1185499158194914,PASS_OVERWRITE,100.0,1,1,0
749,0.2821187800828764,0.2410593900414382,3.7030930140149962,2.348537389616596,1.5767656203334,3.249119324807624,2.0606228870722156,1.5767656203334002,PASS_OVERWRITE,100.0,1,1,0
750,0.8,0.5,3.7030930140149962,3.703093014014995,1.0000000000000004,3.249119324807624,3.249119324807623,1.0000000000000004,PASS_FORMULA,0.0,1,0,0
751,0.5,0.35,3.7030930140149962,2.913220942767483,1.271133596374999,3.249119324807624,2.556080127276485,1.2711335963749992,PASS_OVERWRITE,100.0,1,1,0
752,0.021559032812970523,0.8892204835935147,3.7030930140149962,2.911848200578755,1.2717328510734092,3.249119324807624,2.5548756738219014,1.2717328510734092,PASS_OVERWRITE,100.0,1,1,0
753,0.8000000000000004,0.5000000000000002,3.7030930140149962,3.7030930140149962,1.0,3.249119324807624,3.249119324807624,1.0,PASS_FORMULA,0.0,22,0,0
755,0.8000000000000004,0.5000000000000002,3.7030930140149962,3.7030930140149962,1.0,3.249119324807624,3.249119324807624,1.0,PASS_FORMULA,0.0,3,0,0
756,0.8000000000000004,0.5000000000000002,3.7030930140149962,3.7030930140149962,1.0,3.249119324807624,3.249119324807624,1.0,PASS_FORMULA,0.0,2,0,0
759,0.8000000000000004,0.5000000000000002,3.7030930140149962,3.7030930140149962,1.0,3.249119324807624,3.249119324807624,1.0,PASS_FORMULA,0.0,3,0,0
761,0.8000000000000004,0.5000000000000002,3.7030930140149962,3.7030930140149962,1.0,3.249119324807624,3.249119324807624,1.0,PASS_FORMULA,0.0,3,0,0
762,0.8000000000000004,0.5000000000000002,3.7030930140149962,3.7030930140149962,1.0,3.249119324807624,3.249119324807624,1.0,PASS_FORMULA,0.0,2,0,0
764,0.8,0.5,3.7030930140149962,3.703093014014995,1.0000000000000004,3.249119324807624,3.249119324807623,1.0000000000000004,PASS_FORMULA,0.0,2,0,0
765,0.8,0.5,3.7030930140149962,3.703093014014995,1.0000000000000004,3.249119324807624,3.249119324807623,1.0000000000000004,PASS_FORMULA,0.0,1,0,0
766,0.8000000000000004,0.5000000000000002,3.7030930140149962,3.7030930140149962,1.0,3.249119324807624,3.249119324807624,1.0,PASS_FORMULA,0.0,8,0,0
767,0.8000000000000004,0.5000000000000002,3.7030930140149962,3.7030930140149962,1.0,3.249119324807624,3.249119324807624,1.0,PASS_FORMULA,0.0,1,0,0
768,0.8,0.5,3.7030930140149962,3.703093014014995,1.0000000000000004,3.249119324807624,3.249119324807623,1.0000000000000004,PASS_FORMULA,0.0,1,0,0
769,0.8,0.5,3.7030930140149962,3.703093014014995,1.0000000000000004,3.249119324807624,3.249119324807623,1.0000000000000004,PASS_FORMULA,0.0,1,0,0
771,0.8,0.5,3.7030930140149962,3.703093014014995,1.0000000000000004,3.249119324807624,3.249119324807623,1.0000000000000004,PASS_FORMULA,0.0,2,0,0
772,0.8000000000000004,0.5000000000000002,3.7030930140149962,3.7030930140149962,1.0,3.249119324807624,3.249119324807624,1.0,PASS_FORMULA,0.0,9,0,0
773,0.8000000000000004,0.5000000000000002,3.7030930140149962,3.7030930140149962,1.0,3.249119324807624,3.249119324807624,1.0,PASS_FORMULA,0.0,1,0,0
774,0.8000000000000004,0.5000000000000002,3.7030930140149962,3.7030930140149962,1.0,3.249119324807624,3.249119324807624,1.0,PASS_FORMULA,0.0,2,0,0
775,0.13022060333808289,0.8348896983309586,3.7030930140149962,3.79375430394339,0.9761024877562164,3.2491193248076238,3.328666165247084,0.9761024877562164,PASS_OVERWRITE,100.0,1,1,0
776,0.8000000000000004,0.5000000000000002,3.7030930140149962,3.7030930140149962,1.0,3.249119324807624,3.249119324807624,1.0,PASS_FORMULA,0.0,1,0,0
777,0.6279435940572744,0.4139717970286372,3.7030930140149962,3.2428946847969944,1.1419097361920065,3.249119324807624,2.845338139985261,1.1419097361920065,PASS_OVERWRITE,100.0,1,1,0
778,0.7473397822639275,0.4736698911319637,3.7030930140149962,3.559530930243278,1.0403317421832057,3.249119324807624,3.123156963363561,1.0403317421832057,PASS_OVERWRITE,100.0,1,1,0
779,0.8000000000000004,0.5000000000000002,3.7030930140149962,3.7030930140149962,1.0,3.249119324807624,3.249119324807624,1.0,PASS_FORMULA,0.0,7,0,0
780,0.8000000000000004,0.5000000000000002,3.7030930140149962,3.7030930140149962,1.0,3.249119324807624,3.249119324807624,1.0,PASS_FORMULA,0.0,1,0,0
781,0.8000000000000004,0.5000000000000002,3.7030930140149962,3.7030930140149962,1.0,3.249119324807624,3.249119324807624,1.0,PASS_FORMULA,0.0,2,0,0
783,0.8000000000000004,0.5000000000000002,3.7030930140149962,3.7030930140149962,1.0,3.249119324807624,3.249119324807624,1.0,PASS_FORMULA,0.0,2,0,0
784,0.7442757270955518,0.527862136452224,3.7030930140149962,3.7631457651130287,0.9840418748445082,3.249119324807624,3.3018100223844926,0.9840418748445083,PASS_OVERWRITE,100.0,3,3,0
785,0.8000000000000004,0.5000000000000002,3.7030930140149962,3.7030930140149962,1.0,3.249119324807624,3.249119324807624,1.0,PASS_FORMULA,0.0,2,0,0
786,0.8000000000000004,0.5000000000000002,3.7030930140149962,3.7030930140149962,1.0,3.249119324807624,3.249119324807624,1.0,PASS_FORMULA,0.0,4,0,0
787,0.8,0.5,3.7030930140149962,3.703093014014995,1.0000000000000004,3.249119324807624,3.249119324807623,1.0000000000000004,PASS_FORMULA,0.0,1,0,0
788,0.8,0.5,3.7030930140149962,3.703093014014995,1.0000000000000004,3.249119324807624,3.249119324807623,1.0000000000000004,PASS_FORMULA,0.0,1,0,0
789,0.8,0.5,3.7030930140149962,3.703093014014995,1.0000000000000004,3.249119324807624,3.249119324807623,1.0000000000000004,PASS_FORMULA,0.0,1,0,0
790,0.8,0.5,3.7030930140149962,3.703093014014995,1.0000000000000004,3.249119324807624,3.249119324807623,1.0000000000000004,PASS_FORMULA,0.0,1,0,0
791,0.023765619842061603,0.11188280992103079,3.7030930140149962,1.3201608162042189,2.8050317571629515,3.249119324807624,1.1583181960456053,2.8050317571629515,PASS_OVERWRITE,100.0,1,1,0
792,0.8,0.5,3.7030930140149962,3.703093014014995,1.0000000000000004,3.249119324807624,3.249119324807623,1.0000000000000004,PASS_FORMULA,0.0,1,0,0
793,0.3951913649646525,0.29759568248232626,3.7030930140149962,2.6452408515306085,1.399907691532998,3.249119324807624,2.3209525488424227,1.3999076915329982,PASS_OVERWRITE,100.0,1,1,0
794,0.8000000000000004,0.5000000000000002,3.7030930140149962,3.7030930140149962,1.0,3.249119324807624,3.249119324807624,1.0,PASS_FORMULA,0.0,18,0,0
795,0.15581704627939066,0.822091476860305,3.7030930140149962,3.865470393160046,0.9579928540049416,3.249119324807624,3.391590356049633,0.9579928540049416,PASS_OVERWRITE,100.0,2,2,0
796,0.8000000000000004,0.5000000000000002,3.7030930140149962,3.7030930140149962,1.0,3.249119324807624,3.249119324807624,1.0,PASS_FORMULA,0.0,3,0,0
797,0.8000000000000004,0.5000000000000002,3.7030930140149962,3.7030930140149962,1.0,3.249119324807624,3.249119324807624,1.0,PASS_FORMULA,0.0,2,0,0
798,0.8000000000000004,0.5000000000000002,3.7030930140149962,3.7030930140149962,1.0,3.249119324807624,3.249119324807624,1.0,PASS_FORMULA,0.0,1,0,0
799,0.8000000000000004,0.5000000000000002,3.7030930140149962,3.7030930140149962,1.0,3.249119324807624,3.249119324807624,1.0,PASS_FORMULA,0.0,2,0,0
800,0.8000000000000004,0.5000000000000002,3.7030930140149962,3.7030930140149962,1.0,3.249119324807624,3.249119324807624,1.0,PASS_FORMULA,0.0,1,0,0
801,0.5921431563548366,0.39607157817741834,3.7030930140149962,3.1498982537979505,1.1756230568876433,3.2491193248076238,2.7637424306812903,1.1756230568876431,PASS_OVERWRITE,100.0,1,1,0
802,0.8000000000000004,0.5000000000000002,3.7030930140149962,3.7030930140149962,1.0,3.249119324807624,3.249119324807624,1.0,PASS_FORMULA,0.0,5,0,0
803,0.8000000000000004,0.5000000000000002,3.7030930140149962,3.7030930140149962,1.0,3.249119324807624,3.249119324807624,1.0,PASS_FORMULA,0.0,1,0,0
804,0.8000000000000004,0.5000000000000002,3.7030930140149962,3.7030930140149962,1.0,3.249119324807624,3.249119324807624,1.0,PASS_FORMULA,0.0,2,0,0
805,0.8000000000000004,0.5000000000000002,3.7030930140149962,3.7030930140149962,1.0,3.249119324807624,3.249119324807624,1.0,PASS_FORMULA,0.0,1,0,0
806,0.8000000000000004,0.5000000000000002,3.7030930140149962,3.7030930140149962,1.0,3.249119324807624,3.249119324807624,1.0,PASS_FORMULA,0.0,2,0,0
808,0.8000000000000004,0.5000000000000002,3.7030930140149962,3.7030930140149962,1.0,3.249119324807624,3.249119324807624,1.0,PASS_FORMULA,0.0,2,0,0
809,0.8,0.5,3.7030930140149962,3.703093014014995,1.0000000000000004,3.249119324807624,3.249119324807623,1.0000000000000004,PASS_FORMULA,0.0,1,0,0
810,0.8,0.5,3.7030930140149962,3.703093014014995,1.0000000000000004,3.249119324807624,3.249119324807623,1.0000000000000004,PASS_FORMULA,0.0,1,0,0
811,0.8000000000000004,0.5000000000000002,3.7030930140149962,3.7030930140149962,1.0,3.249119324807624,3.249119324807624,1.0,PASS_FORMULA,0.0,6,0,0
812,0.8000000000000004,0.5000000000000002,3.7030930140149962,3.7030930140149962,1.0,3.249119324807624,3.249119324807624,1.0,PASS_FORMULA,0.0,1,0,0
813,0.8000000000000004,0.5000000000000002,3.7030930140149962,3.7030930140149962,1.0,3.249119324807624,3.249119324807624,1.0,PASS_FORMULA,0.0,2,0,0
814,0.8000000000000004,0.5000000000000002,3.7030930140149962,3.7030930140149962,1.0,3.249119324807624,3.249119324807624,1.0,PASS_FORMULA,0.0,1,0,0
815,0.8000000000000004,0.5000000000000002,3.7030930140149962,3.7030930140149962,1.0,3.249119324807624,3.249119324807624,1.0,PASS_FORMULA,0.0,3,0,0
816,0.8000000000000004,0.5000000000000002,3.7030930140149962,3.7030930140149962,1.0,3.249119324807624,3.249119324807624,1.0,PASS_FORMULA,0.0,1,0,0
818,0.8000000000000004,0.5000000000000002,3.7030930140149962,3.7030930140149962,1.0,3.249119324807624,3.249119324807624,1.0,PASS_FORMULA,0.0,2,0,0
819,0.8000000000000004,0.5000000000000002,3.7030930140149962,3.7030930140149962,1.0,3.249119324807624,3.249119324807624,1.0,PASS_FORMULA,0.0,2,0,0
820,0.8000000000000004,0.5000000000000002,3.7030930140149962,3.7030930140149962,1.0,3.249119324807624,3.249119324807624,1.0,PASS_FORMULA,0.0,2,0,0
821,0.8000000000000004,0.5000000000000002,3.7030930140149962,3.7030930140149962,1.0,3.249119324807624,3.249119324807624,1.0,PASS_FORMULA,0.0,1,0,0
823,0.8000000000000004,0.5000000000000002,3.7030930140149962,3.7030930140149962,1.0,3.249119324807624,3.249119324807624,1.0,PASS_FORMULA,0.0,2,0,0
824,0.8000000000000004,0.5000000000000002,3.7030930140149962,3.7030930140149962,1.0,3.249119324807624,3.249119324807624,1.0,PASS_FORMULA,0.0,2,0,0
825,0.8000000000000004,0.5000000000000002,3.7030930140149962,3.7030930140149962,1.0,3.249119324807624,3.249119324807624,1.0,PASS_FORMULA,0.0,2,0,0
826,0.8000000000000004,0.5000000000000002,3.7030930140149962,3.7030930140149962,1.0,3.249119324807624,3.249119324807624,1.0,PASS_FORMULA,0.0,1,0,0
827,0.8000000000000004,0.5000000000000002,3.7030930140149962,3.7030930140149962,1.0,3.249119324807624,3.249119324807624,1.0,PASS_FORMULA,0.0,2,0,0
828,0.3000139257210009,0.7499930371394999,3.7030930140149962,4.031197086648176,0.9186087741232247,3.249119324807624,3.537000098773037,0.9186087741232247,PASS_OVERWRITE,100.0,1,1,0
830,0.8000000000000004,0.5000000000000002,3.7030930140149962,3.7030930140149962,1.0,3.249119324807624,3.249119324807624,1.0,PASS_FORMULA,0.0,3,0,0
832,0.7334635899433244,0.5332682050283378,3.7030930140149962,3.7744891178199924,0.981084564936769,3.249119324807624,3.311762758205283,0.9810845649367691,PASS_OVERWRITE,100.0,3,3,0
833,0.8000000000000004,0.5000000000000002,3.7030930140149962,3.7030930140149962,1.0,3.249119324807624,3.249119324807624,1.0,PASS_FORMULA,0.0,2,0,0
834,0.8000000000000004,0.5000000000000002,3.7030930140149962,3.7030930140149962,1.0,3.249119324807624,3.249119324807624,1.0,PASS_FORMULA,0.0,5,0,0
835,0.35641660848033563,0.2782083042401678,3.7030930140149962,2.545081387115719,1.4549998411687826,3.249119324807624,2.233071944666089,1.4549998411687826,PASS_OVERWRITE,100.0,1,1,0
836,0.8000000000000004,0.5000000000000002,3.7030930140149962,3.7030930140149962,1.0,3.249119324807624,3.249119324807624,1.0,PASS_FORMULA,0.0,7,0,0
837,0.8000000000000004,0.5000000000000002,3.7030930140149962,3.7030930140149962,1.0,3.249119324807624,3.249119324807624,1.0,PASS_FORMULA,0.0,1,0,0
838,0.8,0.5,3.7030930140149962,3.703093014014995,1.0000000000000004,3.249119324807624,3.249119324807623,1.0000000000000004,PASS_FORMULA,0.0,1,0,0
839,0.8000000000000004,0.5000000000000002,3.7030930140149962,3.7030930140149962,1.0,3.249119324807624,3.249119324807624,1.0,PASS_FORMULA,0.0,5,0,0
842,0.8000000000000004,0.5000000000000002,3.7030930140149962,3.7030930140149962,1.0,3.249119324807624,3.249119324807624,1.0,PASS_FORMULA,0.0,3,0,0
844,0.8,0.5,3.7030930140149962,3.703093014014995,1.0000000000000004,3.249119324807624,3.249119324807623,1.0000000000000004,PASS_FORMULA,0.0,2,0,0
845,0.6144012628621788,0.4072006314310894,3.7030930140149962,3.207629016179632,1.15446424612578,3.249119324807624,2.8143957993599305,1.1544642461257801,PASS_OVERWRITE,100.0,1,1,0
846,0.48090549950091505,0.34045274975045753,3.7030930140149962,2.8644568674016324,1.2927731801994617,3.249119324807624,2.5132941915660085,1.2927731801994617,PASS_OVERWRITE,100.0,1,1,0
847,0.8000000000000004,0.5000000000000002,3.7030930140149962,3.7030930140149962,1.0,3.2491193248076238,3.249119324807624,0.9999999999999999,PASS_FORMULA,0.0,11,0,0
848,0.8000000000000004,0.5000000000000002,3.7030930140149962,3.7030930140149962,1.0,3.249119324807624,3.249119324807624,1.0,PASS_FORMULA,0.0,1,0,0
849,0.8000000000000004,0.5000000000000002,3.7030930140149962,3.7030930140149962,1.0,3.249119324807624,3.249119324807624,1.0,PASS_FORMULA,0.0,2,0,0
850,0.8000000000000004,0.5000000000000002,3.7030930140149962,3.7030930140149962,1.0,3.249119324807624,3.249119324807624,1.0,PASS_FORMULA,0.0,1,0,0
851,0.8000000000000004,0.5000000000000002,3.7030930140149962,3.7030930140149962,1.0,3.249119324807624,3.249119324807624,1.0,PASS_FORMULA,0.0,2,0,0
852,0.8000000000000004,0.5000000000000002,3.7030930140149962,3.7030930140149962,1.0,3.249119324807624,3.249119324807624,1.0,PASS_FORMULA,0.0,1,0,0
853,0.8,0.5,3.7030930140149962,3.703093014014995,1.0000000000000004,3.249119324807624,3.249119324807623,1.0000000000000004,PASS_FORMULA,0.0,1,0,0
854,0.4672078811923789,0.6663960594038105,3.7030930140149962,3.9996263725077466,0.9258597351665062,3.249119324807624,3.509299736664003,0.9258597351665063,PASS_OVERWRITE,100.0,2,2,0
855,0.8,0.5,3.7030930140149962,3.703093014014995,1.0000000000000004,3.249119324807624,3.249119324807623,1.0000000000000004,PASS_FORMULA,0.0,3,0,0
856,0.8000000000000004,0.5000000000000002,3.7030930140149962,3.7030930140149962,1.0,3.249119324807624,3.249119324807624,1.0,PASS_FORMULA,0.0,9,0,0
857,0.8000000000000004,0.5000000000000002,3.7030930140149962,3.7030930140149962,1.0,3.249119324807624,3.249119324807624,1.0,PASS_FORMULA,0.0,1,0,0
858,0.039877199249022555,0.11993859962451126,3.7030930140149962,1.4601390849232452,2.536123477723121,3.249119324807624,1.2811360934699503,2.5361234777231214,PASS_OVERWRITE,100.0,1,1,0
859,0.8000000000000004,0.5000000000000002,3.7030930140149962,3.7030930140149962,1.0,3.249119324807624,3.249119324807624,1.0,PASS_FORMULA,0.0,4,0,0
861,0.8000000000000004,0.5000000000000002,3.7030930140149962,3.7030930140149962,1.0,3.249119324807624,3.249119324807624,1.0,PASS_FORMULA,0.0,2,0,0
862,0.8,0.5,3.7030930140149962,3.703093014014995,1.0000000000000004,3.249119324807624,3.249119324807623,1.0000000000000004,PASS_FORMULA,0.0,1,0,0
863,0.004907584217555723,0.8975462078912222,3.7030930140149962,2.255162574737593,1.6420514669306634,3.249119324807624,1.9786951811449038,1.6420514669306634,PASS_OVERWRITE,100.0,1,1,0
864,0.8000000000000004,0.5000000000000002,3.7030930140149962,3.7030930140149962,1.0,3.249119324807624,3.249119324807624,1.0,PASS_FORMULA,0.0,5,0,0
865,0.5858175009570072,0.6070912495214967,3.7030930140149962,3.9153831519645212,0.9457804946003792,3.249119324807624,3.4353841545235877,0.9457804946003792,PASS_OVERWRITE,100.0,3,3,0
866,0.8000000000000004,0.5000000000000002,3.7030930140149962,3.7030930140149962,1.0,3.249119324807624,3.249119324807624,1.0,PASS_FORMULA,0.0,5,0,0
867,0.5907512053567584,0.39537560267837923,3.7030930140149962,3.1462969067632103,1.1769687107580056,3.249119324807624,2.760582583979728,1.1769687107580056,PASS_OVERWRITE,100.0,1,1,0
868,0.8,0.5,3.7030930140149962,3.703093014014995,1.0000000000000004,3.249119324807624,3.249119324807623,1.0000000000000004,PASS_FORMULA,0.0,1,0,0
869,0.8000000000000004,0.5000000000000002,3.7030930140149962,3.7030930140149962,1.0,3.249119324807624,3.249119324807624,1.0,PASS_FORMULA,0.0,7,0,0
870,0.8000000000000004,0.5000000000000002,3.7030930140149962,3.7030930140149962,1.0,3.249119324807624,3.249119324807624,1.0,PASS_FORMULA,0.0,1,0,0
871,0.3397220735296482,0.5,3.7030930140149962,3.1780300969049726,1.1652164709268718,3.249119324807624,2.7884255036517906,1.1652164709268718,PASS_OVERWRITE,100.0,1,1,0
872,0.8,0.5,3.7030930140149962,3.703093014014995,1.0000000000000004,3.249119324807624,3.249119324807623,1.0000000000000004,PASS_FORMULA,0.0,1,0,0
873,0.36617676796280024,0.2830883839814001,3.7030930140149962,2.570398696938994,1.4406687252156218,3.249119324807624,2.2552855267412952,1.4406687252156218,PASS_OVERWRITE,100.0,1,1,0
874,0.8000000000000004,0.5000000000000002,3.7030930140149962,3.7030930140149962,1.0,3.249119324807624,3.249119324807624,1.0,PASS_FORMULA,0.0,5,0,0
875,0.8000000000000004,0.5000000000000002,3.7030930140149962,3.7030930140149962,1.0,3.249119324807624,3.249119324807624,1.0,PASS_FORMULA,0.0,1,0,0
876,0.8000000000000004,0.5000000000000002,3.7030930140149962,3.7030930140149962,1.0,3.249119324807624,3.249119324807624,1.0,PASS_FORMULA,0.0,2,0,0
877,0.8000000000000004,0.5000000000000002,3.7030930140149962,3.7030930140149962,1.0,3.249119324807624,3.249119324807624,1.0,PASS_FORMULA,0.0,1,0,0
878,0.8000000000000004,0.5000000000000002,3.7030930140149962,3.7030930140149962,1.0,3.249119324807624,3.249119324807624,1.0,PASS_FORMULA,0.0,3,0,0
881,0.5111305127939606,0.6444347436030197,3.7030930140149962,3.9725257290933973,0.932175967268086,3.249119324807624,3.48552144540882,0.932175967268086,PASS_OVERWRITE,100.0,1,1,0
882,0.8000000000000004,0.5000000000000002,3.7030930140149962,3.7030930140149962,1.0,3.249119324807624,3.249119324807624,1.0,PASS_FORMULA,0.0,3,0,0
883,0.8000000000000004,0.5000000000000002,3.7030930140149962,3.7030930140149962,1.0,3.249119324807624,3.249119324807624,1.0,PASS_FORMULA,0.0,3,0,0
885,0.33069320230871485,0.734653398845643,3.7030930140149962,4.036960614583851,0.9172972856453613,3.249119324807624,3.5420570578945054,0.9172972856453613,PASS_OVERWRITE,100.0,2,2,0
886,0.8000000000000004,0.5000000000000002,3.7030930140149962,3.7030930140149962,1.0,3.2491193248076238,3.249119324807624,0.9999999999999999,PASS_FORMULA,0.0,4,0,0
887,0.8,0.5,3.7030930140149962,3.703093014014995,1.0000000000000004,3.249119324807624,3.249119324807623,1.0000000000000004,PASS_FORMULA,0.0,1,0,0
888,0.8000000000000004,0.5000000000000002,3.7030930140149962,3.7030930140149962,1.0,3.249119324807624,3.249119324807624,1.0,PASS_FORMULA,0.0,7,0,0
890,0.8000000000000004,0.5000000000000002,3.7030930140149962,3.7030930140149962,1.0,3.249119324807624,3.249119324807624,1.0,PASS_FORMULA,0.0,2,0,0
891,0.2000000000000001,0.5,3.7030930140149962,2.8912103050338427,1.2808106721145802,3.249119324807624,2.536767842075695,1.2808106721145802,PASS_OVERWRITE,100.0,1,1,0
892,0.8000000000000004,0.5000000000000002,3.7030930140149962,3.7030930140149962,1.0,3.249119324807624,3.249119324807624,1.0,PASS_FORMULA,0.0,2,0,0
893,0.26393708356064755,0.7680314582196766,3.7030930140149962,4.014651642646214,0.9223946044728659,3.249119324807624,3.5224830122076063,0.9223946044728659,PASS_OVERWRITE,100.0,1,1,0
894,0.8000000000000004,0.5000000000000002,3.7030930140149962,3.7030930140149962,1.0,3.249119324807624,3.249119324807624,1.0,PASS_FORMULA,0.0,3,0,0
895,0.5000000000000001,0.65,3.7030930140149962,3.979910462793563,0.930446312456923,3.249119324807624,3.4920008616381604,0.930446312456923,PASS_OVERWRITE,100.0,2,2,0
896,0.8000000000000004,0.5000000000000002,3.7030930140149962,3.7030930140149962,1.0,3.249119324807624,3.249119324807624,1.0,PASS_FORMULA,0.0,2,0,0
897,0.8000000000000004,0.5000000000000002,3.7030930140149962,3.7030930140149962,1.0,3.249119324807624,3.249119324807624,1.0,PASS_FORMULA,0.0,3,0,0
898,0.8000000000000004,0.5000000000000002,3.7030930140149962,3.7030930140149962,1.0,3.249119324807624,3.249119324807624,1.0,PASS_FORMULA,0.0,2,0,0
899,0.10991466442541026,0.8450426677872952,3.7030930140149962,3.7197260175346543,0.9955284331584502,3.249119324807624,3.2637132366971664,0.9955284331584502,PASS_OVERWRITE,100.0,1,1,0
900,0.8000000000000004,0.5000000000000002,3.7030930140149962,3.7030930140149962,1.0,3.2491193248076238,3.249119324807624,0.9999999999999999,PASS_FORMULA,0.0,2,0,0
901,0.8000000000000004,0.5000000000000002,3.7030930140149962,3.7030930140149962,1.0,3.249119324807624,3.249119324807624,1.0,PASS_FORMULA,0.0,2,0,0
903,0.8000000000000004,0.5000000000000002,3.7030930140149962,3.7030930140149962,1.0,3.249119324807624,3.249119324807624,1.0,PASS_FORMULA,0.0,2,0,0
904,0.8000000000000004,0.5000000000000002,3.7030930140149962,3.7030930140149962,1.0,3.249119324807624,3.249119324807624,1.0,PASS_FORMULA,0.0,2,0,0
906,0.8000000000000004,0.5000000000000002,3.7030930140149962,3.7030930140149962,1.0,3.249119324807624,3.249119324807624,1.0,PASS_FORMULA,0.0,2,0,0
907,0.8000000000000004,0.5000000000000002,3.7030930140149962,3.7030930140149962,1.0,3.249119324807624,3.249119324807624,1.0,PASS_FORMULA,0.0,3,0,0
911,0.8000000000000004,0.5000000000000002,3.7030930140149962,3.7030930140149962,1.0,3.249119324807624,3.249119324807624,1.0,PASS_FORMULA,0.0,4,0,0
912,0.8000000000000004,0.5000000000000002,3.7030930140149962,3.7030930140149962,1.0,3.249119324807624,3.249119324807624,1.0,PASS_FORMULA,0.0,2,0,0
914,0.8000000000000004,0.5000000000000002,3.7030930140149962,3.7030930140149962,1.0,3.249119324807624,3.249119324807624,1.0,PASS_FORMULA,0.0,2,0,0
915,0.8000000000000004,0.5000000000000002,3.7030930140149962,3.7030930140149962,1.0,3.249119324807624,3.249119324807624,1.0,PASS_FORMULA,0.0,2,0,0
916,0.8000000000000004,0.5000000000000002,3.7030930140149962,3.7030930140149962,1.0,3.249119324807624,3.249119324807624,1.0,PASS_FORMULA,0.0,1,0,0
917,0.8000000000000004,0.5000000000000002,3.7030930140149962,3.7030930140149962,1.0,3.249119324807624,3.249119324807624,1.0,PASS_FORMULA,0.0,2,0,0
918,0.8000000000000004,0.5000000000000002,3.7030930140149962,3.7030930140149962,1.0,3.249119324807624,3.249119324807624,1.0,PASS_FORMULA,0.0,1,0,0
919,0.5698610367648241,0.38493051838241205,3.7030930140149962,3.092363935619568,1.1974958611309332,3.249119324807624,2.713261423500125,1.1974958611309334,PASS_OVERWRITE,100.0,1,1,0
920,0.8000000000000004,0.5000000000000002,3.7030930140149962,3.7030930140149962,1.0,3.249119324807624,3.249119324807624,1.0,PASS_FORMULA,0.0,3,0,0
921,0.8000000000000004,0.5000000000000002,3.7030930140149962,3.7030930140149962,1.0,3.249119324807624,3.249119324807624,1.0,PASS_FORMULA,0.0,1,0,0
922,0.8000000000000004,0.5000000000000002,3.7030930140149962,3.7030930140149962,1.0,3.249119324807624,3.249119324807624,1.0,PASS_FORMULA,0.0,2,0,0
924,0.8000000000000004,0.5000000000000002,3.7030930140149962,3.7030930140149962,1.0,3.249119324807624,3.249119324807624,1.0,PASS_FORMULA,0.0,2,0,0
925,0.8000000000000004,0.5000000000000002,3.7030930140149962,3.7030930140149962,1.0,3.249119324807624,3.249119324807624,1.0,PASS_FORMULA,0.0,2,0,0
928,0.6123406542571478,0.5938296728714264,3.7030930140149962,3.892402120971187,0.951364452830748,3.249119324807624,3.415220439590733,0.951364452830748,PASS_OVERWRITE,100.0,3,3,0
929,0.8000000000000004,0.5000000000000002,3.7030930140149962,3.7030930140149962,1.0,3.2491193248076238,3.249119324807624,0.9999999999999999,PASS_FORMULA,0.0,6,0,0
930,0.8000000000000004,0.5000000000000002,3.7030930140149962,3.7030930140149962,1.0,3.249119324807624,3.249119324807624,1.0,PASS_FORMULA,0.0,2,0,0
931,0.5698610367648241,0.6150694816175882,3.7030930140149962,3.9285890768582026,0.9426012600372189,3.249119324807624,3.446971124014126,0.942601260037219,PASS_OVERWRITE,100.0,1,1,0
932,0.4160804122751106,0.6919597938624451,3.7030930140149962,4.023276111974738,0.9204173193565413,3.249119324807624,3.530050181019046,0.9204173193565415,PASS_OVERWRITE,100.0,1,1,0
933,0.8000000000000004,0.5000000000000002,3.7030930140149962,3.7030930140149962,1.0,3.249119324807624,3.249119324807624,1.0,PASS_FORMULA,0.0,3,0,0
934,0.8000000000000004,0.5000000000000002,3.7030930140149962,3.7030930140149962,1.0,3.249119324807624,3.249119324807624,1.0,PASS_FORMULA,0.0,2,0,0
935,0.8000000000000004,0.5000000000000002,3.7030930140149962,3.7030930140149962,1.0,3.249119324807624,3.249119324807624,1.0,PASS_FORMULA,0.0,1,0,0
936,0.8000000000000004,0.5000000000000002,3.7030930140149962,3.7030930140149962,1.0,3.249119324807624,3.249119324807624,1.0,PASS_FORMULA,0.0,2,0,0
938,0.8000000000000004,0.5000000000000002,3.7030930140149962,3.7030930140149962,1.0,3.2491193248076238,3.249119324807624,0.9999999999999999,PASS_FORMULA,0.0,2,0,0
939,0.8000000000000004,0.5000000000000002,3.7030930140149962,3.7030930140149962,1.0,3.249119324807624,3.249119324807624,1.0,PASS_FORMULA,0.0,2,0,0
940,0.8000000000000004,0.5000000000000002,3.7030930140149962,3.7030930140149962,1.0,3.249119324807624,3.249119324807624,1.0,PASS_FORMULA,0.0,1,0,0
941,0.8000000000000004,0.5000000000000002,3.7030930140149962,3.7030930140149962,1.0,3.249119324807624,3.249119324807624,1.0,PASS_FORMULA,0.0,3,0,0
943,0.8000000000000004,0.5000000000000002,3.7030930140149962,3.7030930140149962,1.0,3.249119324807624,3.249119324807624,1.0,PASS_FORMULA,0.0,2,0,0
944,0.19657917657064444,0.8017104117146778,3.7030930140149962,3.9447044857388116,0.9387504253874258,3.249119324807624,3.46111089480114,0.9387504253874258,PASS_OVERWRITE,100.0,1,1,0
945,0.8000000000000004,0.5000000000000002,3.7030930140149962,3.7030930140149962,1.0,3.249119324807624,3.249119324807624,1.0,PASS_FORMULA,0.0,2,0,0
946,0.8000000000000004,0.5000000000000002,3.7030930140149962,3.7030930140149962,1.0,3.2491193248076238,3.249119324807624,0.9999999999999999,PASS_FORMULA,0.0,2,0,0
947,0.8000000000000004,0.5000000000000002,3.7030930140149962,3.7030930140149962,1.0,3.249119324807624,3.249119324807624,1.0,PASS_FORMULA,0.0,2,0,0
948,0.8000000000000004,0.5000000000000002,3.7030930140149962,3.7030930140149962,1.0,3.249119324807624,3.249119324807624,1.0,PASS_FORMULA,0.0,1,0,0
949,0.8000000000000004,0.5000000000000002,3.7030930140149962,3.7030930140149962,1.0,3.249119324807624,3.249119324807624,1.0,PASS_FORMULA,0.0,2,0,0
950,0.139520931616042,0.8302395341919794,3.7030930140149962,3.822236331730271,0.9688288982221723,3.249119324807624,3.353656492668465,0.9688288982221724,PASS_OVERWRITE,100.0,1,1,0
951,0.07090908095847624,0.8645454595207623,3.7030930140149962,3.510234319738463,1.0549418291514234,3.249119324807624,3.0799037776529903,1.0549418291514234,PASS_OVERWRITE,100.0,2,2,0
952,0.8000000000000004,0.5000000000000002,3.7030930140149962,3.7030930140149962,1.0,3.249119324807624,3.249119324807624,1.0,PASS_FORMULA,0.0,4,0,0
953,0.026316749381479383,0.11315837469073967,3.7030930140149962,1.346197464469699,2.7507799648647664,3.249119324807624,1.1811629306262441,2.7507799648647664,PASS_OVERWRITE,100.0,1,1,0
954,0.8000000000000004,0.5000000000000002,3.7030930140149962,3.7030930140149962,1.0,3.249119324807624,3.249119324807624,1.0,PASS_FORMULA,0.0,4,0,0
955,0.45655897081458896,0.6717205145927059,3.7030930140149962,4.005314687188103,0.9245448368539354,3.249119324807624,3.5142907031570365,0.9245448368539354,PASS_OVERWRITE,100.0,2,2,0
956,0.8000000000000004,0.5000000000000002,3.7030930140149962,3.7030930140149962,1.0,3.249119324807624,3.249119324807624,1.0,PASS_FORMULA,0.0,3,0,0
957,0.31708411232627187,0.2585420561631359,3.7030930140149962,2.442040120786052,1.5163931921081757,3.249119324807624,2.1426628276341138,1.516393192108176,PASS_OVERWRITE,100.0,1,1,0
958,0.8000000000000004,0.5000000000000002,3.7030930140149962,3.7030930140149962,1.0,3.249119324807624,3.249119324807624,1.0,PASS_FORMULA,0.0,3,0,0
959,0.8000000000000004,0.5000000000000002,3.7030930140149962,3.7030930140149962,1.0,3.249119324807624,3.249119324807624,1.0,PASS_FORMULA,0.0,1,0,0
960,0.8000000000000004,0.5000000000000002,3.7030930140149962,3.7030930140149962,1.0,3.249119324807624,3.249119324807624,1.0,PASS_FORMULA,0.0,4,0,0
961,0.8000000000000004,0.5000000000000002,3.7030930140149962,3.7030930140149962,1.0,3.249119324807624,3.249119324807624,1.0,PASS_FORMULA,0.0,1,0,0
962,0.8000000000000004,0.5000000000000002,3.7030930140149962,3.7030930140149962,1.0,3.249119324807624,3.249119324807624,1.0,PASS_FORMULA,0.0,3,0,0
963,0.8000000000000004,0.5000000000000002,3.7030930140149962,3.7030930140149962,1.0,3.249119324807624,3.249119324807624,1.0,PASS_FORMULA,0.0,1,0,0
964,0.8,0.5,3.7030930140149962,3.703093014014995,1.0000000000000004,3.249119324807624,3.249119324807623,1.0000000000000004,PASS_FORMULA,0.0,1,0,0
965,0.8000000000000004,0.5000000000000002,3.7030930140149962,3.7030930140149962,1.0,3.249119324807624,3.249119324807624,1.0,PASS_FORMULA,0.0,4,0,0
966,0.8000000000000004,0.5000000000000002,3.7030930140149962,3.7030930140149962,1.0,3.249119324807624,3.249119324807624,1.0,PASS_FORMULA,0.0,1,0,0
967,0.8000000000000004,0.5000000000000002,3.7030930140149962,3.7030930140149962,1.0,3.249119324807624,3.249119324807624,1.0,PASS_FORMULA,0.0,2,0,0
969,0.8000000000000004,0.5000000000000002,3.7030930140149962,3.7030930140149962,1.0,3.249119324807624,3.249119324807624,1.0,PASS_FORMULA,0.0,2,0,0
970,0.8000000000000004,0.5000000000000002,3.7030930140149962,3.7030930140149962,1.0,3.249119324807624,3.249119324807624,1.0,PASS_FORMULA,0.0,2,0,0
971,0.8000000000000004,0.5000000000000002,3.7030930140149962,3.7030930140149962,1.0,3.249119324807624,3.249119324807624,1.0,PASS_FORMULA,0.0,1,0,0
972,0.8000000000000004,0.5000000000000002,3.7030930140149962,3.7030930140149962,1.0,3.249119324807624,3.249119324807624,1.0,PASS_FORMULA,0.0,2,0,0
973,0.8000000000000004,0.5000000000000002,3.7030930140149962,3.7030930140149962,1.0,3.249119324807624,3.249119324807624,1.0,PASS_FORMULA,0.0,1,0,0
974,0.8000000000000004,0.5000000000000002,3.7030930140149962,3.7030930140149962,1.0,3.249119324807624,3.249119324807624,1.0,PASS_FORMULA,0.0,2,0,0
975,0.8000000000000004,0.5000000000000002,3.7030930140149962,3.7030930140149962,1.0,3.249119324807624,3.249119324807624,1.0,PASS_FORMULA,0.0,1,0,0
976,0.8000000000000004,0.5000000000000002,3.7030930140149962,3.7030930140149962,1.0,3.249119324807624,3.249119324807624,1.0,PASS_FORMULA,0.0,2,0,0
978,0.8000000000000004,0.5000000000000002,3.7030930140149962,3.7030930140149962,1.0,3.249119324807624,3.249119324807624,1.0,PASS_FORMULA,0.0,2,0,0
979,0.41654422162177174,0.30827211081088585,3.7030930140149962,2.7000228354268807,1.3715043315289321,3.249119324807624,2.369018638960881,1.3715043315289324,PASS_OVERWRITE,100.0,1,1,0
980,0.8000000000000004,0.5000000000000002,3.7030930140149962,3.7030930140149962,1.0,3.249119324807624,3.249119324807624,1.0,PASS_FORMULA,0.0,3,0,0
982,0.8000000000000004,0.5000000000000002,3.7030930140149962,3.7030930140149962,1.0,3.249119324807624,3.249119324807624,1.0,PASS_FORMULA,0.0,2,0,0
983,0.8000000000000004,0.5000000000000002,3.7030930140149962,3.7030930140149962,1.0,3.249119324807624,3.249119324807624,1.0,PASS_FORMULA,0.0,2,0,0
985,0.8000000000000004,0.5000000000000002,3.7030930140149962,3.7030930140149962,1.0,3.249119324807624,3.249119324807624,1.0,PASS_FORMULA,0.0,2,0,0
986,0.7584161024470605,0.5207919487764697,3.7030930140149962,3.7481495714614885,0.9879789862737725,3.249119324807624,3.288652258750857,0.9879789862737726,PASS_OVERWRITE,100.0,5,5,0
987,0.8,0.5,3.7030930140149962,3.703093014014995,1.0000000000000004,3.249119324807624,3.249119324807623,1.0000000000000004,PASS_FORMULA,0.0,6,0,0
988,0.06018949435176194,0.13009474717588096,3.7030930140149962,1.588186961927431,2.331648038163533,3.249119324807624,1.3934861830032954,2.3316480381635336,PASS_OVERWRITE,100.0,1,1,0
989,0.336741938496917,0.7316290307515415,3.7030930140149962,4.0373265140308385,0.9172141517773489,3.249119324807624,3.542378100590339,0.9172141517773489,PASS_OVERWRITE,100.0,1,1,0
990,0.023141742227018654,0.8884291288864907,3.7030930140149962,2.946483767680123,1.2567837822947112,3.249119324807624,2.5852651590356994,1.2567837822947112,PASS_OVERWRITE,100.0,1,1,0
991,0.8,0.5,3.7030930140149962,3.703093014014995,1.0000000000000004,3.249119324807624,3.249119324807623,1.0000000000000004,PASS_FORMULA,0.0,3,0,0
992,0.8000000000000004,0.5000000000000002,3.7030930140149962,3.7030930140149962,1.0,3.249119324807624,3.249119324807624,1.0,PASS_FORMULA,0.0,14,0,0
