t,subgrad_t,fd_partial_t,ratio,pass
0,-3.249119324807623,-3.959016636485152e-08,1.2184891475844954e-08,False
1,-3.249119324807623,0.0,-0.0,False
2,-3.249119324807623,1.6035990937912636e-08,-4.935488461588622e-09,False
3,-3.249119324807623,-1.5980495749606805e-08,4.9184083907269224e-09,False
4,-3.249119324807623,0.0,-0.0,False
5,-3.249119324807623,0.0,-0.0,False
6,-3.249119324807623,0.0,-0.0,False
16,3.703093014014995,8.293487865213e-08,2.2396110045912603e-08,False
17,3.703093014014995,0.0,0.0,False
27,-3.249119324807624,-3.952558297673492e-08,1.2165014277853637e-08,False
28,-3.249119324807624,0.0,-0.0,False
32,-3.249119324807624,5.340178695426023e-08,-1.6435772778958212e-08,False
33,3.7030930140149962,8.293487865213e-08,2.2396110045912593e-08,False
34,3.7030930140149962,0.0,0.0,False
35,3.7030930140149962,-4.439646675551828e-08,-1.1989022848600393e-08,False
36,-3.249119324807624,-4.439646675551828e-08,1.3664153980601169e-08,False
37,-3.249119324807624,0.0,-0.0,False
39,3.7030930140149962,8.293487865213e-08,2.2396110045912593e-08,False
40,3.7030930140149962,0.0,0.0,False
47,-3.249119324807624,-3.952558297673492e-08,1.2165014277853637e-08,False
48,3.7030930140149962,1.1678987404863811e-07,3.153846625148939e-08,False
51,-3.249119324807624,-3.952558297673492e-08,1.2165014277853637e-08,False
52,-3.249119324807624,0.0,-0.0,False
55,3.7030930140149962,8.293487865213e-08,2.2396110045912593e-08,False
60,-3.249119324807624,-5.740633861155142e-08,1.7668276499802102e-08,False
61,3.7030930140149962,8.293487925928322e-08,2.2396110209870997e-08,False
68,-3.249119324807624,5.340178756228081e-08,-1.6435772966092175e-08,False
70,3.7030930140149962,5.340178756228081e-08,1.442086044292501e-08,False
71,-3.249119324807624,5.3401786955127595e-08,-1.6435772779225163e-08,False
75,3.7030930140149962,5.340178695426023e-08,1.4420860278732381e-08,False
78,3.7030930140149962,8.293487926015058e-08,2.2396110210105225e-08,False
79,3.7030930140149962,0.0,0.0,False
97,-3.249119324807624,-3.952558297673492e-08,1.2165014277853637e-08,False
98,-3.249119324807624,0.0,-0.0,False
103,-3.249119324807624,5.340178695426023e-08,-1.6435772778958212e-08,False
106,3.7030930140149962,5.340178756228081e-08,1.442086044292501e-08,False
107,-3.249119324807624,5.3401786955127595e-08,-1.6435772779225163e-08,False
109,3.7030930140149962,5.340178756228081e-08,1.442086044292501e-08,False
111,-3.249119324807624,5.340178756228081e-08,-1.6435772966092175e-08,False
112,3.7030930140149962,8.293487925928322e-08,2.2396110209870997e-08,False
113,3.7030930140149962,0.0,0.0,False
116,-3.249119324807624,-3.952558297673492e-08,1.2165014277853637e-08,False
117,3.7030930140149962,1.0642156827739974e-07,2.873856202764254e-08,False
118,-3.249119324807624,-8.360233478676288e-08,2.5730767764804344e-08,False
119,-3.249119324807624,0.0,-0.0,False
120,-3.249119324807624,0.0,-0.0,False
124,3.7030930140149962,8.293487865213e-08,2.2396110045912593e-08,False
125,-3.249119324807624,-8.9581231430165e-08,2.7570926911238933e-08,False
127,-3.249119324807624,5.340178695426023e-08,-1.6435772778958212e-08,False
132,3.7030930140149962,5.340178756228081e-08,1.442086044292501e-08,False
135,-3.249119324807624,5.340178756228081e-08,-1.6435772966092175e-08,False
136,3.7030930140149962,8.293487925928322e-08,2.2396110209870997e-08,False
137,3.7030930140149962,0.0,0.0,False
145,-3.249119324807624,-3.952558297673492e-08,1.2165014277853637e-08,False
146,-3.249119324807624,0.0,-0.0,False
147,-3.249119324807624,8.293487865213e-08,-2.5525340980525688e-08,False
148,3.7030930140149962,5.340178756228081e-08,1.442086044292501e-08,False
149,-3.249119324807624,5.3401786955127595e-08,-1.6435772779225163e-08,False
150,3.7030930140149962,5.340178816943403e-08,1.4420860606883414e-08,False
152,-3.249119324807624,5.340178756228081e-08,-1.6435772966092175e-08,False
153,3.7030930140149962,5.340178816943403e-08,1.4420860606883414e-08,False
154,-3.249119324807624,5.3401786955127595e-08,-1.6435772779225163e-08,False
157,3.7030930140149962,5.340178695426023e-08,1.4420860278732381e-08,False
160,3.7030930140149962,8.293487926015058e-08,2.2396110210105225e-08,False
161,3.7030930140149962,0.0,0.0,False
166,-3.249119324807624,-3.952558297673492e-08,1.2165014277853637e-08,False
167,3.7030930140149962,1.759865272434047e-08,4.75241984409663e-09,False
169,-3.249119324807624,-1.7537749327431462e-08,5.397693212904653e-09,False
170,-3.249119324807624,0.0,-0.0,False
171,-3.249119324807624,8.293487865213e-08,-2.5525340980525688e-08,False
173,3.7030930140149962,5.340178756228081e-08,1.442086044292501e-08,False
175,-3.249119324807624,5.340178756228081e-08,-1.6435772966092175e-08,False
184,3.7030930140149962,8.293487865213e-08,2.2396110045912593e-08,False
185,3.7030930140149962,0.0,0.0,False
195,-3.249119324807624,-3.952558297673492e-08,1.2165014277853637e-08,False
196,-3.249119324807624,0.0,-0.0,False
203,-3.249119324807624,5.340178695426023e-08,-1.6435772778958212e-08,False
204,3.7030930140149962,5.340178695426023e-08,1.4420860278732381e-08,False
208,3.7030930140149962,8.293487926015058e-08,2.2396110210105225e-08,False
209,3.7030930140149962,0.0,0.0,False
216,-3.249119324807624,-3.952558297673492e-08,1.2165014277853637e-08,False
217,-3.249119324807624,0.0,-0.0,False
218,-3.249119324807624,0.0,-0.0,False
222,-3.249119324807624,5.340178695426023e-08,-1.6435772778958212e-08,False
223,3.7030930140149962,8.293487865213e-08,2.2396110045912593e-08,False
224,3.7030930140149962,0.0,0.0,False
241,-3.249119324807624,-3.952558297673492e-08,1.2165014277853637e-08,False
242,-3.249119324807624,0.0,-0.0,False
243,-3.249119324807624,0.0,-0.0,False
244,3.7030930140149962,7.14319246713016e-08,1.928980028342662e-08,False
256,3.7030930140149962,7.143192519865754e-08,1.9289800425836204e-08,False
257,3.7030930140149962,0.0,0.0,False
283,-3.249119324807624,-3.952558297673492e-08,1.2165014277853637e-08,False
284,3.7030930140149962,8.409745211497566e-08,2.2710056646347877e-08,False
289,-3.249119324807624,-3.952558297673492e-08,1.2165014277853637e-08,False
290,-3.249119324807624,0.0,-0.0,False
295,3.7030930140149962,8.293487865213e-08,2.2396110045912593e-08,False
296,3.7030930140149962,0.0,0.0,False
300,-3.249119324807624,-3.952558297673492e-08,1.2165014277853637e-08,False
301,-3.249119324807624,0.0,-0.0,False
304,3.7030930140149962,8.293487865213e-08,2.2396110045912593e-08,False
305,3.7030930140149962,0.0,0.0,False
310,-3.249119324807624,-3.952558297673492e-08,1.2165014277853637e-08,False
315,-3.249119324807624,-2.1617677594190643e-08,6.653396023080992e-09,False
328,-3.249119324807624,5.340178695426023e-08,-1.6435772778958212e-08,False
331,3.7030930140149962,5.340178756228081e-08,1.442086044292501e-08,False
332,-3.249119324807624,5.3401786955127595e-08,-1.6435772779225163e-08,False
337,3.7030930140149962,5.340178695426023e-08,1.4420860278732381e-08,False
344,3.7030930140149962,8.293487926015058e-08,2.2396110210105225e-08,False
347,-3.249119324807624,-4.797925853838869e-08,1.4766850257563095e-08,False
348,-3.249119324807624,0.0,-0.0,False
349,-3.249119324807624,0.0,-0.0,False
350,-3.249119324807624,0.0,-0.0,False
351,3.7030930140149962,1.542263356833079e-07,4.164797781195656e-08,False
352,3.7030930140149962,0.0,0.0,False
385,-3.249119324807624,-3.952558297673492e-08,1.2165014277853637e-08,False
386,-3.249119324807624,0.0,-0.0,False
387,3.7030930140149962,8.293487925928322e-08,2.2396110209870997e-08,False
396,-3.249119324807624,5.340178756228081e-08,-1.6435772966092175e-08,False
397,3.7030930140149962,5.340178816943403e-08,1.4420860606883414e-08,False
399,-3.249119324807624,5.340178756228081e-08,-1.6435772966092175e-08,False
408,3.7030930140149962,5.340178756228081e-08,1.442086044292501e-08,False
409,-3.249119324807624,5.3401786955127595e-08,-1.6435772779225163e-08,False
411,3.7030930140149962,5.340178695426023e-08,1.4420860278732381e-08,False
414,3.7030930140149962,8.293487926015058e-08,2.2396110210105225e-08,False
415,3.7030930140149962,0.0,0.0,False
457,-3.249119324807624,-3.952558297673492e-08,1.2165014277853637e-08,False
458,-3.249119324807624,0.0,-0.0,False
459,3.7030930140149962,8.293487865213e-08,2.2396110045912593e-08,False
471,3.7030930140149962,8.293487926015058e-08,2.2396110210105225e-08,False
472,3.7030930140149962,0.0,0.0,False
473,3.7030930140149962,0.0,0.0,False
474,3.7030930140149962,0.0,0.0,False
475,-3.249119324807624,-7.91803327305704e-08,2.4369782951956853e-08,False
476,-3.249119324807624,0.0,-0.0,False
477,3.7030930140149962,1.6211101587330912e-07,4.3777192541416575e-08,False
478,-3.249119324807624,-1.0632717426743016e-07,3.2724921321172356e-08,False
479,-3.249119324807624,8.293487865213e-08,-2.5525340980525688e-08,False
480,3.7030930140149962,5.340178756228081e-08,1.442086044292501e-08,False
483,-3.249119324807624,5.340178756228081e-08,-1.6435772966092175e-08,False
485,3.7030930140149962,5.340178756228081e-08,1.442086044292501e-08,False
486,-3.249119324807624,5.3401786955127595e-08,-1.6435772779225163e-08,False
489,3.7030930140149962,5.340178756228081e-08,1.442086044292501e-08,False
490,-3.249119324807624,5.3401786955127595e-08,-1.6435772779225163e-08,False
492,3.7030930140149962,8.293487865213e-08,2.2396110045912593e-08,False
495,3.7030930140149962,6.414492114553694e-11,1.732198486583226e-11,False
496,3.7030930140149962,1.8535433814539926e-08,5.005392450146234e-09,False
497,3.7030930140149962,0.0,0.0,False
502,-3.249119324807624,-3.952558297673492e-08,1.2165014277853637e-08,False
503,3.7030930140149962,1.7316459999423828e-08,4.6762152432808706e-09,False
504,-3.249119324807624,-1.7256533537193808e-08,5.31114182401274e-09,False
505,-3.249119324807624,0.0,-0.0,False
506,-3.249119324807624,0.0,-0.0,False
508,3.7030930140149962,8.165198725484935e-11,2.2049672245828897e-11,False
509,-3.249119324807624,-2.351265528544727e-08,7.2366241233197615e-09,False
511,-3.249119324807624,5.340178695426023e-08,-1.6435772778958212e-08,False
513,3.7030930140149962,8.293487865213e-08,2.2396110045912593e-08,False
514,3.7030930140149962,0.0,0.0,False
517,-3.249119324807624,-3.952558297673492e-08,1.2165014277853637e-08,False
518,-3.249119324807624,0.0,-0.0,False
520,3.7030930140149962,8.293487865213e-08,2.2396110045912593e-08,False
521,3.7030930140149962,0.0,0.0,False
551,-3.249119324807624,-3.952558297673492e-08,1.2165014277853637e-08,False
552,-3.249119324807624,1.6791719892154944e-08,-5.168083475404265e-09,False
554,-3.249119324807624,-1.673360938009294e-08,5.150198471422318e-09,False
555,-3.249119324807624,0.0,-0.0,False
566,3.7030930140149962,5.340178756228081e-08,1.442086044292501e-08,False
567,-3.249119324807624,5.3401786955127595e-08,-1.6435772779225163e-08,False
576,3.7030930140149962,5.340178756228081e-08,1.442086044292501e-08,False
580,-3.249119324807624,5.340178756228081e-08,-1.6435772966092175e-08,False
581,3.7030930140149962,5.340178816943403e-08,1.4420860606883414e-08,False
584,-3.249119324807624,5.340178756228081e-08,-1.6435772966092175e-08,False
589,3.7030930140149962,5.340178695426023e-08,1.4420860278732381e-08,False
592,3.7030930140149962,8.293487926015058e-08,2.2396110210105225e-08,False
593,3.7030930140149962,0.0,0.0,False
599,-3.249119324807624,-3.952558297673492e-08,1.2165014277853637e-08,False
600,-3.249119324807624,0.0,-0.0,False
601,-3.249119324807624,8.293487865213e-08,-2.5525340980525688e-08,False
602,3.7030930140149962,8.293487865213e-08,2.2396110045912593e-08,False
604,-3.249119324807624,-3.357321410202979e-08,1.033301973420678e-08,False
605,-3.249119324807624,-5.119221742431318e-08,1.575572095289058e-08,False
606,-3.249119324807624,8.293487865213e-08,-2.5525340980525688e-08,False
616,3.7030930140149962,8.293487865213e-08,2.2396110045912593e-08,False
617,3.7030930140149962,0.0,0.0,False
649,-3.249119324807624,-3.952558297673492e-08,1.2165014277853637e-08,False
650,-3.249119324807624,0.0,-0.0,False
651,3.7030930140149962,8.293487925928322e-08,2.2396110209870997e-08,False
658,-3.249119324807624,5.340178756228081e-08,-1.6435772966092175e-08,False
661,3.7030930140149962,5.340178695426023e-08,1.4420860278732381e-08,False
664,3.7030930140149962,8.293487926015058e-08,2.2396110210105225e-08,False
665,3.7030930140149962,0.0,0.0,False
670,-3.249119324807624,-3.952558297673492e-08,1.2165014277853637e-08,False
671,3.7030930140149962,7.686568557607049e-08,2.0757157674721914e-08,False
672,3.7030930140149962,0.0,0.0,False
696,-3.249119324807624,-3.952558297673492e-08,1.2165014277853637e-08,False
701,-3.249119324807624,-1.7558029859893187e-08,5.403935068138125e-09,False
714,3.7030930140149962,8.293487865213e-08,2.2396110045912593e-08,False
715,3.7030930140149962,0.0,0.0,False
718,3.7030930140149962,-3.362591214760985e-08,-9.08049352807147e-09,False
719,-3.249119324807624,-5.129574479068033e-08,1.5787584161353472e-08,False
720,-3.249119324807624,0.0,-0.0,False
721,-3.249119324807624,0.0,-0.0,False
722,-3.249119324807624,0.0,-0.0,False
723,-3.249119324807624,0.0,-0.0,False
724,-3.249119324807624,0.0,-0.0,False
726,-3.249119324807624,5.340178695426023e-08,-1.6435772778958212e-08,False
728,3.7030930140149962,8.293487865213e-08,2.2396110045912593e-08,False
729,3.7030930140149962,0.0,0.0,False
732,-3.249119324807624,-3.952558297673492e-08,1.2165014277853637e-08,False
733,-3.249119324807624,0.0,-0.0,False
734,-3.249119324807624,0.0,-0.0,False
736,-3.249119324807624,1.2072640226921949e-08,-3.715665391155418e-09,False
737,3.7030930140149962,2.555728897957188e-08,6.901606004182422e-09,False
745,-3.249119324807624,-3.952558297673492e-08,1.2165014277853637e-08,False
746,-3.249119324807624,0.0,-0.0,False
750,3.7030930140149962,8.293487865213e-08,2.2396110045912593e-08,False
751,3.7030930140149962,0.0,0.0,False
769,-3.249119324807624,-3.952558297673492e-08,1.2165014277853637e-08,False
770,-3.249119324807624,0.0,-0.0,False
776,-3.249119324807624,5.340178695426023e-08,-1.6435772778958212e-08,False
781,3.7030930140149962,5.340178756228081e-08,1.442086044292501e-08,False
784,-3.249119324807624,5.340178756228081e-08,-1.6435772966092175e-08,False
785,3.7030930140149962,8.293487925928322e-08,2.2396110209870997e-08,False
786,3.7030930140149962,0.0,0.0,False
792,-3.249119324807624,-3.952558297673492e-08,1.2165014277853637e-08,False
793,-3.249119324807624,0.0,-0.0,False
794,-3.249119324807624,0.0,-0.0,False
795,-3.249119324807624,0.0,-0.0,False
798,-3.249119324807624,5.340178695426023e-08,-1.6435772778958212e-08,False
799,3.7030930140149962,8.293487865213e-08,2.2396110045912593e-08,False
800,3.7030930140149962,0.0,0.0,False
806,-3.249119324807624,-3.952558297673492e-08,1.2165014277853637e-08,False
807,-3.249119324807624,0.0,-0.0,False
808,3.7030930140149962,1.6557468247944268e-07,4.471253675043987e-08,False
809,3.7030930140149962,0.0,0.0,False
820,-3.249119324807624,-3.952558297673492e-08,1.2165014277853637e-08,False
821,-3.249119324807624,0.0,-0.0,False
822,3.7030930140149962,8.293487925928322e-08,2.2396110209870997e-08,False
823,-3.249119324807624,5.3401786955127595e-08,-1.6435772779225163e-08,False
826,3.7030930140149962,8.293487865213e-08,2.2396110045912593e-08,False
833,3.7030930140149962,2.3327514227580726e-08,6.299467536811447e-09,False
842,-3.249119324807624,-3.952558297673492e-08,1.2165014277853637e-08,False
843,-3.249119324807624,0.0,-0.0,False
845,3.7030930140149962,8.293487865213e-08,2.2396110045912593e-08,False
846,3.7030930140149962,0.0,0.0,False
847,3.7030930140149962,-3.9450546002704756e-08,-1.0653404020206174e-08,False
866,-3.249119324807624,-3.952558297673492e-08,1.2165014277853637e-08,False
867,-3.249119324807624,0.0,-0.0,False
875,3.7030930140149962,8.293487865213e-08,2.2396110045912593e-08,False
876,3.7030930140149962,0.0,0.0,False
877,-3.249119324807624,-8.101529878207225e-08,2.493454092729237e-08,False
878,-3.249119324807624,0.0,-0.0,False
880,-3.249119324807624,5.340178695426023e-08,-1.6435772778958212e-08,False
881,3.7030930140149962,8.293487865213e-08,2.2396110045912593e-08,False
882,3.7030930140149962,0.0,0.0,False
884,-3.249119324807624,-3.952558297673492e-08,1.2165014277853637e-08,False
885,3.7030930140149962,9.622977588212567e-08,2.5986324274850087e-08,False
890,-3.249119324807624,-3.952558297673492e-08,1.2165014277853637e-08,False
891,-3.249119324807624,0.0,-0.0,False
904,3.7030930140149962,8.293487865213e-08,2.2396110045912593e-08,False
905,3.7030930140149962,0.0,0.0,False
906,3.7030930140149962,0.0,0.0,False
915,-3.249119324807624,-3.952558297673492e-08,1.2165014277853637e-08,False
916,-3.249119324807624,0.0,-0.0,False
920,3.7030930140149962,8.293487865213e-08,2.2396110045912593e-08,False
921,3.7030930140149962,0.0,0.0,False
922,3.7030930140149962,0.0,0.0,False
925,-3.249119324807624,-3.357321410202979e-08,1.033301973420678e-08,False
926,-3.249119324807624,-5.119221742431318e-08,1.575572095289058e-08,False
928,3.7030930140149962,8.293487865213e-08,2.2396110045912593e-08,False
929,3.7030930140149962,0.0,0.0,False
938,-3.249119324807624,-3.952558297673492e-08,1.2165014277853637e-08,False
939,-3.249119324807624,0.0,-0.0,False
941,-3.249119324807624,5.340178695426023e-08,-1.6435772778958212e-08,False
954,3.7030930140149962,5.340178756228081e-08,1.442086044292501e-08,False
955,-3.249119324807624,5.3401786955127595e-08,-1.6435772779225163e-08,False
958,3.7030930140149962,5.340178756228081e-08,1.442086044292501e-08,False
959,-3.249119324807624,5.3401786955127595e-08,-1.6435772779225163e-08,False
964,3.7030930140149962,5.340178695426023e-08,1.4420860278732381e-08,False
966,3.7030930140149962,8.293487926015058e-08,2.2396110210105225e-08,False
967,3.7030930140149962,0.0,0.0,False
974,-3.249119324807624,-3.952558297673492e-08,1.2165014277853637e-08,False
975,-3.249119324807624,0.0,-0.0,False
976,3.7030930140149962,1.6557468247944268e-07,4.471253675043987e-08,False
977,3.7030930140149962,0.0,0.0,False
980,-3.249119324807624,-3.952558297673492e-08,1.2165014277853637e-08,False
981,-3.249119324807624,0.0,-0.0,False
982,-3.249119324807624,0.0,-0.0,False
983,-3.249119324807624,8.293487865213e-08,-2.5525340980525688e-08,False
986,3.7030930140149962,5.340178756228081e-08,1.442086044292501e-08,False
989,-3.249119324807624,5.340178756228081e-08,-1.6435772966092175e-08,False
990,3.7030930140149962,8.293487925928322e-08,2.2396110209870997e-08,False
991,3.7030930140149962,0.0,0.0,False
994,-3.249119324807624,-3.952558297673492e-08,1.2165014277853637e-08,False
995,-3.249119324807624,0.0,-0.0,False
997,-3.249119324807624,5.340178695426023e-08,-1.6435772778958212e-08,False
998,3.7030930140149962,5.340178756228081e-08,1.442086044292501e-08,False
1000,-3.249119324807624,5.340178756228081e-08,-1.6435772966092175e-08,False
1001,3.7030930140149962,8.293487925928322e-08,2.2396110209870997e-08,False
1002,3.7030930140149962,0.0,0.0,False
1043,-3.249119324807624,-3.952558297673492e-08,1.2165014277853637e-08,False
1044,-3.249119324807624,0.0,-0.0,False
1046,-3.249119324807624,5.340178695426023e-08,-1.6435772778958212e-08,False
1047,3.7030930140149962,8.293487865213e-08,2.2396110045912593e-08,False
1048,3.7030930140149962,0.0,0.0,False
1050,3.7030930140149962,2.4678224038940377e-09,6.664219328421233e-10,False
1051,-3.249119324807624,-2.362779892746414e-09,7.272062539243032e-10,False
1053,3.7030930140149962,1.534317525461737e-08,4.143340498482881e-09,False
1056,-3.249119324807624,-3.952558297673492e-08,1.2165014277853637e-08,False
1057,-3.249119324807624,0.0,-0.0,False
1081,-3.249119324807624,5.340178695426023e-08,-1.6435772778958212e-08,False
1087,3.7030930140149962,8.293487865213e-08,2.2396110045912593e-08,False
1088,3.7030930140149962,0.0,0.0,False
1100,-3.249119324807624,-3.952558297673492e-08,1.2165014277853637e-08,False
1101,-3.249119324807624,1.761900332228339e-08,-5.4227012186838e-09,False
1102,-3.249119324807624,-1.7558029859893187e-08,5.403935068138125e-09,False
1103,-3.249119324807624,8.293487865213e-08,-2.5525340980525688e-08,False
1104,3.7030930140149962,5.340178756228081e-08,1.442086044292501e-08,False
1106,-3.249119324807624,5.340178756228081e-08,-1.6435772966092175e-08,False
1107,3.7030930140149962,5.340178816943403e-08,1.4420860606883414e-08,False
1108,-3.249119324807624,5.3401786955127595e-08,-1.6435772779225163e-08,False
1111,3.7030930140149962,8.293487865213e-08,2.2396110045912593e-08,False
1112,-3.249119324807624,-1.6327583369536713e-08,5.0252335286280836e-09,False
1113,3.7030930140149962,1.6384283882744932e-08,4.424486185125725e-09,False
1129,-3.249119324807624,-3.952558297673492e-08,1.2165014277853637e-08,False
1130,-3.249119324807624,0.0,-0.0,False
1134,3.7030930140149962,8.293487865213e-08,2.2396110045912593e-08,False
1135,3.7030930140149962,0.0,0.0,False
1140,-3.249119324807624,-3.952558297673492e-08,1.2165014277853637e-08,False
1141,-3.249119324807624,0.0,-0.0,False
1145,3.7030930140149962,8.293487865213e-08,2.2396110045912593e-08,False
1152,-3.249119324807624,-5.9575963091626494e-08,1.8336034209871286e-08,False
1157,-3.249119324807624,5.340178695426023e-08,-1.6435772778958212e-08,False
1160,3.7030930140149962,8.293487865213e-08,2.2396110045912593e-08,False
1162,3.7030930140149962,2.3327514227580726e-08,6.299467536811447e-09,False
1166,-3.249119324807624,-3.952558297673492e-08,1.2165014277853637e-08,False
1167,-3.249119324807624,0.0,-0.0,False
1171,3.7030930140149962,8.293487865213e-08,2.2396110045912593e-08,False
1172,3.7030930140149962,-2.010802710970816e-08,-5.4300626621059344e-09,False
1173,3.7030930140149962,2.017785590436444e-08,5.448919545903344e-09,False
1186,-3.249119324807624,-3.952558297673492e-08,1.2165014277853637e-08,False
1187,-3.249119324807624,0.0,-0.0,False
1192,-3.249119324807624,5.340178695426023e-08,-1.6435772778958212e-08,False
1193,3.7030930140149962,8.293487865213e-08,2.2396110045912593e-08,False
1197,3.7030930140149962,2.8895721804027275e-08,7.803131515915591e-09,False
1198,3.7030930140149962,0.0,0.0,False
1199,3.7030930140149962,0.0,0.0,False
1205,-3.249119324807624,-3.952558297673492e-08,1.2165014277853637e-08,False
1206,-3.249119324807624,0.0,-0.0,False
1207,3.7030930140149962,4.5917163119489623e-08,1.239967857834199e-08,False
1209,3.7030930140149962,4.591716348638364e-08,1.239967867741971e-08,False
1214,-3.249119324807624,-3.952558297673492e-08,1.2165014277853637e-08,False
1218,3.7030930140149962,3.2397877217787974e-08,8.748869416774734e-09,False
1225,-3.249119324807624,-3.952558297673492e-08,1.2165014277853637e-08,False
1226,-3.249119324807624,0.0,-0.0,False
1237,-3.249119324807624,5.340178695426023e-08,-1.6435772778958212e-08,False
1239,3.7030930140149962,5.340178695426023e-08,1.4420860278732381e-08,False
1240,3.7030930140149962,8.293487865213e-08,2.2396110045912593e-08,False
1241,3.7030930140149962,0.0,0.0,False
1242,3.7030930140149962,0.0,0.0,False
1243,3.7030930140149962,0.0,0.0,False
1249,-3.249119324807624,-3.952558297673492e-08,1.2165014277853637e-08,False
1250,-3.249119324807624,0.0,-0.0,False
1254,3.7030930140149962,8.293487865213e-08,2.2396110045912593e-08,False
1255,3.7030930140149962,0.0,0.0,False
1260,-3.249119324807624,-3.952558297673492e-08,1.2165014277853637e-08,False
1261,-3.249119324807624,0.0,-0.0,False
1263,3.7030930140149962,7.30033799991453e-08,1.9714163193538855e-08,False
1264,3.7030930140149962,0.0,0.0,False
1265,3.7030930140149962,0.0,0.0,False
1271,-3.249119324807624,-3.952558297673492e-08,1.2165014277853637e-08,False
1272,-3.249119324807624,0.0,-0.0,False
1274,3.7030930140149962,5.340178756228081e-08,1.442086044292501e-08,False
1277,-3.249119324807624,5.340178756228081e-08,-1.6435772966092175e-08,False
1278,3.7030930140149962,8.293487925928322e-08,2.2396110209870997e-08,False
1279,3.7030930140149962,0.0,0.0,False
1280,3.7030930140149962,0.0,0.0,False
1297,-3.249119324807624,-3.952558297673492e-08,1.2165014277853637e-08,False
1298,-3.249119324807624,0.0,-0.0,False
1303,3.7030930140149962,8.293487865213e-08,2.2396110045912593e-08,False
1304,3.7030930140149962,-5.908922040033515e-08,-1.5956720551361193e-08,False
1308,-3.249119324807624,-5.908922040033515e-08,1.818622663353053e-08,False
1312,3.7030930140149962,8.293487865213e-08,2.2396110045912593e-08,False
1313,3.7030930140149962,0.0,0.0,False
1319,-3.249119324807624,-3.952558297673492e-08,1.2165014277853637e-08,False
1320,3.7030930140149962,2.1692748924419247e-08,5.858008114384188e-09,False
1324,-3.249119324807624,-2.161767714923407e-08,6.653395886134168e-09,False
1325,-3.249119324807624,8.293487865213e-08,-2.5525340980525688e-08,False
1326,3.7030930140149962,8.293487865213e-08,2.2396110045912593e-08,False
1327,3.7030930140149962,0.0,0.0,False
1331,-3.249119324807624,-3.952558297673492e-08,1.2165014277853637e-08,False
1332,-3.249119324807624,1.7812356830834708e-08,-5.482210731638596e-09,False
1333,-3.249119324807624,-1.7750714236160203e-08,5.463238638430492e-09,False
1339,-3.249119324807624,5.340178695426023e-08,-1.6435772778958212e-08,False
1340,3.7030930140149962,5.340178756228081e-08,1.442086044292501e-08,False
1349,-3.249119324807624,5.340178756228081e-08,-1.6435772966092175e-08,False
1351,3.7030930140149962,8.293487865213e-08,2.2396110045912593e-08,False
1353,3.7030930140149962,-3.5455980954175736e-08,-9.574693592622827e-09,False
1354,-3.249119324807624,-5.948189100296597e-08,1.8307081106197235e-08,False
1355,-3.249119324807624,0.0,-0.0,False
1356,-3.249119324807624,0.0,-0.0,False
1357,-3.249119324807624,0.0,-0.0,False
1358,-3.249119324807624,0.0,-0.0,False
1359,-3.249119324807624,0.0,-0.0,False
1361,3.7030930140149962,8.293487865213e-08,2.2396110045912593e-08,False
1362,3.7030930140149962,0.0,0.0,False
1378,-3.249119324807624,-3.952558297673492e-08,1.2165014277853637e-08,False
1379,-3.249119324807624,0.0,-0.0,False
1380,-3.249119324807624,0.0,-0.0,False
1381,-3.249119324807624,0.0,-0.0,False
1385,3.7030930140149962,8.293487865213e-08,2.2396110045912593e-08,False
1386,3.7030930140149962,0.0,0.0,False
1393,-3.249119324807624,-3.952558297673492e-08,1.2165014277853637e-08,False
1394,-3.249119324807624,0.0,-0.0,False
1395,-3.249119324807624,8.293487865213e-08,-2.5525340980525688e-08,False
1396,3.7030930140149962,5.340178695426023e-08,1.4420860278732381e-08,False
1398,3.7030930140149962,8.293487926015058e-08,2.2396110210105225e-08,False
1399,3.7030930140149962,0.0,0.0,False
1403,-3.249119324807624,-3.952558297673492e-08,1.2165014277853637e-08,False
1404,-3.249119324807624,0.0,-0.0,False
1405,-3.249119324807624,0.0,-0.0,False
1406,-3.249119324807624,8.293487865213e-08,-2.5525340980525688e-08,False
1407,3.7030930140149962,5.340178695426023e-08,1.4420860278732381e-08,False
1408,3.7030930140149962,8.293487865213e-08,2.2396110045912593e-08,False
1409,3.7030930140149962,0.0,0.0,False
1412,-3.249119324807624,-3.952558297673492e-08,1.2165014277853637e-08,False
1413,3.7030930140149962,9.263695692138252e-08,2.5016103179364365e-08,False
1419,-3.249119324807624,-3.952558297673492e-08,1.2165014277853637e-08,False
1420,-3.249119324807624,0.0,-0.0,False
1422,3.7030930140149962,8.293487865213e-08,2.2396110045912593e-08,False
1423,3.7030930140149962,0.0,0.0,False
1424,-3.249119324807624,-8.317773429310921e-08,2.5600086047327316e-08,False
1425,-3.249119324807624,0.0,-0.0,False
1426,-3.249119324807624,0.0,-0.0,False
1427,-3.249119324807624,0.0,-0.0,False
1428,-3.249119324807624,0.0,-0.0,False
1433,3.7030930140149962,8.293487865213e-08,2.2396110045912593e-08,False
1434,3.7030930140149962,-5.633608529762718e-08,-1.521325148582915e-08,False
1435,-3.249119324807624,-5.633608529762718e-08,1.73388785285572e-08,False
1436,-3.249119324807624,0.0,-0.0,False
1437,-3.249119324807624,0.0,-0.0,False
1438,-3.249119324807624,0.0,-0.0,False
1439,-3.249119324807624,0.0,-0.0,False
1440,-3.249119324807624,0.0,-0.0,False
1441,-3.249119324807624,0.0,-0.0,False
1442,-3.249119324807624,0.0,-0.0,False
1443,-3.249119324807624,0.0,-0.0,False
1444,-3.249119324807624,0.0,-0.0,False
1445,-3.249119324807624,0.0,-0.0,False
1447,-3.249119324807624,9.950979189959908e-11,-3.062669663740063e-11,False
1448,-3.249119324807624,-2.8655021632427446e-08,8.819319565656171e-09,False
1454,-3.249119324807624,-2.8689114610867816e-08,8.829812556227511e-09,False
1455,-3.249119324807624,-3.568174488516318e-10,1.0981974288456103e-10,False
1457,-3.249119324807624,5.340178695426023e-08,-1.6435772778958212e-08,False
1458,3.7030930140149962,8.293487865213e-08,2.2396110045912593e-08,False
1459,-3.249119324807624,-1.1803278856473837e-07,3.632762504705084e-08,False
1460,-3.249119324807624,0.0,-0.0,False
1461,-3.249119324807624,0.0,-0.0,False
1462,-3.249119324807624,0.0,-0.0,False
1463,-3.249119324807624,0.0,-0.0,False
1464,-3.249119324807624,0.0,-0.0,False
1466,-3.249119324807624,-2.860165368261114e-08,8.802894207126297e-09,False
1467,-3.249119324807624,0.0,-0.0,False
1468,-3.249119324807624,0.0,-0.0,False
1469,-3.249119324807624,8.293487865213e-08,-2.5525340980525688e-08,False
1470,3.7030930140149962,8.293487865213e-08,2.2396110045912593e-08,False
1472,3.7030930140149962,-2.8224943299237637e-08,-7.621991452122714e-09,False
1473,-3.249119324807624,-5.5894779222610824e-08,1.7203055238951644e-08,False
1474,-3.249119324807624,0.0,-0.0,False
1475,-3.249119324807624,0.0,-0.0,False
1478,-3.249119324807624,-2.8928246279327774e-08,8.903411474751108e-09,False
1479,-3.249119324807624,0.0,-0.0,False
1480,-3.249119324807624,8.293487865213e-08,-2.5525340980525688e-08,False
1481,3.7030930140149962,8.293487865213e-08,2.2396110045912593e-08,False
1482,3.7030930140149962,0.0,0.0,False
1485,-3.249119324807624,-3.952558297673492e-08,1.2165014277853637e-08,False
1486,-3.249119324807624,0.0,-0.0,False
1488,-3.249119324807624,6.207896609961017e-11,-1.910639773234114e-11,False
1489,-3.249119324807624,-1.7876372484723624e-08,5.5019131948261266e-09,False
1490,-3.249119324807624,0.0,-0.0,False
1491,-3.249119324807624,0.0,-0.0,False
1493,-3.249119324807624,5.340178695426023e-08,-1.6435772778958212e-08,False
1494,3.7030930140149962,8.293487865213e-08,2.2396110045912593e-08,False
1495,3.7030930140149962,0.0,0.0,False
1498,-3.249119324807624,-3.952558297673492e-08,1.2165014277853637e-08,False
1499,-3.249119324807624,0.0,-0.0,False
1500,-3.249119324807624,0.0,-0.0,False
1501,-3.249119324807624,0.0,-0.0,False
1502,-3.249119324807624,0.0,-0.0,False
1503,-3.249119324807624,0.0,-0.0,False
1504,-3.249119324807624,6.164665935799035e-08,-1.8973344218941656e-08,False
1505,3.7030930140149962,6.164665935799035e-08,1.6647342944041076e-08,False
1511,-3.249119324807624,-3.952558297673492e-08,1.2165014277853637e-08,False
1513,-3.249119324807624,5.113651516119866e-11,-1.5738577149433064e-11,False
1514,-3.249119324807624,-1.4725364538836772e-08,4.532109493919138e-09,False
1515,-3.249119324807624,0.0,-0.0,False
1519,3.7030930140149962,7.866686555640934e-11,2.124355646987018e-11,False
1520,-3.249119324807624,-2.2653054514674975e-08,6.9720598876485494e-09,False
1521,-3.249119324807624,0.0,-0.0,False
1522,-3.249119324807624,0.0,-0.0,False
1523,-3.249119324807624,0.0,-0.0,False
1528,-3.249119324807624,5.340178695426023e-08,-1.6435772778958212e-08,False
1530,3.7030930140149962,8.293487865213e-08,2.2396110045912593e-08,False
1535,3.7030930140149962,-3.2893236487016586e-08,-8.88263847614047e-09,False
1536,-3.249119324807624,-4.9894209696102476e-08,1.5356225705578433e-08,False
1537,-3.249119324807624,0.0,-0.0,False
1539,-3.249119324807624,-1.7260866794904794e-08,5.3124754954719265e-09,False
1540,-3.249119324807624,0.0,-0.0,False
1541,-3.249119324807624,0.0,-0.0,False
1542,-3.249119324807624,0.0,-0.0,False
1543,-3.249119324807624,0.0,-0.0,False
1544,-3.249119324807624,0.0,-0.0,False
1545,-3.249119324807624,0.0,-0.0,False
1546,-3.249119324807624,0.0,-0.0,False
1547,-3.249119324807624,0.0,-0.0,False
1548,-3.249119324807624,0.0,-0.0,False
1549,-3.249119324807624,0.0,-0.0,False
1550,-3.249119324807624,0.0,-0.0,False
1551,-3.249119324807624,0.0,-0.0,False
1553,-3.249119324807624,5.340178695426023e-08,-1.6435772778958212e-08,False
1556,3.7030930140149962,5.340178756228081e-08,1.442086044292501e-08,False
1565,-3.249119324807624,5.340178756228081e-08,-1.6435772966092175e-08,False
1566,3.7030930140149962,8.293487925928322e-08,2.2396110209870997e-08,False
1567,3.7030930140149962,0.0,0.0,False
1568,-3.249119324807624,-4.374019324775852e-08,1.3462168937223724e-08,False
1569,-3.249119324807624,-4.374019324775852e-08,1.3462168937223724e-08,False
1570,-3.249119324807624,0.0,-0.0,False
1571,-3.249119324807624,0.0,-0.0,False
1572,-3.249119324807624,0.0,-0.0,False
1574,-3.249119324807624,-1.8017867167013923e-08,5.545461820821473e-09,False
1575,-3.249119324807624,0.0,-0.0,False
1576,-3.249119324807624,0.0,-0.0,False
1577,-3.249119324807624,0.0,-0.0,False
1579,-3.249119324807624,6.790537316475609e-11,-2.0899624290892017e-11,False
1580,-3.249119324807624,-1.955415534875271e-08,6.018294003379049e-09,False
1581,-3.249119324807624,0.0,-0.0,False
1582,-3.249119324807624,0.0,-0.0,False
1583,-3.249119324807624,0.0,-0.0,False
1584,-3.249119324807624,0.0,-0.0,False
1585,-3.249119324807624,0.0,-0.0,False
1586,-3.249119324807624,0.0,-0.0,False
1587,-3.249119324807624,0.0,-0.0,False
1588,-3.249119324807624,0.0,-0.0,False
1589,-3.249119324807624,0.0,-0.0,False
1590,3.7030930140149962,1.6510890505586767e-07,4.458675610658022e-08,False
1591,-3.249119324807624,-4.6843040882836584e-08,1.4417150064382476e-08,False
1592,-3.249119324807624,-4.6843040882836584e-08,1.4417150064382476e-08,False
1593,-3.249119324807624,0.0,-0.0,False
1594,-3.249119324807624,0.0,-0.0,False
1595,-3.249119324807624,0.0,-0.0,False
1596,-3.249119324807624,0.0,-0.0,False
1597,-3.249119324807624,0.0,-0.0,False
1602,3.7030930140149962,5.59783690443072e-08,1.5116652169537026e-08,False
1606,-3.249119324807624,-3.952558297673492e-08,1.2165014277853637e-08,False
1607,3.7030930140149962,1.531322659214379e-08,4.135253026102298e-09,False
1608,-3.249119324807624,-1.5260232649576266e-08,4.696728905294915e-09,False
1609,-3.249119324807624,0.0,-0.0,False
1610,-3.249119324807624,0.0,-0.0,False
1613,-3.249119324807624,5.340178695426023e-08,-1.6435772778958212e-08,False
1614,3.7030930140149962,8.293487865213e-08,2.2396110045912593e-08,False
1615,3.7030930140149962,0.0,0.0,False
1617,-3.249119324807624,-3.952558297673492e-08,1.2165014277853637e-08,False
1618,-3.249119324807624,0.0,-0.0,False
1619,-3.249119324807624,0.0,-0.0,False
1620,-3.249119324807624,0.0,-0.0,False
1621,-3.249119324807624,0.0,-0.0,False
1622,-3.249119324807624,0.0,-0.0,False
1624,-3.249119324807624,5.340178695426023e-08,-1.6435772778958212e-08,False
1625,3.7030930140149962,8.293487865213e-08,2.2396110045912593e-08,False
1626,3.7030930140149962,0.0,0.0,False
1632,-3.249119324807624,-3.952558297673492e-08,1.2165014277853637e-08,False
1633,3.7030930140149962,1.0397814529869431e-07,2.807872902602528e-08,False
1634,-3.249119324807624,-8.711446697080155e-08,2.6811716733721215e-08,False
1637,3.7030930140149962,8.293487865213e-08,2.2396110045912593e-08,False
1638,3.7030930140149962,0.0,0.0,False
1643,-3.249119324807624,-3.952558297673492e-08,1.2165014277853637e-08,False
1644,-3.249119324807624,0.0,-0.0,False
1645,-3.249119324807624,0.0,-0.0,False
1646,-3.249119324807624,8.293487865213e-08,-2.5525340980525688e-08,False
1648,3.7030930140149962,8.293487865213e-08,2.2396110045912593e-08,False
1649,3.7030930140149962,0.0,0.0,False
1650,3.7030930140149962,0.0,0.0,False
1657,-3.249119324807624,-3.952558297673492e-08,1.2165014277853637e-08,False
1659,3.7030930140149962,2.3746903415021448e-08,6.412721291403479e-09,False
1660,3.7030930140149962,4.0021263513281835e-08,1.080752316018378e-08,False
1661,3.7030930140149962,0.0,0.0,False
1662,3.7030930140149962,0.0,0.0,False
1663,3.7030930140149962,0.0,0.0,False
1668,-3.249119324807624,-3.952558297673492e-08,1.2165014277853637e-08,False
1669,-3.249119324807624,0.0,-0.0,False
1680,-3.249119324807624,5.340178695426023e-08,-1.6435772778958212e-08,False
1686,3.7030930140149962,8.293487865213e-08,2.2396110045912593e-08,False
1687,3.7030930140149962,0.0,0.0,False
1688,3.7030930140149962,0.0,0.0,False
1689,-3.249119324807624,-4.249597485017631e-08,1.3079228739219185e-08,False
1690,-3.249119324807624,-4.249597485017631e-08,1.3079228739219185e-08,False
1691,3.7030930140149962,2.348057301718165e-08,6.340800225194279e-09,False
1692,-3.249119324807624,-2.3399314626540435e-08,7.201740621799378e-09,False
1695,-3.249119324807624,5.340178695426023e-08,-1.6435772778958212e-08,False
1696,3.7030930140149962,8.293487865213e-08,2.2396110045912593e-08,False
1697,3.7030930140149962,0.0,0.0,False
1706,-3.249119324807624,-3.952558297673492e-08,1.2165014277853637e-08,False
1707,3.7030930140149962,1.1648583578445504e-07,3.145636238236367e-08,False
1715,-3.249119324807624,-3.952558297673492e-08,1.2165014277853637e-08,False
1716,-3.249119324807624,0.0,-0.0,False
1717,-3.249119324807624,0.0,-0.0,False
1720,3.7030930140149962,8.293487865213e-08,2.2396110045912593e-08,False
1723,-3.249119324807624,-4.8528136185714554e-08,1.4935781463978038e-08,False
1724,-3.249119324807624,0.0,-0.0,False
1725,-3.249119324807624,8.293487865213e-08,-2.5525340980525688e-08,False
1731,3.7030930140149962,5.340178756228081e-08,1.442086044292501e-08,False
1733,-3.249119324807624,5.340178756228081e-08,-1.6435772966092175e-08,False
1735,3.7030930140149962,5.340178756228081e-08,1.442086044292501e-08,False
1736,-3.249119324807624,5.3401786955127595e-08,-1.6435772779225163e-08,False
1737,3.7030930140149962,5.340178756228081e-08,1.442086044292501e-08,False
1738,3.7030930140149962,8.293487865213e-08,2.2396110045912593e-08,False
1739,-3.249119324807624,-1.15384847960108e-07,3.551265325318262e-08,False
1740,-3.249119324807624,0.0,-0.0,False
1741,-3.249119324807624,0.0,-0.0,False
1742,-3.249119324807624,8.293487865213e-08,-2.5525340980525688e-08,False
1743,3.7030930140149962,5.340178756228081e-08,1.442086044292501e-08,False
1744,-3.249119324807624,5.3401786955127595e-08,-1.6435772779225163e-08,False
1745,3.7030930140149962,8.293487925928322e-08,2.2396110209870997e-08,False
1746,3.7030930140149962,0.0,0.0,False
1751,-3.249119324807624,-3.952558297673492e-08,1.2165014277853637e-08,False
1752,-3.249119324807624,0.0,-0.0,False
1753,-3.249119324807624,0.0,-0.0,False
1754,-3.249119324807624,0.0,-0.0,False
1755,-3.249119324807624,0.0,-0.0,False
1756,-3.249119324807624,0.0,-0.0,False
1757,-3.249119324807624,3.5281794061835237e-08,-1.085887914071122e-08,False
1759,3.7030930140149962,3.5281794061835237e-08,9.527655375737304e-09,False
1760,-3.249119324807624,-6.684052151519071e-08,2.0571888820718593e-08,False
1761,-3.249119324807624,0.0,-0.0,False
1762,-3.249119324807624,2.047037845308297e-08,-6.300285217839758e-09,False
1763,-3.249119324807624,-2.039953733712352e-08,6.278482043232237e-09,False
1764,-3.249119324807624,0.0,-0.0,False
1765,-3.249119324807624,0.0,-0.0,False
1766,-3.249119324807624,0.0,-0.0,False
1767,-3.249119324807624,0.0,-0.0,False
1770,3.7030930140149962,6.407148755299685e-08,1.7302154526096757e-08,False
1772,-3.249119324807624,-3.952558297673492e-08,1.2165014277853637e-08,False
1773,-3.249119324807624,0.0,-0.0,False
1774,-3.249119324807624,0.0,-0.0,False
1775,-3.249119324807624,0.0,-0.0,False
1776,-3.249119324807624,0.0,-0.0,False
1777,-3.249119324807624,0.0,-0.0,False
1778,-3.249119324807624,0.0,-0.0,False
1779,-3.249119324807624,0.0,-0.0,False
1780,-3.249119324807624,0.0,-0.0,False
1781,-3.249119324807624,8.293487865213e-08,-2.5525340980525688e-08,False
1782,3.7030930140149962,8.293487865213e-08,2.2396110045912593e-08,False
1783,3.7030930140149962,0.0,0.0,False
1789,-3.249119324807624,-3.952558297673492e-08,1.2165014277853637e-08,False
1790,-3.249119324807624,0.0,-0.0,False
1791,-3.249119324807624,0.0,-0.0,False
1793,3.7030930140149962,6.407148755299685e-08,1.7302154526096757e-08,False
1798,-3.249119324807624,-3.952558297673492e-08,1.2165014277853637e-08,False
1799,3.7030930140149962,1.0686541495989743e-07,2.8858420394909548e-08,False
1803,-3.249119324807624,-3.952558297673492e-08,1.2165014277853637e-08,False
1804,-3.249119324807624,0.0,-0.0,False
1812,3.7030930140149962,8.293487865213e-08,2.2396110045912593e-08,False
1813,-3.249119324807624,-1.0972546892785984e-07,3.377083386568344e-08,False
1814,-3.249119324807624,8.293487865213e-08,-2.5525340980525688e-08,False
1815,3.7030930140149962,5.340178756228081e-08,1.442086044292501e-08,False
1816,-3.249119324807624,5.3401786955127595e-08,-1.6435772779225163e-08,False
1817,3.7030930140149962,8.293487925928322e-08,2.2396110209870997e-08,False
1818,3.7030930140149962,0.0,0.0,False
1819,3.7030930140149962,0.0,0.0,False
1823,-3.249119324807624,-3.952558297673492e-08,1.2165014277853637e-08,False
1824,-3.249119324807624,0.0,-0.0,False
1829,-3.249119324807624,5.340178695426023e-08,-1.6435772778958212e-08,False
1830,3.7030930140149962,8.293487865213e-08,2.2396110045912593e-08,False
1831,3.7030930140149962,0.0,0.0,False
1835,-3.249119324807624,-3.952558297673492e-08,1.2165014277853637e-08,False
1836,-3.249119324807624,0.0,-0.0,False
1837,-3.249119324807624,0.0,-0.0,False
1838,-3.249119324807624,0.0,-0.0,False
1840,-3.249119324807624,5.340178695426023e-08,-1.6435772778958212e-08,False
1841,3.7030930140149962,8.293487865213e-08,2.2396110045912593e-08,False
1842,3.7030930140149962,0.0,0.0,False
1856,-3.249119324807624,-3.952558297673492e-08,1.2165014277853637e-08,False
1857,-3.249119324807624,0.0,-0.0,False
1858,-3.249119324807624,0.0,-0.0,False
1861,-3.249119324807624,-1.4162118166551052e-08,4.358755943009132e-09,False
1862,-3.249119324807624,2.960093290274579e-09,-9.110448076417883e-10,False
1863,-3.249119324807624,-2.949849400336879e-09,9.07891987165333e-10,False
1864,-3.249119324807624,0.0,-0.0,False
1865,3.7030930140149962,6.547594137793628e-08,1.7681419594412358e-08,False
1879,-3.249119324807624,-3.952558297673492e-08,1.2165014277853637e-08,False
1880,3.7030930140149962,1.1030686654974614e-07,2.9787765560376345e-08,False
1885,-3.249119324807624,-3.952558297673492e-08,1.2165014277853637e-08,False
1886,-3.249119324807624,0.0,-0.0,False
1889,3.7030930140149962,8.293487865213e-08,2.2396110045912593e-08,False
1892,-3.249119324807624,-4.706667411629589e-08,1.4485978941103569e-08,False
1893,3.7030930140149962,1.020692840135104e-07,2.756325148388429e-08,False
1894,-3.249119324807624,-2.926387885314463e-08,9.00671102772666e-09,False
1900,-3.249119324807624,5.340178695426023e-08,-1.6435772778958212e-08,False
1902,3.7030930140149962,8.293487865213e-08,2.2396110045912593e-08,False
1903,3.7030930140149962,0.0,0.0,False
1905,-3.249119324807624,-3.952558297673492e-08,1.2165014277853637e-08,False
1907,-3.249119324807624,-1.8806986040557916e-08,5.788333440684408e-09,False
1908,-3.249119324807624,0.0,-0.0,False
1909,-3.249119324807624,0.0,-0.0,False
1913,3.7030930140149962,8.293487865213e-08,2.2396110045912593e-08,False
1914,3.7030930140149962,0.0,0.0,False
1915,-3.249119324807624,-7.876597730473167e-08,2.4242254417478278e-08,False
1916,-3.249119324807624,0.0,-0.0,False
1917,-3.249119324807624,0.0,-0.0,False
1918,-3.249119324807624,0.0,-0.0,False
1919,-3.249119324807624,0.0,-0.0,False
1920,-3.249119324807624,0.0,-0.0,False
1921,-3.249119324807624,0.0,-0.0,False
1922,-3.249119324807624,0.0,-0.0,False
1923,-3.249119324807624,0.0,-0.0,False
1925,-3.249119324807624,4.7559497733280776e-08,-1.4637658078653885e-08,False
1937,3.7030930140149962,7.407462120859881e-08,2.0003446018841706e-08,False
1938,3.7030930140149962,0.0,0.0,False
1943,-3.249119324807624,-3.952558297673492e-08,1.2165014277853637e-08,False
1944,-3.249119324807624,0.0,-0.0,False
1945,-3.249119324807624,0.0,-0.0,False
1946,-3.249119324807624,0.0,-0.0,False
1947,-3.249119324807624,0.0,-0.0,False
1949,-3.249119324807624,5.340178695426023e-08,-1.6435772778958212e-08,False
1950,3.7030930140149962,8.293487865213e-08,2.2396110045912593e-08,False
1951,-3.249119324807624,-5.787075146781312e-08,1.7811211495361e-08,False
1952,-3.249119324807624,-5.787075146781312e-08,1.7811211495361e-08,False
1953,-3.249119324807624,0.0,-0.0,False
1954,-3.249119324807624,0.0,-0.0,False
1957,-3.249119324807624,-2.943066264391586e-08,9.058043026984984e-09,False
1961,-3.249119324807624,5.340178695426023e-08,-1.6435772778958212e-08,False
1962,3.7030930140149962,8.293487865213e-08,2.2396110045912593e-08,False
1963,-3.249119324807624,-8.928240338712534e-08,2.7478954898774493e-08,False
1964,-3.249119324807624,0.0,-0.0,False
1965,-3.249119324807624,0.0,-0.0,False
1966,-3.249119324807624,0.0,-0.0,False
1983,-3.249119324807624,-2.1557047193317136e-08,6.634735458536445e-09,False
1984,-3.249119324807624,0.0,-0.0,False
1985,-3.249119324807624,0.0,-0.0,False
1986,3.7030930140149962,1.2076830324843357e-07,3.261281928143987e-08,False
1989,-3.249119324807624,-3.952558297673492e-08,1.2165014277853637e-08,False
1990,-3.249119324807624,0.0,-0.0,False
1991,-3.249119324807624,1.7656662516622734e-08,-5.434291803877705e-09,False
1992,-3.249119324807624,-1.759555872792723e-08,5.415485542061167e-09,False
1993,-3.249119324807624,0.0,-0.0,False
1994,-3.249119324807624,0.0,-0.0,False
1995,-3.249119324807624,0.0,-0.0,False
1997,3.7030930140149962,8.293487865213e-08,2.2396110045912593e-08,False
1998,3.7030930140149962,0.0,0.0,False
2003,-3.249119324807624,-3.952558297673492e-08,1.2165014277853637e-08,False
2004,-3.249119324807624,0.0,-0.0,False
2005,-3.249119324807624,5.9029638880062074e-08,-1.8167888888955204e-08,False
2006,3.7030930140149962,5.9029638880062074e-08,1.5940630887923742e-08,False
2019,-3.249119324807624,-3.952558297673492e-08,1.2165014277853637e-08,False
2020,3.7030930140149962,5.8878187172983765e-08,1.5899732183379967e-08,False
2021,3.7030930140149962,5.8878187172983765e-08,1.5899732183379967e-08,False
2022,3.7030930140149962,0.0,0.0,False
2023,-3.249119324807624,-1.630059463277045e-08,5.016927051066548e-09,False
2024,3.7030930140149962,1.6357201422338707e-08,4.417172714925617e-09,False
2026,-3.249119324807624,-3.952558297673492e-08,1.2165014277853637e-08,False
2027,-3.249119324807624,0.0,-0.0,False
2028,-3.249119324807624,0.0,-0.0,False
2033,-3.249119324807624,5.340178695426023e-08,-1.6435772778958212e-08,False
2034,3.7030930140149962,8.293487865213e-08,2.2396110045912593e-08,False
2035,3.7030930140149962,0.0,0.0,False
2051,-3.249119324807624,-3.952558297673492e-08,1.2165014277853637e-08,False
2052,-3.249119324807624,0.0,-0.0,False
2055,-3.249119324807624,5.340178695426023e-08,-1.6435772778958212e-08,False
2056,3.7030930140149962,8.293487865213e-08,2.2396110045912593e-08,False
2057,3.7030930140149962,0.0,0.0,False
2068,-3.249119324807624,-3.952558297673492e-08,1.2165014277853637e-08,False
2069,3.7030930140149962,5.8878187172983765e-08,1.5899732183379967e-08,False
2070,3.7030930140149962,5.8878187172983765e-08,1.5899732183379967e-08,False
2077,-3.249119324807624,-3.952558297673492e-08,1.2165014277853637e-08,False
2078,-3.249119324807624,0.0,-0.0,False
2081,-3.249119324807624,5.340178695426023e-08,-1.6435772778958212e-08,False
2085,3.7030930140149962,5.340178756228081e-08,1.442086044292501e-08,False
2086,-3.249119324807624,5.3401786955127595e-08,-1.6435772779225163e-08,False
2087,3.7030930140149962,5.340178756228081e-08,1.442086044292501e-08,False
2093,3.7030930140149962,8.293487926015058e-08,2.2396110210105225e-08,False
2094,3.7030930140149962,0.0,0.0,False
2101,-3.249119324807624,-3.952558297673492e-08,1.2165014277853637e-08,False
2102,-3.249119324807624,0.0,-0.0,False
2105,3.7030930140149962,8.293487865213e-08,2.2396110045912593e-08,False
2106,3.7030930140149962,-5.6817463945507685e-08,-1.5343245154921078e-08,False
2107,-3.249119324807624,-5.6817463945507685e-08,1.7487035182640382e-08,False
2108,-3.249119324807624,0.0,-0.0,False
2109,-3.249119324807624,0.0,-0.0,False
2110,-3.249119324807624,0.0,-0.0,False
2111,-3.249119324807624,0.0,-0.0,False
2114,-3.249119324807624,-2.9296984131212123e-08,9.01690002811662e-09,False
2116,-3.249119324807624,5.340178695426023e-08,-1.6435772778958212e-08,False
2117,3.7030930140149962,8.293487865213e-08,2.2396110045912593e-08,False
2118,3.7030930140149962,0.0,0.0,False
2123,-3.249119324807624,-3.952558297673492e-08,1.2165014277853637e-08,False
2124,-3.249119324807624,0.0,-0.0,False
2125,-3.249119324807624,0.0,-0.0,False
2127,-3.249119324807624,5.340178695426023e-08,-1.6435772778958212e-08,False
2128,3.7030930140149962,8.293487865213e-08,2.2396110045912593e-08,False
2129,3.7030930140149962,0.0,0.0,False
2136,-3.249119324807624,-3.952558297673492e-08,1.2165014277853637e-08,False
2137,-3.249119324807624,0.0,-0.0,False
2138,-3.249119324807624,0.0,-0.0,False
2141,3.7030930140149962,8.293487865213e-08,2.2396110045912593e-08,False
2142,3.7030930140149962,0.0,0.0,False
2147,-3.249119324807624,-3.952558297673492e-08,1.2165014277853637e-08,False
2148,-3.249119324807624,0.0,-0.0,False
2149,-3.249119324807624,0.0,-0.0,False
2150,-3.249119324807624,0.0,-0.0,False
2151,-3.249119324807624,0.0,-0.0,False
2152,-3.249119324807624,0.0,-0.0,False
2153,3.7030930140149962,1.2789020847024657e-07,3.4536050805697814e-08,False
2157,-3.249119324807624,-3.952558297673492e-08,1.2165014277853637e-08,False
2158,-3.249119324807624,1.3513915054705339e-08,-4.159254771446561e-09,False
2159,-3.249119324807624,-1.34671479254736e-08,4.144860985144327e-09,False
2160,-3.249119324807624,0.0,-0.0,False
2161,-3.249119324807624,0.0,-0.0,False
2162,-3.249119324807624,0.0,-0.0,False
2164,-3.249119324807624,5.340178695426023e-08,-1.6435772778958212e-08,False
2166,3.7030930140149962,8.293487865213e-08,2.2396110045912593e-08,False
2167,3.7030930140149962,0.0,0.0,False
2170,-3.249119324807624,-3.952558297673492e-08,1.2165014277853637e-08,False
2171,-3.249119324807624,0.0,-0.0,False
2172,-3.249119324807624,0.0,-0.0,False
2173,-3.249119324807624,0.0,-0.0,False
2174,-3.249119324807624,0.0,-0.0,False
2175,-3.249119324807624,0.0,-0.0,False
2176,-3.249119324807624,8.293487865213e-08,-2.5525340980525688e-08,False
2177,3.7030930140149962,8.293487865213e-08,2.2396110045912593e-08,False
2178,3.7030930140149962,0.0,0.0,False
2182,-3.249119324807624,-3.952558297673492e-08,1.2165014277853637e-08,False
2183,-3.249119324807624,0.0,-0.0,False
2184,-3.249119324807624,0.0,-0.0,False
2186,-3.249119324807624,-2.2890158244553982e-08,7.045034655939968e-09,False
2187,-3.249119324807624,2.7108996348938763e-08,-8.343490539715358e-09,False
2188,-3.249119324807624,-2.701518120144797e-08,8.314616516291688e-09,False
2190,-3.249119324807624,5.340178695426023e-08,-1.6435772778958212e-08,False
2191,3.7030930140149962,8.293487865213e-08,2.2396110045912593e-08,False
2192,3.7030930140149962,-5.9562812942254295e-08,-1.6084611625154572e-08,False
2193,-3.249119324807624,-5.9562812942254295e-08,1.8331986913340255e-08,False
2194,-3.249119324807624,0.0,-0.0,False
2195,-3.249119324807624,0.0,-0.0,False
2196,-3.249119324807624,0.0,-0.0,False
2197,-3.249119324807624,0.0,-0.0,False
2198,-3.249119324807624,0.0,-0.0,False
2200,-3.249119324807624,5.340178695426023e-08,-1.6435772778958212e-08,False
2201,3.7030930140149962,8.293487865213e-08,2.2396110045912593e-08,False
2202,3.7030930140149962,0.0,0.0,False
2220,-3.249119324807624,-3.952558297673492e-08,1.2165014277853637e-08,False
2221,-3.249119324807624,0.0,-0.0,False
2224,-3.249119324807624,5.340178695426023e-08,-1.6435772778958212e-08,False
2225,3.7030930140149962,8.293487865213e-08,2.2396110045912593e-08,False
2226,3.7030930140149962,0.0,0.0,False
2227,3.7030930140149962,0.0,0.0,False
2244,-3.249119324807624,-3.952558297673492e-08,1.2165014277853637e-08,False
2254,-3.249119324807624,-1.7558029859893187e-08,5.403935068138125e-09,False
2260,-3.249119324807624,5.340178695426023e-08,-1.6435772778958212e-08,False
2261,3.7030930140149962,8.293487865213e-08,2.2396110045912593e-08,False
2262,3.7030930140149962,0.0,0.0,False
2263,3.7030930140149962,0.0,0.0,False
2270,-3.249119324807624,-3.952558297673492e-08,1.2165014277853637e-08,False
2271,-3.249119324807624,0.0,-0.0,False
2273,3.7030930140149962,8.293487865213e-08,2.2396110045912593e-08,False
2274,3.7030930140149962,0.0,0.0,False
2278,-3.249119324807624,-3.952558297673492e-08,1.2165014277853637e-08,False
2279,-3.249119324807624,0.0,-0.0,False
2280,-3.249119324807624,0.0,-0.0,False
2281,-3.249119324807624,0.0,-0.0,False
2282,-3.249119324807624,0.0,-0.0,False
2283,-3.249119324807624,0.0,-0.0,False
2284,3.7030930140149962,4.88183659070468e-08,1.3183132511736878e-08,False
2285,3.7030930140149962,4.88183659070468e-08,1.3183132511736878e-08,False
2291,-3.249119324807624,-3.952558297673492e-08,1.2165014277853637e-08,False
2292,-3.249119324807624,0.0,-0.0,False
2296,3.7030930140149962,8.293487865213e-08,2.2396110045912593e-08,False
2298,3.7030930140149962,2.8721987636350088e-08,7.756215554847462e-09,False
2299,3.7030930140149962,0.0,0.0,False
2300,3.7030930140149962,0.0,0.0,False
2301,-3.249119324807624,-7.91803327305704e-08,2.4369782951956853e-08,False
2302,3.7030930140149962,1.9352387943885607e-08,5.226006441275751e-09,False
2303,-3.249119324807624,-1.9285415817256457e-08,5.935582503852277e-09,False
2304,-3.249119324807624,0.0,-0.0,False
2305,-3.249119324807624,0.0,-0.0,False
2309,3.7030930140149962,8.293487865213e-08,2.2396110045912593e-08,False
2310,3.7030930140149962,0.0,0.0,False
2315,-3.249119324807624,-3.952558297673492e-08,1.2165014277853637e-08,False
2316,-3.249119324807624,0.0,-0.0,False
2317,-3.249119324807624,8.293487865213e-08,-2.5525340980525688e-08,False
2320,3.7030930140149962,8.293487865213e-08,2.2396110045912593e-08,False
2321,3.7030930140149962,0.0,0.0,False
2327,-3.249119324807624,-3.952558297673492e-08,1.2165014277853637e-08,False
2328,-3.249119324807624,0.0,-0.0,False
2341,3.7030930140149962,8.293487865213e-08,2.2396110045912593e-08,False
2342,3.7030930140149962,0.0,0.0,False
2343,3.7030930140149962,0.0,0.0,False
2344,3.7030930140149962,0.0,0.0,False
2346,3.7030930140149962,1.6738243181248225e-08,4.5200709563328406e-09,False
2347,3.7030930140149962,0.0,0.0,False
2348,3.7030930140149962,0.0,0.0,False
2355,-3.249119324807624,-3.952558297673492e-08,1.2165014277853637e-08,False
2357,3.7030930140149962,2.7976254692203828e-08,7.554834454960448e-09,False
2362,-3.249119324807624,-3.952558297673492e-08,1.2165014277853637e-08,False
2363,-3.249119324807624,0.0,-0.0,False
2377,3.7030930140149962,8.293487865213e-08,2.2396110045912593e-08,False
2378,3.7030930140149962,0.0,0.0,False
2379,3.7030930140149962,0.0,0.0,False
2380,3.7030930140149962,0.0,0.0,False
2381,3.7030930140149962,0.0,0.0,False
2382,3.7030930140149962,0.0,0.0,False
2383,3.7030930140149962,0.0,0.0,False
2387,-3.249119324807624,-4.2412114801063105e-08,1.3053418653245143e-08,False
2388,-3.249119324807624,0.0,-0.0,False
2395,-3.249119324807624,5.340178695426023e-08,-1.6435772778958212e-08,False
2397,3.7030930140149962,5.340178756228081e-08,1.442086044292501e-08,False
2398,-3.249119324807624,5.3401786955127595e-08,-1.6435772779225163e-08,False
2403,3.7030930140149962,5.340178695426023e-08,1.4420860278732381e-08,False
2405,3.7030930140149962,8.293487926015058e-08,2.2396110210105225e-08,False
2406,3.7030930140149962,0.0,0.0,False
2409,-3.249119324807624,-3.952558297673492e-08,1.2165014277853637e-08,False
2410,-3.249119324807624,0.0,-0.0,False
2411,-3.249119324807624,0.0,-0.0,False
2412,-3.249119324807624,0.0,-0.0,False
2413,-3.249119324807624,0.0,-0.0,False
2414,-3.249119324807624,0.0,-0.0,False
2416,-3.249119324807624,5.340178695426023e-08,-1.6435772778958212e-08,False
2417,3.7030930140149962,8.293487865213e-08,2.2396110045912593e-08,False
2418,3.7030930140149962,0.0,0.0,False
2421,-3.249119324807624,-3.952558297673492e-08,1.2165014277853637e-08,False
2425,-3.249119324807624,-1.2902694371264012e-08,3.97113589296323e-09,False
2426,-3.249119324807624,0.0,-0.0,False
2427,-3.249119324807624,0.0,-0.0,False
2428,-3.249119324807624,0.0,-0.0,False
2429,3.7030930140149962,1.2789020847024657e-07,3.4536050805697814e-08,False
2435,-3.249119324807624,-3.952558297673492e-08,1.2165014277853637e-08,False
2436,-3.249119324807624,0.0,-0.0,False
2439,-3.249119324807624,5.340178695426023e-08,-1.6435772778958212e-08,False
2440,3.7030930140149962,8.293487865213e-08,2.2396110045912593e-08,False
2441,-3.249119324807624,-1.6327583369536713e-08,5.0252335286280836e-09,False
2442,3.7030930140149962,1.6384283882744932e-08,4.424486185125725e-09,False
2445,-3.249119324807624,-3.952558297673492e-08,1.2165014277853637e-08,False
2446,-3.249119324807624,0.0,-0.0,False
2447,-3.249119324807624,8.293487865213e-08,-2.5525340980525688e-08,False
2451,3.7030930140149962,5.340178756228081e-08,1.442086044292501e-08,False
2452,-3.249119324807624,5.3401786955127595e-08,-1.6435772779225163e-08,False
2458,3.7030930140149962,5.340178756228081e-08,1.442086044292501e-08,False
2460,-3.249119324807624,5.340178756228081e-08,-1.6435772966092175e-08,False
2461,3.7030930140149962,5.340178816943403e-08,1.4420860606883414e-08,False
2464,-3.249119324807624,5.340178756228081e-08,-1.6435772966092175e-08,False
2465,3.7030930140149962,8.293487925928322e-08,2.2396110209870997e-08,False
2466,3.7030930140149962,0.0,0.0,False
2472,-3.249119324807624,-3.952558297673492e-08,1.2165014277853637e-08,False
2473,-3.249119324807624,0.0,-0.0,False
2474,-3.249119324807624,0.0,-0.0,False
2476,-3.249119324807624,5.340178695426023e-08,-1.6435772778958212e-08,False
2477,3.7030930140149962,8.293487865213e-08,2.2396110045912593e-08,False
2478,3.7030930140149962,0.0,0.0,False
2481,-3.249119324807624,-3.952558297673492e-08,1.2165014277853637e-08,False
2482,-3.249119324807624,0.0,-0.0,False
2483,-3.249119324807624,0.0,-0.0,False
2484,-3.249119324807624,0.0,-0.0,False
2485,-3.249119324807624,0.0,-0.0,False
2486,-3.249119324807624,0.0,-0.0,False
2487,-3.249119324807624,8.240378177645086e-08,-2.5361882263689983e-08,False
2489,3.7030930140149962,8.293487865213e-08,2.2396110045912593e-08,False
2490,3.7030930140149962,0.0,0.0,False
2505,-3.249119324807624,-3.952558297673492e-08,1.2165014277853637e-08,False
2506,-3.249119324807624,0.0,-0.0,False
2507,-3.249119324807624,0.0,-0.0,False
2508,-3.249119324807624,0.0,-0.0,False
2509,-3.249119324807624,0.0,-0.0,False
2510,-3.249119324807624,0.0,-0.0,False
2511,-3.249119324807624,0.0,-0.0,False
2513,3.7030930140149962,8.293487865213e-08,2.2396110045912593e-08,False
2514,3.7030930140149962,0.0,0.0,False
2520,-3.249119324807624,-3.952558297673492e-08,1.2165014277853637e-08,False
2521,-3.249119324807624,0.0,-0.0,False
2522,-3.249119324807624,0.0,-0.0,False
2523,-3.249119324807624,0.0,-0.0,False
2524,3.7030930140149962,1.7228308677244564e-08,4.652410461212032e-09,False
2527,-3.249119324807624,-1.716868692439727e-08,5.284104770579272e-09,False
2528,-3.249119324807624,0.0,-0.0,False
2529,-3.249119324807624,0.0,-0.0,False
2530,-3.249119324807624,0.0,-0.0,False
2531,-3.249119324807624,0.0,-0.0,False
2532,-3.249119324807624,1.1595593798520432e-08,-3.568842088988834e-09,False
2537,3.7030930140149962,3.2164521497624055e-08,8.685852981788969e-09,False
2538,3.7030930140149962,5.159242770242517e-08,1.3932252716084825e-08,False
2544,-3.249119324807624,-3.952558297673492e-08,1.2165014277853637e-08,False
2545,-3.249119324807624,0.0,-0.0,False
2546,-3.249119324807624,0.0,-0.0,False
2547,-3.249119324807624,0.0,-0.0,False
2548,-3.249119324807624,0.0,-0.0,False
2549,-3.249119324807624,0.0,-0.0,False
2550,-3.249119324807624,0.0,-0.0,False
2551,-3.249119324807624,0.0,-0.0,False
2552,-3.249119324807624,0.0,-0.0,False
2553,-3.249119324807624,0.0,-0.0,False
2554,-3.249119324807624,0.0,-0.0,False
2562,3.7030930140149962,6.807982629638415e-08,1.838458446458792e-08,False
2563,3.7030930140149962,0.0,0.0,False
2567,-3.249119324807624,-3.952558297673492e-08,1.2165014277853637e-08,False
2568,-3.249119324807624,0.0,-0.0,False
2569,-3.249119324807624,0.0,-0.0,False
2570,-3.249119324807624,0.0,-0.0,False
2571,-3.249119324807624,0.0,-0.0,False
2572,3.7030930140149962,7.152282863447795e-08,1.931434840113047e-08,False
2573,3.7030930140149962,7.152282863447795e-08,1.931434840113047e-08,False
2574,3.7030930140149962,-2.5005646295782336e-08,-6.752637916775015e-09,False
2575,3.7030930140149962,2.5092482966448948e-08,6.7760876843984485e-09,False
2576,-3.249119324807624,-8.288621238927013e-08,2.55103626870268e-08,False
2577,-3.249119324807624,0.0,-0.0,False
2578,-3.249119324807624,0.0,-0.0,False
2579,-3.249119324807624,0.0,-0.0,False
2580,-3.249119324807624,0.0,-0.0,False
2581,-3.249119324807624,0.0,-0.0,False
2582,-3.249119324807624,0.0,-0.0,False
2583,-3.249119324807624,0.0,-0.0,False
2585,3.7030930140149962,8.293487865213e-08,2.2396110045912593e-08,False
2586,3.7030930140149962,0.0,0.0,False
2588,3.7030930140149962,-2.792606438716677e-08,-7.541280837795796e-09,False
2589,-3.249119324807624,-4.153348159754294e-08,1.2782996697113327e-08,False
2590,-3.249119324807624,0.0,-0.0,False
2591,-3.249119324807624,0.0,-0.0,False
2592,-3.249119324807624,0.0,-0.0,False
2593,-3.249119324807624,0.0,-0.0,False
2594,-3.249119324807624,0.0,-0.0,False
2595,-3.249119324807624,0.0,-0.0,False
2597,3.7030930140149962,8.293487865213e-08,2.2396110045912593e-08,False
2598,3.7030930140149962,0.0,0.0,False
2605,-3.249119324807624,-3.952558297673492e-08,1.2165014277853637e-08,False
2606,-3.249119324807624,0.0,-0.0,False
2607,-3.249119324807624,0.0,-0.0,False
2608,-3.249119324807624,1.328429023814831e-08,-4.0885818309965744e-09,False
2612,-3.249119324807624,-1.3238317764056873e-08,4.074432620242624e-09,False
2613,-3.249119324807624,0.0,-0.0,False
2614,-3.249119324807624,0.0,-0.0,False
2615,-3.249119324807624,0.0,-0.0,False
2616,-3.249119324807624,0.0,-0.0,False
2619,-3.249119324807624,-1.640472679659971e-08,5.048976401496431e-09,False
2620,3.7030930140149962,3.860202510159311e-08,1.042426559513819e-08,False
2621,3.7030930140149962,3.860202510159311e-08,1.042426559513819e-08,False
2622,-3.249119324807624,-3.330795197119263e-08,1.025137849412925e-08,False
2623,-3.249119324807624,-3.330795197119263e-08,1.025137849412925e-08,False
2624,-3.249119324807624,0.0,-0.0,False
2625,-3.249119324807624,0.0,-0.0,False
2626,-3.249119324807624,0.0,-0.0,False
2627,-3.249119324807624,0.0,-0.0,False
2628,-3.249119324807624,0.0,-0.0,False
2629,-3.249119324807624,0.0,-0.0,False
2630,-3.249119324807624,0.0,-0.0,False
2631,-3.249119324807624,0.0,-0.0,False
2632,-3.249119324807624,8.293487865213e-08,-2.5525340980525688e-08,False
2634,3.7030930140149962,8.293487865213e-08,2.2396110045912593e-08,False
2636,3.7030930140149962,-3.322812064821684e-08,-8.973072110924373e-09,False
2637,-3.249119324807624,-5.0525297243773915e-08,1.5550459122262444e-08,False
2638,-3.249119324807624,0.0,-0.0,False
2639,-3.249119324807624,0.0,-0.0,False
2640,-3.249119324807624,0.0,-0.0,False
2641,-3.249119324807624,0.0,-0.0,False
2642,-3.249119324807624,0.0,-0.0,False
2643,-3.249119324807624,0.0,-0.0,False
2644,-3.249119324807624,8.293487865213e-08,-2.5525340980525688e-08,False
2645,3.7030930140149962,8.293487865213e-08,2.2396110045912593e-08,False
2646,3.7030930140149962,0.0,0.0,False
2652,-3.249119324807624,-3.952558297673492e-08,1.2165014277853637e-08,False
2653,-3.249119324807624,0.0,-0.0,False
2654,-3.249119324807624,0.0,-0.0,False
2656,-3.249119324807624,5.340178695426023e-08,-1.6435772778958212e-08,False
2657,3.7030930140149962,8.293487865213e-08,2.2396110045912593e-08,False
2658,3.7030930140149962,0.0,0.0,False
2661,-3.249119324807624,-3.952558297673492e-08,1.2165014277853637e-08,False
2662,3.7030930140149962,1.697766034182424e-08,4.584724250125327e-09,False
2665,-3.249119324807624,-1.6918906003624e-08,5.207228270887142e-09,False
2666,-3.249119324807624,0.0,-0.0,False
2669,3.7030930140149962,8.293487865213e-08,2.2396110045912593e-08,False
2670,3.7030930140149962,0.0,0.0,False
2676,-3.249119324807624,-3.952558297673492e-08,1.2165014277853637e-08,False
2677,-3.249119324807624,0.0,-0.0,False
2681,3.7030930140149962,8.293487865213e-08,2.2396110045912593e-08,False
2682,3.7030930140149962,0.0,0.0,False
2685,-3.249119324807624,-3.952558297673492e-08,1.2165014277853637e-08,False
2686,3.7030930140149962,1.032654221881299e-07,2.7886262051021685e-08,False
2690,-3.249119324807624,-3.952558297673492e-08,1.2165014277853637e-08,False
2691,-3.249119324807624,0.0,-0.0,False
2692,-3.249119324807624,6.098911416955316e-08,-1.8770967783143587e-08,False
2694,3.7030930140149962,6.098911416955316e-08,1.6469776464898208e-08,False
2699,-3.249119324807624,-3.952558297673492e-08,1.2165014277853637e-08,False
2700,-3.249119324807624,0.0,-0.0,False
2701,-3.249119324807624,0.0,-0.0,False
2705,3.7030930140149962,8.293487865213e-08,2.2396110045912593e-08,False
2706,3.7030930140149962,0.0,0.0,False
2714,-3.249119324807624,-3.952558297673492e-08,1.2165014277853637e-08,False
2715,3.7030930140149962,5.8878187172983765e-08,1.5899732183379967e-08,False
2718,3.7030930140149962,5.8878187617940336e-08,1.5899732303538056e-08,False
2723,-3.249119324807624,-3.952558297673492e-08,1.2165014277853637e-08,False
2724,-3.249119324807624,0.0,-0.0,False
2729,-3.249119324807624,5.340178695426023e-08,-1.6435772778958212e-08,False
2730,3.7030930140149962,8.293487865213e-08,2.2396110045912593e-08,False
2731,3.7030930140149962,0.0,0.0,False
2734,-3.249119324807624,-3.952558297673492e-08,1.2165014277853637e-08,False
2735,-3.249119324807624,0.0,-0.0,False
2740,-3.249119324807624,5.340178695426023e-08,-1.6435772778958212e-08,False
2741,3.7030930140149962,8.293487865213e-08,2.2396110045912593e-08,False
2742,3.7030930140149962,0.0,0.0,False
2746,-3.249119324807624,-3.952558297673492e-08,1.2165014277853637e-08,False
2747,-3.249119324807624,0.0,-0.0,False
2748,-3.249119324807624,0.0,-0.0,False
2749,-3.249119324807624,0.0,-0.0,False
2750,-3.249119324807624,0.0,-0.0,False
2751,-3.249119324807624,0.0,-0.0,False
2752,-3.249119324807624,0.0,-0.0,False
2753,-3.249119324807624,8.293487865213e-08,-2.5525340980525688e-08,False
2754,3.7030930140149962,8.293487865213e-08,2.2396110045912593e-08,False
2756,-3.249119324807624,-3.5853174967966084e-08,1.1034736303533235e-08,False
2757,-3.249119324807624,-5.667849034118183e-08,1.7444262483200024e-08,False
2758,-3.249119324807624,0.0,-0.0,False
2759,-3.249119324807624,0.0,-0.0,False
2760,-3.249119324807624,0.0,-0.0,False
2761,-3.249119324807624,0.0,-0.0,False
2762,-3.249119324807624,0.0,-0.0,False
2763,-3.249119324807624,0.0,-0.0,False
2764,-3.249119324807624,8.293487865213e-08,-2.5525340980525688e-08,False
2765,3.7030930140149962,8.293487865213e-08,2.2396110045912593e-08,False
2766,-3.249119324807624,-3.784388042955139e-08,1.1647427086043407e-08,False
2768,-3.249119324807624,-3.7843880765220383e-08,1.164742718935417e-08,False
2769,-3.249119324807624,0.0,-0.0,False
2770,-3.249119324807624,0.0,-0.0,False
2771,-3.249119324807624,0.0,-0.0,False
2772,-3.249119324807624,0.0,-0.0,False
2773,-3.249119324807624,0.0,-0.0,False
2774,-3.249119324807624,0.0,-0.0,False
2775,-3.249119324807624,0.0,-0.0,False
2777,3.7030930140149962,2.4047970945302588e-08,6.494022930098942e-09,False
2778,3.7030930140149962,4.290239964850617e-08,1.1585558203948596e-08,False
2781,-3.249119324807624,-3.952558297673492e-08,1.2165014277853637e-08,False
2783,-3.249119324807624,-1.3201283253182206e-08,4.063034297444227e-09,False
2784,-3.249119324807624,0.0,-0.0,False
2785,-3.249119324807624,0.0,-0.0,False
2786,-3.249119324807624,0.0,-0.0,False
2787,-3.249119324807624,0.0,-0.0,False
2788,-3.249119324807624,3.153922297285949e-08,-9.707006674716967e-09,False
2789,3.7030930140149962,3.153922297285949e-08,8.516994537672655e-09,False
2791,-3.249119324807624,-2.6628798262783027e-08,8.195697233852647e-09,False
2799,3.7030930140149962,-2.6628798262783027e-08,-7.1909612213362534e-09,False
2805,-3.249119324807624,-3.952558297673492e-08,1.2165014277853637e-08,False
2806,-3.249119324807624,0.0,-0.0,False
2807,-3.249119324807624,0.0,-0.0,False
2808,-3.249119324807624,0.0,-0.0,False
2809,-3.249119324807624,0.0,-0.0,False
2810,-3.249119324807624,0.0,-0.0,False
2812,-3.249119324807624,5.340178695426023e-08,-1.6435772778958212e-08,False
2813,3.7030930140149962,8.293487865213e-08,2.2396110045912593e-08,False
2814,3.7030930140149962,0.0,0.0,False
2820,-3.249119324807624,-3.952558297673492e-08,1.2165014277853637e-08,False
2821,-3.249119324807624,0.0,-0.0,False
2822,-3.249119324807624,0.0,-0.0,False
2823,-3.249119324807624,8.293487865213e-08,-2.5525340980525688e-08,False
2824,3.7030930140149962,5.340178695426023e-08,1.4420860278732381e-08,False
2825,3.7030930140149962,8.293487865213e-08,2.2396110045912593e-08,False
2826,3.7030930140149962,0.0,0.0,False
2831,-3.249119324807624,-3.952558297673492e-08,1.2165014277853637e-08,False
2832,-3.249119324807624,0.0,-0.0,False
2833,-3.249119324807624,0.0,-0.0,False
2836,-3.249119324807624,5.340178695426023e-08,-1.6435772778958212e-08,False
2837,3.7030930140149962,8.293487865213e-08,2.2396110045912593e-08,False
2838,3.7030930140149962,0.0,0.0,False
2843,-3.249119324807624,-3.952558297673492e-08,1.2165014277853637e-08,False
2844,-3.249119324807624,0.0,-0.0,False
2845,-3.249119324807624,0.0,-0.0,False
2846,-3.249119324807624,0.0,-0.0,False
2848,-3.249119324807624,5.340178695426023e-08,-1.6435772778958212e-08,False
2849,3.7030930140149962,8.293487865213e-08,2.2396110045912593e-08,False
2850,3.7030930140149962,0.0,0.0,False
2854,-3.249119324807624,-3.952558297673492e-08,1.2165014277853637e-08,False
2855,-3.249119324807624,0.0,-0.0,False
2856,-3.249119324807624,0.0,-0.0,False
2857,-3.249119324807624,0.0,-0.0,False
2858,-3.249119324807624,0.0,-0.0,False
2859,-3.249119324807624,0.0,-0.0,False
2860,-3.249119324807624,0.0,-0.0,False
2870,-3.249119324807624,-1.8939047411077603e-08,5.828978722472422e-09,False
2871,-3.249119324807624,0.0,-0.0,False
2872,-3.249119324807624,8.293487865213e-08,-2.5525340980525688e-08,False
2874,3.7030930140149962,8.293487865213e-08,2.2396110045912593e-08,False
2875,3.7030930140149962,0.0,0.0,False
2881,-3.249119324807624,-3.952558297673492e-08,1.2165014277853637e-08,False
2882,-3.249119324807624,1.3433537312049215e-08,-4.134516454807211e-09,False
2884,-3.249119324807624,-1.0555811647515456e-08,3.2488224014796535e-09,False
2885,-3.249119324807624,-2.8214387345557035e-09,8.68370303612274e-10,False
2886,-3.249119324807624,0.0,-0.0,False
2887,-3.249119324807624,0.0,-0.0,False
2888,-3.249119324807624,0.0,-0.0,False
2889,-3.249119324807624,0.0,-0.0,False
2890,-3.249119324807624,0.0,-0.0,False
2891,-3.249119324807624,0.0,-0.0,False
2892,-3.249119324807624,0.0,-0.0,False
2893,-3.249119324807624,0.0,-0.0,False
2894,-3.249119324807624,0.0,-0.0,False
2895,-3.249119324807624,0.0,-0.0,False
2897,-3.249119324807624,5.340178695426023e-08,-1.6435772778958212e-08,False
2898,3.7030930140149962,8.293487865213e-08,2.2396110045912593e-08,False
2900,-3.249119324807624,-3.608030658616701e-08,1.1104641898094425e-08,False
2901,-3.249119324807624,-5.831405027779957e-08,1.794764810038248e-08,False
2902,-3.249119324807624,0.0,-0.0,False
2903,-3.249119324807624,0.0,-0.0,False
2904,-3.249119324807624,0.0,-0.0,False
2905,-3.249119324807624,0.0,-0.0,False
2906,-3.249119324807624,0.0,-0.0,False
2907,-3.249119324807624,0.0,-0.0,False
2908,-3.249119324807624,8.293487865213e-08,-2.5525340980525688e-08,False
2909,3.7030930140149962,8.293487865213e-08,2.2396110045912593e-08,False
2910,3.7030930140149962,0.0,0.0,False
2913,-3.249119324807624,-3.952558297673492e-08,1.2165014277853637e-08,False
2914,-3.249119324807624,1.3555729438258224e-08,-4.172124222941809e-09,False
2915,-3.249119324807624,-1.3508817603598289e-08,4.157685899823986e-09,False
2916,-3.249119324807624,0.0,-0.0,False
2917,-3.249119324807624,0.0,-0.0,False
2918,-3.249119324807624,0.0,-0.0,False
2919,-3.249119324807624,8.293487865213e-08,-2.5525340980525688e-08,False
2922,3.7030930140149962,8.293487865213e-08,2.2396110045912593e-08,False
2923,3.7030930140149962,0.0,0.0,False
2927,-3.249119324807624,-3.952558297673492e-08,1.2165014277853637e-08,False
2928,-3.249119324807624,0.0,-0.0,False
2932,-3.249119324807624,5.340178695426023e-08,-1.6435772778958212e-08,False
2933,3.7030930140149962,8.293487865213e-08,2.2396110045912593e-08,False
2935,3.7030930140149962,-3.3718790694477196e-08,-9.105574871293429e-09,False
2936,-3.249119324807624,-5.931740594978391e-08,1.825645660252752e-08,False
2937,-3.249119324807624,0.0,-0.0,False
2938,-3.249119324807624,0.0,-0.0,False
2939,-3.249119324807624,0.0,-0.0,False
2940,-3.249119324807624,0.0,-0.0,False
2941,-3.249119324807624,0.0,-0.0,False
2943,-3.249119324807624,-2.918750911882345e-08,8.983206278689566e-09,False
2944,-3.249119324807624,8.293487865213e-08,-2.5525340980525688e-08,False
2945,3.7030930140149962,8.293487865213e-08,2.2396110045912593e-08,False
2946,3.7030930140149962,0.0,0.0,False
2949,-3.249119324807624,-3.952558297673492e-08,1.2165014277853637e-08,False
2950,-3.249119324807624,0.0,-0.0,False
2951,-3.249119324807624,0.0,-0.0,False
2952,-3.249119324807624,0.0,-0.0,False
2953,-3.249119324807624,0.0,-0.0,False
2954,-3.249119324807624,0.0,-0.0,False
2955,-3.249119324807624,0.0,-0.0,False
2956,-3.249119324807624,8.293487865213e-08,-2.5525340980525688e-08,False
2957,3.7030930140149962,8.293487865213e-08,2.2396110045912593e-08,False
2958,-3.249119324807624,-4.3104692927856125e-08,1.3266577376442859e-08,False
2964,-3.249119324807624,-4.310469326439248e-08,1.3266577480020574e-08,False
2965,-3.249119324807624,0.0,-0.0,False
2966,-3.249119324807624,0.0,-0.0,False
2967,-3.249119324807624,0.0,-0.0,False
2968,3.7030930140149962,5.5486223711140314e-08,1.4983751016013668e-08,False
2970,3.7030930140149962,5.5486224161301057e-08,1.4983751137577113e-08,False
2973,-3.249119324807624,-3.952558297673492e-08,1.2165014277853637e-08,False
2976,-3.249119324807624,-1.3167191016336122e-08,4.052541535117592e-09,False
2977,-3.249119324807624,0.0,-0.0,False
2978,-3.249119324807624,0.0,-0.0,False
2979,-3.249119324807624,0.0,-0.0,False
2980,3.7030930140149962,4.2428133182996486e-08,1.145748514077823e-08,False
2981,3.7030930140149962,4.2428133182996486e-08,1.145748514077823e-08,False
2986,-3.249119324807624,-3.952558297673492e-08,1.2165014277853637e-08,False
2987,-3.249119324807624,0.0,-0.0,False
2988,-3.249119324807624,0.0,-0.0,False
2989,-3.249119324807624,0.0,-0.0,False
2990,-3.249119324807624,0.0,-0.0,False
2991,-3.249119324807624,0.0,-0.0,False
2992,-3.249119324807624,8.293487865213e-08,-2.5525340980525688e-08,False
2993,3.7030930140149962,8.293487865213e-08,2.2396110045912593e-08,False
2994,3.7030930140149962,0.0,0.0,False
2997,-3.249119324807624,-2.6908370138849225e-08,8.281742665896837e-09,False
2998,-3.249119324807624,-4.126768513371126e-08,1.2701191002320194e-08,False
2999,-3.249119324807624,0.0,-0.0,False
3000,-3.249119324807624,0.0,-0.0,False
3001,-3.249119324807624,0.0,-0.0,False
3002,-3.249119324807624,0.0,-0.0,False
3003,-3.249119324807624,0.0,-0.0,False
3005,3.7030930140149962,6.286866868158297e-08,1.6977339873356034e-08,False
3009,-3.249119324807624,-3.952558297673492e-08,1.2165014277853637e-08,False
3010,-3.249119324807624,0.0,-0.0,False
3011,-3.249119324807624,0.0,-0.0,False
3012,-3.249119324807624,0.0,-0.0,False
3013,-3.249119324807624,0.0,-0.0,False
3014,-3.249119324807624,0.0,-0.0,False
3016,-3.249119324807624,5.340178695426023e-08,-1.6435772778958212e-08,False
3018,3.7030930140149962,8.293487865213e-08,2.2396110045912593e-08,False
3019,3.7030930140149962,0.0,0.0,False
3036,-3.249119324807624,-3.952558297673492e-08,1.2165014277853637e-08,False
3037,-3.249119324807624,0.0,-0.0,False
3040,-3.249119324807624,5.340178695426023e-08,-1.6435772778958212e-08,False
3041,3.7030930140149962,8.293487865213e-08,2.2396110045912593e-08,False
3042,3.7030930140149962,0.0,0.0,False
3050,-3.249119324807624,-3.952558297673492e-08,1.2165014277853637e-08,False
3051,3.7030930140149962,1.924027338666423e-08,5.195730518743679e-09,False
3054,-3.249119324807624,-1.9173688857107574e-08,5.901195659609338e-09,False
3055,-3.249119324807624,0.0,-0.0,False
3056,-3.249119324807624,0.0,-0.0,False
3057,-3.249119324807624,0.0,-0.0,False
3058,-3.249119324807624,0.0,-0.0,False
3059,-3.249119324807624,0.0,-0.0,False
3060,-3.249119324807624,0.0,-0.0,False
3061,-3.249119324807624,0.0,-0.0,False
3062,-3.249119324807624,0.0,-0.0,False
3063,-3.249119324807624,0.0,-0.0,False
3065,-3.249119324807624,5.340178695426023e-08,-1.6435772778958212e-08,False
3066,3.7030930140149962,8.293487865213e-08,2.2396110045912593e-08,False
3067,3.7030930140149962,0.0,0.0,False
3071,-3.249119324807624,-3.952558297673492e-08,1.2165014277853637e-08,False
3072,-3.249119324807624,0.0,-0.0,False
3073,-3.249119324807624,0.0,-0.0,False
3074,-3.249119324807624,0.0,-0.0,False
3076,-3.249119324807624,5.340178695426023e-08,-1.6435772778958212e-08,False
3077,3.7030930140149962,8.293487865213e-08,2.2396110045912593e-08,False
3078,3.7030930140149962,0.0,0.0,False
3082,-3.249119324807624,-3.952558297673492e-08,1.2165014277853637e-08,False
3083,-3.249119324807624,0.0,-0.0,False
3084,-3.249119324807624,0.0,-0.0,False
3085,-3.249119324807624,0.0,-0.0,False
3086,-3.249119324807624,0.0,-0.0,False
3088,-3.249119324807624,5.340178695426023e-08,-1.6435772778958212e-08,False
3089,3.7030930140149962,8.293487865213e-08,2.2396110045912593e-08,False
3090,3.7030930140149962,0.0,0.0,False
3097,-3.249119324807624,-3.952558297673492e-08,1.2165014277853637e-08,False
3098,-3.249119324807624,0.0,-0.0,False
3099,-3.249119324807624,0.0,-0.0,False
3100,-3.249119324807624,8.293487865213e-08,-2.5525340980525688e-08,False
3102,3.7030930140149962,8.293487865213e-08,2.2396110045912593e-08,False
3103,3.7030930140149962,0.0,0.0,False
3107,-3.249119324807624,-3.952558297673492e-08,1.2165014277853637e-08,False
3108,-3.249119324807624,0.0,-0.0,False
3111,-3.249119324807624,5.340178695426023e-08,-1.6435772778958212e-08,False
3112,3.7030930140149962,8.293487865213e-08,2.2396110045912593e-08,False
3113,3.7030930140149962,0.0,0.0,False
3114,-3.249119324807624,-5.131150829056075e-08,1.5792435783686963e-08,False
3121,-3.249119324807624,-5.1311508653117954e-08,1.5792435895273263e-08,False
3122,-3.249119324807624,0.0,-0.0,False
3125,3.7030930140149962,8.293487865213e-08,2.2396110045912593e-08,False
3126,3.7030930140149962,0.0,0.0,False
3131,-3.249119324807624,-3.952558297673492e-08,1.2165014277853637e-08,False
3132,-3.249119324807624,0.0,-0.0,False
3137,3.7030930140149962,8.293487865213e-08,2.2396110045912593e-08,False
3138,3.7030930140149962,0.0,0.0,False
3139,3.7030930140149962,0.0,0.0,False
3143,-3.249119324807624,-3.952558297673492e-08,1.2165014277853637e-08,False
3144,-3.249119324807624,0.0,-0.0,False
3145,-3.249119324807624,0.0,-0.0,False
3147,-3.249119324807624,5.340178695426023e-08,-1.6435772778958212e-08,False
3149,3.7030930140149962,8.293487865213e-08,2.2396110045912593e-08,False
3150,3.7030930140149962,0.0,0.0,False
3155,-3.249119324807624,-3.952558297673492e-08,1.2165014277853637e-08,False
3156,-3.249119324807624,0.0,-0.0,False
3159,3.7030930140149962,8.293487865213e-08,2.2396110045912593e-08,False
3160,3.7030930140149962,0.0,0.0,False
3161,-3.249119324807624,-1.1757930328936544e-07,3.61880532954348e-08,False
3162,3.7030930140149962,1.564137433445606e-07,4.2238675278364796e-08,False
3168,-3.249119324807624,-3.5143883143039234e-08,1.0816433510062009e-08,False
3169,-3.249119324807624,-5.4589051066804284e-08,1.6801183831571474e-08,False
3170,-3.249119324807624,0.0,-0.0,False
3174,3.7030930140149962,8.293487865213e-08,2.2396110045912593e-08,False
3175,3.7030930140149962,0.0,0.0,False
3180,-3.249119324807624,-3.952558297673492e-08,1.2165014277853637e-08,False
3181,-3.249119324807624,0.0,-0.0,False
3187,3.7030930140149962,8.293487865213e-08,2.2396110045912593e-08,False
3188,-3.249119324807624,-4.9054933021035196e-08,1.509791673284873e-08,False
3193,-3.249119324807624,-4.9054933613443263e-08,1.5097916915177542e-08,False
3194,-3.249119324807624,8.293487865213e-08,-2.5525340980525688e-08,False
3197,3.7030930140149962,8.293487865213e-08,2.2396110045912593e-08,False
3198,3.7030930140149962,0.0,0.0,False
3203,-3.249119324807624,-3.952558297673492e-08,1.2165014277853637e-08,False
3204,-3.249119324807624,0.0,-0.0,False
3209,-3.249119324807624,5.340178695426023e-08,-1.6435772778958212e-08,False
3210,3.7030930140149962,8.293487865213e-08,2.2396110045912593e-08,False
3211,3.7030930140149962,0.0,0.0,False
3217,-3.249119324807624,-3.952558297673492e-08,1.2165014277853637e-08,False
3218,-3.249119324807624,0.0,-0.0,False
3219,-3.249119324807624,0.0,-0.0,False
3220,-3.249119324807624,0.0,-0.0,False
3221,-3.249119324807624,0.0,-0.0,False
3222,-3.249119324807624,0.0,-0.0,False
3223,-3.249119324807624,0.0,-0.0,False
3224,-3.249119324807624,0.0,-0.0,False
3225,-3.249119324807624,0.0,-0.0,False
3226,-3.249119324807624,0.0,-0.0,False
3227,-3.249119324807624,0.0,-0.0,False
3228,-3.249119324807624,0.0,-0.0,False
3229,-3.249119324807624,0.0,-0.0,False
3230,-3.249119324807624,0.0,-0.0,False
3231,-3.249119324807624,0.0,-0.0,False
3233,-3.249119324807624,5.340178695426023e-08,-1.6435772778958212e-08,False
3234,3.7030930140149962,8.293487865213e-08,2.2396110045912593e-08,False
3236,3.7030930140149962,-3.2769450424886826e-08,-8.849210727590468e-09,False
3237,-3.249119324807624,-4.966445226513988e-08,1.5285511949635903e-08,False
3238,-3.249119324807624,0.0,-0.0,False
3239,-3.249119324807624,0.0,-0.0,False
3240,-3.249119324807624,0.0,-0.0,False
3241,-3.249119324807624,0.0,-0.0,False
3242,-3.249119324807624,0.0,-0.0,False
3243,-3.249119324807624,0.0,-0.0,False
3244,-3.249119324807624,8.293487865213e-08,-2.5525340980525688e-08,False
3245,3.7030930140149962,8.293487865213e-08,2.2396110045912593e-08,False
3246,3.7030930140149962,0.0,0.0,False
3250,-3.249119324807624,-3.952558297673492e-08,1.2165014277853637e-08,False
3251,-3.249119324807624,0.0,-0.0,False
3252,-3.249119324807624,0.0,-0.0,False
3253,-3.249119324807624,0.0,-0.0,False
3254,-3.249119324807624,0.0,-0.0,False
3255,-3.249119324807624,0.0,-0.0,False
3256,-3.249119324807624,8.293487865213e-08,-2.5525340980525688e-08,False
3257,3.7030930140149962,8.293487865213e-08,2.2396110045912593e-08,False
3258,3.7030930140149962,0.0,0.0,False
3261,-3.249119324807624,-3.952558297673492e-08,1.2165014277853637e-08,False
3262,-3.249119324807624,1.7297727040663236e-08,-5.323820183700828e-09,False
3264,-3.249119324807624,-1.7237865407651598e-08,5.3053962272291206e-09,False
3265,-3.249119324807624,0.0,-0.0,False
3268,-3.249119324807624,5.340178695426023e-08,-1.6435772778958212e-08,False
3269,3.7030930140149962,8.293487865213e-08,2.2396110045912593e-08,False
3270,3.7030930140149962,0.0,0.0,False
3275,-3.249119324807624,-3.952558297673492e-08,1.2165014277853637e-08,False
3276,-3.249119324807624,0.0,-0.0,False
3277,-3.249119324807624,0.0,-0.0,False
3278,-3.249119324807624,0.0,-0.0,False
3281,3.7030930140149962,8.293487865213e-08,2.2396110045912593e-08,False
3282,3.7030930140149962,0.0,0.0,False
3286,-3.249119324807624,-3.952558297673492e-08,1.2165014277853637e-08,False
3287,3.7030930140149962,1.0397814529869431e-07,2.807872902602528e-08,False
3290,-3.249119324807624,-2.59301540395801e-08,7.980671513538639e-09,False
3291,-3.249119324807624,-4.354915736186349e-08,1.3403372732222438e-08,False
3292,-3.249119324807624,8.293487865213e-08,-2.5525340980525688e-08,False
3293,3.7030930140149962,8.293487865213e-08,2.2396110045912593e-08,False
3294,3.7030930140149962,0.0,0.0,False
3297,-3.249119324807624,-3.952558297673492e-08,1.2165014277853637e-08,False
3298,-3.249119324807624,0.0,-0.0,False
3299,-3.249119324807624,2.3546141827979206e-08,-7.246930467650135e-09,False
3300,-3.249119324807624,-2.3464656525098992e-08,7.2218512708788566e-09,False
3301,-3.249119324807624,0.0,-0.0,False
3305,3.7030930140149962,8.293487865213e-08,2.2396110045912593e-08,False
3306,3.7030930140149962,0.0,0.0,False
3314,-3.249119324807624,-3.952558297673492e-08,1.2165014277853637e-08,False
3315,-3.249119324807624,0.0,-0.0,False
3316,-3.249119324807624,0.0,-0.0,False
3319,-3.249119324807624,1.8196449258836567e-08,-5.600425050537026e-09,False
3329,3.7030930140149962,1.8196449258836567e-08,4.913851526269785e-09,False
3330,3.7030930140149962,3.2851169620533305e-08,8.8712785490946e-09,False
3333,-3.249119324807624,-3.952558297673492e-08,1.2165014277853637e-08,False
3335,-3.249119324807624,-1.3349246317725938e-08,4.108573734366105e-09,False
3336,-3.249119324807624,0.0,-0.0,False
3337,-3.249119324807624,0.0,-0.0,False
3338,-3.249119324807624,0.0,-0.0,False
3339,-3.249119324807624,0.0,-0.0,False
3340,-3.249119324807624,0.0,-0.0,False
3341,3.7030930140149962,1.3666885840049603e-07,3.6906677170475896e-08,False
3342,3.7030930140149962,0.0,0.0,False
3345,-3.249119324807624,-3.952558297673492e-08,1.2165014277853637e-08,False
3346,-3.249119324807624,0.0,-0.0,False
3347,-3.249119324807624,0.0,-0.0,False
3348,-3.249119324807624,0.0,-0.0,False
3349,-3.249119324807624,0.0,-0.0,False
3350,-3.249119324807624,0.0,-0.0,False
3351,-3.249119324807624,3.282570371857668e-08,-1.010295419683309e-08,False
3354,3.7030930140149962,3.282570371857668e-08,8.864401621655769e-09,False
3360,-3.249119324807624,-3.952558297673492e-08,1.2165014277853637e-08,False
3361,-3.249119324807624,0.0,-0.0,False
3362,-3.249119324807624,0.0,-0.0,False
3363,-3.249119324807624,0.0,-0.0,False
3364,-3.249119324807624,0.0,-0.0,False
3365,-3.249119324807624,7.016111670810066e-08,-2.159388735661618e-08,False
3367,3.7030930140149962,7.016111670810066e-08,1.8946625548578923e-08,False
3368,3.7030930140149962,0.0,0.0,False
3372,-3.249119324807624,-3.952558297673492e-08,1.2165014277853637e-08,False
3373,-3.249119324807624,0.0,-0.0,False
3374,-3.249119324807624,0.0,-0.0,False
3377,-3.249119324807624,5.340178695426023e-08,-1.6435772778958212e-08,False
3378,3.7030930140149962,8.293487865213e-08,2.2396110045912593e-08,False
3379,3.7030930140149962,0.0,0.0,False
3389,-3.249119324807624,-3.952558297673492e-08,1.2165014277853637e-08,False
3390,-3.249119324807624,0.0,-0.0,False
3391,-3.249119324807624,0.0,-0.0,False
3392,-3.249119324807624,0.0,-0.0,False
3393,-3.249119324807624,0.0,-0.0,False
3394,-3.249119324807624,0.0,-0.0,False
3395,-3.249119324807624,0.0,-0.0,False
3396,-3.249119324807624,0.0,-0.0,False
3397,-3.249119324807624,0.0,-0.0,False
3398,-3.249119324807624,0.0,-0.0,False
3399,-3.249119324807624,0.0,-0.0,False
3401,-3.249119324807624,5.340178695426023e-08,-1.6435772778958212e-08,False
3402,3.7030930140149962,8.293487865213e-08,2.2396110045912593e-08,False
3403,3.7030930140149962,0.0,0.0,False
3405,-3.249119324807624,-3.952558297673492e-08,1.2165014277853637e-08,False
3406,-3.249119324807624,0.0,-0.0,False
3407,-3.249119324807624,0.0,-0.0,False
3408,-3.249119324807624,0.0,-0.0,False
3409,-3.249119324807624,0.0,-0.0,False
3410,-3.249119324807624,0.0,-0.0,False
3411,-3.249119324807624,0.0,-0.0,False
3412,-3.249119324807624,8.293487865213e-08,-2.5525340980525688e-08,False
3413,3.7030930140149962,8.293487865213e-08,2.2396110045912593e-08,False
3414,3.7030930140149962,0.0,0.0,False
3434,-3.249119324807624,-3.952558297673492e-08,1.2165014277853637e-08,False
3435,-3.249119324807624,0.0,-0.0,False
3438,3.7030930140149962,8.293487865213e-08,2.2396110045912593e-08,False
3439,3.7030930140149962,0.0,0.0,False
3443,-3.249119324807624,-3.952558297673492e-08,1.2165014277853637e-08,False
3444,-3.249119324807624,0.0,-0.0,False
3447,-3.249119324807624,5.340178695426023e-08,-1.6435772778958212e-08,False
3453,3.7030930140149962,5.340178695426023e-08,1.4420860278732381e-08,False
3454,3.7030930140149962,8.293487865213e-08,2.2396110045912593e-08,False
3457,-3.249119324807624,-4.8528136185714554e-08,1.4935781463978038e-08,False
3458,-3.249119324807624,0.0,-0.0,False
3460,-3.249119324807624,5.340178695426023e-08,-1.6435772778958212e-08,False
3461,3.7030930140149962,8.293487865213e-08,2.2396110045912593e-08,False
3462,3.7030930140149962,0.0,0.0,False
3469,-3.249119324807624,-3.952558297673492e-08,1.2165014277853637e-08,False
3470,-3.249119324807624,0.0,-0.0,False
3472,3.7030930140149962,8.293487865213e-08,2.2396110045912593e-08,False
3473,3.7030930140149962,0.0,0.0,False
3478,-3.249119324807624,-3.952558297673492e-08,1.2165014277853637e-08,False
3479,3.7030930140149962,5.8694749641326205e-08,1.5850195881979137e-08,False
3483,-3.249119324807624,-3.952558297673492e-08,1.2165014277853637e-08,False
3484,3.7030930140149962,1.1751379889318736e-07,3.173395819344425e-08,False
3485,3.7030930140149962,0.0,0.0,False
3491,-3.249119324807624,-3.952558297673492e-08,1.2165014277853637e-08,False
3492,-3.249119324807624,0.0,-0.0,False
3498,-3.249119324807624,5.340178695426023e-08,-1.6435772778958212e-08,False
3499,3.7030930140149962,8.293487865213e-08,2.2396110045912593e-08,False
3500,3.7030930140149962,0.0,0.0,False
3504,-3.249119324807624,-3.952558297673492e-08,1.2165014277853637e-08,False
3505,-3.249119324807624,0.0,-0.0,False
3506,-3.249119324807624,8.293487865213e-08,-2.5525340980525688e-08,False
3507,3.7030930140149962,8.293487865213e-08,2.2396110045912593e-08,False
3508,3.7030930140149962,0.0,0.0,False
3509,3.7030930140149962,0.0,0.0,False
3510,3.7030930140149962,0.0,0.0,False
3517,-3.249119324807624,-3.952558297673492e-08,1.2165014277853637e-08,False
3518,-3.249119324807624,0.0,-0.0,False
3529,3.7030930140149962,5.4406857528770114e-08,1.4692274086245727e-08,False
3530,3.7030930140149962,5.2007851794252935e-08,1.4044435718309052e-08,False
3531,3.7030930140149962,7.85857099091028e-08,2.1221640831510735e-08,False
3532,3.7030930140149962,0.0,0.0,False
3533,3.7030930140149962,0.0,0.0,False
3534,3.7030930140149962,0.0,0.0,False
3535,3.7030930140149962,0.0,0.0,False
3537,-3.249119324807624,-3.952558297673492e-08,1.2165014277853637e-08,False
3538,-3.249119324807624,0.0,-0.0,False
3540,3.7030930140149962,8.293487865213e-08,2.2396110045912593e-08,False
3541,-3.249119324807624,-7.91803327305704e-08,2.4369782951956853e-08,False
3542,-3.249119324807624,0.0,-0.0,False
3545,-3.249119324807624,5.340178695426023e-08,-1.6435772778958212e-08,False
3546,3.7030930140149962,8.293487865213e-08,2.2396110045912593e-08,False
3547,-3.249119324807624,-1.6327583369536713e-08,5.0252335286280836e-09,False
3561,3.7030930140149962,1.638428354707594e-08,4.42448609448015e-09,False
3565,-3.249119324807624,-3.952558297673492e-08,1.2165014277853637e-08,False
3566,-3.249119324807624,0.0,-0.0,False
3568,-3.249119324807624,5.340178695426023e-08,-1.6435772778958212e-08,False
3569,3.7030930140149962,5.340178756228081e-08,1.442086044292501e-08,False
3570,-3.249119324807624,5.3401786955127595e-08,-1.6435772779225163e-08,False
3572,3.7030930140149962,8.293487865213e-08,2.2396110045912593e-08,False
3574,-3.249119324807624,-3.5662719975043666e-08,1.0976118883277765e-08,False
3575,-3.249119324807624,-5.602014843848757e-08,1.7241640838107553e-08,False
3576,-3.249119324807624,0.0,-0.0,False
3577,-3.249119324807624,0.0,-0.0,False
3578,-3.249119324807624,0.0,-0.0,False
3579,-3.249119324807624,0.0,-0.0,False
3580,-3.249119324807624,8.293487865213e-08,-2.5525340980525688e-08,False
3584,3.7030930140149962,5.340178695426023e-08,1.4420860278732381e-08,False
3593,3.7030930140149962,8.293487926015058e-08,2.2396110210105225e-08,False
3594,3.7030930140149962,0.0,0.0,False
3598,-3.249119324807624,-3.952558297673492e-08,1.2165014277853637e-08,False
3599,-3.249119324807624,0.0,-0.0,False
3600,-3.249119324807624,0.0,-0.0,False
3601,-3.249119324807624,0.0,-0.0,False
3602,-3.249119324807624,0.0,-0.0,False
3603,-3.249119324807624,0.0,-0.0,False
3604,3.7030930140149962,1.6523798444106896e-08,4.462161328805331e-09,False
3607,-3.249119324807624,5.718366492130089e-11,-1.759974294717128e-11,False
3613,-3.249119324807624,-1.6466615118324035e-08,5.068024123521225e-09,False
3614,-3.249119324807624,0.0,-0.0,False
3615,-3.249119324807624,0.0,-0.0,False
3616,-3.249119324807624,4.524923085010013e-08,-1.3926614053418698e-08,False
3618,3.7030930140149962,4.524923085010013e-08,1.2219307124840393e-08,False
3623,-3.249119324807624,-3.952558297673492e-08,1.2165014277853637e-08,False
3625,-3.249119324807624,-1.3032458317380202e-08,4.011074083329284e-09,False
3626,-3.249119324807624,0.0,-0.0,False
3627,-3.249119324807624,0.0,-0.0,False
3628,-3.249119324807624,3.1047011051464624e-08,-9.555515802209842e-09,False
3629,3.7030930140149962,3.1047011051464624e-08,8.384075402362792e-09,False
3631,3.7030930140149962,-1.5334223765761656e-08,-4.1409231979122946e-09,False
3632,-3.249119324807624,-2.828909554004888e-08,8.706696403562783e-09,False
3633,-3.249119324807624,0.0,-0.0,False
3634,-3.249119324807624,0.0,-0.0,False
3635,-3.249119324807624,0.0,-0.0,False
3636,-3.249119324807624,0.0,-0.0,False
3637,-3.249119324807624,0.0,-0.0,False
3638,-3.249119324807624,0.0,-0.0,False
3639,-3.249119324807624,0.0,-0.0,False
3640,-3.249119324807624,8.293487865213e-08,-2.5525340980525688e-08,False
3642,3.7030930140149962,8.293487865213e-08,2.2396110045912593e-08,False
3643,3.7030930140149962,0.0,0.0,False
3649,-3.249119324807624,-3.952558297673492e-08,1.2165014277853637e-08,False
3650,-3.249119324807624,0.0,-0.0,False
3651,-3.249119324807624,0.0,-0.0,False
3652,-3.249119324807624,8.293487865213e-08,-2.5525340980525688e-08,False
3653,3.7030930140149962,8.293487865213e-08,2.2396110045912593e-08,False
3654,3.7030930140149962,0.0,0.0,False
3659,-3.249119324807624,-3.952558297673492e-08,1.2165014277853637e-08,False
3660,-3.249119324807624,0.0,-0.0,False
3662,-3.249119324807624,5.340178695426023e-08,-1.6435772778958212e-08,False
3664,3.7030930140149962,8.293487865213e-08,2.2396110045912593e-08,False
3671,3.7030930140149962,-3.435544231305404e-08,-9.277499156253954e-09,False
3672,-3.249119324807624,-5.950931147597621e-08,1.831552046168685e-08,False
3676,3.7030930140149962,8.293487865213e-08,2.2396110045912593e-08,False
3677,3.7030930140149962,0.0,0.0,False
3683,-3.249119324807624,-3.952558297673492e-08,1.2165014277853637e-08,False
3684,-3.249119324807624,0.0,-0.0,False
3685,-3.249119324807624,0.0,-0.0,False
3686,-3.249119324807624,0.0,-0.0,False
3687,-3.249119324807624,8.293487865213e-08,-2.5525340980525688e-08,False
3688,3.7030930140149962,5.340178756228081e-08,1.442086044292501e-08,False
3689,-3.249119324807624,5.3401786955127595e-08,-1.6435772779225163e-08,False
3690,3.7030930140149962,8.293487925928322e-08,2.2396110209870997e-08,False
3691,3.7030930140149962,0.0,0.0,False
3693,-3.249119324807624,-3.952558297673492e-08,1.2165014277853637e-08,False
3694,-3.249119324807624,1.5592283499066273e-08,-4.798926090530538e-09,False
3696,-3.249119324807624,-1.5538323833337586e-08,4.7823186162169e-09,False
3697,-3.249119324807624,0.0,-0.0,False
3698,-3.249119324807624,0.0,-0.0,False
3699,-3.249119324807624,0.0,-0.0,False
3700,-3.249119324807624,0.0,-0.0,False
3703,-3.249119324807624,1.0006531454137546e-10,-3.079767301168608e-11,False
3704,-3.249119324807624,-2.8814990877742974e-08,8.868554213363361e-09,False
3705,-3.249119324807624,0.0,-0.0,False
3712,-3.249119324807624,5.340178695426023e-08,-1.6435772778958212e-08,False
3714,3.7030930140149962,8.293487865213e-08,2.2396110045912593e-08,False
3715,-3.249119324807624,-1.6327583369536713e-08,5.0252335286280836e-09,False
3716,3.7030930140149962,1.6384283882744932e-08,4.424486185125725e-09,False
3721,-3.249119324807624,-2.6628797998237697e-08,8.195697152432021e-09,False
3726,-3.249119324807624,-3.952558324128025e-08,1.2165014359274264e-08,False
3727,-3.249119324807624,0.0,-0.0,False
3735,3.7030930140149962,9.737235577740588e-09,2.629487172179671e-09,False
3738,3.7030930140149962,2.2960622834446165e-08,6.2003905242314236e-09,False
3744,-3.249119324807624,-3.952558297673492e-08,1.2165014277853637e-08,False
3745,3.7030930140149962,3.4409755421752064e-08,9.29216611398158e-09,False
3749,3.7030930140149962,3.440975572966548e-08,9.292166197131913e-09,False
3755,-3.249119324807624,-3.952558297673492e-08,1.2165014277853637e-08,False
3756,-3.249119324807624,0.0,-0.0,False
3757,-3.249119324807624,0.0,-0.0,False
3761,-3.249119324807624,5.340178695426023e-08,-1.6435772778958212e-08,False
3762,3.7030930140149962,8.293487865213e-08,2.2396110045912593e-08,False
3764,3.7030930140149962,2.3327514227580726e-08,6.299467536811447e-09,False
3766,-3.249119324807624,-3.952558297673492e-08,1.2165014277853637e-08,False
3767,-3.249119324807624,0.0,-0.0,False
3768,-3.249119324807624,0.0,-0.0,False
3769,-3.249119324807624,0.0,-0.0,False
3770,-3.249119324807624,0.0,-0.0,False
3771,-3.249119324807624,0.0,-0.0,False
3773,3.7030930140149962,8.293487865213e-08,2.2396110045912593e-08,False
3774,3.7030930140149962,0.0,0.0,False
3781,-3.249119324807624,-3.952558297673492e-08,1.2165014277853637e-08,False
3782,-3.249119324807624,0.0,-0.0,False
3784,-3.249119324807624,5.340178695426023e-08,-1.6435772778958212e-08,False
3786,3.7030930140149962,8.293487865213e-08,2.2396110045912593e-08,False
3787,3.7030930140149962,0.0,0.0,False
3793,-3.249119324807624,-3.952558297673492e-08,1.2165014277853637e-08,False
3794,-3.249119324807624,0.0,-0.0,False
3796,-3.249119324807624,5.340178695426023e-08,-1.6435772778958212e-08,False
3797,3.7030930140149962,8.293487865213e-08,2.2396110045912593e-08,False
3798,3.7030930140149962,0.0,0.0,False
3801,-3.249119324807624,-3.952558297673492e-08,1.2165014277853637e-08,False
3802,-3.249119324807624,0.0,-0.0,False
3803,-3.249119324807624,0.0,-0.0,False
3804,-3.249119324807624,0.0,-0.0,False
3805,-3.249119324807624,0.0,-0.0,False
3806,-3.249119324807624,0.0,-0.0,False
3807,-3.249119324807624,8.293487865213e-08,-2.5525340980525688e-08,False
3809,3.7030930140149962,8.293487865213e-08,2.2396110045912593e-08,False
3810,-3.249119324807624,-4.4230651787859065e-08,1.3613120161561902e-08,False
3815,-3.249119324807624,-4.423065212352806e-08,1.3613120264872665e-08,False
3816,-3.249119324807624,0.0,-0.0,False
3817,-3.249119324807624,0.0,-0.0,False
3818,-3.249119324807624,0.0,-0.0,False
3819,-3.249119324807624,0.0,-0.0,False
3820,-3.249119324807624,5.918481589973351e-08,-1.8215648606022728e-08,False
3822,3.7030930140149962,5.918481589973351e-08,1.598253559274324e-08,False
3826,-3.249119324807624,-3.952558297673492e-08,1.2165014277853637e-08,False
3829,-3.249119324807624,-1.3165472631353203e-08,4.052012657963158e-09,False
3830,-3.249119324807624,0.0,-0.0,False
3831,-3.249119324807624,0.0,-0.0,False
3832,-3.249119324807624,0.0,-0.0,False
3835,3.7030930140149962,5.1751134018743206e-08,1.3975110488146553e-08,False
3838,3.7030930140149962,-2.4331474444624912e-08,-6.57058149836859e-09,False
3839,-3.249119324807624,-3.8632169905780667e-08,1.1890043437560738e-08,False
3840,-3.249119324807624,0.0,-0.0,False
3841,-3.249119324807624,0.0,-0.0,False
3842,-3.249119324807624,0.0,-0.0,False
3843,-3.249119324807624,0.0,-0.0,False
3844,-3.249119324807624,8.293487865213e-08,-2.5525340980525688e-08,False
3845,3.7030930140149962,8.293487865213e-08,2.2396110045912593e-08,False
3846,3.7030930140149962,0.0,0.0,False
3852,-3.249119324807624,-3.952558297673492e-08,1.2165014277853637e-08,False
3853,-3.249119324807624,0.0,-0.0,False
3855,-3.249119324807624,5.340178695426023e-08,-1.6435772778958212e-08,False
3856,3.7030930140149962,5.340178695426023e-08,1.4420860278732381e-08,False
3857,3.7030930140149962,8.293487865213e-08,2.2396110045912593e-08,False
3858,3.7030930140149962,0.0,0.0,False
3875,-3.249119324807624,-3.952558297673492e-08,1.2165014277853637e-08,False
3876,-3.249119324807624,0.0,-0.0,False
3877,-3.249119324807624,0.0,-0.0,False
3878,3.7030930140149962,1.6252316256421678e-07,4.388849049946079e-08,False
3879,-3.249119324807624,-1.0475157309446093e-07,3.223998955491212e-08,False
3881,-3.249119324807624,5.340178695426023e-08,-1.6435772778958212e-08,False
3883,3.7030930140149962,8.293487865213e-08,2.2396110045912593e-08,False
3884,3.7030930140149962,0.0,0.0,False
3899,-3.249119324807624,-3.952558297673492e-08,1.2165014277853637e-08,False
3900,-3.249119324807624,0.0,-0.0,False
3905,3.7030930140149962,8.293487865213e-08,2.2396110045912593e-08,False
3906,3.7030930140149962,0.0,0.0,False
3911,-3.249119324807624,-3.952558297673492e-08,1.2165014277853637e-08,False
3912,-3.249119324807624,0.0,-0.0,False
3913,-3.249119324807624,0.0,-0.0,False
3914,-3.249119324807624,0.0,-0.0,False
3915,-3.249119324807624,0.0,-0.0,False
3916,-3.249119324807624,8.293487865213e-08,-2.5525340980525688e-08,False
3917,3.7030930140149962,8.293487865213e-08,2.2396110045912593e-08,False
3918,3.7030930140149962,0.0,0.0,False
3924,-3.249119324807624,-3.952558297673492e-08,1.2165014277853637e-08,False
3925,-3.249119324807624,0.0,-0.0,False
3928,-3.249119324807624,5.340178695426023e-08,-1.6435772778958212e-08,False
3929,3.7030930140149962,8.293487865213e-08,2.2396110045912593e-08,False
3930,3.7030930140149962,0.0,0.0,False
3931,3.7030930140149962,0.0,0.0,False
3932,3.7030930140149962,0.0,0.0,False
3934,-3.249119324807624,-3.952558297673492e-08,1.2165014277853637e-08,False
3935,3.7030930140149962,1.1751379889318736e-07,3.173395819344425e-08,False
3938,-3.249119324807624,-3.952558297673492e-08,1.2165014277853637e-08,False
3939,-3.249119324807624,0.0,-0.0,False
3940,3.7030930140149962,1.6557468247944268e-07,4.471253675043987e-08,False
3941,3.7030930140149962,0.0,0.0,False
3946,-3.249119324807624,-3.952558297673492e-08,1.2165014277853637e-08,False
3947,-3.249119324807624,0.0,-0.0,False
3948,-3.249119324807624,0.0,-0.0,False
3952,-3.249119324807624,5.340178695426023e-08,-1.6435772778958212e-08,False
3956,3.7030930140149962,8.293487865213e-08,2.2396110045912593e-08,False
3957,-3.249119324807624,-5.1532580967218744e-08,1.5860476583226108e-08,False
3958,-3.249119324807624,-5.1532580967218744e-08,1.5860476583226108e-08,False
3959,-3.249119324807624,0.0,-0.0,False
3960,-3.249119324807624,0.0,-0.0,False
3961,-3.249119324807624,0.0,-0.0,False
3962,-3.249119324807624,0.0,-0.0,False
3963,-3.249119324807624,0.0,-0.0,False
3964,-3.249119324807624,8.293487865213e-08,-2.5525340980525688e-08,False
3965,3.7030930140149962,8.293487865213e-08,2.2396110045912593e-08,False
3966,3.7030930140149962,0.0,0.0,False
3967,-3.249119324807624,-7.91803327305704e-08,2.4369782951956853e-08,False
3968,-3.249119324807624,0.0,-0.0,False
3969,-3.249119324807624,0.0,-0.0,False
3970,-3.249119324807624,0.0,-0.0,False
3971,-3.249119324807624,0.0,-0.0,False
3972,-3.249119324807624,0.0,-0.0,False
3973,-3.249119324807624,0.0,-0.0,False
3974,-3.249119324807624,0.0,-0.0,False
3977,3.7030930140149962,8.293487865213e-08,2.2396110045912593e-08,False
3978,3.7030930140149962,0.0,0.0,False
3984,-3.249119324807624,-3.952558297673492e-08,1.2165014277853637e-08,False
3985,-3.249119324807624,0.0,-0.0,False
3986,-3.249119324807624,0.0,-0.0,False
3987,-3.249119324807624,0.0,-0.0,False
3988,3.7030930140149962,6.415812773413743e-08,1.7325551232799146e-08,False
3989,3.7030930140149962,6.415812773413743e-08,1.7325551232799146e-08,False
3990,3.7030930140149962,-2.6010751430320667e-08,-7.0240610570348834e-09,False
3996,-3.249119324807624,-3.952558297673492e-08,1.2165014277853637e-08,False
3997,-3.249119324807624,0.0,-0.0,False
3998,-3.249119324807624,0.0,-0.0,False
4001,-3.249119324807624,5.340178695426023e-08,-1.6435772778958212e-08,False
4003,3.7030930140149962,8.293487865213e-08,2.2396110045912593e-08,False
4004,-3.249119324807624,-5.892304067670745e-08,1.813508055146488e-08,False
4005,-3.249119324807624,-5.892304067670745e-08,1.813508055146488e-08,False
4006,3.7030930140149962,1.482496513440304e-07,4.0034006918798404e-08,False
4007,-3.249119324807624,-1.0219712274703308e-07,3.145379179112913e-08,False
4008,-3.249119324807624,0.0,-0.0,False
4009,-3.249119324807624,0.0,-0.0,False
4010,-3.249119324807624,0.0,-0.0,False
4011,-3.249119324807624,0.0,-0.0,False
4012,-3.249119324807624,8.293487865213e-08,-2.5525340980525688e-08,False
4013,3.7030930140149962,8.293487865213e-08,2.2396110045912593e-08,False
4014,3.7030930140149962,0.0,0.0,False
4017,-3.249119324807624,-3.952558297673492e-08,1.2165014277853637e-08,False
4018,-3.249119324807624,0.0,-0.0,False
4019,-3.249119324807624,0.0,-0.0,False
4020,-3.249119324807624,0.0,-0.0,False
4021,-3.249119324807624,0.0,-0.0,False
4022,-3.249119324807624,0.0,-0.0,False
4024,-3.249119324807624,5.340178695426023e-08,-1.6435772778958212e-08,False
4025,3.7030930140149962,8.293487865213e-08,2.2396110045912593e-08,False
4026,3.7030930140149962,0.0,0.0,False
4034,-3.249119324807624,-3.952558297673492e-08,1.2165014277853637e-08,False
4039,3.7030930140149962,4.5166671618079857e-11,1.2197012456111357e-11,False
4040,-3.249119324807624,-1.3006277248782394e-08,4.003016186409983e-09,False
4041,-3.249119324807624,0.0,-0.0,False
4042,-3.249119324807624,0.0,-0.0,False
4043,-3.249119324807624,0.0,-0.0,False
4044,-3.249119324807624,0.0,-0.0,False
4045,-3.249119324807624,0.0,-0.0,False
4046,-3.249119324807624,0.0,-0.0,False
4049,3.7030930140149962,8.293487865213e-08,2.2396110045912593e-08,False
4050,3.7030930140149962,0.0,0.0,False
4067,-3.249119324807624,-3.952558297673492e-08,1.2165014277853637e-08,False
4068,-3.249119324807624,0.0,-0.0,False
4069,-3.249119324807624,0.0,-0.0,False
4074,-3.249119324807624,5.340178695426023e-08,-1.6435772778958212e-08,False
4076,3.7030930140149962,8.293487865213e-08,2.2396110045912593e-08,False
4078,-3.249119324807624,-5.372006573606258e-08,1.6533731256313055e-08,False
4079,-3.249119324807624,0.0,-0.0,False
4080,-3.249119324807624,0.0,-0.0,False
4085,3.7030930140149962,8.293487865213e-08,2.2396110045912593e-08,False
4086,3.7030930140149962,0.0,0.0,False
4090,-3.249119324807624,-3.952558297673492e-08,1.2165014277853637e-08,False
4091,-3.249119324807624,0.0,-0.0,False
4092,-3.249119324807624,0.0,-0.0,False
4093,-3.249119324807624,0.0,-0.0,False
4094,-3.249119324807624,0.0,-0.0,False
4095,-3.249119324807624,0.0,-0.0,False
4096,-3.249119324807624,0.0,-0.0,False
4097,3.7030930140149962,5.184183829096134e-08,1.3999604680400123e-08,False
4098,3.7030930140149962,5.184183829096134e-08,1.3999604680400123e-08,False
4105,-3.249119324807624,-3.952558297673492e-08,1.2165014277853637e-08,False
4106,-3.249119324807624,0.0,-0.0,False
4108,-3.249119324807624,5.340178695426023e-08,-1.6435772778958212e-08,False
4109,3.7030930140149962,8.293487865213e-08,2.2396110045912593e-08,False
4110,3.7030930140149962,0.0,0.0,False
4112,-3.249119324807624,-3.952558297673492e-08,1.2165014277853637e-08,False
4113,-3.249119324807624,0.0,-0.0,False
4114,-3.249119324807624,0.0,-0.0,False
4115,-3.249119324807624,0.0,-0.0,False
4116,-3.249119324807624,0.0,-0.0,False
4117,-3.249119324807624,0.0,-0.0,False
4121,3.7030930140149962,8.293487865213e-08,2.2396110045912593e-08,False
4122,3.7030930140149962,0.0,0.0,False
4126,-3.249119324807624,-3.952558297673492e-08,1.2165014277853637e-08,False
4127,-3.249119324807624,0.0,-0.0,False
4128,-3.249119324807624,0.0,-0.0,False
4129,-3.249119324807624,0.0,-0.0,False
4130,-3.249119324807624,0.0,-0.0,False
4131,-3.249119324807624,0.0,-0.0,False
4132,-3.249119324807624,8.293487865213e-08,-2.5525340980525688e-08,False
4133,3.7030930140149962,8.293487865213e-08,2.2396110045912593e-08,False
4134,3.7030930140149962,0.0,0.0,False
4138,-3.249119324807624,-3.952558297673492e-08,1.2165014277853637e-08,False
4139,-3.249119324807624,0.0,-0.0,False
4140,-3.249119324807624,0.0,-0.0,False
4141,-3.249119324807624,0.0,-0.0,False
4145,3.7030930140149962,8.293487865213e-08,2.2396110045912593e-08,False
4146,3.7030930140149962,0.0,0.0,False
4148,-3.249119324807624,-3.952558297673492e-08,1.2165014277853637e-08,False
4149,-3.249119324807624,0.0,-0.0,False
4150,-3.249119324807624,0.0,-0.0,False
4151,-3.249119324807624,0.0,-0.0,False
4152,-3.249119324807624,0.0,-0.0,False
4153,-3.249119324807624,0.0,-0.0,False
4154,-3.249119324807624,0.0,-0.0,False
4155,-3.249119324807624,0.0,-0.0,False
4156,-3.249119324807624,0.0,-0.0,False
4157,-3.249119324807624,0.0,-0.0,False
4164,-3.249119324807624,-1.119010181564739e-08,3.44404150694279e-09,False
4169,3.7030930140149962,6.082469306348259e-08,1.6425375445143025e-08,False
4177,-3.249119324807624,-3.940868969088546e-08,1.212903736406135e-08,False
4178,-3.249119324807624,-7.306191337694279e-10,2.2486682104624975e-10,False
4179,-3.249119324807624,0.0,-0.0,False
4181,3.7030930140149962,8.293487865213e-08,2.2396110045912593e-08,False
4182,3.7030930140149962,0.0,0.0,False
4186,-3.249119324807624,-3.952558297673492e-08,1.2165014277853637e-08,False
4187,3.7030930140149962,6.75742062904508e-08,1.8248044549435978e-08,False
4189,-3.249119324807624,-1.5141104484778234e-08,4.660064150052327e-09,False
4190,-3.249119324807624,-3.276010780706162e-08,1.0082765368736128e-08,False
4194,-3.249119324807624,5.340178695426023e-08,-1.6435772778958212e-08,False
4195,3.7030930140149962,8.293487865213e-08,2.2396110045912593e-08,False
4196,3.7030930140149962,0.0,0.0,False
4197,-3.249119324807624,-7.91803327305704e-08,2.4369782951956853e-08,False
4198,-3.249119324807624,0.0,-0.0,False
4199,-3.249119324807624,0.0,-0.0,False
4200,-3.249119324807624,0.0,-0.0,False
4201,-3.249119324807624,0.0,-0.0,False
4202,-3.249119324807624,0.0,-0.0,False
4203,-3.249119324807624,0.0,-0.0,False
4204,-3.249119324807624,0.0,-0.0,False
4205,-3.249119324807624,0.0,-0.0,False
4206,-3.249119324807624,0.0,-0.0,False
4211,-3.249119324807624,-2.1037593788547637e-08,6.474860319201494e-09,False
4212,-3.249119324807624,0.0,-0.0,False
4213,-3.249119324807624,0.0,-0.0,False
4214,-3.249119324807624,0.0,-0.0,False
4215,-3.249119324807624,0.0,-0.0,False
4216,-3.249119324807624,0.0,-0.0,False
4217,-3.249119324807624,8.293487865213e-08,-2.5525340980525688e-08,False
4218,3.7030930140149962,8.293487865213e-08,2.2396110045912593e-08,False
4219,-3.249119324807624,-1.6327583369536713e-08,5.0252335286280836e-09,False
4220,3.7030930140149962,1.6384283882744932e-08,4.424486185125725e-09,False
4232,-3.249119324807624,-3.952558297673492e-08,1.2165014277853637e-08,False
4233,-3.249119324807624,0.0,-0.0,False
4234,-3.249119324807624,0.0,-0.0,False
4235,-3.249119324807624,0.0,-0.0,False
4236,-3.249119324807624,0.0,-0.0,False
4241,-3.249119324807624,5.340178695426023e-08,-1.6435772778958212e-08,False
4244,3.7030930140149962,8.293487865213e-08,2.2396110045912593e-08,False
4246,-3.249119324807624,-3.251359002864884e-08,1.000689318499373e-08,False
4249,-3.249119324807624,-5.8765755475351233e-08,1.80866719872871e-08,False
4250,-3.249119324807624,0.0,-0.0,False
4251,-3.249119324807624,0.0,-0.0,False
4252,-3.249119324807624,8.293487865213e-08,-2.5525340980525688e-08,False
4254,3.7030930140149962,8.293487865213e-08,2.2396110045912593e-08,False
4256,-3.249119324807624,-3.6000147861023346e-08,1.1079970989724997e-08,False
4257,-3.249119324807624,-5.88294103032877e-08,1.8106263397011712e-08,False
4258,-3.249119324807624,0.0,-0.0,False
4259,-3.249119324807624,0.0,-0.0,False
4260,-3.249119324807624,0.0,-0.0,False
4261,-3.249119324807624,0.0,-0.0,False
4262,-3.249119324807624,0.0,-0.0,False
4264,-3.249119324807624,5.340178695426023e-08,-1.6435772778958212e-08,False
4265,3.7030930140149962,8.293487865213e-08,2.2396110045912593e-08,False
4266,-3.249119324807624,-4.2816342971964405e-08,1.3177830264667026e-08,False
4269,-3.249119324807624,-4.281634330850076e-08,1.3177830368244741e-08,False
4270,-3.249119324807624,0.0,-0.0,False
4271,-3.249119324807624,0.0,-0.0,False
4272,-3.249119324807624,0.0,-0.0,False
4273,-3.249119324807624,0.0,-0.0,False
4274,-3.249119324807624,0.0,-0.0,False
4275,-3.249119324807624,0.0,-0.0,False
4276,3.7030930140149962,5.461544316277822e-08,1.4748601495041207e-08,False
4278,3.7030930140149962,5.4615443608602154e-08,1.474860161543352e-08,False
4280,-3.249119324807624,-3.952558297673492e-08,1.2165014277853637e-08,False
4281,-3.249119324807624,0.0,-0.0,False
4282,-3.249119324807624,0.0,-0.0,False
4283,-3.249119324807624,0.0,-0.0,False
4284,-3.249119324807624,0.0,-0.0,False
4285,-3.249119324807624,0.0,-0.0,False
4288,-3.249119324807624,5.340178695426023e-08,-1.6435772778958212e-08,False
4289,3.7030930140149962,8.293487865213e-08,2.2396110045912593e-08,False
4290,3.7030930140149962,0.0,0.0,False
4293,-3.249119324807624,-3.952558297673492e-08,1.2165014277853637e-08,False
4294,-3.249119324807624,0.0,-0.0,False
4295,-3.249119324807624,0.0,-0.0,False
4297,-3.249119324807624,-1.3521760892400148e-08,4.161669529696559e-09,False
4298,-3.249119324807624,0.0,-0.0,False
4299,-3.249119324807624,0.0,-0.0,False
4300,-3.249119324807624,0.0,-0.0,False
4301,3.7030930140149962,1.5903168234555898e-08,4.294563537660979e-09,False
4304,-3.249119324807624,-1.5848132375005652e-08,4.877670159418967e-09,False
4305,-3.249119324807624,0.0,-0.0,False
4306,-3.249119324807624,0.0,-0.0,False
4307,-3.249119324807624,0.0,-0.0,False
4308,-3.249119324807624,0.0,-0.0,False
4309,-3.249119324807624,0.0,-0.0,False
4310,-3.249119324807624,0.0,-0.0,False
4311,-3.249119324807624,0.0,-0.0,False
4312,-3.249119324807624,8.293487865213e-08,-2.5525340980525688e-08,False
4313,3.7030930140149962,8.293487865213e-08,2.2396110045912593e-08,False
4314,3.7030930140149962,0.0,0.0,False
4319,-3.249119324807624,-3.952558297673492e-08,1.2165014277853637e-08,False
4320,-3.249119324807624,0.0,-0.0,False
4321,3.7030930140149962,2.248760378690401e-08,6.072654319455596e-09,False
4322,-3.249119324807624,-2.2409781729945677e-08,6.897186434133972e-09,False
4324,-3.249119324807624,5.340178695426023e-08,-1.6435772778958212e-08,False
4325,3.7030930140149962,8.293487865213e-08,2.2396110045912593e-08,False
4326,3.7030930140149962,0.0,0.0,False
4328,-3.249119324807624,-3.952558297673492e-08,1.2165014277853637e-08,False
4329,-3.249119324807624,0.0,-0.0,False
4330,-3.249119324807624,0.0,-0.0,False
4331,-3.249119324807624,0.0,-0.0,False
4332,-3.249119324807624,0.0,-0.0,False
4333,-3.249119324807624,0.0,-0.0,False
4334,-3.249119324807624,0.0,-0.0,False
4336,-3.249119324807624,5.340178695426023e-08,-1.6435772778958212e-08,False
4337,3.7030930140149962,8.293487865213e-08,2.2396110045912593e-08,False
4338,3.7030930140149962,0.0,0.0,False
4341,-3.249119324807624,-3.952558297673492e-08,1.2165014277853637e-08,False
4342,-3.249119324807624,0.0,-0.0,False
4343,-3.249119324807624,0.0,-0.0,False
4344,-3.249119324807624,0.0,-0.0,False
4345,-3.249119324807624,0.0,-0.0,False
4346,-3.249119324807624,0.0,-0.0,False
4348,-3.249119324807624,5.340178695426023e-08,-1.6435772778958212e-08,False
4349,3.7030930140149962,8.293487865213e-08,2.2396110045912593e-08,False
4350,3.7030930140149962,0.0,0.0,False
4357,-3.249119324807624,-3.952558297673492e-08,1.2165014277853637e-08,False
4358,-3.249119324807624,0.0,-0.0,False
4361,-3.249119324807624,5.340178695426023e-08,-1.6435772778958212e-08,False
4362,3.7030930140149962,8.293487865213e-08,2.2396110045912593e-08,False
4363,-3.249119324807624,-1.1761466570028162e-07,3.619893698648492e-08,False
4364,3.7030930140149962,1.5637276367351516e-07,4.222760894249628e-08,False
4365,3.7030930140149962,0.0,0.0,False
4371,-3.249119324807624,-3.952558297673492e-08,1.2165014277853637e-08,False
4372,3.7030930140149962,3.6619870719123426e-08,9.888995653236143e-09,False
4373,3.7030930140149962,3.6619870719123426e-08,9.888995653236143e-09,False
4379,-3.249119324807624,-3.952558297673492e-08,1.2165014277853637e-08,False
4381,-3.249119324807624,-2.1485626739564667e-08,6.612753977829608e-09,False
4385,-3.249119324807624,5.340178695426023e-08,-1.6435772778958212e-08,False
4386,3.7030930140149962,8.293487865213e-08,2.2396110045912593e-08,False
4387,3.7030930140149962,0.0,0.0,False
4399,-3.249119324807624,-3.952558297673492e-08,1.2165014277853637e-08,False
4400,-3.249119324807624,0.0,-0.0,False
4401,-3.249119324807624,0.0,-0.0,False
4402,-3.249119324807624,0.0,-0.0,False
4403,-3.249119324807624,0.0,-0.0,False
4404,-3.249119324807624,0.0,-0.0,False
4405,-3.249119324807624,0.0,-0.0,False
4406,-3.249119324807624,0.0,-0.0,False
4409,-3.249119324807624,5.340178695426023e-08,-1.6435772778958212e-08,False
4412,3.7030930140149962,8.293487865213e-08,2.2396110045912593e-08,False
4414,-3.249119324807624,-3.331189080829633e-08,1.0252590772506849e-08,False
4415,-3.249119324807624,-5.068552969781509e-08,1.5599774779221476e-08,False
4416,-3.249119324807624,0.0,-0.0,False
4417,-3.249119324807624,0.0,-0.0,False
4418,-3.249119324807624,0.0,-0.0,False
4419,-3.249119324807624,0.0,-0.0,False
4420,-3.249119324807624,8.293487865213e-08,-2.5525340980525688e-08,False
4421,3.7030930140149962,8.293487865213e-08,2.2396110045912593e-08,False
4422,3.7030930140149962,0.0,0.0,False
4429,-3.249119324807624,-3.952558297673492e-08,1.2165014277853637e-08,False
4430,-3.249119324807624,0.0,-0.0,False
4432,-3.249119324807624,5.340178695426023e-08,-1.6435772778958212e-08,False
4435,3.7030930140149962,8.293487865213e-08,2.2396110045912593e-08,False
4436,3.7030930140149962,0.0,0.0,False
4440,-3.249119324807624,-3.952558297673492e-08,1.2165014277853637e-08,False
4441,-3.249119324807624,0.0,-0.0,False
4442,-3.249119324807624,0.0,-0.0,False
4443,-3.249119324807624,0.0,-0.0,False
4445,3.7030930140149962,8.293487865213e-08,2.2396110045912593e-08,False
4446,3.7030930140149962,0.0,0.0,False
4452,-3.249119324807624,-3.952558297673492e-08,1.2165014277853637e-08,False
4453,-3.249119324807624,0.0,-0.0,False
4455,-3.249119324807624,5.340178695426023e-08,-1.6435772778958212e-08,False
4461,3.7030930140149962,5.340178695426023e-08,1.4420860278732381e-08,False
4462,3.7030930140149962,8.293487865213e-08,2.2396110045912593e-08,False
4463,3.7030930140149962,0.0,0.0,False
4464,-3.249119324807624,-7.91803327305704e-08,2.4369782951956853e-08,False
4465,-3.249119324807624,1.8293785091806625e-08,-5.630382655426105e-09,False
4466,-3.249119324807624,-1.8230476435746046e-08,5.610897788995622e-09,False
4467,-3.249119324807624,0.0,-0.0,False
4468,-3.249119324807624,8.293487865213e-08,-2.5525340980525688e-08,False
4469,3.7030930140149962,8.293487865213e-08,2.2396110045912593e-08,False
4470,3.7030930140149962,0.0,0.0,False
4476,-3.249119324807624,-3.952558297673492e-08,1.2165014277853637e-08,False
4477,-3.249119324807624,0.0,-0.0,False
4479,-3.249119324807624,5.340178695426023e-08,-1.6435772778958212e-08,False
4481,3.7030930140149962,8.293487865213e-08,2.2396110045912593e-08,False
4482,3.7030930140149962,0.0,0.0,False
4483,3.7030930140149962,0.0,0.0,False
4489,-3.249119324807624,-3.952558297673492e-08,1.2165014277853637e-08,False
4490,-3.249119324807624,0.0,-0.0,False
4491,-3.249119324807624,0.0,-0.0,False
4493,-3.249119324807624,5.340178695426023e-08,-1.6435772778958212e-08,False
4494,3.7030930140149962,8.293487865213e-08,2.2396110045912593e-08,False
4495,3.7030930140149962,0.0,0.0,False
4500,-3.249119324807624,-3.952558297673492e-08,1.2165014277853637e-08,False
4501,-3.249119324807624,0.0,-0.0,False
4502,-3.249119324807624,0.0,-0.0,False
4506,3.7030930140149962,8.293487865213e-08,2.2396110045912593e-08,False
4507,3.7030930140149962,0.0,0.0,False
4514,-3.249119324807624,-3.952558297673492e-08,1.2165014277853637e-08,False
4515,-3.249119324807624,0.0,-0.0,False
4517,-3.249119324807624,5.340178695426023e-08,-1.6435772778958212e-08,False
4518,3.7030930140149962,8.293487865213e-08,2.2396110045912593e-08,False
4519,3.7030930140149962,0.0,0.0,False
4524,-3.249119324807624,-3.952558297673492e-08,1.2165014277853637e-08,False
4525,-3.249119324807624,0.0,-0.0,False
4527,-3.249119324807624,5.340178695426023e-08,-1.6435772778958212e-08,False
4530,3.7030930140149962,8.293487865213e-08,2.2396110045912593e-08,False
4531,3.7030930140149962,0.0,0.0,False
4532,3.7030930140149962,0.0,0.0,False
4548,-3.249119324807624,-3.952558297673492e-08,1.2165014277853637e-08,False
4549,-3.249119324807624,0.0,-0.0,False
4560,3.7030930140149962,8.293487865213e-08,2.2396110045912593e-08,False
4561,-3.249119324807624,-9.52483819654723e-08,2.9315138178593005e-08,False
4562,3.7030930140149962,1.3072628016197463e-07,3.530191644315128e-08,False
4563,3.7030930140149962,0.0,0.0,False
4564,3.7030930140149962,0.0,0.0,False
4565,3.7030930140149962,0.0,0.0,False
4567,-3.249119324807624,-3.952558297673492e-08,1.2165014277853637e-08,False
4568,3.7030930140149962,4.089998555112384e-08,1.1044817236923503e-08,False
4569,3.7030930140149962,4.089998555112384e-08,1.1044817236923503e-08,False
4571,-3.249119324807624,-3.952558297673492e-08,1.2165014277853637e-08,False
4572,-3.249119324807624,0.0,-0.0,False
4578,-3.249119324807624,5.340178695426023e-08,-1.6435772778958212e-08,False
4579,3.7030930140149962,8.293487865213e-08,2.2396110045912593e-08,False
4580,3.7030930140149962,0.0,0.0,False
4583,-3.249119324807624,-3.952558297673492e-08,1.2165014277853637e-08,False
4584,-3.249119324807624,0.0,-0.0,False
4585,-3.249119324807624,0.0,-0.0,False
4586,-3.249119324807624,0.0,-0.0,False
4588,-3.249119324807624,5.340178695426023e-08,-1.6435772778958212e-08,False
4590,3.7030930140149962,8.293487865213e-08,2.2396110045912593e-08,False
4593,3.7030930140149962,-3.2673305079729265e-08,-8.823247203370665e-09,False
4596,-3.249119324807624,-5.884915596412327e-08,1.811234063175185e-08,False
4597,-3.249119324807624,0.0,-0.0,False
4598,-3.249119324807624,0.0,-0.0,False
4599,-3.249119324807624,0.0,-0.0,False
4600,-3.249119324807624,8.293487865213e-08,-2.5525340980525688e-08,False
4601,3.7030930140149962,8.293487865213e-08,2.2396110045912593e-08,False
4602,3.7030930140149962,0.0,0.0,False
4606,-3.249119324807624,-3.952558297673492e-08,1.2165014277853637e-08,False
4607,-3.249119324807624,0.0,-0.0,False
4608,-3.249119324807624,0.0,-0.0,False
4609,-3.249119324807624,0.0,-0.0,False
4610,-3.249119324807624,0.0,-0.0,False
4611,-3.249119324807624,0.0,-0.0,False
4612,3.7030930140149962,5.33707825703042e-08,1.4412487714543826e-08,False
4613,3.7030930140149962,5.33707825703042e-08,1.4412487714543826e-08,False
4619,-3.249119324807624,-3.952558297673492e-08,1.2165014277853637e-08,False
4620,-3.249119324807624,0.0,-0.0,False
4621,-3.249119324807624,0.0,-0.0,False
4625,-3.249119324807624,5.340178695426023e-08,-1.6435772778958212e-08,False
4626,3.7030930140149962,8.293487865213e-08,2.2396110045912593e-08,False
4627,3.7030930140149962,0.0,0.0,False
4631,-3.249119324807624,-3.952558297673492e-08,1.2165014277853637e-08,False
4632,-3.249119324807624,0.0,-0.0,False
4633,-3.249119324807624,0.0,-0.0,False
4634,-3.249119324807624,0.0,-0.0,False
4635,-3.249119324807624,0.0,-0.0,False
4636,3.7030930140149962,8.232592729490867e-08,2.223166606491707e-08,False
4637,3.7030930140149962,8.232592729490867e-08,2.223166606491707e-08,False
4638,3.7030930140149962,0.0,0.0,False
4643,-3.249119324807624,-3.952558297673492e-08,1.2165014277853637e-08,False
4644,-3.249119324807624,0.0,-0.0,False
4651,-3.249119324807624,5.340178695426023e-08,-1.6435772778958212e-08,False
4653,3.7030930140149962,5.340178695426023e-08,1.4420860278732381e-08,False
4654,3.7030930140149962,8.293487865213e-08,2.2396110045912593e-08,False
4655,-3.249119324807624,-8.928240338712534e-08,2.7478954898774493e-08,False
4662,3.7030930140149962,6.052798959613193e-08,1.634525229775576e-08,False
4670,-3.249119324807624,-3.952558297673492e-08,1.2165014277853637e-08,False
4674,-3.249119324807624,1.3826546131114059e-08,-4.255475022276293e-09,False
4675,3.7030930140149962,2.7573051919818625e-08,7.445951753159761e-09,False
4676,3.7030930140149962,0.0,0.0,False
4678,-3.249119324807624,-3.952558297673492e-08,1.2165014277853637e-08,False
4679,3.7030930140149962,2.1692748924419247e-08,5.858008114384188e-09,False
4680,-3.249119324807624,-2.161767759332328e-08,6.653396022814039e-09,False
4682,-3.249119324807624,5.340178695426023e-08,-1.6435772778958212e-08,False
4683,3.7030930140149962,5.340178695426023e-08,1.4420860278732381e-08,False
4685,3.7030930140149962,8.293487926015058e-08,2.2396110210105225e-08,False
4686,3.7030930140149962,0.0,0.0,False
4687,3.7030930140149962,0.0,0.0,False
4689,3.7030930140149962,1.3355112329395402e-08,3.606474986950279e-09,False
4692,-3.249119324807624,-3.952558297673492e-08,1.2165014277853637e-08,False
4693,-3.249119324807624,0.0,-0.0,False
4696,3.7030930140149962,8.293487865213e-08,2.2396110045912593e-08,False
4697,-3.249119324807624,-1.1244972845936285e-07,3.4609294771290325e-08,False
4698,3.7030930140149962,1.5994075015790532e-07,4.3191124163660456e-08,False
4699,3.7030930140149962,0.0,0.0,False
4716,-3.249119324807624,-3.952558297673492e-08,1.2165014277853637e-08,False
4717,-3.249119324807624,0.0,-0.0,False
4721,-3.249119324807624,5.340178695426023e-08,-1.6435772778958212e-08,False
4722,3.7030930140149962,5.340178756228081e-08,1.442086044292501e-08,False
4723,-3.249119324807624,5.3401786955127595e-08,-1.6435772779225163e-08,False
4724,3.7030930140149962,8.293487925928322e-08,2.2396110209870997e-08,False
4725,-3.249119324807624,-1.8529813097106773e-08,5.703026341823841e-09,False
4726,3.7030930140149962,1.859416125498531e-08,5.02125147400092e-09,False
4739,-3.249119324807624,-3.952558297673492e-08,1.2165014277853637e-08,False
4740,-3.249119324807624,0.0,-0.0,False
4741,-3.249119324807624,0.0,-0.0,False
4745,3.7030930140149962,8.293487865213e-08,2.2396110045912593e-08,False
4747,3.7030930140149962,2.3327514227580726e-08,6.299467536811447e-09,False
4751,-3.249119324807624,-3.952558297673492e-08,1.2165014277853637e-08,False
4752,-3.249119324807624,0.0,-0.0,False
4753,-3.249119324807624,0.0,-0.0,False
4754,-3.249119324807624,0.0,-0.0,False
4755,-3.249119324807624,0.0,-0.0,False
4756,3.7030930140149962,1.6557468247944268e-07,4.471253675043987e-08,False
4757,3.7030930140149962,0.0,0.0,False
4764,-3.249119324807624,-3.952558297673492e-08,1.2165014277853637e-08,False
4765,-3.249119324807624,0.0,-0.0,False
4769,3.7030930140149962,8.293487865213e-08,2.2396110045912593e-08,False
4770,3.7030930140149962,0.0,0.0,False
4773,-3.249119324807624,-3.952558297673492e-08,1.2165014277853637e-08,False
4774,-3.249119324807624,0.0,-0.0,False
4775,-3.249119324807624,0.0,-0.0,False
4776,-3.249119324807624,0.0,-0.0,False
4777,-3.249119324807624,0.0,-0.0,False
4778,-3.249119324807624,0.0,-0.0,False
4779,-3.249119324807624,0.0,-0.0,False
4783,-3.249119324807624,-1.637701337996872e-08,5.0404468850765824e-09,False
4784,-3.249119324807624,0.0,-0.0,False
4785,-3.249119324807624,0.0,-0.0,False
4786,-3.249119324807624,0.0,-0.0,False
4787,-3.249119324807624,0.0,-0.0,False
4788,-3.249119324807624,0.0,-0.0,False
4789,-3.249119324807624,0.0,-0.0,False
4790,-3.249119324807624,0.0,-0.0,False
4791,-3.249119324807624,0.0,-0.0,False
4792,-3.249119324807624,0.0,-0.0,False
4793,3.7030930140149962,1.0996014136385734e-07,2.9694134321685727e-08,False
4802,-3.249119324807624,-3.952558297673492e-08,1.2165014277853637e-08,False
4803,-3.249119324807624,0.0,-0.0,False
4806,3.7030930140149962,8.293487865213e-08,2.2396110045912593e-08,False
4807,3.7030930140149962,0.0,0.0,False
4809,-3.249119324807624,-3.952558297673492e-08,1.2165014277853637e-08,False
4810,-3.249119324807624,0.0,-0.0,False
4811,-3.249119324807624,0.0,-0.0,False
4814,-3.249119324807624,5.340178695426023e-08,-1.6435772778958212e-08,False
4815,3.7030930140149962,8.293487865213e-08,2.2396110045912593e-08,False
4816,-3.249119324807624,-1.1688699189452145e-07,3.5974976665851497e-08,False
4817,3.7030930140149962,1.5712702287461883e-07,4.24312925114072e-08,False
4822,-3.249119324807624,-4.8528136185714554e-08,1.4935781463978038e-08,False
4823,-3.249119324807624,0.0,-0.0,False
4824,-3.249119324807624,0.0,-0.0,False
4825,-3.249119324807624,8.293487865213e-08,-2.5525340980525688e-08,False
4826,3.7030930140149962,5.340178756228081e-08,1.442086044292501e-08,False
4828,-3.249119324807624,5.340178756228081e-08,-1.6435772966092175e-08,False
4829,3.7030930140149962,8.293487925928322e-08,2.2396110209870997e-08,False
4830,3.7030930140149962,0.0,0.0,False
4834,-3.249119324807624,-3.952558297673492e-08,1.2165014277853637e-08,False
4835,-3.249119324807624,0.0,-0.0,False
4836,-3.249119324807624,0.0,-0.0,False
4837,-3.249119324807624,0.0,-0.0,False
4838,-3.249119324807624,0.0,-0.0,False
4839,-3.249119324807624,0.0,-0.0,False
4840,3.7030930140149962,8.021885912739418e-08,2.166266383906427e-08,False
4842,3.7030930140149962,8.02188597163328e-08,2.1662663998103922e-08,False
4844,3.7030930140149962,1.5864769309023585e-08,4.2841941179928835e-09,False
4850,-3.249119324807624,-3.952558297673492e-08,1.2165014277853637e-08,False
4851,-3.249119324807624,0.0,-0.0,False
4852,3.7030930140149962,1.6557468247944268e-07,4.471253675043987e-08,False
4853,3.7030930140149962,0.0,0.0,False
4854,3.7030930140149962,0.0,0.0,False
4859,-3.249119324807624,-3.952558297673492e-08,1.2165014277853637e-08,False
4860,-3.249119324807624,0.0,-0.0,False
4864,3.7030930140149962,8.293487865213e-08,2.2396110045912593e-08,False
4865,3.7030930140149962,-1.680461289479268e-08,-4.537993734208867e-09,False
4866,3.7030930140149962,1.68629699795822e-08,4.553752745545783e-09,False
4884,-3.249119324807624,-3.952558297673492e-08,1.2165014277853637e-08,False
4885,-3.249119324807624,0.0,-0.0,False
4886,-3.249119324807624,0.0,-0.0,False
4889,-3.249119324807624,5.340178695426023e-08,-1.6435772778958212e-08,False
4891,3.7030930140149962,8.293487865213e-08,2.2396110045912593e-08,False
4892,-3.249119324807624,-3.4861823009109394e-08,1.0729622252692586e-08,False
4893,-3.249119324807624,-3.4861823009109394e-08,1.0729622252692586e-08,False
4894,3.7030930140149962,7.523579119515095e-08,2.0317013618185685e-08,False
4907,-3.249119324807624,-3.952558297673492e-08,1.2165014277853637e-08,False
4908,-3.249119324807624,0.0,-0.0,False
4912,-3.249119324807624,5.340178695426023e-08,-1.6435772778958212e-08,False
4914,3.7030930140149962,8.293487865213e-08,2.2396110045912593e-08,False
4915,3.7030930140149962,0.0,0.0,False
4918,-3.249119324807624,-3.952558297673492e-08,1.2165014277853637e-08,False
4919,3.7030930140149962,8.105003824424722e-08,2.188711921021139e-08,False
4923,-3.249119324807624,-3.952558297673492e-08,1.2165014277853637e-08,False
4924,-3.249119324807624,0.0,-0.0,False
4926,3.7030930140149962,8.293487865213e-08,2.2396110045912593e-08,False
4927,3.7030930140149962,0.0,0.0,False
4931,-3.249119324807624,-3.952558297673492e-08,1.2165014277853637e-08,False
4932,-3.249119324807624,0.0,-0.0,False
4933,-3.249119324807624,0.0,-0.0,False
4934,-3.249119324807624,0.0,-0.0,False
4937,-3.249119324807624,5.340178695426023e-08,-1.6435772778958212e-08,False
4938,3.7030930140149962,8.293487865213e-08,2.2396110045912593e-08,False
4940,3.7030930140149962,2.3327514227580726e-08,6.299467536811447e-09,False
4942,-3.249119324807624,-3.952558297673492e-08,1.2165014277853637e-08,False
4943,-3.249119324807624,4.414820932961694e-08,-1.3587746375621613e-08,False
4946,3.7030930140149962,4.414820932961694e-08,1.1921982289542932e-08,False
4947,-3.249119324807624,-7.36535344502548e-08,2.2668768699227665e-08,False
4948,-3.249119324807624,5.787366984515846e-08,-1.781210970101416e-08,False
4949,3.7030930140149962,5.787366984515846e-08,1.5628467777105662e-08,False
4950,3.7030930140149962,0.0,0.0,False
4951,3.7030930140149962,0.0,0.0,False
4957,-3.249119324807624,-3.952558297673492e-08,1.2165014277853637e-08,False
4958,-3.249119324807624,0.0,-0.0,False
4964,-3.249119324807624,5.340178695426023e-08,-1.6435772778958212e-08,False
4965,3.7030930140149962,5.340178756228081e-08,1.442086044292501e-08,False
4966,-3.249119324807624,5.3401786955127595e-08,-1.6435772779225163e-08,False
4971,3.7030930140149962,5.340178756228081e-08,1.442086044292501e-08,False
4972,-3.249119324807624,5.3401786955127595e-08,-1.6435772779225163e-08,False
4973,3.7030930140149962,5.340178816943403e-08,1.4420860606883414e-08,False
4974,-3.249119324807624,5.3401786955127595e-08,-1.6435772779225163e-08,False
4976,3.7030930140149962,5.340178756228081e-08,1.442086044292501e-08,False
4980,-3.249119324807624,5.340178756228081e-08,-1.6435772966092175e-08,False
4981,3.7030930140149962,8.293487925928322e-08,2.2396110209870997e-08,False
4982,3.7030930140149962,0.0,0.0,False
4983,-3.249119324807624,-5.119221742431318e-08,1.575572095289058e-08,False
4984,-3.249119324807624,-5.119221742431318e-08,1.575572095289058e-08,False
4986,3.7030930140149962,8.293487865213e-08,2.2396110045912593e-08,False
4987,3.7030930140149962,0.0,0.0,False
4989,-3.249119324807624,-4.3726976825010644e-08,1.3458101243357585e-08,False
4993,-3.249119324807624,-2.4174759570907978e-08,7.440403738431284e-09,False
4996,3.7030930140149962,8.293487865213e-08,2.2396110045912593e-08,False
4997,-3.249119324807624,-1.0381927916230244e-07,3.195305213004125e-08,False
4998,-3.249119324807624,0.0,-0.0,False
5000,-3.249119324807624,7.347278688230041e-11,-2.2613138988562886e-11,False
5001,-3.249119324807624,-2.115735788735945e-08,6.511720799485304e-09,False
5002,-3.249119324807624,0.0,-0.0,False
5003,-3.249119324807624,0.0,-0.0,False
5004,-3.249119324807624,0.0,-0.0,False
5005,-3.249119324807624,0.0,-0.0,False
5008,-3.249119324807624,5.340178695426023e-08,-1.6435772778958212e-08,False
5009,3.7030930140149962,8.293487865213e-08,2.2396110045912593e-08,False
5010,3.7030930140149962,0.0,0.0,False
5013,-3.249119324807624,-3.952558297673492e-08,1.2165014277853637e-08,False
5014,-3.249119324807624,0.0,-0.0,False
5015,-3.249119324807624,0.0,-0.0,False
5016,-3.249119324807624,0.0,-0.0,False
5017,-3.249119324807624,0.0,-0.0,False
5018,-3.249119324807624,0.0,-0.0,False
5019,-3.249119324807624,0.0,-0.0,False
5020,3.7030930140149962,5.1022836154018814e-08,1.3778437636028601e-08,False
5022,3.7030930140149962,5.102283655040313e-08,1.3778437743070016e-08,False
5027,-3.249119324807624,-3.9367581899235615e-08,1.2116385384389204e-08,False
5028,-3.249119324807624,-9.434878737654695e-10,2.9038264817231114e-10,False
5029,-3.249119324807624,0.0,-0.0,False
5031,-3.249119324807624,1.102805362654391e-08,-3.3941670108397345e-09,False
5033,3.7030930140149962,2.4384049155702636e-08,6.584779011333765e-09,False
5039,-3.249119324807624,-3.952558297673492e-08,1.2165014277853637e-08,False
5040,-3.249119324807624,0.0,-0.0,False
5041,-3.249119324807624,0.0,-0.0,False
5042,-3.249119324807624,0.0,-0.0,False
5043,-3.249119324807624,0.0,-0.0,False
5044,-3.249119324807624,0.0,-0.0,False
5046,3.7030930140149962,7.503905830041901e-11,2.0263886976757192e-11,False
5047,-3.249119324807624,-2.160838428848233e-08,6.650535769338583e-09,False
5048,-3.249119324807624,0.0,-0.0,False
5053,-3.249119324807624,-2.5956550445474513e-08,7.988795686046822e-09,False
5054,-3.249119324807624,0.0,-0.0,False
5055,-3.249119324807624,0.0,-0.0,False
5056,-3.249119324807624,8.293487865213e-08,-2.5525340980525688e-08,False
5058,3.7030930140149962,8.293487865213e-08,2.2396110045912593e-08,False
5059,3.7030930140149962,0.0,0.0,False
5065,-3.249119324807624,-3.952558297673492e-08,1.2165014277853637e-08,False
5066,-3.249119324807624,0.0,-0.0,False
5067,-3.249119324807624,0.0,-0.0,False
5068,-3.249119324807624,0.0,-0.0,False
5069,-3.249119324807624,0.0,-0.0,False
5070,-3.249119324807624,1.6282265185435518e-08,-5.011285692439002e-09,False
5071,-3.249119324807624,-1.6225917724883854e-08,4.993943312883582e-09,False
5072,-3.249119324807624,0.0,-0.0,False
5073,-3.249119324807624,0.0,-0.0,False
5074,-3.249119324807624,0.0,-0.0,False
5075,-3.249119324807624,0.0,-0.0,False
5076,-3.249119324807624,0.0,-0.0,False
5077,-3.249119324807624,0.0,-0.0,False
5078,-3.249119324807624,0.0,-0.0,False
5081,-3.249119324807624,5.340178695426023e-08,-1.6435772778958212e-08,False
5083,3.7030930140149962,8.293487865213e-08,2.2396110045912593e-08,False
5084,3.7030930140149962,0.0,0.0,False
5087,-3.249119324807624,-3.952558297673492e-08,1.2165014277853637e-08,False
5088,-3.249119324807624,0.0,-0.0,False
5089,-3.249119324807624,0.0,-0.0,False
5090,-3.249119324807624,0.0,-0.0,False
5091,-3.249119324807624,0.0,-0.0,False
5092,-3.249119324807624,8.293487865213e-08,-2.5525340980525688e-08,False
5094,3.7030930140149962,8.293487865213e-08,2.2396110045912593e-08,False
5095,3.7030930140149962,0.0,0.0,False
5101,-3.249119324807624,-3.952558297673492e-08,1.2165014277853637e-08,False
5102,-3.249119324807624,0.0,-0.0,False
5104,-3.249119324807624,5.340178695426023e-08,-1.6435772778958212e-08,False
5106,3.7030930140149962,8.293487865213e-08,2.2396110045912593e-08,False
5107,3.7030930140149962,0.0,0.0,False
5111,-3.249119324807624,-3.952558297673492e-08,1.2165014277853637e-08,False
5112,-3.249119324807624,0.0,-0.0,False
5113,-3.249119324807624,0.0,-0.0,False
5114,-3.249119324807624,0.0,-0.0,False
5115,-3.249119324807624,0.0,-0.0,False
5116,-3.249119324807624,5.7291285071071896e-08,-1.7632865814943263e-08,False
5117,3.7030930140149962,5.7291285071071896e-08,1.5471197956476685e-08,False
5122,-3.249119324807624,-3.952558297673492e-08,1.2165014277853637e-08,False
5123,3.7030930140149962,8.079058637713854e-08,2.1817055653577316e-08,False
5124,-3.249119324807624,-3.745223664183839e-08,1.1526888642064841e-08,False
5125,-3.249119324807624,-3.745223664183839e-08,1.1526888642064841e-08,False
5128,-3.249119324807624,5.340178695426023e-08,-1.6435772778958212e-08,False
5129,3.7030930140149962,8.293487865213e-08,2.2396110045912593e-08,False
5130,3.7030930140149962,0.0,0.0,False
5131,3.7030930140149962,0.0,0.0,False
5132,3.7030930140149962,0.0,0.0,False
5138,-3.249119324807624,-3.952558297673492e-08,1.2165014277853637e-08,False
5139,-3.249119324807624,0.0,-0.0,False
5140,-3.249119324807624,8.293487865213e-08,-2.5525340980525688e-08,False
5141,3.7030930140149962,5.340178695426023e-08,1.4420860278732381e-08,False
5142,3.7030930140149962,8.293487865213e-08,2.2396110045912593e-08,False
5143,3.7030930140149962,0.0,0.0,False
5147,-3.249119324807624,-3.952558297673492e-08,1.2165014277853637e-08,False
5148,-3.249119324807624,1.761900332228339e-08,-5.4227012186838e-09,False
5149,-3.249119324807624,-1.7558029859893187e-08,5.403935068138125e-09,False
5153,-3.249119324807624,5.340178695426023e-08,-1.6435772778958212e-08,False
5154,3.7030930140149962,8.293487865213e-08,2.2396110045912593e-08,False
5155,3.7030930140149962,0.0,0.0,False
5159,-3.249119324807624,-3.952558297673492e-08,1.2165014277853637e-08,False
5160,-3.249119324807624,0.0,-0.0,False
5161,-3.249119324807624,0.0,-0.0,False
5162,-3.249119324807624,0.0,-0.0,False
5163,-3.249119324807624,0.0,-0.0,False
5164,-3.249119324807624,5.3043886545298125e-08,-1.63256197272591e-08,False
5165,3.7030930140149962,5.3043886545298125e-08,1.4324211232217056e-08,False
5171,-3.249119324807624,-3.952558297673492e-08,1.2165014277853637e-08,False
5172,-3.249119324807624,0.0,-0.0,False
5173,-3.249119324807624,0.0,-0.0,False
5177,3.7030930140149962,8.293487865213e-08,2.2396110045912593e-08,False
5178,3.7030930140149962,0.0,0.0,False
5181,-3.249119324807624,-3.952558297673492e-08,1.2165014277853637e-08,False
5182,-3.249119324807624,0.0,-0.0,False
5183,-3.249119324807624,0.0,-0.0,False
5184,-3.249119324807624,0.0,-0.0,False
5185,-3.249119324807624,0.0,-0.0,False
5186,-3.249119324807624,0.0,-0.0,False
5187,-3.249119324807624,0.0,-0.0,False
5188,3.7030930140149962,6.636441507446023e-08,1.7921347053204608e-08,False
5189,3.7030930140149962,6.636441507446023e-08,1.7921347053204608e-08,False
5190,3.7030930140149962,0.0,0.0,False
5195,-3.249119324807624,-3.952558297673492e-08,1.2165014277853637e-08,False
5196,-3.249119324807624,0.0,-0.0,False
5197,-3.249119324807624,0.0,-0.0,False
5198,-3.249119324807624,0.0,-0.0,False
5199,-3.249119324807624,0.0,-0.0,False
5200,-3.249119324807624,0.0,-0.0,False
5201,-3.249119324807624,8.293487865213e-08,-2.5525340980525688e-08,False
5202,3.7030930140149962,8.293487865213e-08,2.2396110045912593e-08,False
5203,3.7030930140149962,0.0,0.0,False
5205,-3.249119324807624,-3.952558297673492e-08,1.2165014277853637e-08,False
5206,-3.249119324807624,0.0,-0.0,False
5207,3.7030930140149962,1.6345291348543456e-07,4.413956464685568e-08,False
5208,3.7030930140149962,0.0,0.0,False
5211,-3.249119324807624,-3.952558297673492e-08,1.2165014277853637e-08,False
5212,-3.249119324807624,0.0,-0.0,False
5214,3.7030930140149962,6.407148755299685e-08,1.7302154526096757e-08,False
5220,-3.249119324807624,-3.952558297673492e-08,1.2165014277853637e-08,False
5221,-3.249119324807624,0.0,-0.0,False
5225,-3.249119324807624,5.340178695426023e-08,-1.6435772778958212e-08,False
5226,3.7030930140149962,8.293487865213e-08,2.2396110045912593e-08,False
5227,3.7030930140149962,0.0,0.0,False
5243,-3.249119324807624,-3.952558297673492e-08,1.2165014277853637e-08,False
5244,-3.249119324807624,0.0,-0.0,False
5245,-3.249119324807624,0.0,-0.0,False
5249,-3.249119324807624,5.340178695426023e-08,-1.6435772778958212e-08,False
5250,3.7030930140149962,8.293487865213e-08,2.2396110045912593e-08,False
5251,-3.249119324807624,-4.8528136185714554e-08,1.4935781463978038e-08,False
5253,-3.249119324807624,-4.852813652138355e-08,1.49357815672888e-08,False
5254,-3.249119324807624,0.0,-0.0,False
5255,-3.249119324807624,0.0,-0.0,False
5256,-3.249119324807624,0.0,-0.0,False
5257,-3.249119324807624,0.0,-0.0,False
5258,-3.249119324807624,0.0,-0.0,False
5259,-3.249119324807624,0.0,-0.0,False
5260,-3.249119324807624,7.39409935961513e-08,-2.2757241641326685e-08,False
5261,3.7030930140149962,7.39409935961513e-08,1.996736061349494e-08,False
5263,-3.249119324807624,-3.397279878854936e-08,1.0456002193936305e-08,False
5264,-3.249119324807624,-5.3330970244125364e-08,1.6413977115870626e-08,False
5265,-3.249119324807624,0.0,-0.0,False
5266,-3.249119324807624,0.0,-0.0,False
5267,-3.249119324807624,0.0,-0.0,False
5268,-3.249119324807624,0.0,-0.0,False
5269,-3.249119324807624,0.0,-0.0,False
5270,-3.249119324807624,0.0,-0.0,False
5272,-3.249119324807624,5.340178695426023e-08,-1.6435772778958212e-08,False
5273,3.7030930140149962,8.293487865213e-08,2.2396110045912593e-08,False
5274,3.7030930140149962,0.0,0.0,False
5277,-3.249119324807624,-3.952558297673492e-08,1.2165014277853637e-08,False
5278,-3.249119324807624,0.0,-0.0,False
5279,-3.249119324807624,0.0,-0.0,False
5280,-3.249119324807624,0.0,-0.0,False
5281,-3.249119324807624,0.0,-0.0,False
5282,-3.249119324807624,0.0,-0.0,False
5283,-3.249119324807624,0.0,-0.0,False
5284,-3.249119324807624,0.0,-0.0,False
5285,-3.249119324807624,0.0,-0.0,False
5286,-3.249119324807624,0.0,-0.0,False
5287,-3.249119324807624,0.0,-0.0,False
5288,-3.249119324807624,0.0,-0.0,False
5289,-3.249119324807624,0.0,-0.0,False
5290,-3.249119324807624,0.0,-0.0,False
5291,-3.249119324807624,0.0,-0.0,False
5292,-3.249119324807624,0.0,-0.0,False
5293,-3.249119324807624,0.0,-0.0,False
5294,-3.249119324807624,0.0,-0.0,False
5295,-3.249119324807624,0.0,-0.0,False
5296,-3.249119324807624,0.0,-0.0,False
5299,3.7030930140149962,7.10500035541739e-11,1.9186664576145637e-11,False
5300,-3.249119324807624,-2.0459688745283477e-08,6.296995185455329e-09,False
5301,-3.249119324807624,0.0,-0.0,False
5302,-3.249119324807624,0.0,-0.0,False
5304,-3.249119324807624,-1.852494369014579e-08,5.701527656649737e-09,False
5305,-3.249119324807624,-4.8457216399178105e-09,1.4913954076477997e-09,False
5306,-3.249119324807624,0.0,-0.0,False
5308,-3.249119324807624,-2.3798209915736057e-08,7.324510901779551e-09,False
5309,-3.249119324807624,0.0,-0.0,False
5310,-3.249119324807624,0.0,-0.0,False
5311,-3.249119324807624,0.0,-0.0,False
5312,-3.249119324807624,0.0,-0.0,False
5313,-3.249119324807624,0.0,-0.0,False
5317,-3.249119324807624,-2.7746971010753074e-08,8.539843642829563e-09,False
5318,-3.249119324807624,0.0,-0.0,False
5319,-3.249119324807624,0.0,-0.0,False
5320,-3.249119324807624,0.0,-0.0,False
5341,-3.249119324807624,-2.8944705261074732e-08,8.908477149508354e-09,False
5342,-3.249119324807624,0.0,-0.0,False
5345,3.7030930140149962,8.293487865213e-08,2.2396110045912593e-08,False
5346,3.7030930140149962,-5.496127525230626e-08,-1.4841991557947859e-08,False
5347,-3.249119324807624,-5.496127525230626e-08,1.6915745393733868e-08,False
5348,-3.249119324807624,0.0,-0.0,False
5349,-3.249119324807624,0.0,-0.0,False
5353,-3.249119324807624,-2.8969351681396027e-08,8.916062718968089e-09,False
5356,-3.249119324807624,-2.9195012996550973e-08,8.985515789968585e-09,False
5357,-3.249119324807624,8.293487865213e-08,-2.5525340980525688e-08,False
5369,3.7030930140149962,8.293487865213e-08,2.2396110045912593e-08,False
5370,3.7030930140149962,0.0,0.0,False
5373,-3.249119324807624,-3.952558297673492e-08,1.2165014277853637e-08,False
5374,-3.249119324807624,0.0,-0.0,False
5375,-3.249119324807624,0.0,-0.0,False
5376,-3.249119324807624,0.0,-0.0,False
5377,-3.249119324807624,0.0,-0.0,False
5378,-3.249119324807624,0.0,-0.0,False
5379,-3.249119324807624,0.0,-0.0,False
5380,-3.249119324807624,0.0,-0.0,False
5381,-3.249119324807624,0.0,-0.0,False
5382,-3.249119324807624,0.0,-0.0,False
5383,-3.249119324807624,0.0,-0.0,False
5384,-3.249119324807624,0.0,-0.0,False
5387,-3.249119324807624,-2.022796254368825e-08,6.225675489737798e-09,False
5392,-3.249119324807624,3.446876142582794e-08,-1.060864744567939e-08,False
5394,3.7030930140149962,5.486491823619016e-08,1.4815970873144257e-08,False
5407,-3.249119324807624,-3.952558297673492e-08,1.2165014277853637e-08,False
5408,-3.249119324807624,0.0,-0.0,False
5409,-3.249119324807624,0.0,-0.0,False
5410,-3.249119324807624,0.0,-0.0,False
5411,-3.249119324807624,0.0,-0.0,False
5412,-3.249119324807624,0.0,-0.0,False
5413,-3.249119324807624,0.0,-0.0,False
5414,-3.249119324807624,0.0,-0.0,False
5415,-3.249119324807624,0.0,-0.0,False
5416,-3.249119324807624,8.293487865213e-08,-2.5525340980525688e-08,False
5418,3.7030930140149962,8.293487865213e-08,2.2396110045912593e-08,False
5419,3.7030930140149962,0.0,0.0,False
5425,-3.249119324807624,-3.952558297673492e-08,1.2165014277853637e-08,False
5426,-3.249119324807624,0.0,-0.0,False
5429,-3.249119324807624,5.340178695426023e-08,-1.6435772778958212e-08,False
5430,3.7030930140149962,8.293487865213e-08,2.2396110045912593e-08,False
5431,-3.249119324807624,-4.8528136185714554e-08,1.4935781463978038e-08,False
5434,-3.249119324807624,-4.852813652138355e-08,1.49357815672888e-08,False
5435,-3.249119324807624,0.0,-0.0,False
5436,-3.249119324807624,0.0,-0.0,False
5437,-3.249119324807624,0.0,-0.0,False
5438,-3.249119324807624,0.0,-0.0,False
5440,-3.249119324807624,5.340178695426023e-08,-1.6435772778958212e-08,False
5442,3.7030930140149962,8.293487865213e-08,2.2396110045912593e-08,False
5443,3.7030930140149962,0.0,0.0,False
5447,-3.249119324807624,-3.952558297673492e-08,1.2165014277853637e-08,False
5448,-3.249119324807624,0.0,-0.0,False
5449,-3.249119324807624,0.0,-0.0,False
5450,-3.249119324807624,0.0,-0.0,False
5452,-3.249119324807624,5.340178695426023e-08,-1.6435772778958212e-08,False
5453,3.7030930140149962,8.293487865213e-08,2.2396110045912593e-08,False
5454,3.7030930140149962,0.0,0.0,False
5460,-3.249119324807624,-4.735435670845389e-08,1.457452065453388e-08,False
5461,-3.249119324807624,0.0,-0.0,False
5462,-3.249119324807624,0.0,-0.0,False
5464,-3.249119324807624,5.340178695426023e-08,-1.6435772778958212e-08,False
5465,3.7030930140149962,8.293487865213e-08,2.2396110045912593e-08,False
5467,-3.249119324807624,-3.3562641162804274e-08,1.0329765640352858e-08,False
5468,-3.249119324807624,-5.1171503636857074e-08,1.5749345752294544e-08,False
5469,-3.249119324807624,0.0,-0.0,False
5470,-3.249119324807624,0.0,-0.0,False
5471,-3.249119324807624,0.0,-0.0,False
5472,-3.249119324807624,0.0,-0.0,False
5473,-3.249119324807624,0.0,-0.0,False
5474,-3.249119324807624,0.0,-0.0,False
5475,-3.249119324807624,0.0,-0.0,False
5476,-3.249119324807624,0.0,-0.0,False
5478,3.7030930140149962,9.405146973728851e-11,2.539808462313381e-11,False
5483,-3.249119324807624,-2.7083232430162585e-08,8.335561031377679e-09,False
5484,-3.249119324807624,0.0,-0.0,False
5485,-3.249119324807624,0.0,-0.0,False
5486,-3.249119324807624,0.0,-0.0,False
5488,-3.249119324807624,5.340178695426023e-08,-1.6435772778958212e-08,False
5489,3.7030930140149962,8.293487865213e-08,2.2396110045912593e-08,False
5490,3.7030930140149962,0.0,0.0,False
5492,-3.249119324807624,-3.952558297673492e-08,1.2165014277853637e-08,False
5493,-3.249119324807624,0.0,-0.0,False
5494,-3.249119324807624,0.0,-0.0,False
5495,-3.249119324807624,0.0,-0.0,False
5496,-3.249119324807624,0.0,-0.0,False
5497,-3.249119324807624,0.0,-0.0,False
5498,-3.249119324807624,0.0,-0.0,False
5499,-3.249119324807624,0.0,-0.0,False
5500,-3.249119324807624,0.0,-0.0,False
5507,3.7030930140149962,9.498281761805005e-11,2.5649590020712724e-11,False
5508,-3.249119324807624,-2.7351425557591014e-08,8.418104361005718e-09,False
5509,-3.249119324807624,0.0,-0.0,False
5511,3.7030930140149962,5.340178695426023e-08,1.4420860278732381e-08,False
5513,3.7030930140149962,8.293487926015058e-08,2.2396110210105225e-08,False
5514,3.7030930140149962,0.0,0.0,False
5518,-3.249119324807624,-3.952558297673492e-08,1.2165014277853637e-08,False
5519,-3.249119324807624,0.0,-0.0,False
5520,-3.249119324807624,0.0,-0.0,False
5521,-3.249119324807624,0.0,-0.0,False
5522,-3.249119324807624,0.0,-0.0,False
5523,-3.249119324807624,0.0,-0.0,False
5524,-3.249119324807624,5.460689519055234e-08,-1.6806675819388547e-08,False
5526,3.7030930140149962,5.460689519055234e-08,1.4746293161927907e-08,False
5530,-3.249119324807624,-2.6628798262783027e-08,8.195697233852647e-09,False
5534,3.7030930140149962,-2.6628798262783027e-08,-7.1909612213362534e-09,False
5545,-3.249119324807624,-3.952558297673492e-08,1.2165014277853637e-08,False
5546,-3.249119324807624,0.0,-0.0,False
5547,-3.249119324807624,0.0,-0.0,False
5548,-3.249119324807624,0.0,-0.0,False
5549,-3.249119324807624,1.578560593525069e-08,-4.858426040165617e-09,False
5555,-3.249119324807624,-1.5730977245657918e-08,4.841612656558659e-09,False
5556,-3.249119324807624,0.0,-0.0,False
5557,-3.249119324807624,0.0,-0.0,False
5558,-3.249119324807624,0.0,-0.0,False
5559,-3.249119324807624,0.0,-0.0,False
5560,3.7030930140149962,6.774010801770258e-08,1.8292845402837148e-08,False
5562,3.7030930140149962,6.774010852077239e-08,1.8292845538688398e-08,False
5563,3.7030930140149962,0.0,0.0,False
5578,-3.249119324807624,-3.952558297673492e-08,1.2165014277853637e-08,False
5579,-3.249119324807624,0.0,-0.0,False
5580,-3.249119324807624,0.0,-0.0,False
5585,-3.249119324807624,5.340178695426023e-08,-1.6435772778958212e-08,False
5586,3.7030930140149962,8.293487865213e-08,2.2396110045912593e-08,False
5589,-3.249119324807624,-3.1413373909050524e-08,9.66827339002407e-09,False
5590,-3.249119324807624,-5.8129813633629734e-08,1.789094453681584e-08,False
5591,-3.249119324807624,0.0,-0.0,False
5592,-3.249119324807624,0.0,-0.0,False
5593,-3.249119324807624,0.0,-0.0,False
5597,-3.249119324807624,5.340178695426023e-08,-1.6435772778958212e-08,False
5609,3.7030930140149962,8.293487865213e-08,2.2396110045912593e-08,False
5610,3.7030930140149962,0.0,0.0,False
5615,-3.249119324807624,-3.952558297673492e-08,1.2165014277853637e-08,False
5616,-3.249119324807624,0.0,-0.0,False
5617,-3.249119324807624,0.0,-0.0,False
5618,-3.249119324807624,0.0,-0.0,False
5620,-3.249119324807624,5.340178695426023e-08,-1.6435772778958212e-08,False
5621,3.7030930140149962,8.293487865213e-08,2.2396110045912593e-08,False
5622,3.7030930140149962,0.0,0.0,False
5626,-3.249119324807624,-3.952558297673492e-08,1.2165014277853637e-08,False
5627,-3.249119324807624,0.0,-0.0,False
5628,-3.249119324807624,0.0,-0.0,False
5632,-3.249119324807624,5.340178695426023e-08,-1.6435772778958212e-08,False
5633,3.7030930140149962,8.293487865213e-08,2.2396110045912593e-08,False
5634,3.7030930140149962,0.0,0.0,False
5639,-3.249119324807624,-3.952558297673492e-08,1.2165014277853637e-08,False
5640,3.7030930140149962,1.3026971317636749e-08,3.517862302765262e-09,False
5641,-3.249119324807624,-1.298188933695349e-08,3.995510179584472e-09,False
5642,-3.249119324807624,0.0,-0.0,False
5643,-3.249119324807624,8.293487865213e-08,-2.5525340980525688e-08,False
5645,3.7030930140149962,8.293487865213e-08,2.2396110045912593e-08,False
5646,3.7030930140149962,0.0,0.0,False
5647,3.7030930140149962,0.0,0.0,False
5650,-3.249119324807624,-3.952558297673492e-08,1.2165014277853637e-08,False
5651,-3.249119324807624,0.0,-0.0,False
5652,-3.249119324807624,0.0,-0.0,False
5656,-3.249119324807624,5.340178695426023e-08,-1.6435772778958212e-08,False
5657,3.7030930140149962,8.293487865213e-08,2.2396110045912593e-08,False
5658,3.7030930140149962,0.0,0.0,False
5664,-3.249119324807624,-3.952558297673492e-08,1.2165014277853637e-08,False
5665,-3.249119324807624,0.0,-0.0,False
5666,-3.249119324807624,0.0,-0.0,False
5668,-3.249119324807624,5.340178695426023e-08,-1.6435772778958212e-08,False
5669,3.7030930140149962,8.293487865213e-08,2.2396110045912593e-08,False
5670,3.7030930140149962,0.0,0.0,False
5674,-3.249119324807624,-3.952558297673492e-08,1.2165014277853637e-08,False
5675,-3.249119324807624,0.0,-0.0,False
5676,-3.249119324807624,0.0,-0.0,False
5679,-3.249119324807624,5.340178695426023e-08,-1.6435772778958212e-08,False
5681,3.7030930140149962,8.293487865213e-08,2.2396110045912593e-08,False
5682,3.7030930140149962,0.0,0.0,False
5689,-3.249119324807624,-3.952558297673492e-08,1.2165014277853637e-08,False
5690,-3.249119324807624,0.0,-0.0,False
5692,-3.249119324807624,5.340178695426023e-08,-1.6435772778958212e-08,False
5694,3.7030930140149962,8.293487865213e-08,2.2396110045912593e-08,False
5695,3.7030930140149962,0.0,0.0,False
5699,-3.249119324807624,-3.952558297673492e-08,1.2165014277853637e-08,False
5700,-3.249119324807624,0.0,-0.0,False
5701,-3.249119324807624,0.0,-0.0,False
5702,-3.249119324807624,4.406699152630089e-08,-1.3562749508718039e-08,False
5705,3.7030930140149962,4.406699152630089e-08,1.1900049866293321e-08,False
5713,-3.249119324807624,-3.952558297673492e-08,1.2165014277853637e-08,False
5714,-3.249119324807624,0.0,-0.0,False
5715,-3.249119324807624,0.0,-0.0,False
5716,-3.249119324807624,0.0,-0.0,False
5717,-3.249119324807624,7.899459295631489e-08,-2.4312616761464138e-08,False
5718,3.7030930140149962,7.899459295631489e-08,2.133205746043812e-08,False
5719,3.7030930140149962,0.0,0.0,False
5722,-3.249119324807624,-3.952558297673492e-08,1.2165014277853637e-08,False
5723,-3.249119324807624,0.0,-0.0,False
5724,-3.249119324807624,0.0,-0.0,False
5725,-3.249119324807624,0.0,-0.0,False
5726,-3.249119324807624,0.0,-0.0,False
5727,-3.249119324807624,0.0,-0.0,False
5728,-3.249119324807624,8.293487865213e-08,-2.5525340980525688e-08,False
5729,3.7030930140149962,8.293487865213e-08,2.2396110045912593e-08,False
5730,3.7030930140149962,0.0,0.0,False
5738,-3.249119324807624,-3.952558297673492e-08,1.2165014277853637e-08,False
5739,-3.249119324807624,0.0,-0.0,False
5740,-3.249119324807624,0.0,-0.0,False
5743,-3.249119324807624,7.753042652325348e-11,-2.386198190115531e-11,False
5744,-3.249119324807624,-2.232580326774064e-08,6.871339903486776e-09,False
5745,-3.249119324807624,0.0,-0.0,False
5746,-3.249119324807624,0.0,-0.0,False
5747,-3.249119324807624,0.0,-0.0,False
5748,-3.249119324807624,0.0,-0.0,False
5750,-3.249119324807624,-2.497785045810219e-08,7.687575604685154e-09,False
5751,-3.249119324807624,0.0,-0.0,False
5753,3.7030930140149962,8.293487865213e-08,2.2396110045912593e-08,False
5754,3.7030930140149962,0.0,0.0,False
5759,-3.249119324807624,-3.952558297673492e-08,1.2165014277853637e-08,False
5760,-3.249119324807624,0.0,-0.0,False
5761,-3.249119324807624,0.0,-0.0,False
5762,-3.249119324807624,0.0,-0.0,False
5764,-3.249119324807624,5.340178695426023e-08,-1.6435772778958212e-08,False
5765,3.7030930140149962,8.293487865213e-08,2.2396110045912593e-08,False
5766,3.7030930140149962,0.0,0.0,False
5769,-3.249119324807624,-3.952558297673492e-08,1.2165014277853637e-08,False
5770,-3.249119324807624,0.0,-0.0,False
5771,-3.249119324807624,0.0,-0.0,False
5772,-3.249119324807624,0.0,-0.0,False
5773,-3.249119324807624,0.0,-0.0,False
5774,-3.249119324807624,0.0,-0.0,False
5775,-3.249119324807624,8.293487865213e-08,-2.5525340980525688e-08,False
5777,3.7030930140149962,8.293487865213e-08,2.2396110045912593e-08,False
5778,3.7030930140149962,0.0,0.0,False
5781,-3.249119324807624,-3.952558297673492e-08,1.2165014277853637e-08,False
5782,-3.249119324807624,1.3485635493720727e-08,-4.150551009547546e-09,False
5783,-3.249119324807624,-1.3438966230648608e-08,4.136187344071862e-09,False
5784,-3.249119324807624,0.0,-0.0,False
5785,-3.249119324807624,0.0,-0.0,False
5786,-3.249119324807624,0.0,-0.0,False
5787,-3.249119324807624,0.0,-0.0,False
5788,-3.249119324807624,8.293487865213e-08,-2.5525340980525688e-08,False
5790,3.7030930140149962,8.293487865213e-08,2.2396110045912593e-08,False
5791,-3.249119324807624,-5.9053330230159073e-08,1.8175180511000634e-08,False
5792,-3.249119324807624,-5.9053330230159073e-08,1.8175180511000634e-08,False
5793,-3.249119324807624,2.3479998886161146e-08,-7.226573276914465e-09,False
5794,-3.249119324807624,-2.3398742482645674e-08,7.20156452980719e-09,False
5795,-3.249119324807624,0.0,-0.0,False
5796,-3.249119324807624,0.0,-0.0,False
5797,-3.249119324807624,0.0,-0.0,False
5798,-3.249119324807624,0.0,-0.0,False
5799,-3.249119324807624,8.293487865213e-08,-2.5525340980525688e-08,False
5800,3.7030930140149962,8.293487865213e-08,2.2396110045912593e-08,False
5801,3.7030930140149962,0.0,0.0,False
5804,-3.249119324807624,-3.952558297673492e-08,1.2165014277853637e-08,False
5805,-3.249119324807624,0.0,-0.0,False
5806,-3.249119324807624,0.0,-0.0,False
5807,-3.249119324807624,0.0,-0.0,False
5808,-3.249119324807624,0.0,-0.0,False
5809,-3.249119324807624,0.0,-0.0,False
5810,-3.249119324807624,0.0,-0.0,False
5811,-3.249119324807624,0.0,-0.0,False
5812,-3.249119324807624,8.293487865213e-08,-2.5525340980525688e-08,False
5813,3.7030930140149962,8.293487865213e-08,2.2396110045912593e-08,False
5814,3.7030930140149962,0.0,0.0,False
5816,-3.249119324807624,-3.952558297673492e-08,1.2165014277853637e-08,False
5817,3.7030930140149962,1.4433694973600697e-08,3.897740326525389e-09,False
5818,-3.249119324807624,-1.4383744794191355e-08,4.4269672352039565e-09,False
5819,-3.249119324807624,0.0,-0.0,False
5820,-3.249119324807624,0.0,-0.0,False
5821,-3.249119324807624,0.0,-0.0,False
5822,-3.249119324807624,0.0,-0.0,False
5825,3.7030930140149962,6.407148755299685e-08,1.7302154526096757e-08,False
5828,-3.249119324807624,-3.952558297673492e-08,1.2165014277853637e-08,False
5829,-3.249119324807624,0.0,-0.0,False
5830,-3.249119324807624,0.0,-0.0,False
5831,-3.249119324807624,0.0,-0.0,False
5832,-3.249119324807624,0.0,-0.0,False
5833,-3.249119324807624,0.0,-0.0,False
5834,-3.249119324807624,0.0,-0.0,False
5835,-3.249119324807624,0.0,-0.0,False
5836,-3.249119324807624,2.586844952915529e-08,-7.961680364166658e-09,False
5839,-3.249119324807624,-2.577892749874161e-08,7.934127657890172e-09,False
5840,-3.249119324807624,0.0,-0.0,False
5847,-3.249119324807624,4.8844142435527926e-08,-1.503304051119142e-08,False
5849,3.7030930140149962,7.600884879659098e-08,2.0525773592216653e-08,False
5850,3.7030930140149962,0.0,0.0,False
5853,-3.249119324807624,-3.952558297673492e-08,1.2165014277853637e-08,False
5854,-3.249119324807624,0.0,-0.0,False
5855,-3.249119324807624,0.0,-0.0,False
5857,-3.249119324807624,-1.8177387613345364e-08,5.594558339103665e-09,False
5858,-3.249119324807624,0.0,-0.0,False
5859,-3.249119324807624,0.0,-0.0,False
5860,3.7030930140149962,5.088668242683725e-08,1.3741670067224289e-08,False
5862,3.7030930140149962,5.08866828223542e-08,1.3741670174031478e-08,False
5865,-3.249119324807624,-3.7644952803443654e-08,1.1586201995112187e-08,False
5867,-3.249119324807624,-1.7701143609910597e-08,5.447982003849199e-09,False
5868,-3.249119324807624,0.0,-0.0,False
5869,-3.249119324807624,0.0,-0.0,False
5870,-3.249119324807624,0.0,-0.0,False
5871,-3.249119324807624,0.0,-0.0,False
5872,-3.249119324807624,6.666866812343047e-08,-2.051899652142749e-08,False
5873,3.7030930140149962,6.666866812343047e-08,1.8003508923786512e-08,False
5874,3.7030930140149962,0.0,0.0,False
5877,-3.249119324807624,-3.952558297673492e-08,1.2165014277853637e-08,False
5878,-3.249119324807624,0.0,-0.0,False
5879,-3.249119324807624,2.6141954548135338e-08,-8.045858564976886e-09,False
5882,-3.249119324807624,-2.6051486008357716e-08,8.018014546110949e-09,False
5883,-3.249119324807624,8.293487865213e-08,-2.5525340980525688e-08,False
5884,3.7030930140149962,5.340178756228081e-08,1.442086044292501e-08,False
5885,-3.249119324807624,5.3401786955127595e-08,-1.6435772779225163e-08,False
5886,3.7030930140149962,8.293487925928322e-08,2.2396110209870997e-08,False
5887,3.7030930140149962,0.0,0.0,False
5890,-3.249119324807624,-3.952558297673492e-08,1.2165014277853637e-08,False
5891,-3.249119324807624,0.0,-0.0,False
5892,-3.249119324807624,0.0,-0.0,False
5896,-3.249119324807624,5.340178695426023e-08,-1.6435772778958212e-08,False
5897,3.7030930140149962,8.293487865213e-08,2.2396110045912593e-08,False
5898,3.7030930140149962,0.0,0.0,False
5915,-3.249119324807624,-3.952558297673492e-08,1.2165014277853637e-08,False
5916,-3.249119324807624,0.0,-0.0,False
5920,-3.249119324807624,5.340178695426023e-08,-1.6435772778958212e-08,False
5921,3.7030930140149962,8.293487865213e-08,2.2396110045912593e-08,False
5922,3.7030930140149962,0.0,0.0,False
5927,-3.249119324807624,-3.952558297673492e-08,1.2165014277853637e-08,False
5928,-3.249119324807624,0.0,-0.0,False
5932,-3.249119324807624,5.340178695426023e-08,-1.6435772778958212e-08,False
5933,3.7030930140149962,8.293487865213e-08,2.2396110045912593e-08,False
5934,3.7030930140149962,0.0,0.0,False
5939,-3.249119324807624,-3.952558297673492e-08,1.2165014277853637e-08,False
5940,-3.249119324807624,0.0,-0.0,False
5944,3.7030930140149962,8.293487865213e-08,2.2396110045912593e-08,False
5945,3.7030930140149962,0.0,0.0,False
5949,-3.249119324807624,-3.952558297673492e-08,1.2165014277853637e-08,False
5950,-3.249119324807624,0.0,-0.0,False
5951,-3.249119324807624,8.293487865213e-08,-2.5525340980525688e-08,False
5952,3.7030930140149962,5.340178695426023e-08,1.4420860278732381e-08,False
5956,3.7030930140149962,8.293487926015058e-08,2.2396110210105225e-08,False
5957,3.7030930140149962,0.0,0.0,False
5958,3.7030930140149962,0.0,0.0,False
5959,3.7030930140149962,0.0,0.0,False
5962,-3.249119324807624,-3.952558297673492e-08,1.2165014277853637e-08,False
5963,-3.249119324807624,0.0,-0.0,False
5967,-3.249119324807624,5.340178695426023e-08,-1.6435772778958212e-08,False
5968,3.7030930140149962,8.293487865213e-08,2.2396110045912593e-08,False
5969,3.7030930140149962,0.0,0.0,False
5970,3.7030930140149962,0.0,0.0,False
5976,-3.249119324807624,-3.952558297673492e-08,1.2165014277853637e-08,False
5977,-3.249119324807624,0.0,-0.0,False
5980,-3.249119324807624,5.340178695426023e-08,-1.6435772778958212e-08,False
5981,3.7030930140149962,8.293487865213e-08,2.2396110045912593e-08,False
5982,3.7030930140149962,0.0,0.0,False
5983,3.7030930140149962,0.0,0.0,False
5986,-3.249119324807624,-3.952558297673492e-08,1.2165014277853637e-08,False
5987,-3.249119324807624,0.0,-0.0,False
5991,-3.249119324807624,5.340178695426023e-08,-1.6435772778958212e-08,False
5993,3.7030930140149962,8.293487865213e-08,2.2396110045912593e-08,False
5994,3.7030930140149962,0.0,0.0,False
6001,-3.249119324807624,-3.952558297673492e-08,1.2165014277853637e-08,False
6002,-3.249119324807624,0.0,-0.0,False
6004,3.7030930140149962,8.293487865213e-08,2.2396110045912593e-08,False
6005,3.7030930140149962,0.0,0.0,False
6006,3.7030930140149962,0.0,0.0,False
6012,-3.249119324807624,-3.952558297673492e-08,1.2165014277853637e-08,False
6013,-3.249119324807624,0.0,-0.0,False
6015,3.7030930140149962,7.37416065025101e-08,1.991351722017844e-08,False
6017,3.7030930140149962,2.234009261435632e-08,6.032819734693775e-09,False
6019,3.7030930140149962,1.5810284141777597e-08,4.269480696796122e-09,False
6024,-3.249119324807624,-3.952558297673492e-08,1.2165014277853637e-08,False
6025,-3.249119324807624,0.0,-0.0,False
6029,3.7030930140149962,8.293487865213e-08,2.2396110045912593e-08,False
6030,3.7030930140149962,0.0,0.0,False
6032,-3.249119324807624,-3.952558297673492e-08,1.2165014277853637e-08,False
6033,-3.249119324807624,0.0,-0.0,False
6034,-3.249119324807624,0.0,-0.0,False
6035,-3.249119324807624,0.0,-0.0,False
6036,-3.249119324807624,0.0,-0.0,False
6037,-3.249119324807624,0.0,-0.0,False
6040,-3.249119324807624,5.340178695426023e-08,-1.6435772778958212e-08,False
6041,3.7030930140149962,8.293487865213e-08,2.2396110045912593e-08,False
6042,3.7030930140149962,0.0,0.0,False
6045,-3.249119324807624,-3.952558297673492e-08,1.2165014277853637e-08,False
6046,3.7030930140149962,1.4834215225981162e-08,4.0058986284812475e-09,False
6047,-3.249119324807624,-1.4782878980830472e-08,4.549811042013898e-09,False
6048,-3.249119324807624,0.0,-0.0,False
6049,-3.249119324807624,0.0,-0.0,False
6050,-3.249119324807624,0.0,-0.0,False
6051,-3.249119324807624,0.0,-0.0,False
6052,-3.249119324807624,7.276460304087018e-08,-2.2395177205496592e-08,False
6055,3.7030930140149962,7.276460304087018e-08,1.9649682782873654e-08,False
6058,3.7030930140149962,-3.492222245497084e-08,-9.430555031375568e-09,False
6059,-3.249119324807624,-5.618807620132865e-08,1.7293324924179407e-08,False
6060,-3.249119324807624,0.0,-0.0,False
6061,-3.249119324807624,0.0,-0.0,False
6062,-3.249119324807624,0.0,-0.0,False
6063,-3.249119324807624,8.293487865213e-08,-2.5525340980525688e-08,False
6065,3.7030930140149962,8.293487865213e-08,2.2396110045912593e-08,False
6069,-3.249119324807624,-3.593050554653865e-08,1.105853677708991e-08,False
6070,-3.249119324807624,-5.69984740335025e-08,1.754274569059642e-08,False
6071,-3.249119324807624,0.0,-0.0,False
6072,-3.249119324807624,0.0,-0.0,False
6073,-3.249119324807624,0.0,-0.0,False
6075,-3.249119324807624,-2.2551369532192167e-08,6.940763720189747e-09,False
6076,-3.249119324807624,0.0,-0.0,False
6077,-3.249119324807624,0.0,-0.0,False
6078,-3.249119324807624,0.0,-0.0,False
6079,-3.249119324807624,0.0,-0.0,False
6080,-3.249119324807624,0.0,-0.0,False
6082,-3.249119324807624,-2.6398541752743754e-08,8.124829873494035e-09,False
6083,-3.249119324807624,0.0,-0.0,False
6084,-3.249119324807624,0.0,-0.0,False
6088,-3.249119324807624,5.340178695426023e-08,-1.6435772778958212e-08,False
6089,3.7030930140149962,8.293487865213e-08,2.2396110045912593e-08,False
6090,3.7030930140149962,0.0,0.0,False
6098,-3.249119324807624,-3.952558297673492e-08,1.2165014277853637e-08,False
6099,-3.249119324807624,0.0,-0.0,False
6101,3.7030930140149962,3.059845764437352e-08,8.262946009881028e-09,False
6107,-3.249119324807624,-3.952558297673492e-08,1.2165014277853637e-08,False
6108,-3.249119324807624,0.0,-0.0,False
6109,-3.249119324807624,0.0,-0.0,False
6111,-3.249119324807624,5.340178695426023e-08,-1.6435772778958212e-08,False
6112,3.7030930140149962,8.293487865213e-08,2.2396110045912593e-08,False
6113,-3.249119324807624,-2.2903181513649062e-08,7.049042901803899e-09,False
6114,3.7030930140149962,2.2982716990811725e-08,6.206356930228233e-09,False
6118,-3.249119324807624,-3.952558297673492e-08,1.2165014277853637e-08,False
6119,3.7030930140149962,2.1692748924419247e-08,5.858008114384188e-09,False
6120,-3.249119324807624,-2.161767759332328e-08,6.653396022814039e-09,False
6122,-3.249119324807624,5.340178695426023e-08,-1.6435772778958212e-08,False
6123,3.7030930140149962,5.340178756228081e-08,1.442086044292501e-08,False
6124,-3.249119324807624,5.3401786955127595e-08,-1.6435772779225163e-08,False
6125,3.7030930140149962,8.293487925928322e-08,2.2396110209870997e-08,False
6126,3.7030930140149962,0.0,0.0,False
6132,-3.249119324807624,-3.952558297673492e-08,1.2165014277853637e-08,False
6134,-3.249119324807624,6.09731015677184e-11,-1.8766039493279776e-11,False
6141,3.7030930140149962,6.097346325756314e-11,1.6465550021778692e-11,False
6142,-3.249119324807624,6.097346325756314e-11,-1.8766150812627757e-11,False
6143,-3.249119324807624,-1.7558029498203342e-08,5.403934956818777e-09,False
6144,-3.249119324807624,8.293487865213e-08,-2.5525340980525688e-08,False
6145,3.7030930140149962,5.340178756228081e-08,1.442086044292501e-08,False
6149,-3.249119324807624,5.340178756228081e-08,-1.6435772966092175e-08,False
6150,3.7030930140149962,8.293487925928322e-08,2.2396110209870997e-08,False
6151,3.7030930140149962,0.0,0.0,False
6156,-3.249119324807624,-3.952558297673492e-08,1.2165014277853637e-08,False
6157,3.7030930140149962,5.8878187172983765e-08,1.5899732183379967e-08,False
6161,3.7030930140149962,5.8878187617940336e-08,1.5899732303538056e-08,False
6169,-3.249119324807624,-3.952558297673492e-08,1.2165014277853637e-08,False
6170,-3.249119324807624,0.0,-0.0,False
6172,3.7030930140149962,8.293487865213e-08,2.2396110045912593e-08,False
6173,3.7030930140149962,0.0,0.0,False
6174,3.7030930140149962,0.0,0.0,False
6175,3.7030930140149962,0.0,0.0,False
6192,-3.249119324807624,-3.952558297673492e-08,1.2165014277853637e-08,False
6193,-3.249119324807624,0.0,-0.0,False
6197,3.7030930140149962,8.293487865213e-08,2.2396110045912593e-08,False
6198,3.7030930140149962,0.0,0.0,False
6202,-3.249119324807624,-3.952558297673492e-08,1.2165014277853637e-08,False
6203,-3.249119324807624,0.0,-0.0,False
6204,-3.249119324807624,0.0,-0.0,False
6205,-3.249119324807624,0.0,-0.0,False
6206,-3.249119324807624,0.0,-0.0,False
6208,-3.249119324807624,5.340178695426023e-08,-1.6435772778958212e-08,False
6209,3.7030930140149962,8.293487865213e-08,2.2396110045912593e-08,False
6210,3.7030930140149962,0.0,0.0,False
6216,-3.249119324807624,-3.952558297673492e-08,1.2165014277853637e-08,False
6217,3.7030930140149962,2.1692748924419247e-08,5.858008114384188e-09,False
6218,-3.249119324807624,-2.161767759332328e-08,6.653396022814039e-09,False
6219,-3.249119324807624,0.0,-0.0,False
6220,-3.249119324807624,8.293487865213e-08,-2.5525340980525688e-08,False
6221,3.7030930140149962,8.293487865213e-08,2.2396110045912593e-08,False
6222,3.7030930140149962,0.0,0.0,False
6227,-3.249119324807624,-3.952558297673492e-08,1.2165014277853637e-08,False
6228,-3.249119324807624,0.0,-0.0,False
6229,-3.249119324807624,0.0,-0.0,False
6230,-3.249119324807624,0.0,-0.0,False
6232,-3.249119324807624,5.340178695426023e-08,-1.6435772778958212e-08,False
6233,3.7030930140149962,8.293487865213e-08,2.2396110045912593e-08,False
6234,3.7030930140149962,0.0,0.0,False
6238,-3.249119324807624,-3.952558297673492e-08,1.2165014277853637e-08,False
6239,-3.249119324807624,1.761900332228339e-08,-5.4227012186838e-09,False
6240,-3.249119324807624,-1.7558029859893187e-08,5.403935068138125e-09,False
6242,3.7030930140149962,8.293487865213e-08,2.2396110045912593e-08,False
6243,3.7030930140149962,0.0,0.0,False
6244,-3.249119324807624,-1.0250899390353702e-07,3.154977815707228e-08,False
6246,3.7030930140149962,8.293487865213e-08,2.2396110045912593e-08,False
6248,3.7030930140149962,1.6384283883612294e-08,4.424486185359951e-09,False
6251,-3.249119324807624,-3.952558297673492e-08,1.2165014277853637e-08,False
6252,-3.249119324807624,0.0,-0.0,False
6253,-3.249119324807624,0.0,-0.0,False
6254,-3.249119324807624,0.0,-0.0,False
6256,-3.249119324807624,5.340178695426023e-08,-1.6435772778958212e-08,False
6257,3.7030930140149962,8.293487865213e-08,2.2396110045912593e-08,False
6258,3.7030930140149962,0.0,0.0,False
6262,-3.249119324807624,-3.952558297673492e-08,1.2165014277853637e-08,False
6263,-3.249119324807624,0.0,-0.0,False
6264,-3.249119324807624,0.0,-0.0,False
6265,-3.249119324807624,0.0,-0.0,False
6269,-3.249119324807624,5.340178695426023e-08,-1.6435772778958212e-08,False
6270,3.7030930140149962,8.293487865213e-08,2.2396110045912593e-08,False
6271,-3.249119324807624,-9.718522873004148e-08,2.991125256250652e-08,False
6272,-3.249119324807624,0.0,-0.0,False
6275,-3.249119324807624,-2.0144117352481616e-08,6.199869976666468e-09,False
6276,-3.249119324807624,0.0,-0.0,False
6277,-3.249119324807624,0.0,-0.0,False
6278,-3.249119324807624,0.0,-0.0,False
6279,-3.249119324807624,0.0,-0.0,False
6280,-3.249119324807624,8.293487865213e-08,-2.5525340980525688e-08,False
6281,3.7030930140149962,8.293487865213e-08,2.2396110045912593e-08,False
6282,-3.249119324807624,-4.8528136185714554e-08,1.4935781463978038e-08,False
6283,-3.249119324807624,-4.8528136185714554e-08,1.4935781463978038e-08,False
6284,-3.249119324807624,0.0,-0.0,False
6285,-3.249119324807624,0.0,-0.0,False
6286,-3.249119324807624,0.0,-0.0,False
6287,-3.249119324807624,0.0,-0.0,False
6288,-3.249119324807624,0.0,-0.0,False
6289,-3.249119324807624,0.0,-0.0,False
6290,-3.249119324807624,0.0,-0.0,False
6291,-3.249119324807624,0.0,-0.0,False
6292,-3.249119324807624,0.0,-0.0,False
6293,-3.249119324807624,8.293487865213e-08,-2.5525340980525688e-08,False
6294,3.7030930140149962,8.293487865213e-08,2.2396110045912593e-08,False
6295,3.7030930140149962,-5.942887049397577e-08,-1.6048441200114857e-08,False
6296,-3.249119324807624,-5.942887049397577e-08,1.8290762681513543e-08,False
6297,-3.249119324807624,0.0,-0.0,False
6298,-3.249119324807624,0.0,-0.0,False
6299,-3.249119324807624,0.0,-0.0,False
6300,-3.249119324807624,0.0,-0.0,False
6301,-3.249119324807624,0.0,-0.0,False
6302,-3.249119324807624,0.0,-0.0,False
6305,3.7030930140149962,8.293487865213e-08,2.2396110045912593e-08,False
6307,-3.249119324807624,-4.795709005953053e-08,1.4760027338291122e-08,False
6308,-3.249119324807624,0.0,-0.0,False
6309,-3.249119324807624,0.0,-0.0,False
6310,-3.249119324807624,0.0,-0.0,False
6313,-3.249119324807624,-2.2671013319257305e-08,6.977587171440564e-09,False
6314,-3.249119324807624,0.0,-0.0,False
6315,-3.249119324807624,0.0,-0.0,False
6316,-3.249119324807624,0.0,-0.0,False
6317,3.7030930140149962,1.5392049933747598e-07,4.1565388380723145e-08,False
6318,3.7030930140149962,-4.729731446686397e-08,-1.2772380895607834e-08,False
6319,-3.249119324807624,-4.729731446686397e-08,1.4556964438252626e-08,False
6320,-3.249119324807624,0.0,-0.0,False
6321,-3.249119324807624,0.0,-0.0,False
6323,-3.249119324807624,-2.0638703820616278e-08,6.352091676977196e-09,False
6324,-3.249119324807624,0.0,-0.0,False
6325,-3.249119324807624,0.0,-0.0,False
6326,-3.249119324807624,0.0,-0.0,False
6327,-3.249119324807624,0.0,-0.0,False
6328,3.7030930140149962,6.031328454985524e-08,1.628727237517102e-08,False
6329,3.7030930140149962,6.031328454985524e-08,1.628727237517102e-08,False
6330,3.7030930140149962,-3.9009018233497617e-08,-1.0534171862780987e-08,False
6332,-3.249119324807624,-3.9009018233497617e-08,1.2006028198366425e-08,False
6336,-3.249119324807624,-1.3296056702687131e-08,4.092203262948606e-09,False
6337,-3.249119324807624,0.0,-0.0,False
6338,-3.249119324807624,0.0,-0.0,False
6339,-3.249119324807624,0.0,-0.0,False
6340,-3.249119324807624,0.0,-0.0,False
6341,3.7030930140149962,1.2736110273445927e-07,3.439316869774514e-08,False
6344,-3.249119324807624,-3.952558297673492e-08,1.2165014277853637e-08,False
6345,-3.249119324807624,0.0,-0.0,False
6346,-3.249119324807624,0.0,-0.0,False
6347,-3.249119324807624,0.0,-0.0,False
6348,-3.249119324807624,0.0,-0.0,False
6349,-3.249119324807624,0.0,-0.0,False
6350,-3.249119324807624,0.0,-0.0,False
6352,-3.249119324807624,5.340178695426023e-08,-1.6435772778958212e-08,False
6353,3.7030930140149962,8.293487865213e-08,2.2396110045912593e-08,False
6354,3.7030930140149962,0.0,0.0,False
6360,-3.249119324807624,-3.952558297673492e-08,1.2165014277853637e-08,False
6361,-3.249119324807624,0.0,-0.0,False
6362,-3.249119324807624,0.0,-0.0,False
6364,-3.249119324807624,5.340178695426023e-08,-1.6435772778958212e-08,False
6365,3.7030930140149962,8.293487865213e-08,2.2396110045912593e-08,False
6366,3.7030930140149962,0.0,0.0,False
6369,-3.249119324807624,-3.952558297673492e-08,1.2165014277853637e-08,False
6370,-3.249119324807624,0.0,-0.0,False
6371,-3.249119324807624,0.0,-0.0,False
6372,-3.249119324807624,0.0,-0.0,False
6373,-3.249119324807624,0.0,-0.0,False
6375,-3.249119324807624,5.340178695426023e-08,-1.6435772778958212e-08,False
6376,3.7030930140149962,8.293487865213e-08,2.2396110045912593e-08,False
6377,3.7030930140149962,0.0,0.0,False
6383,-3.249119324807624,-3.952558297673492e-08,1.2165014277853637e-08,False
6384,-3.249119324807624,0.0,-0.0,False
6385,-3.249119324807624,0.0,-0.0,False
6386,-3.249119324807624,0.0,-0.0,False
6387,-3.249119324807624,0.0,-0.0,False
6388,-3.249119324807624,0.0,-0.0,False
6389,3.7030930140149962,1.833376431399636e-08,4.950932705338228e-09,False
6394,-3.249119324807624,-1.8270316926895236e-08,5.623159724359153e-09,False
6395,-3.249119324807624,0.0,-0.0,False
6396,-3.249119324807624,0.0,-0.0,False
6397,-3.249119324807624,0.0,-0.0,False
6398,-3.249119324807624,0.0,-0.0,False
6399,3.7030930140149962,6.571446828449595e-08,1.7745832479980433e-08,False
6400,3.7030930140149962,6.571446828449595e-08,1.7745832479980433e-08,False
6401,3.7030930140149962,0.0,0.0,False
6405,-3.249119324807624,-3.952558297673492e-08,1.2165014277853637e-08,False
6406,-3.249119324807624,0.0,-0.0,False
6407,-3.249119324807624,0.0,-0.0,False
6408,-3.249119324807624,0.0,-0.0,False
6409,-3.249119324807624,0.0,-0.0,False
6410,-3.249119324807624,0.0,-0.0,False
6411,-3.249119324807624,0.0,-0.0,False
6412,-3.249119324807624,0.0,-0.0,False
6413,-3.249119324807624,0.0,-0.0,False
6415,-3.249119324807624,-1.9753922293058723e-08,6.079777416062836e-09,False
6416,-3.249119324807624,0.0,-0.0,False
6417,-3.249119324807624,0.0,-0.0,False
6418,-3.249119324807624,0.0,-0.0,False
6419,-3.249119324807624,0.0,-0.0,False
6420,-3.249119324807624,0.0,-0.0,False
6421,-3.249119324807624,0.0,-0.0,False
6422,-3.249119324807624,0.0,-0.0,False
6423,-3.249119324807624,0.0,-0.0,False
6424,-3.249119324807624,7.732953406867221e-08,-2.380015208374989e-08,False
6425,3.7030930140149962,7.732953406867221e-08,2.088241742133001e-08,False
6426,3.7030930140149962,0.0,0.0,False
6433,-3.249119324807624,-3.952558297673492e-08,1.2165014277853637e-08,False
6434,-3.249119324807624,0.0,-0.0,False
6435,-3.249119324807624,0.0,-0.0,False
6437,3.7030930140149962,8.293487865213e-08,2.2396110045912593e-08,False
6438,3.7030930140149962,0.0,0.0,False
6439,3.7030930140149962,0.0,0.0,False
6442,-3.249119324807624,-3.952558297673492e-08,1.2165014277853637e-08,False
6443,-3.249119324807624,1.761900332228339e-08,-5.4227012186838e-09,False
6444,-3.249119324807624,-1.7558029859893187e-08,5.403935068138125e-09,False
6448,-3.249119324807624,5.340178695426023e-08,-1.6435772778958212e-08,False
6449,3.7030930140149962,8.293487865213e-08,2.2396110045912593e-08,False
6450,-3.249119324807624,-4.713234237532088e-08,1.4506190036006608e-08,False
6451,-3.249119324807624,-4.713234237532088e-08,1.4506190036006608e-08,False
6452,-3.249119324807624,0.0,-0.0,False
6453,-3.249119324807624,0.0,-0.0,False
6454,-3.249119324807624,0.0,-0.0,False
6455,-3.249119324807624,0.0,-0.0,False
6456,-3.249119324807624,0.0,-0.0,False
6457,-3.249119324807624,0.0,-0.0,False
6458,-3.249119324807624,0.0,-0.0,False
6459,-3.249119324807624,0.0,-0.0,False
6460,-3.249119324807624,0.0,-0.0,False
6461,-3.249119324807624,7.19875347630905e-08,-2.2156014466274728e-08,False
6462,3.7030930140149962,7.19875347630905e-08,1.9439839747649118e-08,False
6464,-3.249119324807624,-4.459713946313587e-08,1.3725916165229297e-08,False
6465,-3.249119324807624,0.0,-0.0,False
6466,-3.249119324807624,0.0,-0.0,False
6467,-3.249119324807624,0.0,-0.0,False
6468,-3.249119324807624,0.0,-0.0,False
6469,-3.249119324807624,0.0,-0.0,False
6470,-3.249119324807624,0.0,-0.0,False
6471,-3.249119324807624,0.0,-0.0,False
6472,3.7030930140149962,7.277858876230531e-08,1.9653459550398043e-08,False
6473,3.7030930140149962,7.277858876230531e-08,1.9653459550398043e-08,False
6474,3.7030930140149962,-4.466657666825358e-08,-1.20619645521204e-08,False
6475,-3.249119324807624,-4.466657666825358e-08,1.3747287250183778e-08,False
6476,-3.249119324807624,0.0,-0.0,False
6477,-3.249119324807624,0.0,-0.0,False
6478,-3.249119324807624,0.0,-0.0,False
6479,-3.249119324807624,0.0,-0.0,False
6480,-3.249119324807624,0.0,-0.0,False
6481,-3.249119324807624,0.0,-0.0,False
6482,-3.249119324807624,0.0,-0.0,False
6483,-3.249119324807624,0.0,-0.0,False
6485,-3.249119324807624,5.340178695426023e-08,-1.6435772778958212e-08,False
6486,3.7030930140149962,8.293487865213e-08,2.2396110045912593e-08,False
6487,-3.249119324807624,-1.126111917821096e-07,3.465898925973645e-08,False
6488,-3.249119324807624,0.0,-0.0,False
6489,-3.249119324807624,0.0,-0.0,False
6490,-3.249119324807624,0.0,-0.0,False
6491,-3.249119324807624,0.0,-0.0,False
6492,-3.249119324807624,0.0,-0.0,False
6495,-3.249119324807624,-2.7937227564320266e-08,8.598399988272019e-09,False
6496,3.7030930140149962,1.5986559889682311e-07,4.3170829976936605e-08,False
6497,3.7030930140149962,0.0,0.0,False
6503,-3.249119324807624,-3.952558297673492e-08,1.2165014277853637e-08,False
6504,-3.249119324807624,0.0,-0.0,False
6505,-3.249119324807624,0.0,-0.0,False
6506,-3.249119324807624,0.0,-0.0,False
6507,-3.249119324807624,0.0,-0.0,False
6508,-3.249119324807624,0.0,-0.0,False
6509,3.7030930140149962,1.6557468247944268e-07,4.471253675043987e-08,False
6510,3.7030930140149962,0.0,0.0,False
6514,-3.249119324807624,-3.952558297673492e-08,1.2165014277853637e-08,False
6515,3.7030930140149962,2.1692748924419247e-08,5.858008114384188e-09,False
6516,-3.249119324807624,-2.161767759332328e-08,6.653396022814039e-09,False
6520,3.7030930140149962,8.293487865213e-08,2.2396110045912593e-08,False
6521,3.7030930140149962,0.0,0.0,False
6527,-3.249119324807624,-3.952558297673492e-08,1.2165014277853637e-08,False
6528,-3.249119324807624,0.0,-0.0,False
6529,-3.249119324807624,0.0,-0.0,False
6530,-3.249119324807624,0.0,-0.0,False
6533,3.7030930140149962,8.293487865213e-08,2.2396110045912593e-08,False
6534,3.7030930140149962,0.0,0.0,False
6538,-3.249119324807624,-3.952558297673492e-08,1.2165014277853637e-08,False
6540,-3.249119324807624,-1.3027768990328537e-08,4.009630822376735e-09,False
6541,-3.249119324807624,0.0,-0.0,False
6542,-3.249119324807624,0.0,-0.0,False
6543,-3.249119324807624,0.0,-0.0,False
6544,3.7030930140149962,1.2563374122889076e-07,3.392670417767205e-08,False
6555,-3.249119324807624,-3.952558297673492e-08,1.2165014277853637e-08,False
6556,-3.249119324807624,0.0,-0.0,False
6560,3.7030930140149962,8.293487865213e-08,2.2396110045912593e-08,False
6561,3.7030930140149962,0.0,0.0,False
6562,3.7030930140149962,0.0,0.0,False
6563,-3.249119324807624,-7.91803327305704e-08,2.4369782951956853e-08,False
6564,-3.249119324807624,0.0,-0.0,False
6565,-3.249119324807624,0.0,-0.0,False
6566,-3.249119324807624,0.0,-0.0,False
6568,-3.249119324807624,5.340178695426023e-08,-1.6435772778958212e-08,False
6569,3.7030930140149962,8.293487865213e-08,2.2396110045912593e-08,False
6570,3.7030930140149962,0.0,0.0,False
6576,-3.249119324807624,-3.952558297673492e-08,1.2165014277853637e-08,False
6577,3.7030930140149962,1.5650259452965054e-08,4.226266905458205e-09,False
6578,-3.249119324807624,-1.5596099152588583e-08,4.800100455994181e-09,False
6579,-3.249119324807624,0.0,-0.0,False
6580,-3.249119324807624,0.0,-0.0,False
6581,-3.249119324807624,0.0,-0.0,False
6582,3.7030930140149962,1.6557468247944268e-07,4.471253675043987e-08,False
6583,3.7030930140149962,0.0,0.0,False
6586,-3.249119324807624,-3.952558297673492e-08,1.2165014277853637e-08,False
6587,-3.249119324807624,0.0,-0.0,False
6592,-3.249119324807624,5.340178695426023e-08,-1.6435772778958212e-08,False
6593,3.7030930140149962,8.293487865213e-08,2.2396110045912593e-08,False
6594,3.7030930140149962,0.0,0.0,False
6598,-3.249119324807624,-3.952558297673492e-08,1.2165014277853637e-08,False
6599,3.7030930140149962,2.1692748924419247e-08,5.858008114384188e-09,False
6600,-3.249119324807624,-2.161767759332328e-08,6.653396022814039e-09,False
6605,3.7030930140149962,8.293487865213e-08,2.2396110045912593e-08,False
6606,3.7030930140149962,0.0,0.0,False
6610,-3.249119324807624,-3.952558297673492e-08,1.2165014277853637e-08,False
6611,3.7030930140149962,1.0397814529869431e-07,2.807872902602528e-08,False
6612,-3.249119324807624,-8.711446697080155e-08,2.6811716733721215e-08,False
6616,3.7030930140149962,8.293487865213e-08,2.2396110045912593e-08,False
6617,3.7030930140149962,0.0,0.0,False
6620,-3.249119324807624,-3.952558297673492e-08,1.2165014277853637e-08,False
6621,-3.249119324807624,0.0,-0.0,False
6622,-3.249119324807624,0.0,-0.0,False
6623,-3.249119324807624,0.0,-0.0,False
6624,-3.249119324807624,0.0,-0.0,False
6625,-3.249119324807624,0.0,-0.0,False
6626,-3.249119324807624,0.0,-0.0,False
6627,-3.249119324807624,0.0,-0.0,False
6629,3.7030930140149962,8.293487865213e-08,2.2396110045912593e-08,False
6630,3.7030930140149962,0.0,0.0,False
6636,-3.249119324807624,-3.952558297673492e-08,1.2165014277853637e-08,False
6637,-3.249119324807624,0.0,-0.0,False
6638,3.7030930140149962,1.4096979409055493e-07,3.806812131292148e-08,False
6639,3.7030930140149962,0.0,0.0,False
6640,3.7030930140149962,0.0,0.0,False
6641,3.7030930140149962,0.0,0.0,False
6642,3.7030930140149962,0.0,0.0,False
6646,-3.249119324807624,-3.952558297673492e-08,1.2165014277853637e-08,False
6647,3.7030930140149962,8.727407162754941e-08,2.3567885358873132e-08,False
6648,3.7030930140149962,0.0,0.0,False
6650,-3.249119324807624,-3.952558297673492e-08,1.2165014277853637e-08,False
6651,-3.249119324807624,0.0,-0.0,False
6652,3.7030930140149962,1.6557468247944268e-07,4.471253675043987e-08,False
6653,3.7030930140149962,0.0,0.0,False
6654,3.7030930140149962,0.0,0.0,False
6660,-3.249119324807624,-3.952558297673492e-08,1.2165014277853637e-08,False
6669,3.7030930140149962,3.9237992110682796e-08,1.0596005005053836e-08,False
6670,3.7030930140149962,5.4272828065894674e-08,1.4656080163390379e-08,False
6673,-3.249119324807624,-3.952558297673492e-08,1.2165014277853637e-08,False
6674,-3.249119324807624,0.0,-0.0,False
6678,3.7030930140149962,8.293487865213e-08,2.2396110045912593e-08,False
6698,-3.249119324807624,-4.821045998353035e-08,1.4838008445991692e-08,False
6721,-3.249119324807624,5.340178695426023e-08,-1.6435772778958212e-08,False
6722,3.7030930140149962,5.340178756228081e-08,1.442086044292501e-08,False
6725,-3.249119324807624,5.340178756228081e-08,-1.6435772966092175e-08,False
6726,3.7030930140149962,8.293487925928322e-08,2.2396110209870997e-08,False
6727,3.7030930140149962,0.0,0.0,False
6731,-3.249119324807624,-3.952558297673492e-08,1.2165014277853637e-08,False
6732,-3.249119324807624,0.0,-0.0,False
6733,-3.249119324807624,0.0,-0.0,False
6736,-3.249119324807624,5.340178695426023e-08,-1.6435772778958212e-08,False
6738,3.7030930140149962,5.340178756228081e-08,1.442086044292501e-08,False
6742,-3.249119324807624,5.340178756228081e-08,-1.6435772966092175e-08,False
6743,3.7030930140149962,5.340178816943403e-08,1.4420860606883414e-08,False
6744,-3.249119324807624,5.3401786955127595e-08,-1.6435772779225163e-08,False
6747,3.7030930140149962,5.340178695426023e-08,1.4420860278732381e-08,False
6749,3.7030930140149962,8.293487926015058e-08,2.2396110210105225e-08,False
6750,3.7030930140149962,0.0,0.0,False
6755,-3.249119324807624,-3.952558297673492e-08,1.2165014277853637e-08,False
6756,3.7030930140149962,1.7896097876182737e-08,4.832743279321329e-09,False
6757,-3.249119324807624,-1.783416548120642e-08,5.488922904443454e-09,False
6759,-3.249119324807624,5.340178695426023e-08,-1.6435772778958212e-08,False
6760,3.7030930140149962,8.293487865213e-08,2.2396110045912593e-08,False
6761,3.7030930140149962,0.0,0.0,False
6765,-3.249119324807624,-3.952558297673492e-08,1.2165014277853637e-08,False
6766,3.7030930140149962,2.1692748924419247e-08,5.858008114384188e-09,False
6768,-3.249119324807624,-2.161767714923407e-08,6.653395886134168e-09,False
6773,3.7030930140149962,8.293487865213e-08,2.2396110045912593e-08,False
6774,3.7030930140149962,0.0,0.0,False
6775,3.7030930140149962,0.0,0.0,False
6779,-3.249119324807624,-3.952558297673492e-08,1.2165014277853637e-08,False
6780,-3.249119324807624,0.0,-0.0,False
6784,3.7030930140149962,8.293487865213e-08,2.2396110045912593e-08,False
6785,3.7030930140149962,0.0,0.0,False
6792,-3.249119324807624,-3.952558297673492e-08,1.2165014277853637e-08,False
6793,-3.249119324807624,0.0,-0.0,False
6797,-3.249119324807624,5.340178695426023e-08,-1.6435772778958212e-08,False
6798,3.7030930140149962,8.293487865213e-08,2.2396110045912593e-08,False
6799,3.7030930140149962,0.0,0.0,False
6802,-3.249119324807624,-3.952558297673492e-08,1.2165014277853637e-08,False
6803,-3.249119324807624,0.0,-0.0,False
6808,3.7030930140149962,8.293487865213e-08,2.2396110045912593e-08,False
6809,3.7030930140149962,0.0,0.0,False
6811,-3.249119324807624,-3.952558297673492e-08,1.2165014277853637e-08,False
6812,-3.249119324807624,0.0,-0.0,False
6813,-3.249119324807624,0.0,-0.0,False
6814,-3.249119324807624,0.0,-0.0,False
6815,-3.249119324807624,0.0,-0.0,False
6816,-3.249119324807624,0.0,-0.0,False
6817,-3.249119324807624,0.0,-0.0,False
6818,-3.249119324807624,0.0,-0.0,False
6819,-3.249119324807624,0.0,-0.0,False
6821,3.7030930140149962,8.293487865213e-08,2.2396110045912593e-08,False
6822,3.7030930140149962,0.0,0.0,False
6826,-3.249119324807624,-3.952558297673492e-08,1.2165014277853637e-08,False
6827,-3.249119324807624,0.0,-0.0,False
6828,-3.249119324807624,0.0,-0.0,False
6829,3.7030930140149962,2.730292409606344e-08,7.373005212866866e-09,False
6830,-3.249119324807624,-2.7208437830029963e-08,8.374096211945352e-09,False
6832,3.7030930140149962,8.293487865213e-08,2.2396110045912593e-08,False
6833,3.7030930140149962,0.0,0.0,False
6840,-3.249119324807624,-3.952558297673492e-08,1.2165014277853637e-08,False
6841,-3.249119324807624,0.0,-0.0,False
6842,-3.249119324807624,0.0,-0.0,False
6845,-3.249119324807624,5.340178695426023e-08,-1.6435772778958212e-08,False
6846,3.7030930140149962,8.293487865213e-08,2.2396110045912593e-08,False
6847,3.7030930140149962,0.0,0.0,False
6850,-3.249119324807624,-3.952558297673492e-08,1.2165014277853637e-08,False
6851,-3.249119324807624,0.0,-0.0,False
6852,-3.249119324807624,0.0,-0.0,False
6853,-3.249119324807624,0.0,-0.0,False
6856,-3.249119324807624,5.340178695426023e-08,-1.6435772778958212e-08,False
6857,3.7030930140149962,8.293487865213e-08,2.2396110045912593e-08,False
6858,-3.249119324807624,-1.1816758597061466e-07,3.636911241405737e-08,False
6859,-3.249119324807624,0.0,-0.0,False
6860,-3.249119324807624,0.0,-0.0,False
6862,-3.249119324807624,-2.7382577962031807e-08,8.427692314332928e-09,False
6863,-3.249119324807624,0.0,-0.0,False
6864,-3.249119324807624,0.0,-0.0,False
6865,-3.249119324807624,0.0,-0.0,False
6869,3.7030930140149962,8.293487865213e-08,2.2396110045912593e-08,False
6870,3.7030930140149962,0.0,0.0,False
6875,-3.249119324807624,-3.952558297673492e-08,1.2165014277853637e-08,False
6876,-3.249119324807624,0.0,-0.0,False
6877,-3.249119324807624,0.0,-0.0,False
6878,-3.249119324807624,6.856222523575484e-08,-2.110178740197986e-08,False
6880,3.7030930140149962,6.856222523575484e-08,1.8514853657812328e-08,False
6881,3.7030930140149962,0.0,0.0,False
6889,-3.249119324807624,-3.952558297673492e-08,1.2165014277853637e-08,False
6890,-3.249119324807624,0.0,-0.0,False
6891,-3.249119324807624,0.0,-0.0,False
6892,-3.249119324807624,0.0,-0.0,False
6893,-3.249119324807624,0.0,-0.0,False
6894,3.7030930140149962,1.5642243071569556e-07,4.224102125539051e-08,False
6895,3.7030930140149962,0.0,0.0,False
6900,-3.249119324807624,-3.952558297673492e-08,1.2165014277853637e-08,False
6901,-3.249119324807624,0.0,-0.0,False
6902,-3.249119324807624,0.0,-0.0,False
6903,-3.249119324807624,8.293487865213e-08,-2.5525340980525688e-08,False
6904,3.7030930140149962,8.293487865213e-08,2.2396110045912593e-08,False
6905,3.7030930140149962,0.0,0.0,False
6911,-3.249119324807624,-3.952558297673492e-08,1.2165014277853637e-08,False
6912,-3.249119324807624,0.0,-0.0,False
6913,-3.249119324807624,0.0,-0.0,False
6914,-3.249119324807624,8.293487865213e-08,-2.5525340980525688e-08,False
6916,3.7030930140149962,5.340178756228081e-08,1.442086044292501e-08,False
6917,-3.249119324807624,5.3401786955127595e-08,-1.6435772779225163e-08,False
6918,3.7030930140149962,8.293487925928322e-08,2.2396110209870997e-08,False
6919,3.7030930140149962,0.0,0.0,False
6923,-3.249119324807624,-3.952558297673492e-08,1.2165014277853637e-08,False
6924,-3.249119324807624,0.0,-0.0,False
6931,3.7030930140149962,8.293487865213e-08,2.2396110045912593e-08,False
6932,3.7030930140149962,0.0,0.0,False
6933,3.7030930140149962,0.0,0.0,False
6934,-3.249119324807624,-4.169581736823691e-08,1.2832959703843952e-08,False
6935,-3.249119324807624,-4.169581736823691e-08,1.2832959703843952e-08,False
6936,-3.249119324807624,0.0,-0.0,False
6937,-3.249119324807624,0.0,-0.0,False
6938,-3.249119324807624,0.0,-0.0,False
6939,-3.249119324807624,0.0,-0.0,False
6941,-3.249119324807624,5.340178695426023e-08,-1.6435772778958212e-08,False
6942,3.7030930140149962,8.293487865213e-08,2.2396110045912593e-08,False
6943,3.7030930140149962,0.0,0.0,False
6946,-3.249119324807624,-3.952558297673492e-08,1.2165014277853637e-08,False
6947,-3.249119324807624,0.0,-0.0,False
6952,3.7030930140149962,8.293487865213e-08,2.2396110045912593e-08,False
6953,3.7030930140149962,0.0,0.0,False
6959,-3.249119324807624,-3.952558297673492e-08,1.2165014277853637e-08,False
6960,-3.249119324807624,2.1041395748162828e-08,-6.476030470013181e-09,False
6961,-3.249119324807624,-2.0968578532364057e-08,6.453619099878881e-09,False
6965,3.7030930140149962,8.293487865213e-08,2.2396110045912593e-08,False
6966,3.7030930140149962,0.0,0.0,False
6967,3.7030930140149962,0.0,0.0,False
6968,3.7030930140149962,0.0,0.0,False
6970,-3.249119324807624,-3.952558297673492e-08,1.2165014277853637e-08,False
6971,-3.249119324807624,1.761900332228339e-08,-5.4227012186838e-09,False
6972,-3.249119324807624,-1.7558029859893187e-08,5.403935068138125e-09,False
6976,3.7030930140149962,8.293487865213e-08,2.2396110045912593e-08,False
6977,3.7030930140149962,0.0,0.0,False
6982,-3.249119324807624,-3.952558297673492e-08,1.2165014277853637e-08,False
6983,-3.249119324807624,0.0,-0.0,False
6984,-3.249119324807624,0.0,-0.0,False
6985,-3.249119324807624,0.0,-0.0,False
6986,-3.249119324807624,0.0,-0.0,False
6989,3.7030930140149962,8.293487865213e-08,2.2396110045912593e-08,False
6990,3.7030930140149962,0.0,0.0,False
6993,-3.249119324807624,-3.952558297673492e-08,1.2165014277853637e-08,False
6994,-3.249119324807624,0.0,-0.0,False
7000,3.7030930140149962,2.234438655195764e-08,6.03397928904066e-09,False
7008,-3.249119324807624,-3.952558297673492e-08,1.2165014277853637e-08,False
7009,-3.249119324807624,0.0,-0.0,False
7010,-3.249119324807624,0.0,-0.0,False
7013,3.7030930140149962,8.293487865213e-08,2.2396110045912593e-08,False
7014,3.7030930140149962,0.0,0.0,False
7019,-3.249119324807624,-3.952558297673492e-08,1.2165014277853637e-08,False
7020,-3.249119324807624,0.0,-0.0,False
7022,-3.249119324807624,3.2060739597016e-08,-9.86751682285915e-09,False
7023,3.7030930140149962,5.144594964531096e-08,1.3892697118491181e-08,False
7024,3.7030930140149962,0.0,0.0,False
7026,3.7030930140149962,1.4145834395344614e-08,3.820005152937627e-09,False
7031,-3.249119324807624,-3.952558297673492e-08,1.2165014277853637e-08,False
7032,-3.249119324807624,0.0,-0.0,False
7033,-3.249119324807624,0.0,-0.0,False
7034,-3.249119324807624,0.0,-0.0,False
7037,-3.249119324807624,5.340178695426023e-08,-1.6435772778958212e-08,False
7039,3.7030930140149962,8.293487865213e-08,2.2396110045912593e-08,False
7042,3.7030930140149962,-3.4292634221860796e-08,-9.26053817499976e-09,False
7043,-3.249119324807624,-5.9494759456664437e-08,1.831104170364289e-08,False
7044,-3.249119324807624,0.0,-0.0,False
7046,-3.249119324807624,5.340178695426023e-08,-1.6435772778958212e-08,False
7048,3.7030930140149962,8.293487865213e-08,2.2396110045912593e-08,False
7049,3.7030930140149962,0.0,0.0,False
7052,-3.249119324807624,-3.952558297673492e-08,1.2165014277853637e-08,False
7053,-3.249119324807624,0.0,-0.0,False
7054,-3.249119324807624,0.0,-0.0,False
7055,-3.249119324807624,0.0,-0.0,False
7059,-3.249119324807624,-1.4375033572343321e-08,4.424286132733659e-09,False
7060,-3.249119324807624,0.0,-0.0,False
7061,-3.249119324807624,0.0,-0.0,False
7062,-3.249119324807624,0.0,-0.0,False
7063,-3.249119324807624,0.0,-0.0,False
7064,-3.249119324807624,0.0,-0.0,False
7065,-3.249119324807624,0.0,-0.0,False
7066,-3.249119324807624,0.0,-0.0,False
7067,-3.249119324807624,0.0,-0.0,False
7068,-3.249119324807624,0.0,-0.0,False
7069,-3.249119324807624,0.0,-0.0,False
7070,-3.249119324807624,0.0,-0.0,False
7071,-3.249119324807624,8.293487865213e-08,-2.5525340980525688e-08,False
7072,3.7030930140149962,8.293487865213e-08,2.2396110045912593e-08,False
7073,3.7030930140149962,0.0,0.0,False
7079,-3.249119324807624,-3.952558297673492e-08,1.2165014277853637e-08,False
7080,-3.249119324807624,0.0,-0.0,False
7081,-3.249119324807624,0.0,-0.0,False
7082,-3.249119324807624,0.0,-0.0,False
7083,-3.249119324807624,0.0,-0.0,False
7084,-3.249119324807624,8.293487865213e-08,-2.5525340980525688e-08,False
7086,3.7030930140149962,8.293487865213e-08,2.2396110045912593e-08,False
7087,3.7030930140149962,0.0,0.0,False
7088,-3.249119324807624,-7.80271642809513e-08,2.401486571613407e-08,False
7089,-3.249119324807624,0.0,-0.0,False
7090,-3.249119324807624,0.0,-0.0,False
7091,-3.249119324807624,0.0,-0.0,False
7092,-3.249119324807624,0.0,-0.0,False
7093,-3.249119324807624,0.0,-0.0,False
7094,-3.249119324807624,0.0,-0.0,False
7095,3.7030930140149962,6.577468714477619e-08,1.7762094253598413e-08,False
7096,3.7030930140149962,6.577468714477619e-08,1.7762094253598413e-08,False
7097,3.7030930140149962,0.0,0.0,False
7105,-3.249119324807624,-3.952558297673492e-08,1.2165014277853637e-08,False
7106,-3.249119324807624,0.0,-0.0,False
7109,-3.249119324807624,5.340178695426023e-08,-1.6435772778958212e-08,False
7110,3.7030930140149962,8.293487865213e-08,2.2396110045912593e-08,False
7111,3.7030930140149962,0.0,0.0,False
7114,-3.249119324807624,-3.952558297673492e-08,1.2165014277853637e-08,False
7115,-3.249119324807624,0.0,-0.0,False
7119,-3.249119324807624,5.340178695426023e-08,-1.6435772778958212e-08,False
7120,3.7030930140149962,8.293487865213e-08,2.2396110045912593e-08,False
7121,3.7030930140149962,0.0,0.0,False
7126,-3.249119324807624,-3.952558297673492e-08,1.2165014277853637e-08,False
7127,-3.249119324807624,0.0,-0.0,False
7128,-3.249119324807624,8.293487865213e-08,-2.5525340980525688e-08,False
7129,3.7030930140149962,5.340178756228081e-08,1.442086044292501e-08,False
7133,-3.249119324807624,5.340178756228081e-08,-1.6435772966092175e-08,False
7134,3.7030930140149962,8.293487925928322e-08,2.2396110209870997e-08,False
7135,3.7030930140149962,0.0,0.0,False
7139,-3.249119324807624,-3.952558297673492e-08,1.2165014277853637e-08,False
7140,-3.249119324807624,0.0,-0.0,False
7141,-3.249119324807624,0.0,-0.0,False
7144,3.7030930140149962,8.293487865213e-08,2.2396110045912593e-08,False
7145,3.7030930140149962,0.0,0.0,False
7150,-3.249119324807624,-3.952558297673492e-08,1.2165014277853637e-08,False
7151,-3.249119324807624,0.0,-0.0,False
7152,-3.249119324807624,0.0,-0.0,False
7153,-3.249119324807624,0.0,-0.0,False
7154,-3.249119324807624,0.0,-0.0,False
7157,3.7030930140149962,8.293487865213e-08,2.2396110045912593e-08,False
7158,3.7030930140149962,0.0,0.0,False
7161,-3.249119324807624,-3.952558297673492e-08,1.2165014277853637e-08,False
7162,-3.249119324807624,0.0,-0.0,False
7163,-3.249119324807624,0.0,-0.0,False
7164,-3.249119324807624,0.0,-0.0,False
7165,-3.249119324807624,0.0,-0.0,False
7166,-3.249119324807624,8.293487865213e-08,-2.5525340980525688e-08,False
7168,3.7030930140149962,8.293487865213e-08,2.2396110045912593e-08,False
7169,3.7030930140149962,0.0,0.0,False
7173,-3.249119324807624,-3.952558297673492e-08,1.2165014277853637e-08,False
7174,-3.249119324807624,0.0,-0.0,False
7175,-3.249119324807624,8.293487865213e-08,-2.5525340980525688e-08,False
7177,3.7030930140149962,5.340178695426023e-08,1.4420860278732381e-08,False
7181,3.7030930140149962,8.293487926015058e-08,2.2396110210105225e-08,False
7182,3.7030930140149962,0.0,0.0,False
7185,-3.249119324807624,-3.952558297673492e-08,1.2165014277853637e-08,False
7186,-3.249119324807624,0.0,-0.0,False
7187,-3.249119324807624,0.0,-0.0,False
7188,-3.249119324807624,0.0,-0.0,False
7190,-3.249119324807624,5.340178695426023e-08,-1.6435772778958212e-08,False
7191,3.7030930140149962,8.293487865213e-08,2.2396110045912593e-08,False
7192,3.7030930140149962,0.0,0.0,False
7199,-3.249119324807624,-3.952558297673492e-08,1.2165014277853637e-08,False
7200,3.7030930140149962,2.1692748924419247e-08,5.858008114384188e-09,False
7201,-3.249119324807624,-2.161767759332328e-08,6.653396022814039e-09,False
7204,-3.249119324807624,5.340178695426023e-08,-1.6435772778958212e-08,False
7205,3.7030930140149962,8.293487865213e-08,2.2396110045912593e-08,False
7206,3.7030930140149962,0.0,0.0,False
7209,-3.249119324807624,-3.952558297673492e-08,1.2165014277853637e-08,False
7210,-3.249119324807624,0.0,-0.0,False
7211,-3.249119324807624,0.0,-0.0,False
7212,-3.249119324807624,0.0,-0.0,False
7213,-3.249119324807624,0.0,-0.0,False
7215,-3.249119324807624,5.340178695426023e-08,-1.6435772778958212e-08,False
7216,3.7030930140149962,8.293487865213e-08,2.2396110045912593e-08,False
7217,3.7030930140149962,0.0,0.0,False
7221,-3.249119324807624,-3.952558297673492e-08,1.2165014277853637e-08,False
7222,3.7030930140149962,2.1692748924419247e-08,5.858008114384188e-09,False
7227,-3.249119324807624,-2.161767714923407e-08,6.653395886134168e-09,False
7229,-3.249119324807624,5.340178695426023e-08,-1.6435772778958212e-08,False
7230,3.7030930140149962,8.293487865213e-08,2.2396110045912593e-08,False
7231,3.7030930140149962,0.0,0.0,False
7235,-3.249119324807624,-3.952558297673492e-08,1.2165014277853637e-08,False
7236,-3.249119324807624,0.0,-0.0,False
7239,-3.249119324807624,5.340178695426023e-08,-1.6435772778958212e-08,False
7240,3.7030930140149962,8.293487865213e-08,2.2396110045912593e-08,False
7241,3.7030930140149962,0.0,0.0,False
7245,-3.249119324807624,-3.952558297673492e-08,1.2165014277853637e-08,False
7246,-3.249119324807624,1.383382386942189e-08,-4.25771493333535e-09,False
7250,-3.249119324807624,-1.378594964313723e-08,4.2429804094540225e-09,False
7251,-3.249119324807624,0.0,-0.0,False
7252,-3.249119324807624,0.0,-0.0,False
7253,-3.249119324807624,8.293487865213e-08,-2.5525340980525688e-08,False
7255,3.7030930140149962,8.293487865213e-08,2.2396110045912593e-08,False
7256,-3.249119324807624,-5.7750705654245615e-08,1.777426431011885e-08,False
7257,-3.249119324807624,-5.7750705654245615e-08,1.777426431011885e-08,False
7258,-3.249119324807624,8.293487865213e-08,-2.5525340980525688e-08,False
7259,3.7030930140149962,5.340178756228081e-08,1.442086044292501e-08,False
7264,-3.249119324807624,5.340178756228081e-08,-1.6435772966092175e-08,False
7265,3.7030930140149962,8.293487925928322e-08,2.2396110209870997e-08,False
7266,3.7030930140149962,0.0,0.0,False
7270,-3.249119324807624,-3.952558297673492e-08,1.2165014277853637e-08,False
7271,3.7030930140149962,1.652872462856725e-08,4.4634916179559706e-09,False
7272,-3.249119324807624,-1.6471524254789427e-08,5.06953503647167e-09,False
7273,-3.249119324807624,0.0,-0.0,False
7274,-3.249119324807624,0.0,-0.0,False
7275,-3.249119324807624,0.0,-0.0,False
7278,3.7030930140149962,8.293487865213e-08,2.2396110045912593e-08,False
7279,3.7030930140149962,0.0,0.0,False
7280,3.7030930140149962,-4.2119146457901546e-08,-1.137404496686806e-08,False
7281,-3.249119324807624,-4.2119146457901546e-08,1.2963250114058327e-08,False
7282,-3.249119324807624,0.0,-0.0,False
7283,-3.249119324807624,0.0,-0.0,False
7284,-3.249119324807624,0.0,-0.0,False
7286,-3.249119324807624,5.340178695426023e-08,-1.6435772778958212e-08,False
7288,3.7030930140149962,8.293487865213e-08,2.2396110045912593e-08,False
7289,3.7030930140149962,0.0,0.0,False
7298,-3.249119324807624,-3.952558297673492e-08,1.2165014277853637e-08,False
7299,-3.249119324807624,4.87813260697037e-08,-1.5013707159736885e-08,False
7300,3.7030930140149962,4.87813260697037e-08,1.3173130106395473e-08,False
7303,3.7030930140149962,1.810305735785306e-08,4.888631554578539e-09,False
7304,3.7030930140149962,0.0,0.0,False
7305,3.7030930140149962,0.0,0.0,False
7306,3.7030930140149962,0.0,0.0,False
7321,-3.249119324807624,-3.952558297673492e-08,1.2165014277853637e-08,False
7322,-3.249119324807624,0.0,-0.0,False
7325,-3.249119324807624,5.340178695426023e-08,-1.6435772778958212e-08,False
7326,3.7030930140149962,8.293487865213e-08,2.2396110045912593e-08,False
7327,3.7030930140149962,0.0,0.0,False
7328,3.7030930140149962,0.0,0.0,False
7330,-3.249119324807624,-3.952558297673492e-08,1.2165014277853637e-08,False
7331,-3.249119324807624,0.0,-0.0,False
7336,3.7030930140149962,8.293487865213e-08,2.2396110045912593e-08,False
7337,3.7030930140149962,0.0,0.0,False
7345,-3.249119324807624,-3.952558297673492e-08,1.2165014277853637e-08,False
7346,-3.249119324807624,0.0,-0.0,False
7347,3.7030930140149962,8.293487925928322e-08,2.2396110209870997e-08,False
7349,-3.249119324807624,5.340178756228081e-08,-1.6435772966092175e-08,False
7351,3.7030930140149962,5.340178756228081e-08,1.442086044292501e-08,False
7354,-3.249119324807624,5.340178756228081e-08,-1.6435772966092175e-08,False
7359,3.7030930140149962,8.293487865213e-08,2.2396110045912593e-08,False
7360,3.7030930140149962,0.0,0.0,False
7361,3.7030930140149962,0.0,0.0,False
7367,-3.249119324807624,-3.952558297673492e-08,1.2165014277853637e-08,False
7368,3.7030930140149962,2.1692748924419247e-08,5.858008114384188e-09,False
7369,-3.249119324807624,-2.161767759332328e-08,6.653396022814039e-09,False
7374,3.7030930140149962,8.293487865213e-08,2.2396110045912593e-08,False
7375,3.7030930140149962,0.0,0.0,False
7380,-3.249119324807624,-3.952558297673492e-08,1.2165014277853637e-08,False
7381,-3.249119324807624,0.0,-0.0,False
7382,-3.249119324807624,6.750020701412618e-08,-2.0774923992095235e-08,False
7388,3.7030930140149962,4.3828889106575786e-08,1.1835751611071547e-08,False
7389,3.7030930140149962,6.59021345177438e-08,1.779651071910043e-08,False
7390,3.7030930140149962,0.0,0.0,False
7391,-3.249119324807624,-7.685774309606347e-08,2.3654946283209868e-08,False
7392,3.7030930140149962,5.749463420461065e-08,1.552611127698177e-08,False
7393,3.7030930140149962,5.749463420461065e-08,1.552611127698177e-08,False
7394,-3.249119324807624,-7.685774309606347e-08,2.3654946283209868e-08,False
7395,-3.249119324807624,0.0,-0.0,False
7398,-3.249119324807624,5.340178695426023e-08,-1.6435772778958212e-08,False
7399,3.7030930140149962,8.293487865213e-08,2.2396110045912593e-08,False
7400,3.7030930140149962,0.0,0.0,False
7402,-3.249119324807624,-3.952558297673492e-08,1.2165014277853637e-08,False
7403,-3.249119324807624,0.0,-0.0,False
7404,-3.249119324807624,0.0,-0.0,False
7405,-3.249119324807624,0.0,-0.0,False
7406,-3.249119324807624,8.293487865213e-08,-2.5525340980525688e-08,False
7408,3.7030930140149962,8.293487865213e-08,2.2396110045912593e-08,False
7409,3.7030930140149962,0.0,0.0,False
7416,-3.249119324807624,-3.952558297673492e-08,1.2165014277853637e-08,False
7417,-3.249119324807624,1.761900332228339e-08,-5.4227012186838e-09,False
7418,-3.249119324807624,-1.7558029859893187e-08,5.403935068138125e-09,False
7419,-3.249119324807624,8.293487865213e-08,-2.5525340980525688e-08,False
7420,3.7030930140149962,5.340178695426023e-08,1.4420860278732381e-08,False
7425,3.7030930140149962,8.293487926015058e-08,2.2396110210105225e-08,False
7427,3.7030930140149962,1.6384283883612294e-08,4.424486185359951e-09,False
7428,-3.249119324807624,-7.91803327305704e-08,2.4369782951956853e-08,False
7429,-3.249119324807624,0.0,-0.0,False
7430,-3.249119324807624,0.0,-0.0,False
7431,-3.249119324807624,0.0,-0.0,False
7432,3.7030930140149962,1.6557468247944268e-07,4.471253675043987e-08,False
7433,3.7030930140149962,0.0,0.0,False
7439,-3.249119324807624,-3.952558297673492e-08,1.2165014277853637e-08,False
7440,-3.249119324807624,0.0,-0.0,False
7446,3.7030930140149962,8.293487865213e-08,2.2396110045912593e-08,False
7447,3.7030930140149962,0.0,0.0,False
7451,-3.249119324807624,-5.240395516917934e-08,1.6128664395014825e-08,False
7452,-3.249119324807624,0.0,-0.0,False
7456,3.7030930140149962,8.293487865213e-08,2.2396110045912593e-08,False
7457,3.7030930140149962,0.0,0.0,False
7465,-3.249119324807624,-3.952558297673492e-08,1.2165014277853637e-08,False
7466,-3.249119324807624,0.0,-0.0,False
7469,-3.249119324807624,5.340178695426023e-08,-1.6435772778958212e-08,False
7470,3.7030930140149962,8.293487865213e-08,2.2396110045912593e-08,False
7471,3.7030930140149962,0.0,0.0,False
7472,3.7030930140149962,0.0,0.0,False
7486,-3.249119324807624,-3.952558297673492e-08,1.2165014277853637e-08,False
7487,3.7030930140149962,4.9095176367884574e-08,1.3257883661597314e-08,False
7489,-3.249119324807624,-3.952558297673492e-08,1.2165014277853637e-08,False
7490,-3.249119324807624,0.0,-0.0,False
7491,3.7030930140149962,8.293487925928322e-08,2.2396110209870997e-08,False
7495,-3.249119324807624,5.340178756228081e-08,-1.6435772966092175e-08,False
7499,3.7030930140149962,5.340178695426023e-08,1.4420860278732381e-08,False
7504,3.7030930140149962,8.293487926015058e-08,2.2396110210105225e-08,False
7505,3.7030930140149962,0.0,0.0,False
7513,-3.249119324807624,-3.952558297673492e-08,1.2165014277853637e-08,False
7514,-3.249119324807624,0.0,-0.0,False
7515,-3.249119324807624,0.0,-0.0,False
7518,3.7030930140149962,8.293487865213e-08,2.2396110045912593e-08,False
7519,3.7030930140149962,0.0,0.0,False
7538,-3.249119324807624,-3.952558297673492e-08,1.2165014277853637e-08,False
7539,-3.249119324807624,0.0,-0.0,False
7545,3.7030930140149962,8.293487865213e-08,2.2396110045912593e-08,False
7559,-3.249119324807624,-3.904907933116597e-08,1.2018358031057542e-08,False
7565,-3.249119324807624,5.340178695426023e-08,-1.6435772778958212e-08,False
7566,3.7030930140149962,8.293487865213e-08,2.2396110045912593e-08,False
7567,3.7030930140149962,0.0,0.0,False
7568,3.7030930140149962,-4.7908996190365594e-08,-1.2937562197073017e-08,False
7569,-3.249119324807624,-4.7908996190365594e-08,1.474522521366685e-08,False
7570,-3.249119324807624,0.0,-0.0,False
7571,-3.249119324807624,0.0,-0.0,False
7572,-3.249119324807624,0.0,-0.0,False
7573,-3.249119324807624,0.0,-0.0,False
7574,-3.249119324807624,8.293487865213e-08,-2.5525340980525688e-08,False
7575,3.7030930140149962,5.340178695426023e-08,1.4420860278732381e-08,False
7576,3.7030930140149962,8.293487865213e-08,2.2396110045912593e-08,False
7577,3.7030930140149962,0.0,0.0,False
7581,-3.249119324807624,-3.952558297673492e-08,1.2165014277853637e-08,False
7582,-3.249119324807624,0.0,-0.0,False
7583,-3.249119324807624,1.4054164112868583e-08,-4.325530307724451e-09,False
7584,-3.249119324807624,-1.4005527362859205e-08,4.3105610975640155e-09,False
7585,-3.249119324807624,0.0,-0.0,False
7586,-3.249119324807624,0.0,-0.0,False
7587,-3.249119324807624,0.0,-0.0,False
7588,-3.249119324807624,0.0,-0.0,False
7589,-3.249119324807624,0.0,-0.0,False
7592,-3.249119324807624,-1.7599030780433844e-08,5.416554155478995e-09,False
7593,-3.249119324807624,0.0,-0.0,False
7594,-3.249119324807624,0.0,-0.0,False
7595,-3.249119324807624,0.0,-0.0,False
7596,-3.249119324807624,0.0,-0.0,False
7597,-3.249119324807624,0.0,-0.0,False
7598,-3.249119324807624,0.0,-0.0,False
7599,-3.249119324807624,0.0,-0.0,False
7600,3.7030930140149962,1.3107909358888586e-07,3.539719177800675e-08,False
7601,3.7030930140149962,0.0,0.0,False
7610,-3.249119324807624,-3.952558297673492e-08,1.2165014277853637e-08,False
7611,-3.249119324807624,0.0,-0.0,False
7612,-3.249119324807624,0.0,-0.0,False
7614,3.7030930140149962,8.293487865213e-08,2.2396110045912593e-08,False
7615,3.7030930140149962,0.0,0.0,False
7617,-3.249119324807624,-3.952558297673492e-08,1.2165014277853637e-08,False
7618,-3.249119324807624,0.0,-0.0,False
7621,-3.249119324807624,5.340178695426023e-08,-1.6435772778958212e-08,False
7624,3.7030930140149962,8.293487865213e-08,2.2396110045912593e-08,False
7625,3.7030930140149962,0.0,0.0,False
7635,-3.249119324807624,-3.952558297673492e-08,1.2165014277853637e-08,False
7636,-3.249119324807624,0.0,-0.0,False
7637,3.7030930140149962,1.6557468247944268e-07,4.471253675043987e-08,False
7638,-3.249119324807624,-8.928240338712534e-08,2.7478954898774493e-08,False
7639,3.7030930140149962,1.2076830324843357e-07,3.261281928143987e-08,False
7647,-3.249119324807624,-3.952558297673492e-08,1.2165014277853637e-08,False
7648,3.7030930140149962,9.866924836898772e-08,2.6645090467767586e-08,False
7682,-3.249119324807624,-3.952558297673492e-08,1.2165014277853637e-08,False
7683,-3.249119324807624,0.0,-0.0,False
7710,-3.249119324807624,5.340178695426023e-08,-1.6435772778958212e-08,False
7711,3.7030930140149962,8.293487865213e-08,2.2396110045912593e-08,False
7712,3.7030930140149962,0.0,0.0,False
7716,-3.249119324807624,-3.952558297673492e-08,1.2165014277853637e-08,False
7717,-3.249119324807624,0.0,-0.0,False
7718,-3.249119324807624,8.293487865213e-08,-2.5525340980525688e-08,False
7719,3.7030930140149962,8.293487865213e-08,2.2396110045912593e-08,False
7720,3.7030930140149962,0.0,0.0,False
7721,3.7030930140149962,0.0,0.0,False
7725,-3.249119324807624,-3.952558297673492e-08,1.2165014277853637e-08,False
7726,-3.249119324807624,0.0,-0.0,False
7727,-3.249119324807624,8.293487865213e-08,-2.5525340980525688e-08,False
7728,3.7030930140149962,5.340178756228081e-08,1.442086044292501e-08,False
7729,-3.249119324807624,5.3401786955127595e-08,-1.6435772779225163e-08,False
7730,3.7030930140149962,5.340178816943403e-08,1.4420860606883414e-08,False
7735,-3.249119324807624,5.340178756228081e-08,-1.6435772966092175e-08,False
7736,3.7030930140149962,8.293487925928322e-08,2.2396110209870997e-08,False
7737,-3.249119324807624,-1.016740614314185e-07,3.129280622448007e-08,False
7738,-3.249119324807624,2.110408891912996e-08,-6.495325905083373e-09,False
7739,-3.249119324807624,-2.1031054743200772e-08,6.472847759891364e-09,False
7744,3.7030930140149962,8.293487865213e-08,2.2396110045912593e-08,False
7745,3.7030930140149962,0.0,0.0,False
7754,-3.249119324807624,-3.952558297673492e-08,1.2165014277853637e-08,False
7755,-3.249119324807624,0.0,-0.0,False
7756,-3.249119324807624,0.0,-0.0,False
7759,-3.249119324807624,5.340178695426023e-08,-1.6435772778958212e-08,False
7764,3.7030930140149962,5.340178756228081e-08,1.442086044292501e-08,False
7767,-3.249119324807624,5.340178756228081e-08,-1.6435772966092175e-08,False
7769,3.7030930140149962,8.293487865213e-08,2.2396110045912593e-08,False
7771,3.7030930140149962,-3.5913770951058466e-08,-9.698317275622455e-09,False
7772,-3.249119324807624,-5.6925002352506415e-08,1.752013289197277e-08,False
7773,-3.249119324807624,0.0,-0.0,False
7774,-3.249119324807624,0.0,-0.0,False
7775,-3.249119324807624,0.0,-0.0,False
7776,-3.249119324807624,0.0,-0.0,False
7777,-3.249119324807624,0.0,-0.0,False
7778,-3.249119324807624,0.0,-0.0,False
7779,-3.249119324807624,0.0,-0.0,False
7780,-3.249119324807624,0.0,-0.0,False
7782,-3.249119324807624,5.340178695426023e-08,-1.6435772778958212e-08,False
7791,3.7030930140149962,8.293487865213e-08,2.2396110045912593e-08,False
7792,3.7030930140149962,0.0,0.0,False
7801,-3.249119324807624,-3.952558297673492e-08,1.2165014277853637e-08,False
7802,-3.249119324807624,0.0,-0.0,False
7803,-3.249119324807624,0.0,-0.0,False
7804,-3.249119324807624,0.0,-0.0,False
7806,3.7030930140149962,8.293487865213e-08,2.2396110045912593e-08,False
7807,3.7030930140149962,-1.6661747919734238e-08,-4.499413829648612e-09,False
7810,3.7030930140149962,1.671960888054852e-08,4.5150388654214915e-09,False
7813,3.7030930140149962,5.470885550140636e-11,1.477382698580652e-11,False
7814,3.7030930140149962,1.5808770958969376e-08,4.269072070060986e-09,False
7826,-3.249119324807624,-3.952558297673492e-08,1.2165014277853637e-08,False
7827,-3.249119324807624,0.0,-0.0,False
7831,-3.249119324807624,5.340178695426023e-08,-1.6435772778958212e-08,False
7836,3.7030930140149962,5.340178756228081e-08,1.442086044292501e-08,False
7837,-3.249119324807624,5.3401786955127595e-08,-1.6435772779225163e-08,False
7839,3.7030930140149962,8.293487865213e-08,2.2396110045912593e-08,False
7840,3.7030930140149962,0.0,0.0,False
7846,-3.249119324807624,-3.952558297673492e-08,1.2165014277853637e-08,False
7847,3.7030930140149962,1.0397814529869431e-07,2.807872902602528e-08,False
7849,-3.249119324807624,-2.59301540395801e-08,7.980671513538639e-09,False
7850,-3.249119324807624,-4.354915736186349e-08,1.3403372732222438e-08,False
7854,-3.249119324807624,5.340178695426023e-08,-1.6435772778958212e-08,False
7855,3.7030930140149962,8.293487865213e-08,2.2396110045912593e-08,False
7860,-3.249119324807624,-5.857763801103699e-08,1.8028774001553574e-08,False
7862,-3.249119324807624,5.340178695426023e-08,-1.6435772778958212e-08,False
7863,3.7030930140149962,8.293487865213e-08,2.2396110045912593e-08,False
7864,3.7030930140149962,0.0,0.0,False
7874,-3.249119324807624,-3.952558297673492e-08,1.2165014277853637e-08,False
7875,-3.249119324807624,0.0,-0.0,False
7878,3.7030930140149962,8.293487865213e-08,2.2396110045912593e-08,False
7879,3.7030930140149962,0.0,0.0,False
7882,-3.249119324807624,-3.357321410202979e-08,1.033301973420678e-08,False
7883,-3.249119324807624,-5.119221742431318e-08,1.575572095289058e-08,False
7886,-3.249119324807624,5.340178695426023e-08,-1.6435772778958212e-08,False
7888,3.7030930140149962,8.293487865213e-08,2.2396110045912593e-08,False
7889,3.7030930140149962,0.0,0.0,False
7894,-3.249119324807624,-3.952558297673492e-08,1.2165014277853637e-08,False
7895,-3.249119324807624,0.0,-0.0,False
7896,-3.249119324807624,0.0,-0.0,False
7897,-3.249119324807624,0.0,-0.0,False
7898,-3.249119324807624,0.0,-0.0,False
7899,-3.249119324807624,0.0,-0.0,False
7900,-3.249119324807624,0.0,-0.0,False
7901,-3.249119324807624,0.0,-0.0,False
7902,-3.249119324807624,0.0,-0.0,False
7903,-3.249119324807624,8.293487865213e-08,-2.5525340980525688e-08,False
7904,3.7030930140149962,8.293487865213e-08,2.2396110045912593e-08,False
7907,-3.249119324807624,-3.210916135407138e-08,9.882419863410993e-09,False
7908,-3.249119324807624,-5.8543577493609666e-08,1.8018291001693497e-08,False
7911,-3.249119324807624,5.340178695426023e-08,-1.6435772778958212e-08,False
7912,3.7030930140149962,8.293487865213e-08,2.2396110045912593e-08,False
7913,3.7030930140149962,0.0,0.0,False
7922,-3.249119324807624,-3.952558297673492e-08,1.2165014277853637e-08,False
7923,-3.249119324807624,0.0,-0.0,False
7930,-3.249119324807624,5.340178695426023e-08,-1.6435772778958212e-08,False
7932,3.7030930140149962,5.340178756228081e-08,1.442086044292501e-08,False
7933,-3.249119324807624,5.3401786955127595e-08,-1.6435772779225163e-08,False
7936,3.7030930140149962,8.293487865213e-08,2.2396110045912593e-08,False
7937,3.7030930140149962,0.0,0.0,False
7946,-3.249119324807624,-3.952558297673492e-08,1.2165014277853637e-08,False
7947,-3.249119324807624,0.0,-0.0,False
7952,-3.249119324807624,5.340178695426023e-08,-1.6435772778958212e-08,False
7954,3.7030930140149962,5.340178756228081e-08,1.442086044292501e-08,False
7955,-3.249119324807624,5.3401786955127595e-08,-1.6435772779225163e-08,False
7959,3.7030930140149962,8.293487865213e-08,2.2396110045912593e-08,False
7960,3.7030930140149962,0.0,0.0,False
7961,3.7030930140149962,0.0,0.0,False
7965,-3.249119324807624,-3.952558297673492e-08,1.2165014277853637e-08,False
7966,-3.249119324807624,0.0,-0.0,False
7967,-3.249119324807624,8.293487865213e-08,-2.5525340980525688e-08,False
7968,3.7030930140149962,5.340178756228081e-08,1.442086044292501e-08,False
7969,-3.249119324807624,5.3401786955127595e-08,-1.6435772779225163e-08,False
7970,3.7030930140149962,5.340178816943403e-08,1.4420860606883414e-08,False
7975,-3.249119324807624,5.340178756228081e-08,-1.6435772966092175e-08,False
7979,3.7030930140149962,5.340178756228081e-08,1.442086044292501e-08,False
7981,-3.249119324807624,5.340178756228081e-08,-1.6435772966092175e-08,False
7984,3.7030930140149962,8.293487865213e-08,2.2396110045912593e-08,False
7985,3.7030930140149962,0.0,0.0,False
7989,-3.249119324807624,-3.952558297673492e-08,1.2165014277853637e-08,False
7990,-3.249119324807624,0.0,-0.0,False
7991,-3.249119324807624,0.0,-0.0,False
7992,-3.249119324807624,0.0,-0.0,False
7993,-3.249119324807624,0.0,-0.0,False
7994,-3.249119324807624,0.0,-0.0,False
7995,-3.249119324807624,0.0,-0.0,False
7996,-3.249119324807624,0.0,-0.0,False
7998,-3.249119324807624,5.340178695426023e-08,-1.6435772778958212e-08,False
8004,3.7030930140149962,5.340178756228081e-08,1.442086044292501e-08,False
8005,-3.249119324807624,5.3401786955127595e-08,-1.6435772779225163e-08,False
8008,3.7030930140149962,8.293487865213e-08,2.2396110045912593e-08,False
8009,3.7030930140149962,0.0,0.0,False
8014,-3.249119324807624,-3.952558297673492e-08,1.2165014277853637e-08,False
8015,-3.249119324807624,1.628397046198049e-08,-5.011810535134668e-09,False
8018,-3.249119324807624,-1.622761709989956e-08,4.994466339231901e-09,False
8019,-3.249119324807624,0.0,-0.0,False
8020,-3.249119324807624,0.0,-0.0,False
8022,-3.249119324807624,5.340178695426023e-08,-1.6435772778958212e-08,False
8032,3.7030930140149962,8.293487865213e-08,2.2396110045912593e-08,False
8033,3.7030930140149962,0.0,0.0,False
8040,-3.249119324807624,-3.952558297673492e-08,1.2165014277853637e-08,False
8041,-3.249119324807624,0.0,-0.0,False
8042,-3.249119324807624,0.0,-0.0,False
8043,-3.249119324807624,0.0,-0.0,False
8046,-3.249119324807624,5.340178695426023e-08,-1.6435772778958212e-08,False
8047,3.7030930140149962,8.293487865213e-08,2.2396110045912593e-08,False
8048,3.7030930140149962,0.0,0.0,False
8054,-3.249119324807624,-3.952558297673492e-08,1.2165014277853637e-08,False
8055,-3.249119324807624,0.0,-0.0,False
8056,3.7030930140149962,1.2789020847024657e-07,3.4536050805697814e-08,False
8065,-3.249119324807624,-3.952558297673492e-08,1.2165014277853637e-08,False
8066,-3.249119324807624,0.0,-0.0,False
8067,-3.249119324807624,0.0,-0.0,False
8072,-3.249119324807624,5.340178695426023e-08,-1.6435772778958212e-08,False
8079,3.7030930140149962,8.293487865213e-08,2.2396110045912593e-08,False
8080,3.7030930140149962,0.0,0.0,False
8090,-3.249119324807624,-3.952558297673492e-08,1.2165014277853637e-08,False
8091,-3.249119324807624,0.0,-0.0,False
8092,-3.249119324807624,8.293487865213e-08,-2.5525340980525688e-08,False
8093,3.7030930140149962,5.340178756228081e-08,1.442086044292501e-08,False
8096,-3.249119324807624,5.340178756228081e-08,-1.6435772966092175e-08,False
8103,3.7030930140149962,8.293487865213e-08,2.2396110045912593e-08,False
8104,3.7030930140149962,0.0,0.0,False
8114,-3.249119324807624,-3.952558297673492e-08,1.2165014277853637e-08,False
8115,-3.249119324807624,0.0,-0.0,False
8118,-3.249119324807624,5.340178695426023e-08,-1.6435772778958212e-08,False
8119,3.7030930140149962,5.340178756228081e-08,1.442086044292501e-08,False
8122,-3.249119324807624,5.340178756228081e-08,-1.6435772966092175e-08,False
8124,3.7030930140149962,5.340178756228081e-08,1.442086044292501e-08,False
8126,-3.249119324807624,5.340178756228081e-08,-1.6435772966092175e-08,False
8128,3.7030930140149962,8.293487865213e-08,2.2396110045912593e-08,False
8129,3.7030930140149962,0.0,0.0,False
8131,3.7030930140149962,-3.1198155901572544e-08,-8.424891241861256e-09,False
8132,-3.249119324807624,-4.687435801401657e-08,1.4426788716598439e-08,False
8133,-3.249119324807624,0.0,-0.0,False
8134,-3.249119324807624,0.0,-0.0,False
8135,-3.249119324807624,0.0,-0.0,False
8136,-3.249119324807624,0.0,-0.0,False
8137,-3.249119324807624,0.0,-0.0,False
8138,-3.249119324807624,0.0,-0.0,False
8139,-3.249119324807624,0.0,-0.0,False
8140,-3.249119324807624,0.0,-0.0,False
8142,-3.249119324807624,5.340178695426023e-08,-1.6435772778958212e-08,False
8151,3.7030930140149962,8.293487865213e-08,2.2396110045912593e-08,False
8152,3.7030930140149962,0.0,0.0,False
8160,-3.249119324807624,-3.952558297673492e-08,1.2165014277853637e-08,False
8161,-3.249119324807624,0.0,-0.0,False
8162,-3.249119324807624,0.0,-0.0,False
8163,-3.249119324807624,0.0,-0.0,False
8164,-3.249119324807624,0.0,-0.0,False
8165,-3.249119324807624,0.0,-0.0,False
8166,-3.249119324807624,8.293487865213e-08,-2.5525340980525688e-08,False
8167,3.7030930140149962,8.293487865213e-08,2.2396110045912593e-08,False
8168,-3.249119324807624,-4.8528136185714554e-08,1.4935781463978038e-08,False
8170,-3.249119324807624,-4.852813652138355e-08,1.49357815672888e-08,False
8171,-3.249119324807624,0.0,-0.0,False
8173,-3.249119324807624,5.340178695426023e-08,-1.6435772778958212e-08,False
8175,3.7030930140149962,8.293487865213e-08,2.2396110045912593e-08,False
8179,-3.249119324807624,-3.499156534924469e-08,1.0769553793262577e-08,False
8181,-3.249119324807624,-5.421739069939174e-08,1.6686795798920645e-08,False
8182,-3.249119324807624,0.0,-0.0,False
8183,-3.249119324807624,0.0,-0.0,False
8184,-3.249119324807624,0.0,-0.0,False
8185,-3.249119324807624,0.0,-0.0,False
8186,-3.249119324807624,0.0,-0.0,False
8187,-3.249119324807624,0.0,-0.0,False
8188,-3.249119324807624,0.0,-0.0,False
8189,-3.249119324807624,0.0,-0.0,False
8191,-3.249119324807624,5.340178695426023e-08,-1.6435772778958212e-08,False
8199,3.7030930140149962,8.293487865213e-08,2.2396110045912593e-08,False
8200,3.7030930140149962,0.0,0.0,False
8205,-3.249119324807624,-3.952558297673492e-08,1.2165014277853637e-08,False
8206,-3.249119324807624,0.0,-0.0,False
8207,-3.249119324807624,0.0,-0.0,False
8208,-3.249119324807624,0.0,-0.0,False
8209,-3.249119324807624,0.0,-0.0,False
8210,-3.249119324807624,0.0,-0.0,False
8211,-3.249119324807624,0.0,-0.0,False
8212,-3.249119324807624,0.0,-0.0,False
8214,-3.249119324807624,5.340178695426023e-08,-1.6435772778958212e-08,False
8218,3.7030930140149962,8.293487865213e-08,2.2396110045912593e-08,False
8224,3.7030930140149962,2.3327514227580726e-08,6.299467536811447e-09,False
8233,-3.249119324807624,-3.952558297673492e-08,1.2165014277853637e-08,False
8234,-3.249119324807624,0.0,-0.0,False
8235,-3.249119324807624,0.0,-0.0,False
8236,-3.249119324807624,0.0,-0.0,False
8237,-3.249119324807624,0.0,-0.0,False
8240,-3.249119324807624,5.340178695426023e-08,-1.6435772778958212e-08,False
8243,3.7030930140149962,5.340178756228081e-08,1.442086044292501e-08,False
8246,-3.249119324807624,5.340178756228081e-08,-1.6435772966092175e-08,False
8248,3.7030930140149962,8.293487865213e-08,2.2396110045912593e-08,False
8249,3.7030930140149962,0.0,0.0,False
8254,-3.249119324807624,-3.952558297673492e-08,1.2165014277853637e-08,False
8257,-3.249119324807624,-1.3029371024805836e-08,4.010123889671946e-09,False
8258,-3.249119324807624,0.0,-0.0,False
8259,-3.249119324807624,0.0,-0.0,False
8260,-3.249119324807624,0.0,-0.0,False
8261,-3.249119324807624,0.0,-0.0,False
8262,-3.249119324807624,0.0,-0.0,False
8265,-3.249119324807624,5.340178695426023e-08,-1.6435772778958212e-08,False
8268,3.7030930140149962,5.340178695426023e-08,1.4420860278732381e-08,False
8272,3.7030930140149962,8.293487926015058e-08,2.2396110210105225e-08,False
8273,3.7030930140149962,0.0,0.0,False
8281,-3.249119324807624,-3.952558297673492e-08,1.2165014277853637e-08,False
8282,-3.249119324807624,0.0,-0.0,False
8283,-3.249119324807624,0.0,-0.0,False
8286,-3.249119324807624,5.340178695426023e-08,-1.6435772778958212e-08,False
8294,3.7030930140149962,5.340178756228081e-08,1.442086044292501e-08,False
8295,-3.249119324807624,5.3401786955127595e-08,-1.6435772779225163e-08,False
8296,3.7030930140149962,8.293487925928322e-08,2.2396110209870997e-08,False
8297,3.7030930140149962,0.0,0.0,False
8303,-3.249119324807624,-3.952558297673492e-08,1.2165014277853637e-08,False
8304,-3.249119324807624,0.0,-0.0,False
8305,-3.249119324807624,0.0,-0.0,False
8306,-3.249119324807624,0.0,-0.0,False
8307,-3.249119324807624,0.0,-0.0,False
8311,3.7030930140149962,8.293487865213e-08,2.2396110045912593e-08,False
8315,-3.249119324807624,-5.951748939178603e-08,1.8318037425513752e-08,False
8317,-3.249119324807624,5.340178695426023e-08,-1.6435772778958212e-08,False
8320,3.7030930140149962,8.293487865213e-08,2.2396110045912593e-08,False
8321,3.7030930140149962,0.0,0.0,False
8328,-3.249119324807624,-3.952558297673492e-08,1.2165014277853637e-08,False
8329,-3.249119324807624,0.0,-0.0,False
8335,-3.249119324807624,5.340178695426023e-08,-1.6435772778958212e-08,False
8336,3.7030930140149962,8.293487865213e-08,2.2396110045912593e-08,False
8344,3.7030930140149962,2.3327514227580726e-08,6.299467536811447e-09,False
8351,-3.249119324807624,-3.952558297673492e-08,1.2165014277853637e-08,False
8352,-3.249119324807624,0.0,-0.0,False
8353,-3.249119324807624,0.0,-0.0,False
8354,-3.249119324807624,0.0,-0.0,False
8355,-3.249119324807624,0.0,-0.0,False
8356,-3.249119324807624,0.0,-0.0,False
8357,-3.249119324807624,6.603331828732018e-08,-2.0323451275902253e-08,False
8358,-3.249119324807624,6.035625279340179e-08,-1.85761884251436e-08,False
8359,3.7030930140149962,8.293487865213e-08,2.2396110045912593e-08,False
8362,-3.249119324807624,-3.3664057641318024e-08,1.0360979168812529e-08,False
8363,-3.249119324807624,-5.929694744683661e-08,1.825015997230188e-08,False
8364,-3.249119324807624,0.0,-0.0,False
8365,-3.249119324807624,8.293487865213e-08,-2.5525340980525688e-08,False
8368,3.7030930140149962,8.293487865213e-08,2.2396110045912593e-08,False
8371,3.7030930140149962,-2.879947119064502e-08,-7.777139564587884e-09,False
8372,-3.249119324807624,-5.6328267892917505e-08,1.7336472521289327e-08,False
8373,-3.249119324807624,0.0,-0.0,False
8374,-3.249119324807624,0.0,-0.0,False
8377,-3.249119324807624,-2.2695959404385457e-08,6.985264970448339e-09,False
8378,-3.249119324807624,-5.934877448862674e-09,1.8266111076773303e-09,False
8379,-3.249119324807624,0.0,-0.0,False
8380,-3.249119324807624,0.0,-0.0,False
8383,-3.249119324807624,5.340178695426023e-08,-1.6435772778958212e-08,False
8384,3.7030930140149962,8.293487865213e-08,2.2396110045912593e-08,False
8385,3.7030930140149962,0.0,0.0,False
8404,-3.249119324807624,-3.952558297673492e-08,1.2165014277853637e-08,False
8414,3.7030930140149962,9.576131295915835e-09,2.5859818426578295e-09,False
8415,3.7030930140149962,2.2784898701284917e-08,6.152937183876161e-09,False
8424,-3.249119324807624,-3.952558297673492e-08,1.2165014277853637e-08,False
8428,-3.249119324807624,6.09734623902014e-11,-1.8766150545674882e-11,False
8429,-3.249119324807624,-1.7558029859893187e-08,5.403935068138125e-09,False
8431,-3.249119324807624,5.340178695426023e-08,-1.6435772778958212e-08,False
8433,3.7030930140149962,8.293487865213e-08,2.2396110045912593e-08,False
8434,3.7030930140149962,-5.279015789262653e-08,-1.4255693198316393e-08,False
8435,-3.249119324807624,-5.279015789262653e-08,1.624752821158766e-08,False
8436,-3.249119324807624,8.293487865213e-08,-2.5525340980525688e-08,False
8438,3.7030930140149962,8.293487865213e-08,2.2396110045912593e-08,False
8439,3.7030930140149962,0.0,0.0,False
8443,-3.249119324807624,-3.952558297673492e-08,1.2165014277853637e-08,False
8444,3.7030930140149962,9.199383100774727e-08,2.4842430546459597e-08,False
8450,-3.249119324807624,-3.952558297673492e-08,1.2165014277853637e-08,False
8451,-3.249119324807624,0.0,-0.0,False
8454,-3.249119324807624,5.340178695426023e-08,-1.6435772778958212e-08,False
8455,3.7030930140149962,8.293487865213e-08,2.2396110045912593e-08,False
8461,3.7030930140149962,2.5928645140671502e-08,7.0018887029140395e-09,False
8463,3.7030930140149962,1.874784660415435e-08,5.062753361365723e-09,False
8464,3.7030930140149962,0.0,0.0,False
8474,-3.249119324807624,-3.952558297673492e-08,1.2165014277853637e-08,False
8475,-3.249119324807624,0.0,-0.0,False
8479,-3.249119324807624,5.340178695426023e-08,-1.6435772778958212e-08,False
8488,3.7030930140149962,5.340178695426023e-08,1.4420860278732381e-08,False
8490,3.7030930140149962,8.293487926015058e-08,2.2396110210105225e-08,False
8492,3.7030930140149962,1.6384283883612294e-08,4.424486185359951e-09,False
8496,-3.249119324807624,-3.952558297673492e-08,1.2165014277853637e-08,False
8497,-3.249119324807624,1.1607145693377785e-08,-3.572397481605274e-09,False
8498,-3.249119324807624,-1.1566977253622823e-08,3.5600346116274715e-09,False
8499,-3.249119324807624,0.0,-0.0,False
8502,-3.249119324807624,5.340178695426023e-08,-1.6435772778958212e-08,False
8503,3.7030930140149962,8.293487865213e-08,2.2396110045912593e-08,False
8504,3.7030930140149962,0.0,0.0,False
8522,-3.249119324807624,-3.952558297673492e-08,1.2165014277853637e-08,False
8523,-3.249119324807624,0.0,-0.0,False
8526,3.7030930140149962,8.293487865213e-08,2.2396110045912593e-08,False
8529,3.7030930140149962,2.3327514227580726e-08,6.299467536811447e-09,False
8544,-3.249119324807624,-3.952558297673492e-08,1.2165014277853637e-08,False
8545,-3.249119324807624,0.0,-0.0,False
8546,-3.249119324807624,0.0,-0.0,False
8547,-3.249119324807624,0.0,-0.0,False
8548,-3.249119324807624,0.0,-0.0,False
8551,-3.249119324807624,5.340178695426023e-08,-1.6435772778958212e-08,False
8556,3.7030930140149962,8.293487865213e-08,2.2396110045912593e-08,False
8557,3.7030930140149962,0.0,0.0,False
8568,-3.249119324807624,-3.952558297673492e-08,1.2165014277853637e-08,False
8569,-3.249119324807624,0.0,-0.0,False
8570,-3.249119324807624,0.0,-0.0,False
8571,-3.249119324807624,0.0,-0.0,False
8572,-3.249119324807624,0.0,-0.0,False
8573,-3.249119324807624,0.0,-0.0,False
8576,-3.249119324807624,5.340178695426023e-08,-1.6435772778958212e-08,False
8579,3.7030930140149962,5.340178756228081e-08,1.442086044292501e-08,False
8580,-3.249119324807624,5.3401786955127595e-08,-1.6435772779225163e-08,False
8583,3.7030930140149962,8.293487865213e-08,2.2396110045912593e-08,False
8584,3.7030930140149962,0.0,0.0,False
8595,-3.249119324807624,-3.8200739710392284e-08,1.1757259703798073e-08,False
8596,-3.249119324807624,-5.732391982968266e-09,1.7642910000874384e-09,False
8597,-3.249119324807624,0.0,-0.0,False
8599,-3.249119324807624,5.340178695426023e-08,-1.6435772778958212e-08,False
8601,3.7030930140149962,8.293487865213e-08,2.2396110045912593e-08,False
8602,3.7030930140149962,0.0,0.0,False
8604,-3.249119324807624,-3.952558297673492e-08,1.2165014277853637e-08,False
8605,-3.249119324807624,0.0,-0.0,False
8606,-3.249119324807624,8.293487865213e-08,-2.5525340980525688e-08,False
8608,3.7030930140149962,8.293487865213e-08,2.2396110045912593e-08,False
8609,3.7030930140149962,0.0,0.0,False
8619,-3.249119324807624,-3.952558297673492e-08,1.2165014277853637e-08,False
8620,-3.249119324807624,0.0,-0.0,False
8621,-3.249119324807624,0.0,-0.0,False
8624,-3.249119324807624,5.340178695426023e-08,-1.6435772778958212e-08,False
8625,3.7030930140149962,8.293487865213e-08,2.2396110045912593e-08,False
8626,3.7030930140149962,0.0,0.0,False
8628,-3.249119324807624,-3.952558297673492e-08,1.2165014277853637e-08,False
8629,-3.249119324807624,0.0,-0.0,False
8630,3.7030930140149962,8.293487925928322e-08,2.2396110209870997e-08,False
8633,-3.249119324807624,5.340178756228081e-08,-1.6435772966092175e-08,False
8634,3.7030930140149962,8.293487925928322e-08,2.2396110209870997e-08,False
8636,3.7030930140149962,1.958175276182278e-08,5.287945154958908e-09,False
8638,-3.249119324807624,-3.952558297673492e-08,1.2165014277853637e-08,False
8639,3.7030930140149962,1.0562809907212894e-07,2.8524290011717537e-08,False
8640,-3.249119324807624,-7.597845734595016e-08,2.3384323489088457e-08,False
8641,-3.249119324807624,0.0,-0.0,False
8642,-3.249119324807624,0.0,-0.0,False
8648,-3.249119324807624,5.340178695426023e-08,-1.6435772778958212e-08,False
8649,3.7030930140149962,5.340178756228081e-08,1.442086044292501e-08,False
8654,-3.249119324807624,5.340178756228081e-08,-1.6435772966092175e-08,False
8656,3.7030930140149962,8.293487865213e-08,2.2396110045912593e-08,False
8657,3.7030930140149962,0.0,0.0,False
8666,-3.249119324807624,-3.952558297673492e-08,1.2165014277853637e-08,False
8667,-3.249119324807624,0.0,-0.0,False
8676,-3.249119324807624,5.340178695426023e-08,-1.6435772778958212e-08,False
8677,3.7030930140149962,5.340178756228081e-08,1.442086044292501e-08,False
8679,-3.249119324807624,5.340178756228081e-08,-1.6435772966092175e-08,False
8680,3.7030930140149962,8.293487925928322e-08,2.2396110209870997e-08,False
8681,3.7030930140149962,0.0,0.0,False
8690,-3.249119324807624,-3.952558297673492e-08,1.2165014277853637e-08,False
8691,-3.249119324807624,0.0,-0.0,False
8701,3.7030930140149962,8.293487865213e-08,2.2396110045912593e-08,False
8702,3.7030930140149962,0.0,0.0,False
8708,3.7030930140149962,1.87842234648794e-09,5.072576733500146e-10,False
8709,3.7030930140149962,1.9579408492946537e-08,5.287312097979953e-09,False
8711,3.7030930140149962,1.9021632952781475e-08,5.13668786627579e-09,False
8714,-3.249119324807624,-4.1143124560050204e-08,1.2662854283594595e-08,False
8715,-3.249119324807624,0.0,-0.0,False
8719,3.7030930140149962,8.293487865213e-08,2.2396110045912593e-08,False
8720,3.7030930140149962,0.0,0.0,False
8723,-3.249119324807624,-3.952558297673492e-08,1.2165014277853637e-08,False
8724,-3.249119324807624,2.7113777017855056e-08,-8.344961913474947e-09,False
8725,3.7030930140149962,2.7113777017855056e-08,7.321927079670501e-09,False
8737,-3.249119324807624,-3.952558297673492e-08,1.2165014277853637e-08,False
8738,-3.249119324807624,0.0,-0.0,False
8744,3.7030930140149962,8.293487865213e-08,2.2396110045912593e-08,False
8745,-3.249119324807624,-1.1359859254048837e-07,3.496288722705325e-08,False
8750,3.7030930140149962,8.293487865213e-08,2.2396110045912593e-08,False
8751,-3.249119324807624,-9.632751643128684e-08,2.9647269552647242e-08,False
8752,3.7030930140149962,1.313826666791626e-07,3.5479170029465144e-08,False
8753,3.7030930140149962,0.0,0.0,False
