timestamp,wind_speed,wind_direction
2024-01-01 00:00:00,15.0734215,215.43004
2024-01-01 01:00:00,14.972452,219.01416
2024-01-01 02:00:00,15.1152115,221.19139
2024-01-01 03:00:00,14.809332,225.73236
2024-01-01 04:00:00,13.985626,230.77773
2024-01-01 05:00:00,13.555115,236.97665
2024-01-01 06:00:00,13.863052,243.45149
2024-01-01 07:00:00,14.329705,249.41064
2024-01-01 08:00:00,14.414346,249.90047
2024-01-01 09:00:00,14.853961,249.94432
2024-01-01 10:00:00,14.38627,255.26617
2024-01-01 11:00:00,14.606039,256.09082
2024-01-01 12:00:00,14.938073,257.56335
2024-01-01 13:00:00,14.979207,259.44525
2024-01-01 14:00:00,14.502554,258.87924
2024-01-01 15:00:00,14.280132,257.08173
2024-01-01 16:00:00,13.513828,255.04388
2024-01-01 17:00:00,12.27942,249.08557
2024-01-01 18:00:00,11.748511,242.60872
2024-01-01 19:00:00,10.667353,234.56578
2024-01-01 20:00:00,9.945295,223.23628
2024-01-01 21:00:00,10.0280075,208.62636
2024-01-01 22:00:00,10.33189,190.01306
2024-01-01 23:00:00,10.86414,178.73889
2024-01-02 00:00:00,11.85983,167.64761
2024-01-02 01:00:00,13.122195,167.1578
2024-01-02 02:00:00,13.950012,164.63972
2024-01-02 03:00:00,14.857991,157.64265
2024-01-02 04:00:00,14.822263,151.05397
2024-01-02 05:00:00,14.004937,154.67128
2024-01-02 06:00:00,10.430828,182.39313
2024-01-02 07:00:00,11.749002,242.18246
2024-01-02 08:00:00,15.175422,257.91583
2024-01-02 09:00:00,14.649314,252.21191
2024-01-02 10:00:00,12.486232,237.67554
2024-01-02 11:00:00,11.311049,228.68526
2024-01-02 12:00:00,10.349022,217.9838
2024-01-02 13:00:00,9.958721,209.02182
2024-01-02 14:00:00,9.060918,187.81253
2024-01-02 15:00:00,10.2292185,166.09363
2024-01-02 16:00:00,11.972272,167.25488
2024-01-02 17:00:00,14.850723,176.96878
2024-01-02 18:00:00,17.999441,198.1234
2024-01-02 19:00:00,19.055895,212.82414
2024-01-02 20:00:00,20.045805,218.46338
2024-01-02 21:00:00,22.261232,224.11998
2024-01-02 22:00:00,23.978048,231.19333
2024-01-02 23:00:00,26.704784,243.07457
2024-01-03 00:00:00,27.483543,252.72394
2024-01-03 01:00:00,25.67199,255.19644
2024-01-03 02:00:00,22.746206,256.09607
2024-01-03 03:00:00,20.776577,256.81976
2024-01-03 04:00:00,19.606218,257.71094
2024-01-03 05:00:00,18.247805,259.28186
2024-01-03 06:00:00,16.8899,259.5316
2024-01-03 07:00:00,15.638065,259.94055
2024-01-03 08:00:00,15.029356,261.6612
2024-01-03 09:00:00,14.471452,263.42944
2024-01-03 10:00:00,13.931004,262.80093
2024-01-03 11:00:00,13.82004,262.30338
2024-01-03 12:00:00,13.114729,263.59656
2024-01-03 13:00:00,12.11342,264.0398
2024-01-03 14:00:00,11.148563,263.54926
2024-01-03 15:00:00,10.049368,265.1392
2024-01-03 16:00:00,8.546414,265.94482
2024-01-03 17:00:00,7.258031,270.28217
2024-01-03 18:00:00,6.2638593,280.82004
2024-01-03 19:00:00,5.6863966,292.77216
2024-01-03 20:00:00,5.579666,298.68942
2024-01-03 21:00:00,6.0036407,303.71838
2024-01-03 22:00:00,8.129343,312.9503
2024-01-03 23:00:00,8.745454,316.33508
2024-01-04 00:00:00,9.268745,313.7221
2024-01-04 01:00:00,9.513461,311.40393
2024-01-04 02:00:00,9.097677,308.8562
2024-01-04 03:00:00,8.384052,308.7236
2024-01-04 04:00:00,7.6858826,312.73407
2024-01-04 05:00:00,6.784903,316.1666
2024-01-04 06:00:00,5.690346,318.984
2024-01-04 07:00:00,4.5406,327.47717
2024-01-04 08:00:00,3.5462236,341.06876
2024-01-04 09:00:00,2.7346208,0.6277466
2024-01-04 10:00:00,2.0636294,44.37976
2024-01-04 11:00:00,2.2892926,75.21525
2024-01-04 12:00:00,2.5784843,94.79308
2024-01-04 13:00:00,2.8715432,108.65443
2024-01-04 14:00:00,2.900355,115.58134
2024-01-04 15:00:00,3.3561106,110.67273
2024-01-04 16:00:00,4.3237796,107.89563
2024-01-04 17:00:00,5.3051567,110.141014
2024-01-04 18:00:00,6.247445,115.988884
2024-01-04 19:00:00,6.860205,120.52001
2024-01-04 20:00:00,7.4780865,122.210495
2024-01-04 21:00:00,8.206384,120.2617
2024-01-04 22:00:00,8.617434,108.56347
2024-01-04 23:00:00,10.389618,105.21734
2024-01-05 00:00:00,11.286776,107.535225
2024-01-05 01:00:00,11.449321,108.43857
2024-01-05 02:00:00,11.625637,107.86114
2024-01-05 03:00:00,11.573003,107.867584
2024-01-05 04:00:00,10.985925,109.87149
2024-01-05 05:00:00,10.348596,114.27442
2024-01-05 06:00:00,10.154785,117.79303
2024-01-05 07:00:00,9.82551,121.5072
2024-01-05 08:00:00,8.929625,127.517426
2024-01-05 09:00:00,8.097345,131.37778
2024-01-05 10:00:00,6.6370945,126.57643
2024-01-05 11:00:00,6.391863,128.06342
2024-01-05 12:00:00,5.177104,120.4138
2024-01-05 13:00:00,3.5041974,103.65894
2024-01-05 14:00:00,3.1237135,64.096176
2024-01-05 15:00:00,3.771447,38.32744
2024-01-05 16:00:00,4.675718,25.056717
2024-01-05 17:00:00,5.5668693,17.563095
2024-01-05 18:00:00,6.282243,18.191696
2024-01-05 19:00:00,6.9502687,21.909851
2024-01-05 20:00:00,7.4500637,23.19107
2024-01-05 21:00:00,7.803791,23.902664
2024-01-05 22:00:00,7.4669385,25.34108
2024-01-05 23:00:00,7.1359925,23.94896
2024-01-06 00:00:00,7.36117,21.838058
2024-01-06 01:00:00,7.8083897,22.762695
2024-01-06 02:00:00,8.065995,24.69934
2024-01-06 03:00:00,8.535667,24.991074
2024-01-06 04:00:00,9.016174,26.137787
2024-01-06 05:00:00,9.089569,30.507828
2024-01-06 06:00:00,8.95876,32.944977
2024-01-06 07:00:00,8.821653,31.779816
2024-01-06 08:00:00,9.050756,29.901352
2024-01-06 09:00:00,9.326438,31.102875
2024-01-06 10:00:00,8.052358,32.518982
2024-01-06 11:00:00,8.108431,31.898453
2024-01-06 12:00:00,8.353969,28.817932
2024-01-06 13:00:00,8.743138,28.729996
2024-01-06 14:00:00,8.869312,30.544006
2024-01-06 15:00:00,8.897824,32.433914
2024-01-06 16:00:00,8.987162,33.730927
2024-01-06 17:00:00,9.057197,36.050415
2024-01-06 18:00:00,9.166413,39.381607
2024-01-06 19:00:00,9.423529,44.112595
2024-01-06 20:00:00,9.517933,48.491486
2024-01-06 21:00:00,9.580473,51.664734
2024-01-06 22:00:00,9.443785,55.131523
2024-01-06 23:00:00,9.558199,57.779808
2024-01-07 00:00:00,9.666466,58.646805
2024-01-07 01:00:00,9.928915,57.1156
2024-01-07 02:00:00,10.320018,56.80208
2024-01-07 03:00:00,10.843657,59.669624
2024-01-07 04:00:00,10.989039,61.023674
2024-01-07 05:00:00,11.128604,62.788414
2024-01-07 06:00:00,11.105263,65.08938
2024-01-07 07:00:00,11.163591,67.3247
2024-01-07 08:00:00,11.114072,69.68935
2024-01-07 09:00:00,10.91466,70.068726
2024-01-07 10:00:00,10.143483,68.09215
2024-01-07 11:00:00,10.339381,66.406296
2024-01-07 12:00:00,10.55809,67.71984
2024-01-07 13:00:00,10.486602,66.61901
2024-01-07 14:00:00,10.21817,63.342148
2024-01-07 15:00:00,10.100654,60.82215
2024-01-07 16:00:00,9.876777,59.12783
2024-01-07 17:00:00,9.714765,57.06585
2024-01-07 18:00:00,9.388954,55.002052
2024-01-07 19:00:00,9.44188,52.39569
2024-01-07 20:00:00,9.343784,49.587814
2024-01-07 21:00:00,9.670741,47.03784
2024-01-07 22:00:00,9.526175,53.658394
2024-01-07 23:00:00,10.071078,54.973145
2024-01-08 00:00:00,10.277296,56.214767
2024-01-08 01:00:00,10.224076,57.653793
2024-01-08 02:00:00,10.507046,57.835274
2024-01-08 03:00:00,10.4182625,59.448517
2024-01-08 04:00:00,9.902107,61.62085
2024-01-08 05:00:00,9.828137,62.858658
2024-01-08 06:00:00,9.904304,63.345787
2024-01-08 07:00:00,10.346503,64.40241
2024-01-08 08:00:00,10.877664,66.49068
2024-01-08 09:00:00,11.500373,67.00166
2024-01-08 10:00:00,11.216205,68.03171
2024-01-08 11:00:00,12.597046,70.9907
2024-01-08 12:00:00,12.51563,74.25816
2024-01-08 13:00:00,12.622974,72.712845
2024-01-08 14:00:00,12.458816,69.07295
2024-01-08 15:00:00,12.818978,68.96681
2024-01-08 16:00:00,13.077259,72.40262
2024-01-08 17:00:00,12.981127,75.55282
2024-01-08 18:00:00,12.804559,77.61725
2024-01-08 19:00:00,12.568234,78.79412
2024-01-08 20:00:00,12.444303,79.07604
2024-01-08 21:00:00,12.506084,78.416374
2024-01-08 22:00:00,11.9577265,79.67553
2024-01-08 23:00:00,11.870089,81.08462
2024-01-09 00:00:00,11.734642,82.415344
2024-01-09 01:00:00,11.540439,82.811104
2024-01-09 02:00:00,11.220047,81.26505
2024-01-09 03:00:00,11.047942,80.28901
2024-01-09 04:00:00,11.113551,79.60256
2024-01-09 05:00:00,11.180093,79.11687
2024-01-09 06:00:00,11.196318,79.216446
2024-01-09 07:00:00,11.160989,79.831825
2024-01-09 08:00:00,10.910158,80.64498
2024-01-09 09:00:00,10.703102,79.43008
2024-01-09 10:00:00,10.440076,79.56561
2024-01-09 11:00:00,10.133301,78.03972
2024-01-09 12:00:00,9.865019,74.667465
2024-01-09 13:00:00,10.028846,71.682
2024-01-09 14:00:00,10.55851,69.1047
2024-01-09 15:00:00,10.789148,69.37068
2024-01-09 16:00:00,10.659193,70.35521
2024-01-09 17:00:00,10.601758,70.070175
2024-01-09 18:00:00,10.535408,69.18677
2024-01-09 19:00:00,10.534796,70.00493
2024-01-09 20:00:00,10.313654,72.11794
2024-01-09 21:00:00,10.045434,73.97687
2024-01-09 22:00:00,9.695854,72.97789
2024-01-09 23:00:00,9.421283,72.606285
2024-01-10 00:00:00,9.07476,75.13999
2024-01-10 01:00:00,8.677202,76.26006
2024-01-10 02:00:00,8.68418,77.63
2024-01-10 03:00:00,8.646291,77.69419
2024-01-10 04:00:00,8.533341,73.94965
2024-01-10 05:00:00,8.510118,71.87576
2024-01-10 06:00:00,8.664517,74.52551
2024-01-10 07:00:00,8.718262,76.51364
2024-01-10 08:00:00,8.98682,75.295876
2024-01-10 09:00:00,9.179526,76.13959
2024-01-10 10:00:00,9.244863,76.91
2024-01-10 11:00:00,8.883826,75.08397
2024-01-10 12:00:00,8.484732,74.948265
2024-01-10 13:00:00,8.26525,74.55455
2024-01-10 14:00:00,8.48753,76.03811
2024-01-10 15:00:00,8.770753,78.07918
2024-01-10 16:00:00,9.043137,75.177414
2024-01-10 17:00:00,9.293677,73.93996
2024-01-10 18:00:00,9.017226,77.05252
2024-01-10 19:00:00,8.516857,81.1213
2024-01-10 20:00:00,7.7599525,83.34071
2024-01-10 21:00:00,6.994366,85.071594
2024-01-10 22:00:00,6.038309,83.24899
2024-01-10 23:00:00,5.3688803,77.68937
2024-01-11 00:00:00,5.608629,63.271774
2024-01-11 01:00:00,5.8452044,56.99135
2024-01-11 02:00:00,5.3878016,58.861137
2024-01-11 03:00:00,4.557584,60.082024
2024-01-11 04:00:00,4.7355137,45.064667
2024-01-11 05:00:00,5.7499237,35.857025
2024-01-11 06:00:00,5.125724,30.865921
2024-01-11 07:00:00,4.4536653,23.381714
2024-01-11 08:00:00,3.3612442,7.2842712
2024-01-11 09:00:00,3.9265587,353.60883
2024-01-11 10:00:00,5.5398755,344.0279
2024-01-11 11:00:00,5.5837665,338.33527
2024-01-11 12:00:00,5.6642075,330.21667
2024-01-11 13:00:00,6.451589,329.362
2024-01-11 14:00:00,7.0932407,336.88153
2024-01-11 15:00:00,7.215059,344.69647
2024-01-11 16:00:00,7.6907177,353.22296
2024-01-11 17:00:00,8.354751,1.925003
2024-01-11 18:00:00,8.274602,10.425186
2024-01-11 19:00:00,7.4998727,17.475723
2024-01-11 20:00:00,6.7851605,22.031128
2024-01-11 21:00:00,5.755495,26.192078
2024-01-11 22:00:00,5.1949434,25.868393
2024-01-11 23:00:00,4.8177323,21.125793
2024-01-12 00:00:00,4.8325477,14.950058
2024-01-12 01:00:00,5.0689254,8.804657
2024-01-12 02:00:00,5.5053186,7.2816925
2024-01-12 03:00:00,5.2760735,6.415512
2024-01-12 04:00:00,4.9607244,5.0995026
2024-01-12 05:00:00,5.3069425,0.620636
2024-01-12 06:00:00,6.1699696,356.15887
2024-01-12 07:00:00,6.2873693,350.99725
2024-01-12 08:00:00,6.8106604,346.91064
2024-01-12 09:00:00,7.222503,347.18024
2024-01-12 10:00:00,7.1282344,339.65665
2024-01-12 11:00:00,7.402296,340.68402
2024-01-12 12:00:00,7.289383,336.72406
2024-01-12 13:00:00,7.508029,332.64157
2024-01-12 14:00:00,7.938243,335.23993
2024-01-12 15:00:00,7.7285337,337.6015
2024-01-12 16:00:00,7.2905593,336.68463
2024-01-12 17:00:00,6.80667,331.8023
2024-01-12 18:00:00,6.476945,325.69818
2024-01-12 19:00:00,6.438056,320.22723
2024-01-12 20:00:00,6.3895884,316.59845
2024-01-12 21:00:00,6.121135,312.14838
2024-01-12 22:00:00,5.612555,301.69043
2024-01-12 23:00:00,6.0783005,291.7266
2024-01-13 00:00:00,6.976729,288.42322
2024-01-13 01:00:00,7.5921283,286.14572
2024-01-13 02:00:00,7.962186,278.6263
2024-01-13 03:00:00,8.6345625,275.94186
2024-01-13 04:00:00,9.255946,278.68823
2024-01-13 05:00:00,9.684254,276.93277
2024-01-13 06:00:00,10.193598,275.2762
2024-01-13 07:00:00,10.615489,275.72815
2024-01-13 08:00:00,11.133593,277.5504
2024-01-13 09:00:00,10.958457,279.673
2024-01-13 10:00:00,10.338686,286.29523
2024-01-13 11:00:00,10.02709,284.33932
2024-01-13 12:00:00,10.156305,282.93967
2024-01-13 13:00:00,10.508852,287.13196
2024-01-13 14:00:00,10.393896,292.1043
2024-01-13 15:00:00,10.294349,294.65585
2024-01-13 16:00:00,10.528208,295.68396
2024-01-13 17:00:00,10.9405155,297.13916
2024-01-13 18:00:00,11.305412,294.7214
2024-01-13 19:00:00,11.53317,289.72476
2024-01-13 20:00:00,12.088676,288.0708
2024-01-13 21:00:00,12.454017,289.55478
2024-01-13 22:00:00,11.916358,296.61002
2024-01-13 23:00:00,11.981991,300.57523
2024-01-14 00:00:00,11.789957,303.3074
2024-01-14 01:00:00,11.104655,303.662
2024-01-14 02:00:00,10.328491,303.34784
2024-01-14 03:00:00,9.827129,302.82037
2024-01-14 04:00:00,9.247225,301.1627
2024-01-14 05:00:00,8.736159,298.16754
2024-01-14 06:00:00,8.499629,293.771
2024-01-14 07:00:00,8.6066,289.34613
2024-01-14 08:00:00,8.78461,286.15955
2024-01-14 09:00:00,8.97022,285.06528
2024-01-14 10:00:00,8.746818,287.749
2024-01-14 11:00:00,9.089536,285.9591
2024-01-14 12:00:00,9.579048,288.3142
2024-01-14 13:00:00,9.780256,291.9882
2024-01-14 14:00:00,9.787992,294.4495
2024-01-14 15:00:00,9.951194,292.6242
2024-01-14 16:00:00,10.635092,290.4242
2024-01-14 17:00:00,11.600825,292.87115
2024-01-14 18:00:00,12.228368,297.0087
2024-01-14 19:00:00,12.53621,301.65588
2024-01-14 20:00:00,12.865478,304.71057
2024-01-14 21:00:00,13.266486,305.12225
2024-01-14 22:00:00,14.3260565,311.37103
2024-01-14 23:00:00,14.4990015,308.3954
2024-01-15 00:00:00,14.750071,306.70132
2024-01-15 01:00:00,14.300722,303.93158
2024-01-15 02:00:00,14.533432,303.959
2024-01-15 03:00:00,14.145115,305.35062
2024-01-15 04:00:00,13.339969,305.07227
2024-01-15 05:00:00,13.037668,302.03308
2024-01-15 06:00:00,13.038417,300.2075
2024-01-15 07:00:00,12.920354,299.48233
2024-01-15 08:00:00,13.182621,300.46976
2024-01-15 09:00:00,13.682297,306.27255
2024-01-15 10:00:00,13.865509,309.0683
2024-01-15 11:00:00,14.66804,315.87402
2024-01-15 12:00:00,14.277746,317.50458
2024-01-15 13:00:00,13.550642,315.57202
2024-01-15 14:00:00,13.567554,313.19672
2024-01-15 15:00:00,13.805623,314.1109
2024-01-15 16:00:00,13.825766,317.04358
2024-01-15 17:00:00,13.693226,319.56036
2024-01-15 18:00:00,13.530179,319.57886
2024-01-15 19:00:00,13.143077,318.34186
2024-01-15 20:00:00,13.107198,318.2809
2024-01-15 21:00:00,12.456174,318.72208
2024-01-15 22:00:00,11.5863085,310.41864
2024-01-15 23:00:00,11.866302,310.60516
2024-01-16 00:00:00,11.253909,308.5329
2024-01-16 01:00:00,10.438123,302.9218
2024-01-16 02:00:00,10.030067,297.77414
2024-01-16 03:00:00,9.544185,291.87585
2024-01-16 04:00:00,9.337368,286.52277
2024-01-16 05:00:00,9.287035,283.44144
2024-01-16 06:00:00,8.988327,280.8163
2024-01-16 07:00:00,8.793688,277.24316
2024-01-16 08:00:00,8.720275,275.81198
2024-01-16 09:00:00,8.58787,273.15997
2024-01-16 10:00:00,8.547755,262.33643
2024-01-16 11:00:00,8.61235,262.22308
2024-01-16 12:00:00,7.944817,259.20865
2024-01-16 13:00:00,7.9903293,255.52469
2024-01-16 14:00:00,8.425961,252.05518
2024-01-16 15:00:00,8.423359,246.1972
2024-01-16 16:00:00,8.474701,240.5487
2024-01-16 17:00:00,9.098921,233.13216
2024-01-16 18:00:00,9.788968,226.36246
2024-01-16 19:00:00,10.404557,217.01787
2024-01-16 20:00:00,12.16196,211.3485
2024-01-16 21:00:00,13.463969,212.59253
2024-01-16 22:00:00,13.820966,212.6438
2024-01-16 23:00:00,13.964739,209.08655
2024-01-17 00:00:00,13.966755,210.6161
2024-01-17 01:00:00,13.722002,212.5499
2024-01-17 02:00:00,13.76089,215.37286
2024-01-17 03:00:00,13.170846,218.00621
2024-01-17 04:00:00,12.604831,216.56924
2024-01-17 05:00:00,12.074013,213.27516
2024-01-17 06:00:00,11.130649,212.56618
2024-01-17 07:00:00,10.362925,213.10533
2024-01-17 08:00:00,9.424852,213.32959
2024-01-17 09:00:00,8.265543,211.36295
2024-01-17 10:00:00,5.80773,217.20216
2024-01-17 11:00:00,4.234076,222.23645
2024-01-17 12:00:00,2.7767446,233.14108
2024-01-17 13:00:00,1.1193465,271.59308
2024-01-17 14:00:00,1.275079,352.8036
2024-01-17 15:00:00,2.0046034,11.480911
2024-01-17 16:00:00,3.1436987,11.253021
2024-01-17 17:00:00,4.0820503,6.973755
2024-01-17 18:00:00,5.052112,2.5332336
2024-01-17 19:00:00,6.255986,357.03915
2024-01-17 20:00:00,6.9406037,352.4732
2024-01-17 21:00:00,7.0949287,347.92596
2024-01-17 22:00:00,6.3420124,343.79205
2024-01-17 23:00:00,6.209182,337.68893
2024-01-18 00:00:00,6.3952017,331.1719
2024-01-18 01:00:00,5.9440794,327.0541
2024-01-18 02:00:00,5.9939528,323.47623
2024-01-18 03:00:00,6.6602607,323.40353
2024-01-18 04:00:00,7.3445024,326.70502
2024-01-18 05:00:00,7.5850854,329.5492
2024-01-18 06:00:00,7.2992463,332.2177
2024-01-18 07:00:00,6.5397925,330.91284
2024-01-18 08:00:00,6.196832,325.2484
2024-01-18 09:00:00,6.613328,327.37122
2024-01-18 10:00:00,7.040629,335.84808
2024-01-18 11:00:00,6.3710747,348.59753
2024-01-18 12:00:00,5.571304,354.17462
2024-01-18 13:00:00,4.637862,353.2375
2024-01-18 14:00:00,4.6837497,343.80426
2024-01-18 15:00:00,5.507256,333.86478
2024-01-18 16:00:00,6.3012757,323.70312
2024-01-18 17:00:00,6.5692577,310.5192
2024-01-18 18:00:00,7.0447874,298.08838
2024-01-18 19:00:00,8.354101,292.82693
2024-01-18 20:00:00,9.08621,287.3034
2024-01-18 21:00:00,9.657898,281.87247
2024-01-18 22:00:00,10.511538,272.3015
2024-01-18 23:00:00,11.232578,269.2851
2024-01-19 00:00:00,11.37646,275.68732
2024-01-19 01:00:00,11.114183,288.4212
2024-01-19 02:00:00,11.045499,295.88998
2024-01-19 03:00:00,10.398649,299.03778
2024-01-19 04:00:00,10.203935,304.0372
2024-01-19 05:00:00,9.518865,308.46024
2024-01-19 06:00:00,7.859703,304.3317
2024-01-19 07:00:00,8.0378475,296.13425
2024-01-19 08:00:00,8.5912,287.22418
2024-01-19 09:00:00,8.688268,274.22437
2024-01-19 10:00:00,10.095539,267.8471
2024-01-19 11:00:00,11.0786295,265.66315
2024-01-19 12:00:00,11.629445,263.85934
2024-01-19 13:00:00,11.95759,259.3671
2024-01-19 14:00:00,12.44177,254.6318
2024-01-19 15:00:00,12.671147,251.45328
2024-01-19 16:00:00,12.906127,250.89499
2024-01-19 17:00:00,13.04461,251.8721
2024-01-19 18:00:00,13.047599,251.1593
2024-01-19 19:00:00,13.114537,249.8401
2024-01-19 20:00:00,13.264904,249.91505
2024-01-19 21:00:00,13.170873,250.92935
2024-01-19 22:00:00,12.527855,251.08063
2024-01-19 23:00:00,12.443861,249.98938
2024-01-20 00:00:00,12.55991,246.96553
2024-01-20 01:00:00,12.880695,247.15797
2024-01-20 02:00:00,13.113951,247.11755
2024-01-20 03:00:00,13.305826,245.65033
2024-01-20 04:00:00,13.450886,244.1146
2024-01-20 05:00:00,13.780239,243.81775
2024-01-20 06:00:00,13.817785,243.6843
2024-01-20 07:00:00,13.823121,240.23097
2024-01-20 08:00:00,14.031055,237.12471
2024-01-20 09:00:00,13.962312,234.16093
2024-01-20 10:00:00,13.556284,230.10703
2024-01-20 11:00:00,13.734935,227.95276
2024-01-20 12:00:00,13.560255,223.7379
2024-01-20 13:00:00,13.289205,221.30142
2024-01-20 14:00:00,13.247203,219.0206
2024-01-20 15:00:00,13.394204,215.31212
2024-01-20 16:00:00,13.528137,211.32497
2024-01-20 17:00:00,13.748913,207.47124
2024-01-20 18:00:00,13.473573,204.54549
2024-01-20 19:00:00,13.01247,201.24637
2024-01-20 20:00:00,12.858855,199.8852
2024-01-20 21:00:00,13.3206,200.09541
2024-01-20 22:00:00,14.083889,202.54005
2024-01-20 23:00:00,14.191627,197.39905
2024-01-21 00:00:00,14.292458,193.0151
2024-01-21 01:00:00,14.515623,187.86517
2024-01-21 02:00:00,14.724526,182.96013
2024-01-21 03:00:00,14.910777,183.82065
2024-01-21 04:00:00,15.412379,188.98636
2024-01-21 05:00:00,15.619608,191.4725
2024-01-21 06:00:00,15.885272,193.14099
2024-01-21 07:00:00,16.244005,196.62184
2024-01-21 08:00:00,16.787422,202.23796
2024-01-21 09:00:00,17.763065,208.182
2024-01-21 10:00:00,15.994204,209.3159
2024-01-21 11:00:00,16.618277,210.51927
2024-01-21 12:00:00,16.876795,212.88165
2024-01-21 13:00:00,16.9083,216.33301
2024-01-21 14:00:00,17.111128,216.54456
2024-01-21 15:00:00,17.377674,210.63081
2024-01-21 16:00:00,18.308569,210.43918
2024-01-21 17:00:00,18.424353,208.03134
2024-01-21 18:00:00,18.231112,201.51976
2024-01-21 19:00:00,19.163813,198.51033
2024-01-21 20:00:00,20.270006,201.65721
2024-01-21 21:00:00,20.967337,197.2721
2024-01-21 22:00:00,21.590437,193.42987
2024-01-21 23:00:00,23.277876,199.91571
2024-01-22 00:00:00,23.998209,204.726
2024-01-22 01:00:00,24.760927,207.39836
2024-01-22 02:00:00,25.095463,208.81613
2024-01-22 03:00:00,25.004702,211.31233
2024-01-22 04:00:00,25.269627,216.40208
2024-01-22 05:00:00,24.85959,225.08096
2024-01-22 06:00:00,23.631262,232.1584
2024-01-22 07:00:00,21.084007,237.96655
2024-01-22 08:00:00,19.126087,240.62766
2024-01-22 09:00:00,17.661726,243.9876
2024-01-22 10:00:00,16.066563,256.83633
2024-01-22 11:00:00,15.719675,254.65747
2024-01-22 12:00:00,16.455061,252.53513
2024-01-22 13:00:00,17.159899,250.53194
2024-01-22 14:00:00,17.526636,249.5983
2024-01-22 15:00:00,17.16026,249.34818
2024-01-22 16:00:00,16.919552,250.81549
2024-01-22 17:00:00,16.817724,252.95772
2024-01-22 18:00:00,16.939157,252.09793
2024-01-22 19:00:00,17.160711,250.39813
2024-01-22 20:00:00,17.650625,252.08447
2024-01-22 21:00:00,17.624037,254.6411
2024-01-22 22:00:00,17.547403,265.52866
2024-01-22 23:00:00,16.652437,264.28842
2024-01-23 00:00:00,16.393494,264.36276
2024-01-23 01:00:00,17.136282,266.77982
2024-01-23 02:00:00,17.732658,268.7803
2024-01-23 03:00:00,17.206234,272.1346
2024-01-23 04:00:00,16.430223,274.1632
2024-01-23 05:00:00,15.442541,273.73407
2024-01-23 06:00:00,15.440756,272.41077
2024-01-23 07:00:00,14.518914,269.49142
2024-01-23 08:00:00,13.474615,267.2454
2024-01-23 09:00:00,12.269012,262.01117
2024-01-23 10:00:00,10.660275,250.78105
2024-01-23 11:00:00,11.464838,235.46104
2024-01-23 12:00:00,12.4717,226.34361
2024-01-23 13:00:00,12.862054,219.07507
2024-01-23 14:00:00,13.341952,212.02086
2024-01-23 15:00:00,14.811528,203.06908
2024-01-23 16:00:00,16.578176,200.88156
2024-01-23 17:00:00,18.38085,202.64713
2024-01-23 18:00:00,19.244862,208.43227
2024-01-23 19:00:00,19.772076,217.42479
2024-01-23 20:00:00,20.361864,225.23868
2024-01-23 21:00:00,21.222738,228.13225
2024-01-23 22:00:00,21.330727,230.25922
2024-01-23 23:00:00,21.755098,229.32236
2024-01-24 00:00:00,22.649807,233.30827
2024-01-24 01:00:00,23.6488,235.37877
2024-01-24 02:00:00,23.064373,239.94952
2024-01-24 03:00:00,21.72162,246.78899
2024-01-24 04:00:00,21.59225,250.82693
2024-01-24 05:00:00,21.678417,254.58784
2024-01-24 06:00:00,21.519548,256.5169
2024-01-24 07:00:00,21.862146,256.85175
2024-01-24 08:00:00,22.138758,258.93253
2024-01-24 09:00:00,22.115547,261.32208
2024-01-24 10:00:00,21.405083,267.8279
2024-01-24 11:00:00,20.96349,267.84326
2024-01-24 12:00:00,20.687847,269.28116
2024-01-24 13:00:00,19.487309,270.99213
2024-01-24 14:00:00,18.883371,272.04922
2024-01-24 15:00:00,18.039259,272.32343
2024-01-24 16:00:00,16.803747,271.8562
2024-01-24 17:00:00,15.81826,271.2092
2024-01-24 18:00:00,15.0503845,271.38644
2024-01-24 19:00:00,14.40195,273.03705
2024-01-24 20:00:00,14.0706835,274.7026
2024-01-24 21:00:00,13.811803,276.25482
2024-01-24 22:00:00,13.6104965,282.57574
2024-01-24 23:00:00,13.759552,285.5434
2024-01-25 00:00:00,13.216959,287.75943
2024-01-25 01:00:00,13.257367,288.9958
2024-01-25 02:00:00,12.138376,291.72565
2024-01-25 03:00:00,11.003506,291.51874
2024-01-25 04:00:00,10.414293,290.0634
2024-01-25 05:00:00,9.668911,290.14276
2024-01-25 06:00:00,8.892866,287.86627
2024-01-25 07:00:00,8.076984,281.35886
2024-01-25 08:00:00,7.603508,270.13074
2024-01-25 09:00:00,7.005669,260.4905
2024-01-25 10:00:00,5.8193994,243.94931
2024-01-25 11:00:00,6.5115366,230.82906
2024-01-25 12:00:00,7.0630736,224.29669
2024-01-25 13:00:00,6.950463,215.08081
2024-01-25 14:00:00,7.4732137,201.89278
2024-01-25 15:00:00,8.409267,195.6546
2024-01-25 16:00:00,9.289583,192.75664
2024-01-25 17:00:00,9.913631,193.87405
2024-01-25 18:00:00,10.297467,201.61993
2024-01-25 19:00:00,10.447572,211.53482
2024-01-25 20:00:00,10.386486,216.23152
2024-01-25 21:00:00,10.446291,217.92325
2024-01-25 22:00:00,10.151622,216.54523
2024-01-25 23:00:00,10.696267,213.72571
2024-01-26 00:00:00,11.737955,211.60445
2024-01-26 01:00:00,12.874136,210.6928
2024-01-26 02:00:00,13.700117,210.08757
2024-01-26 03:00:00,14.369249,209.43958
2024-01-26 04:00:00,15.47707,211.16989
2024-01-26 05:00:00,16.982937,214.97139
2024-01-26 06:00:00,17.485575,217.23715
2024-01-26 07:00:00,18.381207,225.52489
2024-01-26 08:00:00,19.161518,240.33824
2024-01-26 09:00:00,18.627226,270.29437
2024-01-26 10:00:00,16.34428,284.61902
2024-01-26 11:00:00,17.43207,283.27524
2024-01-26 12:00:00,17.23012,288.93655
2024-01-26 13:00:00,15.946952,297.04517
2024-01-26 14:00:00,14.829203,295.84827
2024-01-26 15:00:00,14.9696865,294.18283
2024-01-26 16:00:00,14.027702,292.409
2024-01-26 17:00:00,13.243153,292.16098
2024-01-26 18:00:00,12.53239,290.5621
2024-01-26 19:00:00,12.12232,286.17844
2024-01-26 20:00:00,11.911876,282.44714
2024-01-26 21:00:00,11.476546,278.55
2024-01-26 22:00:00,11.094607,276.2221
2024-01-26 23:00:00,11.069384,272.0332
2024-01-27 00:00:00,11.088191,269.65738
2024-01-27 01:00:00,10.767448,269.0707
2024-01-27 02:00:00,10.437039,267.26575
2024-01-27 03:00:00,10.121495,263.7492
2024-01-27 04:00:00,9.774165,258.48346
2024-01-27 05:00:00,9.702076,251.2951
2024-01-27 06:00:00,10.110773,248.15292
2024-01-27 07:00:00,10.151379,247.44513
2024-01-27 08:00:00,9.767396,245.2522
2024-01-27 09:00:00,9.685438,241.46779
2024-01-27 10:00:00,9.312952,236.11874
2024-01-27 11:00:00,9.802184,234.7709
2024-01-27 12:00:00,10.128192,235.23538
2024-01-27 13:00:00,9.68998,236.67574
2024-01-27 14:00:00,9.059628,234.02997
2024-01-27 15:00:00,8.712774,230.1424
2024-01-27 16:00:00,8.509349,226.4252
2024-01-27 17:00:00,8.368564,220.81781
2024-01-27 18:00:00,8.219972,213.02103
2024-01-27 19:00:00,8.381103,205.53531
2024-01-27 20:00:00,8.687264,203.1659
2024-01-27 21:00:00,8.675671,200.32347
2024-01-27 22:00:00,8.633441,195.4131
2024-01-27 23:00:00,8.818126,193.27948
2024-01-28 00:00:00,8.80808,189.41891
2024-01-28 01:00:00,9.020867,183.7647
2024-01-28 02:00:00,9.173588,178.0629
2024-01-28 03:00:00,9.234697,175.36996
2024-01-28 04:00:00,9.427035,174.8488
2024-01-28 05:00:00,9.802591,172.9863
2024-01-28 06:00:00,9.742894,171.58028
2024-01-28 07:00:00,9.7416,170.50902
2024-01-28 08:00:00,9.992324,169.81638
2024-01-28 09:00:00,10.185195,169.50458
2024-01-28 10:00:00,10.184919,168.88116
2024-01-28 11:00:00,9.973301,171.57156
2024-01-28 12:00:00,9.89527,172.17432
2024-01-28 13:00:00,10.298025,170.93504
2024-01-28 14:00:00,10.819369,170.24655
2024-01-28 15:00:00,11.348166,171.22412
2024-01-28 16:00:00,11.788887,174.39444
2024-01-28 17:00:00,11.956185,178.8963
2024-01-28 18:00:00,12.252521,182.53462
2024-01-28 19:00:00,12.603502,185.84917
2024-01-28 20:00:00,12.629204,189.5867
2024-01-28 21:00:00,12.31146,194.06665
2024-01-28 22:00:00,11.166087,194.1598
2024-01-28 23:00:00,11.046925,196.44571
2024-01-29 00:00:00,10.764986,201.61739
2024-01-29 01:00:00,10.3901005,209.99796
2024-01-29 02:00:00,9.674163,212.63808
2024-01-29 03:00:00,9.163146,210.23843
2024-01-29 04:00:00,8.998019,210.98381
2024-01-29 05:00:00,8.837248,210.54526
2024-01-29 06:00:00,9.106622,210.78598
2024-01-29 07:00:00,9.519261,213.9388
2024-01-29 08:00:00,9.205088,217.96698
2024-01-29 09:00:00,8.785384,219.15367
2024-01-29 10:00:00,7.708306,214.66942
2024-01-29 11:00:00,7.7818103,218.32526
2024-01-29 12:00:00,7.5384665,221.2442
2024-01-29 13:00:00,6.778209,219.89519
2024-01-29 14:00:00,6.096908,217.27716
2024-01-29 15:00:00,5.8713245,207.62968
2024-01-29 16:00:00,6.4502935,198.39728
2024-01-29 17:00:00,6.853555,198.00204
2024-01-29 18:00:00,6.81539,199.97571
2024-01-29 19:00:00,6.989615,194.60428
2024-01-29 20:00:00,7.875103,188.38304
2024-01-29 21:00:00,8.744223,190.0346
2024-01-29 22:00:00,8.432583,193.27127
2024-01-29 23:00:00,8.749084,193.39952
2024-01-30 00:00:00,9.422888,192.76556
2024-01-30 01:00:00,9.927511,196.16272
2024-01-30 02:00:00,10.078951,199.67322
2024-01-30 03:00:00,10.194868,199.20667
2024-01-30 04:00:00,10.553227,195.849
2024-01-30 05:00:00,11.128229,196.60933
2024-01-30 06:00:00,11.304108,201.21198
2024-01-30 07:00:00,12.024965,208.28603
2024-01-30 08:00:00,12.621567,211.74368
2024-01-30 09:00:00,13.139057,215.65103
2024-01-30 10:00:00,13.131194,223.83147
2024-01-30 11:00:00,13.257427,225.53297
2024-01-30 12:00:00,13.581828,227.97748
2024-01-30 13:00:00,14.0170355,232.26437
2024-01-30 14:00:00,13.566031,240.56602
2024-01-30 15:00:00,12.391022,254.28523
2024-01-30 16:00:00,11.943704,269.46512
2024-01-30 17:00:00,11.735438,282.20782
2024-01-30 18:00:00,11.169995,291.94278
2024-01-30 19:00:00,10.1324,296.2356
2024-01-30 20:00:00,9.323239,297.08124
2024-01-30 21:00:00,8.969024,297.85785
2024-01-30 22:00:00,8.13524,300.76324
2024-01-30 23:00:00,7.3315487,296.1467
2024-01-31 00:00:00,7.5210195,291.18262
2024-01-31 01:00:00,7.7120595,289.68066
2024-01-31 02:00:00,6.78565,279.91577
2024-01-31 03:00:00,6.5546293,266.51306
2024-01-31 04:00:00,6.3184037,251.1243
2024-01-31 05:00:00,6.7155576,234.22359
2024-01-31 06:00:00,8.286994,242.60312
2024-01-31 07:00:00,8.285541,238.80812
2024-01-31 08:00:00,8.392431,231.51743
2024-01-31 09:00:00,8.675159,229.52287
2024-01-31 10:00:00,9.895439,231.86522
2024-01-31 11:00:00,10.317975,220.86171
2024-01-31 12:00:00,11.822193,216.34076
2024-01-31 13:00:00,12.946069,220.12793
2024-01-31 14:00:00,13.182759,219.9079
2024-01-31 15:00:00,13.98258,219.3058
2024-01-31 16:00:00,15.0727625,218.23381
2024-01-31 17:00:00,15.954063,220.98814
2024-01-31 18:00:00,16.41999,223.46376
2024-01-31 19:00:00,16.572739,225.22737
2024-01-31 20:00:00,16.852524,230.19476
2024-01-31 21:00:00,17.11642,234.90088
2024-01-31 22:00:00,16.825508,247.41487
2024-01-31 23:00:00,15.476582,258.28677
2024-02-01 00:00:00,14.725743,272.4507
2024-02-01 01:00:00,12.872255,291.29633
2024-02-01 02:00:00,12.160178,308.56073
2024-02-01 03:00:00,11.262347,305.08035
2024-02-01 04:00:00,11.372489,299.3379
2024-02-01 05:00:00,12.151392,298.97522
2024-02-01 06:00:00,11.631352,297.23093
2024-02-01 07:00:00,10.899031,295.18408
2024-02-01 08:00:00,10.66006,294.07712
2024-02-01 09:00:00,10.880261,296.00684
2024-02-01 10:00:00,9.320185,293.40173
2024-02-01 11:00:00,9.40698,290.4375
2024-02-01 12:00:00,9.918264,290.0098
2024-02-01 13:00:00,9.931428,287.8321
2024-02-01 14:00:00,9.521814,282.32596
2024-02-01 15:00:00,9.675791,281.75494
2024-02-01 16:00:00,9.092951,281.60165
2024-02-01 17:00:00,8.229196,277.7833
2024-02-01 18:00:00,7.91183,268.94107
2024-02-01 19:00:00,8.392255,266.1219
2024-02-01 20:00:00,8.8543415,261.45312
2024-02-01 21:00:00,9.202145,252.83011
2024-02-01 22:00:00,9.551331,242.7244
2024-02-01 23:00:00,10.797418,237.82251
2024-02-02 00:00:00,11.980701,236.04866
2024-02-02 01:00:00,12.704806,239.58669
2024-02-02 02:00:00,13.094015,243.23924
2024-02-02 03:00:00,12.75452,248.1672
2024-02-02 04:00:00,12.743716,248.7015
2024-02-02 05:00:00,12.742328,250.36401
2024-02-02 06:00:00,12.700659,251.83472
2024-02-02 07:00:00,12.557705,251.02966
2024-02-02 08:00:00,12.626409,248.6019
2024-02-02 09:00:00,12.929109,247.9235
2024-02-02 10:00:00,12.734836,249.31682
2024-02-02 11:00:00,13.3362055,252.4386
2024-02-02 12:00:00,13.806345,252.08908
2024-02-02 13:00:00,13.873607,251.23508
2024-02-02 14:00:00,13.946699,253.82849
2024-02-02 15:00:00,13.833104,255.89684
2024-02-02 16:00:00,13.614464,257.46582
2024-02-02 17:00:00,13.456995,259.95944
2024-02-02 18:00:00,13.429618,262.37976
2024-02-02 19:00:00,13.298587,261.1465
2024-02-02 20:00:00,13.313141,257.3167
2024-02-02 21:00:00,13.6638975,254.60042
2024-02-02 22:00:00,14.250438,256.60855
2024-02-02 23:00:00,14.210569,255.04288
2024-02-03 00:00:00,14.420702,254.28922
2024-02-03 01:00:00,14.310936,254.0914
2024-02-03 02:00:00,14.294295,253.82307
2024-02-03 03:00:00,14.201219,255.48737
2024-02-03 04:00:00,13.934606,258.0496
2024-02-03 05:00:00,13.701871,260.26855
2024-02-03 06:00:00,13.419274,262.29684
2024-02-03 07:00:00,13.108035,262.74973
2024-02-03 08:00:00,13.272244,261.86252
2024-02-03 09:00:00,13.801479,262.8319
2024-02-03 10:00:00,12.904209,267.71045
2024-02-03 11:00:00,13.474349,265.17108
2024-02-03 12:00:00,13.833702,264.8058
2024-02-03 13:00:00,13.609707,264.45923
2024-02-03 14:00:00,13.921969,269.62164
2024-02-03 15:00:00,13.694576,275.27768
2024-02-03 16:00:00,13.032852,276.16357
2024-02-03 17:00:00,12.140301,274.69952
2024-02-03 18:00:00,11.569247,273.3874
2024-02-03 19:00:00,10.976616,275.46982
2024-02-03 20:00:00,10.689199,276.2549
2024-02-03 21:00:00,10.627334,275.47165
2024-02-03 22:00:00,10.136378,271.5378
2024-02-03 23:00:00,10.181481,271.75632
2024-02-04 00:00:00,10.385075,270.0448
2024-02-04 01:00:00,11.8766165,270.27463
2024-02-04 02:00:00,12.423608,273.831
2024-02-04 03:00:00,13.212642,275.0499
2024-02-04 04:00:00,13.268807,271.95258
2024-02-04 05:00:00,13.4753275,270.86157
2024-02-04 06:00:00,13.35979,268.9392
2024-02-04 07:00:00,13.499585,267.91312
2024-02-04 08:00:00,13.805421,268.69135
2024-02-04 09:00:00,13.86116,270.5638
2024-02-04 10:00:00,13.948468,274.50903
2024-02-04 11:00:00,13.865665,274.34027
2024-02-04 12:00:00,13.3899145,271.3005
2024-02-04 13:00:00,13.210092,267.47852
2024-02-04 14:00:00,13.3556795,262.94098
2024-02-04 15:00:00,14.18661,262.66202
2024-02-04 16:00:00,13.837477,254.73239
2024-02-04 17:00:00,16.93078,251.83798
2024-02-04 18:00:00,18.608128,259.51697
2024-02-04 19:00:00,18.246075,263.90567
2024-02-04 20:00:00,18.039543,264.8893
2024-02-04 21:00:00,18.329008,264.95193
2024-02-04 22:00:00,17.976679,272.38046
2024-02-04 23:00:00,17.465788,271.95624
2024-02-05 00:00:00,17.160933,268.76233
2024-02-05 01:00:00,17.583412,266.4879
2024-02-05 02:00:00,17.774326,264.99585
2024-02-05 03:00:00,17.516218,262.33597
2024-02-05 04:00:00,17.071276,263.9834
2024-02-05 05:00:00,16.303324,263.49527
2024-02-05 06:00:00,16.401546,261.64502
2024-02-05 07:00:00,16.412022,261.6523
2024-02-05 08:00:00,15.933005,259.2063
2024-02-05 09:00:00,15.973217,254.59647
2024-02-05 10:00:00,14.781136,249.04715
2024-02-05 11:00:00,16.119177,245.1833
2024-02-05 12:00:00,16.496115,242.6944
2024-02-05 13:00:00,16.901718,242.41559
2024-02-05 14:00:00,16.879084,242.16547
2024-02-05 15:00:00,16.521996,240.07834
2024-02-05 16:00:00,16.942183,240.66078
2024-02-05 17:00:00,17.087729,241.64299
2024-02-05 18:00:00,17.004442,242.24925
2024-02-05 19:00:00,16.832575,243.3776
2024-02-05 20:00:00,16.787405,243.49954
2024-02-05 21:00:00,16.977879,242.70277
2024-02-05 22:00:00,16.555498,242.0115
2024-02-05 23:00:00,16.751959,241.4933
2024-02-06 00:00:00,16.86052,242.39381
2024-02-06 01:00:00,16.943052,241.01932
2024-02-06 02:00:00,17.072376,241.3724
2024-02-06 03:00:00,17.096003,241.49619
2024-02-06 04:00:00,17.224344,241.13173
2024-02-06 05:00:00,17.535128,240.57256
2024-02-06 06:00:00,17.913885,240.39651
2024-02-06 07:00:00,18.238256,240.31708
2024-02-06 08:00:00,18.630253,239.31866
2024-02-06 09:00:00,19.066675,239.71327
2024-02-06 10:00:00,18.971245,240.92416
2024-02-06 11:00:00,19.270401,241.41998
2024-02-06 12:00:00,20.103127,242.5202
2024-02-06 13:00:00,20.315603,244.50114
2024-02-06 14:00:00,20.41995,245.42673
2024-02-06 15:00:00,20.103436,245.45596
2024-02-06 16:00:00,19.747297,245.60321
2024-02-06 17:00:00,19.51949,244.63928
2024-02-06 18:00:00,18.881159,247.76974
2024-02-06 19:00:00,16.252619,259.22253
2024-02-06 20:00:00,13.320207,277.81577
2024-02-06 21:00:00,11.707804,294.84613
2024-02-06 22:00:00,11.027674,298.7699
2024-02-06 23:00:00,10.083655,288.37225
2024-02-07 00:00:00,10.462292,284.34668
2024-02-07 01:00:00,10.44271,286.63727
2024-02-07 02:00:00,10.303485,302.0475
2024-02-07 03:00:00,10.051294,318.62146
2024-02-07 04:00:00,9.603751,329.69012
2024-02-07 05:00:00,9.081843,336.18484
2024-02-07 06:00:00,8.348824,338.98102
2024-02-07 07:00:00,7.436451,342.71997
2024-02-07 08:00:00,6.576603,345.8407
2024-02-07 09:00:00,5.497681,350.93054
2024-02-07 10:00:00,3.964051,352.88232
2024-02-07 11:00:00,3.2793021,351.76678
2024-02-07 12:00:00,2.3336957,355.13544
2024-02-07 13:00:00,1.4187653,347.7807
2024-02-07 14:00:00,1.1671885,323.95663
2024-02-07 15:00:00,0.94718736,316.16333
2024-02-07 16:00:00,0.6783101,320.3968
2024-02-07 17:00:00,0.87603396,304.35056
2024-02-07 18:00:00,1.4989306,308.17352
2024-02-07 19:00:00,1.8596189,304.16418
2024-02-07 20:00:00,2.1133204,293.4617
2024-02-07 21:00:00,2.5372972,285.78156
2024-02-07 22:00:00,2.4573474,283.14978
2024-02-07 23:00:00,2.8131666,285.67798
2024-02-08 00:00:00,2.853129,297.58466
2024-02-08 01:00:00,2.8146853,298.2847
2024-02-08 02:00:00,2.4512997,309.13373
2024-02-08 03:00:00,2.5725353,315.7798
2024-02-08 04:00:00,2.2020788,348.323
2024-02-08 05:00:00,1.8586569,23.511383
2024-02-08 06:00:00,1.8133225,66.74011
2024-02-08 07:00:00,2.5743906,104.0191
2024-02-08 08:00:00,3.8749447,119.25239
2024-02-08 09:00:00,4.840704,117.35091
2024-02-08 10:00:00,5.288298,114.03126
2024-02-08 11:00:00,5.254929,108.516716
2024-02-08 12:00:00,6.158483,111.24427
2024-02-08 13:00:00,6.545606,106.840744
2024-02-08 14:00:00,7.8056736,98.75705
2024-02-08 15:00:00,9.596054,94.66069
2024-02-08 16:00:00,11.042277,94.468155
2024-02-08 17:00:00,11.97003,95.120735
2024-02-08 18:00:00,12.746438,96.52604
2024-02-08 19:00:00,13.29712,94.822105
2024-02-08 20:00:00,13.392527,95.262566
2024-02-08 21:00:00,13.319376,96.61665
2024-02-08 22:00:00,12.388037,99.64476
2024-02-08 23:00:00,11.495186,107.40374
2024-02-09 00:00:00,10.482672,114.97455
2024-02-09 01:00:00,9.453707,122.50775
2024-02-09 02:00:00,9.060949,128.79388
2024-02-09 03:00:00,9.156211,136.55212
2024-02-09 04:00:00,9.26815,146.89738
2024-02-09 05:00:00,9.384162,158.84833
2024-02-09 06:00:00,9.535566,171.35439
2024-02-09 07:00:00,10.1522255,181.09361
2024-02-09 08:00:00,11.252744,187.73488
2024-02-09 09:00:00,11.626375,191.88643
2024-02-09 10:00:00,12.812121,202.83258
2024-02-09 11:00:00,12.246907,212.19073
2024-02-09 12:00:00,11.232354,214.26749
2024-02-09 13:00:00,10.923634,210.6649
2024-02-09 14:00:00,11.834824,213.86832
2024-02-09 15:00:00,11.104222,213.16748
2024-02-09 16:00:00,10.227642,204.1526
2024-02-09 17:00:00,10.140492,192.07904
2024-02-09 18:00:00,10.617474,186.16096
2024-02-09 19:00:00,10.65512,183.73822
2024-02-09 20:00:00,10.347754,183.07738
2024-02-09 21:00:00,10.044812,182.77359
2024-02-09 22:00:00,9.497446,179.61818
2024-02-09 23:00:00,9.412574,178.53264
2024-02-10 00:00:00,9.432277,180.30223
2024-02-10 01:00:00,9.31313,178.93343
2024-02-10 02:00:00,9.04744,177.01286
2024-02-10 03:00:00,8.836796,178.90144
2024-02-10 04:00:00,8.619522,178.74129
2024-02-10 05:00:00,8.529099,176.37122
2024-02-10 06:00:00,8.332184,175.01047
2024-02-10 07:00:00,8.388134,176.50027
2024-02-10 08:00:00,8.311517,177.90617
2024-02-10 09:00:00,7.8238645,178.08287
2024-02-10 10:00:00,6.797732,175.99924
2024-02-10 11:00:00,5.5538387,175.73419
2024-02-10 12:00:00,4.507868,169.7335
2024-02-10 13:00:00,3.8236673,153.357
2024-02-10 14:00:00,3.9183145,141.63092
2024-02-10 15:00:00,4.4139857,131.54503
2024-02-10 16:00:00,4.893987,122.983315
2024-02-10 17:00:00,5.404818,113.24985
2024-02-10 18:00:00,6.546522,106.37482
2024-02-10 19:00:00,7.1706157,109.63226
2024-02-10 20:00:00,7.4475837,112.31574
2024-02-10 21:00:00,8.130323,110.8067
2024-02-10 22:00:00,8.245533,111.435234
2024-02-10 23:00:00,7.9449067,113.55232
2024-02-11 00:00:00,7.729417,111.56859
2024-02-11 01:00:00,8.058731,105.9626
2024-02-11 02:00:00,8.626191,102.37361
2024-02-11 03:00:00,9.025027,102.90508
2024-02-11 04:00:00,8.7097025,106.14596
2024-02-11 05:00:00,7.843017,111.456215
2024-02-11 06:00:00,6.951252,118.989426
2024-02-11 07:00:00,6.1672378,128.79391
2024-02-11 08:00:00,5.6009436,146.47243
2024-02-11 09:00:00,5.7406864,176.2718
2024-02-11 10:00:00,7.032154,205.69406
2024-02-11 11:00:00,8.775589,218.59225
2024-02-11 12:00:00,9.310769,225.03775
2024-02-11 13:00:00,9.113984,230.21005
2024-02-11 14:00:00,8.714982,231.57281
2024-02-11 15:00:00,8.081516,237.31412
2024-02-11 16:00:00,7.350379,240.09015
2024-02-11 17:00:00,7.006075,242.67685
2024-02-11 18:00:00,7.0127873,242.89078
2024-02-11 19:00:00,6.950471,242.30377
2024-02-11 20:00:00,7.2348065,242.99202
2024-02-11 21:00:00,7.4289265,244.99667
2024-02-11 22:00:00,6.227419,263.35257
2024-02-11 23:00:00,6.971875,274.03638
2024-02-12 00:00:00,6.403635,278.90662
2024-02-12 01:00:00,5.997672,275.06604
2024-02-12 02:00:00,6.33349,267.26727
2024-02-12 03:00:00,6.630154,261.12762
2024-02-12 04:00:00,6.9843755,258.30942
2024-02-12 05:00:00,7.3697577,259.83386
2024-02-12 06:00:00,7.3972144,264.214
2024-02-12 07:00:00,6.9271703,267.11465
2024-02-12 08:00:00,6.5786877,264.96375
2024-02-12 09:00:00,6.635222,261.31595
2024-02-12 10:00:00,5.7248707,252.70798
2024-02-12 11:00:00,6.238475,251.97534
2024-02-12 12:00:00,6.8695426,254.6973
2024-02-12 13:00:00,7.691312,261.73975
2024-02-12 14:00:00,8.439999,272.01157
2024-02-12 15:00:00,7.7916875,271.51114
2024-02-12 16:00:00,7.704109,270.5644
2024-02-12 17:00:00,8.069642,268.40527
2024-02-12 18:00:00,8.053681,266.02133
2024-02-12 19:00:00,8.342507,262.4762
2024-02-12 20:00:00,8.580565,259.08893
2024-02-12 21:00:00,8.501649,252.63614
2024-02-12 22:00:00,9.119937,256.90778
2024-02-12 23:00:00,8.983146,252.16974
2024-02-13 00:00:00,9.015383,244.56001
2024-02-13 01:00:00,9.571812,238.53009
2024-02-13 02:00:00,10.290868,231.02852
2024-02-13 03:00:00,10.868975,228.15652
2024-02-13 04:00:00,11.4421215,227.78009
2024-02-13 05:00:00,11.710178,229.37592
2024-02-13 06:00:00,11.781332,231.20166
2024-02-13 07:00:00,11.5373125,231.52151
2024-02-13 08:00:00,11.369374,231.38959
2024-02-13 09:00:00,11.504247,233.18994
2024-02-13 10:00:00,10.903428,230.87552
2024-02-13 11:00:00,11.2638,232.78416
2024-02-13 12:00:00,11.019615,231.99194
2024-02-13 13:00:00,10.901043,229.29085
2024-02-13 14:00:00,10.925646,228.47955
2024-02-13 15:00:00,10.60132,225.0762
2024-02-13 16:00:00,10.033203,219.20331
2024-02-13 17:00:00,9.941639,214.16429
2024-02-13 18:00:00,9.818903,207.9675
2024-02-13 19:00:00,9.625576,201.77919
2024-02-13 20:00:00,9.957813,194.51526
2024-02-13 21:00:00,10.547838,191.06908
2024-02-13 22:00:00,11.314486,184.4073
2024-02-13 23:00:00,11.754173,185.64009
2024-02-14 00:00:00,12.945766,194.91379
2024-02-14 01:00:00,13.632161,207.09824
2024-02-14 02:00:00,13.863029,222.6506
2024-02-14 03:00:00,13.790957,238.21739
2024-02-14 04:00:00,13.54921,246.5244
2024-02-14 05:00:00,13.523767,248.98457
2024-02-14 06:00:00,13.934522,248.1875
2024-02-14 07:00:00,13.340405,244.26697
2024-02-14 08:00:00,12.918762,238.24617
2024-02-14 09:00:00,12.112119,231.54277
2024-02-14 10:00:00,11.561664,230.02934
2024-02-14 11:00:00,12.428001,227.7501
2024-02-14 12:00:00,12.6468725,230.2503
2024-02-14 13:00:00,12.542229,228.85262
2024-02-14 14:00:00,12.43379,228.95941
2024-02-14 15:00:00,11.760049,230.74722
2024-02-14 16:00:00,11.538748,231.843
2024-02-14 17:00:00,11.882036,235.83992
2024-02-14 18:00:00,12.298236,238.58058
2024-02-14 19:00:00,12.36183,238.85974
2024-02-14 20:00:00,12.336203,237.2614
2024-02-14 21:00:00,12.202665,235.35321
2024-02-14 22:00:00,12.069981,233.49583
2024-02-14 23:00:00,11.996787,234.38934
2024-02-15 00:00:00,12.078548,233.37488
2024-02-15 01:00:00,11.782671,231.43799
2024-02-15 02:00:00,11.390829,230.4131
2024-02-15 03:00:00,10.680424,223.47884
2024-02-15 04:00:00,9.687697,212.34824
2024-02-15 05:00:00,10.461365,208.20837
2024-02-15 06:00:00,10.83576,207.38832
2024-02-15 07:00:00,10.926699,208.44302
2024-02-15 08:00:00,10.434118,207.25694
2024-02-15 09:00:00,10.490867,209.37654
2024-02-15 10:00:00,10.031441,204.29297
2024-02-15 11:00:00,10.268918,210.59534
2024-02-15 12:00:00,10.101655,213.34514
2024-02-15 13:00:00,9.497837,212.40347
2024-02-15 14:00:00,8.740033,208.99779
2024-02-15 15:00:00,8.743203,199.60512
2024-02-15 16:00:00,9.009206,187.51326
2024-02-15 17:00:00,9.502334,181.68423
2024-02-15 18:00:00,10.012874,174.66731
2024-02-15 19:00:00,11.010661,170.12872
2024-02-15 20:00:00,11.597898,172.15688
2024-02-15 21:00:00,11.637772,171.84827
2024-02-15 22:00:00,10.900495,172.0567
2024-02-15 23:00:00,10.898418,181.41313
2024-02-16 00:00:00,10.6810255,188.85114
2024-02-16 01:00:00,10.500928,193.19298
2024-02-16 02:00:00,10.2385025,198.51845
2024-02-16 03:00:00,9.429117,197.5381
2024-02-16 04:00:00,10.2717905,199.2306
2024-02-16 05:00:00,10.574885,201.99146
2024-02-16 06:00:00,10.370013,203.93282
2024-02-16 07:00:00,11.055121,209.67966
2024-02-16 08:00:00,11.742212,220.465
2024-02-16 09:00:00,11.731195,230.91931
2024-02-16 10:00:00,10.385409,252.11972
2024-02-16 11:00:00,9.408035,269.38422
2024-02-16 12:00:00,8.865099,275.53848
2024-02-16 13:00:00,9.561849,274.60828
2024-02-16 14:00:00,10.098359,273.71
2024-02-16 15:00:00,9.774256,272.60687
2024-02-16 16:00:00,9.498843,271.01358
2024-02-16 17:00:00,9.150507,269.3595
2024-02-16 18:00:00,9.029673,269.69785
2024-02-16 19:00:00,8.732695,272.98267
2024-02-16 20:00:00,8.543475,276.71735
2024-02-16 21:00:00,8.372406,278.68448
2024-02-16 22:00:00,7.8875027,282.1128
2024-02-16 23:00:00,7.919653,281.24472
2024-02-17 00:00:00,7.7259693,283.91525
2024-02-17 01:00:00,7.070702,291.1035
2024-02-17 02:00:00,6.1158853,298.6311
2024-02-17 03:00:00,5.752927,306.88086
2024-02-17 04:00:00,5.673087,314.3977
2024-02-17 05:00:00,5.158325,323.30203
2024-02-17 06:00:00,4.280265,332.39026
2024-02-17 07:00:00,3.576329,336.00262
2024-02-17 08:00:00,2.7798295,346.089
2024-02-17 09:00:00,1.6208535,5.256653
2024-02-17 10:00:00,0.58786166,60.126923
2024-02-17 11:00:00,0.98514116,184.87485
2024-02-17 12:00:00,2.456756,210.76396
2024-02-17 13:00:00,3.5797708,222.91376
2024-02-17 14:00:00,3.9004843,222.9509
2024-02-17 15:00:00,4.1257935,217.62209
2024-02-17 16:00:00,4.8084874,213.23022
2024-02-17 17:00:00,5.703716,214.47673
2024-02-17 18:00:00,6.1285915,209.79648
2024-02-17 19:00:00,7.0053725,205.5612
2024-02-17 20:00:00,7.663691,199.74727
2024-02-17 21:00:00,8.442603,191.76883
2024-02-17 22:00:00,9.771622,187.06323
2024-02-17 23:00:00,11.013609,193.54892
2024-02-18 00:00:00,11.725761,195.84657
2024-02-18 01:00:00,12.4599495,203.57951
2024-02-18 02:00:00,13.203234,205.60973
2024-02-18 03:00:00,13.929825,205.0012
2024-02-18 04:00:00,14.442089,203.74284
2024-02-18 05:00:00,14.444944,201.8311
2024-02-18 06:00:00,14.468863,204.42628
2024-02-18 07:00:00,14.320094,206.92474
2024-02-18 08:00:00,14.123671,206.32979
2024-02-18 09:00:00,13.66271,203.96979
2024-02-18 10:00:00,13.736711,203.26103
2024-02-18 11:00:00,13.063374,203.63348
2024-02-18 12:00:00,12.084769,200.0457
2024-02-18 13:00:00,11.66622,196.90771
2024-02-18 14:00:00,10.753487,203.98242
2024-02-18 15:00:00,8.513741,233.40108
2024-02-18 16:00:00,10.911905,286.4607
2024-02-18 17:00:00,15.114387,304.90787
2024-02-18 18:00:00,16.325571,306.73376
2024-02-18 19:00:00,15.475237,308.3707
2024-02-18 20:00:00,14.402243,313.0838
2024-02-18 21:00:00,13.317545,318.92548
2024-02-18 22:00:00,12.618917,324.9873
2024-02-18 23:00:00,11.736438,320.34274
2024-02-19 00:00:00,10.90662,314.3952
2024-02-19 01:00:00,10.065482,305.31888
2024-02-19 02:00:00,9.564755,293.86212
2024-02-19 03:00:00,8.929443,279.9713
2024-02-19 04:00:00,8.768663,272.38254
2024-02-19 05:00:00,8.952432,272.10922
2024-02-19 06:00:00,9.340181,274.76587
2024-02-19 07:00:00,9.19618,274.17242
2024-02-19 08:00:00,8.841844,267.71146
2024-02-19 09:00:00,10.008537,261.68414
2024-02-19 10:00:00,10.22914,261.7912
2024-02-19 11:00:00,9.902051,256.53662
2024-02-19 12:00:00,10.8605,259.2147
2024-02-19 13:00:00,11.300306,264.70312
2024-02-19 14:00:00,11.086611,268.2404
2024-02-19 15:00:00,10.683177,276.51984
2024-02-19 16:00:00,10.589224,291.8977
2024-02-19 17:00:00,11.08934,301.6019
2024-02-19 18:00:00,12.186531,305.73758
2024-02-19 19:00:00,11.968901,310.6977
2024-02-19 20:00:00,11.049153,312.7266
2024-02-19 21:00:00,9.922816,312.3524
2024-02-19 22:00:00,7.9488616,309.90967
2024-02-19 23:00:00,8.084381,298.43924
2024-02-20 00:00:00,8.10302,291.19638
2024-02-20 01:00:00,8.429045,285.3071
2024-02-20 02:00:00,8.952639,286.58942
2024-02-20 03:00:00,9.04271,286.5218
2024-02-20 04:00:00,8.743275,285.34003
2024-02-20 05:00:00,8.137853,281.258
2024-02-20 06:00:00,7.256568,271.8982
2024-02-20 07:00:00,7.646794,258.93515
2024-02-20 08:00:00,8.140936,245.66766
2024-02-20 09:00:00,8.951338,235.16005
2024-02-20 10:00:00,9.717245,226.2492
2024-02-20 11:00:00,11.266016,223.8461
2024-02-20 12:00:00,12.561457,225.06029
2024-02-20 13:00:00,12.534103,227.43327
2024-02-20 14:00:00,12.304232,227.89479
2024-02-20 15:00:00,12.729214,230.56573
2024-02-20 16:00:00,13.587301,233.07533
2024-02-20 17:00:00,13.234568,232.20825
2024-02-20 18:00:00,13.447361,230.36523
2024-02-20 19:00:00,13.751387,231.81754
2024-02-20 20:00:00,14.09799,232.84048
2024-02-20 21:00:00,14.27165,233.68887
2024-02-20 22:00:00,14.615793,242.1518
2024-02-20 23:00:00,13.8126545,242.33594
2024-02-21 00:00:00,12.908364,241.32375
2024-02-21 01:00:00,13.155257,242.43388
2024-02-21 02:00:00,12.59383,248.42923
2024-02-21 03:00:00,11.219029,248.80559
2024-02-21 04:00:00,10.225311,243.42703
2024-02-21 05:00:00,10.135941,235.79758
2024-02-21 06:00:00,9.820882,229.81363
2024-02-21 07:00:00,9.779446,221.68704
2024-02-21 08:00:00,10.9162445,214.22585
2024-02-21 09:00:00,12.016003,211.09593
2024-02-21 10:00:00,11.904139,204.51346
2024-02-21 11:00:00,12.187786,200.76573
2024-02-21 12:00:00,13.079651,199.27374
2024-02-21 13:00:00,13.378298,197.15625
2024-02-21 14:00:00,14.176129,195.44305
2024-02-21 15:00:00,14.855352,193.34627
2024-02-21 16:00:00,15.460741,189.43292
2024-02-21 17:00:00,16.01965,188.5024
2024-02-21 18:00:00,16.279428,193.35927
2024-02-21 19:00:00,16.033403,198.66429
2024-02-21 20:00:00,15.6874275,204.20566
2024-02-21 21:00:00,15.067491,209.38249
2024-02-21 22:00:00,13.736737,217.57098
2024-02-21 23:00:00,12.331466,226.86507
2024-02-22 00:00:00,10.819159,237.49744
2024-02-22 01:00:00,9.693955,246.18396
2024-02-22 02:00:00,8.703565,249.46596
2024-02-22 03:00:00,8.470554,245.53674
2024-02-22 04:00:00,8.59207,240.34192
2024-02-22 05:00:00,8.779315,229.56151
2024-02-22 06:00:00,10.301603,223.43918
2024-02-22 07:00:00,10.480697,225.14676
2024-02-22 08:00:00,8.857201,207.58725
2024-02-22 09:00:00,10.279586,194.99017
2024-02-22 10:00:00,11.071554,183.80057
2024-02-22 11:00:00,11.778352,185.91205
2024-02-22 12:00:00,11.343353,176.62999
2024-02-22 13:00:00,12.826259,164.07968
2024-02-22 14:00:00,13.020974,159.18988
2024-02-22 15:00:00,13.141733,161.64142
2024-02-22 16:00:00,14.530943,169.04573
2024-02-22 17:00:00,16.040962,175.61708
2024-02-22 18:00:00,17.289766,191.48695
2024-02-22 19:00:00,17.023098,203.85829
2024-02-22 20:00:00,18.300095,209.55373
2024-02-22 21:00:00,19.383484,239.14665
2024-02-22 22:00:00,17.437977,262.59076
2024-02-22 23:00:00,18.599232,257.44766
2024-02-23 00:00:00,17.44432,252.42155
2024-02-23 01:00:00,17.008724,251.72198
2024-02-23 02:00:00,16.204323,250.73871
2024-02-23 03:00:00,15.962854,243.98535
2024-02-23 04:00:00,15.945735,239.57669
2024-02-23 05:00:00,14.280123,228.2284
2024-02-23 06:00:00,14.335551,217.87302
2024-02-23 07:00:00,13.817455,206.98994
2024-02-23 08:00:00,14.585925,199.98642
2024-02-23 09:00:00,14.84336,197.90036
2024-02-23 10:00:00,15.225426,197.21213
2024-02-23 11:00:00,16.270296,208.76271
2024-02-23 12:00:00,14.874221,216.88965
2024-02-23 13:00:00,14.36351,226.70549
2024-02-23 14:00:00,13.012569,227.6732
2024-02-23 15:00:00,11.840007,225.42523
2024-02-23 16:00:00,11.132957,224.36493
2024-02-23 17:00:00,9.921468,218.20905
2024-02-23 18:00:00,9.203924,204.58794
2024-02-23 19:00:00,8.830132,196.86784
2024-02-23 20:00:00,8.684296,190.32729
2024-02-23 21:00:00,8.937761,186.70538
2024-02-23 22:00:00,9.030261,189.67375
2024-02-23 23:00:00,8.851741,188.96613
2024-02-24 00:00:00,9.277566,188.58484
2024-02-24 01:00:00,9.443274,190.58237
2024-02-24 02:00:00,9.204582,193.13698
2024-02-24 03:00:00,8.816316,193.80777
2024-02-24 04:00:00,8.591549,192.54437
2024-02-24 05:00:00,8.469872,191.91165
2024-02-24 06:00:00,8.332848,191.30705
2024-02-24 07:00:00,8.109542,190.99664
2024-02-24 08:00:00,7.932756,188.85751
2024-02-24 09:00:00,8.151346,187.85678
2024-02-24 10:00:00,8.180033,191.24687
2024-02-24 11:00:00,9.442484,203.58873
2024-02-24 12:00:00,10.027433,212.81909
2024-02-24 13:00:00,9.549868,215.82742
2024-02-24 14:00:00,9.130825,221.87492
2024-02-24 15:00:00,9.079012,224.25093
2024-02-24 16:00:00,9.019391,223.98592
2024-02-24 17:00:00,8.340802,221.86928
2024-02-24 18:00:00,7.5610275,212.135
2024-02-24 19:00:00,7.977102,202.91847
2024-02-24 20:00:00,8.310307,197.8021
2024-02-24 21:00:00,8.179229,191.77048
2024-02-24 22:00:00,7.356139,189.44537
2024-02-24 23:00:00,7.6235113,186.2697
2024-02-25 00:00:00,7.60959,185.56578
2024-02-25 01:00:00,6.991749,181.7044
2024-02-25 02:00:00,6.6993976,179.24773
2024-02-25 03:00:00,6.3818283,187.30536
2024-02-25 04:00:00,6.444517,206.86516
2024-02-25 05:00:00,5.981685,224.20175
2024-02-25 06:00:00,4.802486,229.97513
2024-02-25 07:00:00,3.9754179,224.83554
2024-02-25 08:00:00,3.8434734,214.31369
2024-02-25 09:00:00,4.020409,212.65424
2024-02-25 10:00:00,3.7095025,218.13632
2024-02-25 11:00:00,2.8724024,221.13931
2024-02-25 12:00:00,2.324464,218.15994
2024-02-25 13:00:00,2.1667552,205.29869
2024-02-25 14:00:00,1.8544939,199.95863
2024-02-25 15:00:00,0.95512426,178.9919
2024-02-25 16:00:00,0.8003984,85.900246
2024-02-25 17:00:00,2.9089735,72.73704
2024-02-25 18:00:00,5.0326767,69.8577
2024-02-25 19:00:00,6.1096296,73.48054
2024-02-25 20:00:00,7.40501,73.00022
2024-02-25 21:00:00,8.707284,69.18855
2024-02-25 22:00:00,9.496774,73.22779
2024-02-25 23:00:00,10.03936,67.087875
2024-02-26 00:00:00,10.70877,62.570885
2024-02-26 01:00:00,11.174959,59.26098
2024-02-26 02:00:00,11.520547,57.67581
2024-02-26 03:00:00,11.8477745,55.863052
2024-02-26 04:00:00,11.496605,55.59191
2024-02-26 05:00:00,11.767373,51.351257
2024-02-26 06:00:00,12.364081,45.81636
2024-02-26 07:00:00,12.53345,44.59012
2024-02-26 08:00:00,12.448665,44.864227
2024-02-26 09:00:00,13.307622,45.86876
2024-02-26 10:00:00,13.267107,46.6521
2024-02-26 11:00:00,13.573377,48.56653
2024-02-26 12:00:00,13.277589,48.368607
2024-02-26 13:00:00,13.166706,45.146927
2024-02-26 14:00:00,13.010471,41.85353
2024-02-26 15:00:00,12.846909,39.354706
2024-02-26 16:00:00,12.525361,37.235382
2024-02-26 17:00:00,12.732054,35.433075
2024-02-26 18:00:00,12.937678,34.01677
2024-02-26 19:00:00,12.87516,34.452682
2024-02-26 20:00:00,12.213287,37.290024
2024-02-26 21:00:00,11.079131,40.559708
2024-02-26 22:00:00,10.324667,41.858917
2024-02-26 23:00:00,9.549936,40.54915
2024-02-27 00:00:00,9.017331,37.34079
2024-02-27 01:00:00,8.708115,35.05339
2024-02-27 02:00:00,8.305256,36.100723
2024-02-27 03:00:00,7.8708715,35.44519
2024-02-27 04:00:00,7.5875998,34.961
2024-02-27 05:00:00,7.1222863,35.550125
2024-02-27 06:00:00,6.589356,35.80075
2024-02-27 07:00:00,5.97764,36.452667
2024-02-27 08:00:00,5.0844827,44.273514
2024-02-27 09:00:00,3.9424396,64.71614
2024-02-27 10:00:00,2.4906723,87.54135
2024-02-27 11:00:00,1.3685695,83.53858
2024-02-27 12:00:00,0.5195216,98.93573
2024-02-27 13:00:00,0.7398534,269.53256
2024-02-27 14:00:00,1.7128763,284.02432
2024-02-27 15:00:00,2.021203,287.5813
2024-02-27 16:00:00,1.9621083,286.24805
2024-02-27 17:00:00,1.8561054,274.52783
2024-02-27 18:00:00,1.9759494,256.02042
2024-02-27 19:00:00,2.3790355,236.96289
2024-02-27 20:00:00,3.1239343,221.02484
2024-02-27 21:00:00,4.3146405,212.85706
2024-02-27 22:00:00,5.606549,213.78918
2024-02-27 23:00:00,6.7630367,215.07208
2024-02-28 00:00:00,7.5975957,219.6232
2024-02-28 01:00:00,7.910696,224.95363
2024-02-28 02:00:00,8.127011,229.58182
2024-02-28 03:00:00,8.188207,233.40352
2024-02-28 04:00:00,7.939294,238.82143
2024-02-28 05:00:00,7.1914253,243.74675
2024-02-28 06:00:00,6.392698,244.35042
2024-02-28 07:00:00,5.9755187,240.88988
2024-02-28 08:00:00,5.4690995,231.97418
2024-02-28 09:00:00,5.376333,222.62206
2024-02-28 10:00:00,7.1112614,210.2058
2024-02-28 11:00:00,7.412222,209.26912
2024-02-28 12:00:00,7.6615605,211.0083
2024-02-28 13:00:00,8.008348,210.85829
2024-02-28 14:00:00,8.307071,204.06891
2024-02-28 15:00:00,8.676227,199.58046
2024-02-28 16:00:00,9.297115,193.1654
2024-02-28 17:00:00,10.029019,190.72762
2024-02-28 18:00:00,11.050009,191.39772
2024-02-28 19:00:00,11.638059,194.10498
2024-02-28 20:00:00,11.846562,198.9115
2024-02-28 21:00:00,12.125996,200.73009
2024-02-28 22:00:00,12.086411,198.0643
2024-02-28 23:00:00,12.697281,195.19545
2024-02-29 00:00:00,13.283129,193.60963
2024-02-29 01:00:00,13.758063,193.37602
2024-02-29 02:00:00,13.967617,194.65436
2024-02-29 03:00:00,13.987952,196.81464
2024-02-29 04:00:00,13.995515,196.36914
2024-02-29 05:00:00,14.223538,194.38626
2024-02-29 06:00:00,14.164552,194.83972
2024-02-29 07:00:00,13.864281,196.93709
2024-02-29 08:00:00,13.404685,198.31555
2024-02-29 09:00:00,12.768367,197.8776
2024-02-29 10:00:00,11.077553,197.3107
2024-02-29 11:00:00,11.188851,191.58873
2024-02-29 12:00:00,11.426564,186.64964
2024-02-29 13:00:00,11.552082,183.59758
2024-02-29 14:00:00,11.192542,181.6615
2024-02-29 15:00:00,10.907426,180.55484
2024-02-29 16:00:00,10.590942,180.69148
2024-02-29 17:00:00,10.430812,177.68605
2024-02-29 18:00:00,10.912709,175.17647
2024-02-29 19:00:00,11.376589,177.69322
2024-02-29 20:00:00,11.32462,180.01471
2024-02-29 21:00:00,11.21611,179.12282
2024-02-29 22:00:00,10.194546,173.94861
2024-02-29 23:00:00,10.649583,171.69751
2024-03-01 00:00:00,11.295845,169.51323
2024-03-01 01:00:00,12.019854,170.09776
2024-03-01 02:00:00,12.691631,173.4486
2024-03-01 03:00:00,12.671245,184.49254
2024-03-01 04:00:00,10.442508,209.56836
2024-03-01 05:00:00,8.962427,240.33612
2024-03-01 06:00:00,8.230892,254.42062
2024-03-01 07:00:00,7.149775,250.05374
2024-03-01 08:00:00,6.0255785,225.34491
2024-03-01 09:00:00,6.6838484,193.24258
2024-03-01 10:00:00,8.583428,183.82869
2024-03-01 11:00:00,10.385197,175.42786
2024-03-01 12:00:00,11.457781,159.77354
2024-03-01 13:00:00,13.6698265,160.73607
2024-03-01 14:00:00,14.106826,164.18446
2024-03-01 15:00:00,13.591281,165.58568
2024-03-01 16:00:00,13.903539,168.74083
2024-03-01 17:00:00,13.582116,171.40974
2024-03-01 18:00:00,12.535439,171.01218
2024-03-01 19:00:00,11.529897,168.32758
2024-03-01 20:00:00,10.944249,164.02368
2024-03-01 21:00:00,10.947094,155.34785
2024-03-01 22:00:00,12.415096,141.57623
2024-03-01 23:00:00,14.140131,137.36267
2024-03-02 00:00:00,15.282836,144.62965
2024-03-02 01:00:00,15.195201,160.13441
2024-03-02 02:00:00,13.310091,178.18434
2024-03-02 03:00:00,11.679241,186.50049
2024-03-02 04:00:00,10.791459,186.76196
2024-03-02 05:00:00,10.241319,184.4386
2024-03-02 06:00:00,9.890086,182.44267
2024-03-02 07:00:00,9.783577,177.91087
2024-03-02 08:00:00,9.724441,174.27599
2024-03-02 09:00:00,9.548179,170.80307
2024-03-02 10:00:00,9.460977,169.39235
2024-03-02 11:00:00,9.09759,163.80055
2024-03-02 12:00:00,8.797604,160.4435
2024-03-02 13:00:00,9.378961,159.12885
2024-03-02 14:00:00,9.024547,151.54774
2024-03-02 15:00:00,8.713638,146.85504
2024-03-02 16:00:00,8.282418,135.45345
2024-03-02 17:00:00,9.174978,128.64534
2024-03-02 18:00:00,11.026269,124.40971
2024-03-02 19:00:00,12.955355,126.879715
2024-03-02 20:00:00,14.03836,134.39778
2024-03-02 21:00:00,13.759077,137.2428
2024-03-02 22:00:00,12.916033,136.85501
2024-03-02 23:00:00,12.819478,136.78735
2024-03-03 00:00:00,12.51211,138.65309
2024-03-03 01:00:00,11.568796,139.75797
2024-03-03 02:00:00,10.895988,135.16486
2024-03-03 03:00:00,10.464591,132.90741
2024-03-03 04:00:00,9.74133,134.63281
2024-03-03 05:00:00,9.265326,131.3264
2024-03-03 06:00:00,9.181044,129.13467
2024-03-03 07:00:00,8.662143,133.15872
2024-03-03 08:00:00,7.7881875,130.67722
2024-03-03 09:00:00,7.2862167,125.24716
2024-03-03 10:00:00,6.539141,126.89583
2024-03-03 11:00:00,5.01889,126.65699
2024-03-03 12:00:00,4.130777,114.28309
2024-03-03 13:00:00,4.0633407,94.488785
2024-03-03 14:00:00,4.010202,81.148705
2024-03-03 15:00:00,2.8935046,66.777
2024-03-03 16:00:00,2.1793163,31.929916
2024-03-03 17:00:00,2.6641033,13.12294
2024-03-03 18:00:00,3.085624,16.104523
2024-03-03 19:00:00,3.2716155,30.487488
2024-03-03 20:00:00,1.9408548,25.681107
2024-03-03 21:00:00,2.1445112,305.63617
2024-03-03 22:00:00,3.0024152,292.3033
2024-03-03 23:00:00,5.5766,302.55606
2024-03-04 00:00:00,7.2251363,309.8686
2024-03-04 01:00:00,7.8563623,312.7437
2024-03-04 02:00:00,7.5126348,317.90344
2024-03-04 03:00:00,7.1077194,314.8276
2024-03-04 04:00:00,7.558892,303.4826
2024-03-04 05:00:00,7.713565,303.36435
2024-03-04 06:00:00,7.00811,310.24725
2024-03-04 07:00:00,6.3900466,307.87878
2024-03-04 08:00:00,6.549499,299.43903
2024-03-04 09:00:00,6.6202583,301.50055
2024-03-04 10:00:00,5.709285,313.03308
2024-03-04 11:00:00,5.084669,309.60294
2024-03-04 12:00:00,4.625372,305.87448
2024-03-04 13:00:00,4.488401,308.27136
2024-03-04 14:00:00,4.0468073,319.34485
2024-03-04 15:00:00,3.5866559,327.2509
2024-03-04 16:00:00,3.4285247,330.61023
2024-03-04 17:00:00,3.265777,338.90167
2024-03-04 18:00:00,2.8045752,353.39722
2024-03-04 19:00:00,2.4657876,10.029282
2024-03-04 20:00:00,1.9790477,27.370834
2024-03-04 21:00:00,1.9112377,45.40779
2024-03-04 22:00:00,1.6951147,87.09335
2024-03-04 23:00:00,1.8303541,97.386375
2024-03-05 00:00:00,1.6882558,104.61154
2024-03-05 01:00:00,1.5229447,109.85064
2024-03-05 02:00:00,1.5511377,115.1804
2024-03-05 03:00:00,1.8919051,110.43099
2024-03-05 04:00:00,2.4807239,104.41855
2024-03-05 05:00:00,3.0167303,101.30245
2024-03-05 06:00:00,3.3286514,101.70718
2024-03-05 07:00:00,3.3079824,104.182655
2024-03-05 08:00:00,3.0137544,105.83588
2024-03-05 09:00:00,2.8439531,95.96133
2024-03-05 10:00:00,2.6772976,99.34412
2024-03-05 11:00:00,2.5489428,107.15936
2024-03-05 12:00:00,2.0223968,108.43951
2024-03-05 13:00:00,1.4255825,103.91375
2024-03-05 14:00:00,1.2102654,77.05062
2024-03-05 15:00:00,1.6859297,60.903954
2024-03-05 16:00:00,2.4969685,63.757164
2024-03-05 17:00:00,3.4458258,70.69381
2024-03-05 18:00:00,4.4968214,78.783165
2024-03-05 19:00:00,5.644449,85.4963
2024-03-05 20:00:00,6.2911234,90.37083
2024-03-05 21:00:00,6.6359067,95.20066
2024-03-05 22:00:00,7.6198783,93.767456
2024-03-05 23:00:00,7.3065424,99.423904
2024-03-06 00:00:00,6.731857,102.13685
2024-03-06 01:00:00,6.3954005,103.54313
2024-03-06 02:00:00,5.9715776,110.30885
2024-03-06 03:00:00,5.24389,112.2739
2024-03-06 04:00:00,4.8906517,108.01792
2024-03-06 05:00:00,5.1336565,103.55024
2024-03-06 06:00:00,5.60213,104.56197
2024-03-06 07:00:00,5.9386797,109.21608
2024-03-06 08:00:00,5.6938505,115.60942
2024-03-06 09:00:00,5.13042,124.269135
2024-03-06 10:00:00,3.799147,123.61534
2024-03-06 11:00:00,3.517447,123.032745
2024-03-06 12:00:00,3.3776248,127.11753
2024-03-06 13:00:00,3.2828283,126.99541
2024-03-06 14:00:00,2.9940133,120.87195
2024-03-06 15:00:00,2.6534407,108.16257
2024-03-06 16:00:00,3.0894206,86.29043
2024-03-06 17:00:00,4.421519,82.23231
2024-03-06 18:00:00,5.670712,84.67697
2024-03-06 19:00:00,6.2379303,89.791016
2024-03-06 20:00:00,6.417,93.90008
2024-03-06 21:00:00,6.3032756,96.08651
2024-03-06 22:00:00,5.6415753,95.72929
2024-03-06 23:00:00,5.1006656,85.62803
2024-03-07 00:00:00,5.4799886,76.24903
2024-03-07 01:00:00,6.121533,75.42381
2024-03-07 02:00:00,6.453337,79.27388
2024-03-07 03:00:00,6.6604114,83.285484
2024-03-07 04:00:00,6.6213155,83.698555
2024-03-07 05:00:00,6.6993623,82.36165
2024-03-07 06:00:00,7.174804,81.618515
2024-03-07 07:00:00,7.6544485,82.602196
2024-03-07 08:00:00,7.42499,84.56335
2024-03-07 09:00:00,7.102424,85.33132
2024-03-07 10:00:00,7.5065265,86.06456
2024-03-07 11:00:00,8.073918,90.59766
2024-03-07 12:00:00,7.9875236,91.12762
2024-03-07 13:00:00,8.032905,89.13756
2024-03-07 14:00:00,8.599619,86.74091
2024-03-07 15:00:00,9.173685,86.32521
2024-03-07 16:00:00,9.421569,86.884514
2024-03-07 17:00:00,9.574405,88.84049
2024-03-07 18:00:00,9.722468,91.45634
2024-03-07 19:00:00,10.184762,92.963905
2024-03-07 20:00:00,10.673942,95.39584
2024-03-07 21:00:00,10.568445,98.158585
2024-03-07 22:00:00,10.361272,100.14315
2024-03-07 23:00:00,9.703941,100.25214
2024-03-08 00:00:00,9.428945,96.28762
2024-03-08 01:00:00,9.618458,94.479416
2024-03-08 02:00:00,9.826694,94.75723
2024-03-08 03:00:00,10.1649275,96.59954
2024-03-08 04:00:00,10.338063,98.11451
2024-03-08 05:00:00,10.412838,99.403946
2024-03-08 06:00:00,10.485115,99.80262
2024-03-08 07:00:00,10.590385,99.61598
2024-03-08 08:00:00,10.56459,98.80963
2024-03-08 09:00:00,10.730725,99.02158
2024-03-08 10:00:00,10.571629,99.237114
2024-03-08 11:00:00,10.552403,98.436264
2024-03-08 12:00:00,10.780871,95.78739
2024-03-08 13:00:00,11.093475,94.13533
2024-03-08 14:00:00,11.322875,93.82138
2024-03-08 15:00:00,11.686727,95.8601
2024-03-08 16:00:00,11.767632,97.31477
2024-03-08 17:00:00,12.0543585,97.135635
2024-03-08 18:00:00,12.357436,97.6142
2024-03-08 19:00:00,12.4980955,99.69291
2024-03-08 20:00:00,12.428854,102.08653
2024-03-08 21:00:00,12.25694,103.559845
2024-03-08 22:00:00,12.238681,106.59839
2024-03-08 23:00:00,11.868812,110.70464
2024-03-09 00:00:00,11.570634,111.010605
2024-03-09 01:00:00,11.349045,111.60849
2024-03-09 02:00:00,11.110641,110.60936
2024-03-09 03:00:00,11.01912,109.70211
2024-03-09 04:00:00,10.936453,109.84129
2024-03-09 05:00:00,10.715624,111.4066
2024-03-09 06:00:00,10.39845,110.354515
2024-03-09 07:00:00,10.232011,108.369736
2024-03-09 08:00:00,9.689758,110.41495
2024-03-09 09:00:00,9.0888405,114.00651
2024-03-09 10:00:00,8.175509,112.043
2024-03-09 11:00:00,7.9220433,108.30907
2024-03-09 12:00:00,8.137409,105.69662
2024-03-09 13:00:00,8.484199,104.66334
2024-03-09 14:00:00,8.987548,104.82049
2024-03-09 15:00:00,9.462194,103.473045
2024-03-09 16:00:00,10.133041,102.32456
2024-03-09 17:00:00,11.130872,100.35245
2024-03-09 18:00:00,11.881857,101.23521
2024-03-09 19:00:00,12.289801,102.73087
2024-03-09 20:00:00,12.460719,102.53494
2024-03-09 21:00:00,12.057388,103.32456
2024-03-09 22:00:00,11.682023,99.948654
2024-03-09 23:00:00,11.504396,101.30025
2024-03-10 00:00:00,10.702045,100.78635
2024-03-10 01:00:00,10.881409,94.03626
2024-03-10 02:00:00,11.39049,91.58119
2024-03-10 03:00:00,11.917403,89.013695
2024-03-10 04:00:00,12.538706,84.62769
2024-03-10 05:00:00,13.224759,82.269394
2024-03-10 06:00:00,13.337634,81.79134
2024-03-10 07:00:00,13.47387,82.10342
2024-03-10 08:00:00,13.690533,82.23037
2024-03-10 09:00:00,13.067114,83.03168
2024-03-10 10:00:00,12.416917,76.96967
2024-03-10 11:00:00,11.811942,76.145706
2024-03-10 12:00:00,11.797902,74.50198
2024-03-10 13:00:00,12.19122,69.89323
2024-03-10 14:00:00,12.665808,69.00102
2024-03-10 15:00:00,12.742237,71.51164
2024-03-10 16:00:00,12.0463505,77.380775
2024-03-10 17:00:00,11.692407,81.93787
2024-03-10 18:00:00,11.57785,83.31892
2024-03-10 19:00:00,11.289548,85.841705
2024-03-10 20:00:00,10.997567,89.2538
2024-03-10 21:00:00,10.321823,88.66572
2024-03-10 22:00:00,9.318697,79.458916
2024-03-10 23:00:00,9.305653,73.9317
2024-03-11 00:00:00,8.876619,71.768585
2024-03-11 01:00:00,9.132422,71.15537
2024-03-11 02:00:00,9.240747,73.922775
2024-03-11 03:00:00,8.899021,74.265175
2024-03-11 04:00:00,8.568024,70.19541
2024-03-11 05:00:00,8.485538,62.888916
2024-03-11 06:00:00,8.688885,61.25669
2024-03-11 07:00:00,8.291268,62.74167
2024-03-11 08:00:00,7.352066,58.4541
2024-03-11 09:00:00,6.721433,50.57286
2024-03-11 10:00:00,6.230804,51.148163
2024-03-11 11:00:00,5.6089253,46.756424
2024-03-11 12:00:00,5.499566,35.70656
2024-03-11 13:00:00,5.7614036,38.221573
2024-03-11 14:00:00,5.4818664,42.544388
2024-03-11 15:00:00,5.0626764,45.471405
2024-03-11 16:00:00,4.0040507,42.517746
2024-03-11 17:00:00,3.214368,26.216934
2024-03-11 18:00:00,3.527184,11.8420105
2024-03-11 19:00:00,4.008379,6.3707886
2024-03-11 20:00:00,4.01666,8.520218
2024-03-11 21:00:00,3.580891,14.394745
2024-03-11 22:00:00,2.9146867,17.193298
2024-03-11 23:00:00,1.5720122,355.03894
2024-03-12 00:00:00,1.709043,307.60385
2024-03-12 01:00:00,3.1732082,288.02496
2024-03-12 02:00:00,4.8202443,286.0912
2024-03-12 03:00:00,5.6542525,288.96313
2024-03-12 04:00:00,6.526569,288.4146
2024-03-12 05:00:00,6.5684543,289.70612
2024-03-12 06:00:00,5.8382444,288.80713
2024-03-12 07:00:00,5.7900195,273.54135
2024-03-12 08:00:00,6.783125,262.61917
2024-03-12 09:00:00,7.2429237,260.2098
2024-03-12 10:00:00,6.1233535,256.5581
2024-03-12 11:00:00,5.7689743,248.29578
2024-03-12 12:00:00,6.2525263,240.17772
2024-03-12 13:00:00,6.602031,233.3701
2024-03-12 14:00:00,5.711413,220.47452
2024-03-12 15:00:00,4.8055973,200.02173
2024-03-12 16:00:00,5.104931,176.39093
2024-03-12 17:00:00,6.9235573,160.58533
2024-03-12 18:00:00,8.699709,158.58029
2024-03-12 19:00:00,9.399939,162.66249
2024-03-12 20:00:00,9.832645,167.39502
2024-03-12 21:00:00,9.925549,172.25438
2024-03-12 22:00:00,8.798412,169.93431
2024-03-12 23:00:00,8.311356,175.83286
2024-03-13 00:00:00,7.7530327,185.2396
2024-03-13 01:00:00,6.967466,192.49336
2024-03-13 02:00:00,6.5371814,198.50533
2024-03-13 03:00:00,6.40575,210.1534
2024-03-13 04:00:00,6.6174364,223.28629
2024-03-13 05:00:00,7.0462484,235.12532
2024-03-13 06:00:00,7.336259,238.14551
2024-03-13 07:00:00,8.223103,235.50304
2024-03-13 08:00:00,9.425303,234.11786
2024-03-13 09:00:00,10.133792,231.41257
2024-03-13 10:00:00,10.08141,230.38895
2024-03-13 11:00:00,10.6625595,231.39734
2024-03-13 12:00:00,11.583188,232.60863
2024-03-13 13:00:00,12.107489,231.51805
2024-03-13 14:00:00,12.514797,230.0415
2024-03-13 15:00:00,12.785146,230.15714
2024-03-13 16:00:00,13.350211,229.78726
2024-03-13 17:00:00,13.3538265,227.63171
2024-03-13 18:00:00,13.209463,224.4954
2024-03-13 19:00:00,13.210533,223.68329
2024-03-13 20:00:00,13.053458,224.0032
2024-03-13 21:00:00,12.822158,225.41278
2024-03-13 22:00:00,12.870094,227.1763
2024-03-13 23:00:00,12.310037,229.9478
2024-03-14 00:00:00,12.127462,229.95097
2024-03-14 01:00:00,12.238685,230.8761
2024-03-14 02:00:00,11.8516445,229.6118
2024-03-14 03:00:00,11.357188,224.88763
2024-03-14 04:00:00,11.389789,221.00333
2024-03-14 05:00:00,11.553654,217.76743
2024-03-14 06:00:00,11.636513,215.23953
2024-03-14 07:00:00,11.704931,212.43283
2024-03-14 08:00:00,11.829396,210.52371
2024-03-14 09:00:00,11.24494,209.50719
2024-03-14 10:00:00,10.151545,206.69052
2024-03-14 11:00:00,10.334859,207.94165
2024-03-14 12:00:00,10.319138,208.16252
2024-03-14 13:00:00,10.154001,208.1646
2024-03-14 14:00:00,9.827322,207.29445
2024-03-14 15:00:00,9.240801,204.75182
2024-03-14 16:00:00,8.909332,201.44562
2024-03-14 17:00:00,9.342815,195.70499
2024-03-14 18:00:00,10.13444,191.35126
2024-03-14 19:00:00,10.73794,189.98851
2024-03-14 20:00:00,11.063799,192.4966
2024-03-14 21:00:00,11.162404,198.4113
2024-03-14 22:00:00,11.234176,203.03711
2024-03-14 23:00:00,11.127029,202.42084
2024-03-15 00:00:00,11.532818,205.3719
2024-03-15 01:00:00,11.912602,212.96445
2024-03-15 02:00:00,12.269302,219.23505
2024-03-15 03:00:00,12.389783,220.82655
2024-03-15 04:00:00,12.534023,219.67201
2024-03-15 05:00:00,12.880479,219.77747
2024-03-15 06:00:00,13.239233,221.72867
2024-03-15 07:00:00,13.349108,223.09969
2024-03-15 08:00:00,13.491627,224.02548
2024-03-15 09:00:00,14.376233,224.53467
2024-03-15 10:00:00,13.135762,224.89026
2024-03-15 11:00:00,13.522479,226.56393
2024-03-15 12:00:00,13.605174,224.78046
2024-03-15 13:00:00,13.620658,229.07663
2024-03-15 14:00:00,13.264703,229.76364
2024-03-15 15:00:00,12.792632,230.40404
2024-03-15 16:00:00,13.115319,229.84973
2024-03-15 17:00:00,13.314408,228.5799
2024-03-15 18:00:00,12.958072,226.82939
2024-03-15 19:00:00,13.206277,226.1315
2024-03-15 20:00:00,13.15319,228.10008
2024-03-15 21:00:00,13.036779,230.83278
2024-03-15 22:00:00,11.969544,243.96916
2024-03-15 23:00:00,10.66344,255.38934
2024-03-16 00:00:00,9.213444,273.18195
2024-03-16 01:00:00,9.579153,291.57098
2024-03-16 02:00:00,10.273873,306.46945
2024-03-16 03:00:00,10.789113,319.48328
2024-03-16 04:00:00,10.782478,325.21875
2024-03-16 05:00:00,10.442352,323.832
2024-03-16 06:00:00,10.100333,319.05115
2024-03-16 07:00:00,9.880062,315.14526
2024-03-16 08:00:00,9.65521,313.8424
2024-03-16 09:00:00,9.199493,314.2268
2024-03-16 10:00:00,8.5613365,307.82736
2024-03-16 11:00:00,8.51973,305.08728
2024-03-16 12:00:00,8.23167,303.54486
2024-03-16 13:00:00,7.6298013,301.3746
2024-03-16 14:00:00,7.242442,298.39822
2024-03-16 15:00:00,6.9522,293.2882
2024-03-16 16:00:00,6.6416783,288.14133
2024-03-16 17:00:00,5.988351,287.36215
2024-03-16 18:00:00,5.523455,286.1458
2024-03-16 19:00:00,4.8855095,283.55408
2024-03-16 20:00:00,3.831956,279.71066
2024-03-16 21:00:00,3.2250602,270.82986
2024-03-16 22:00:00,2.2163167,230.52466
2024-03-16 23:00:00,2.4567409,191.48466
2024-03-17 00:00:00,3.496173,179.48717
2024-03-17 01:00:00,4.826829,166.40578
2024-03-17 02:00:00,6.1145406,160.08923
2024-03-17 03:00:00,6.582769,157.6563
2024-03-17 04:00:00,7.0588717,153.58804
2024-03-17 05:00:00,7.5632176,148.55661
2024-03-17 06:00:00,8.156177,143.67012
2024-03-17 07:00:00,8.49122,145.19858
2024-03-17 08:00:00,8.648727,147.43633
2024-03-17 09:00:00,8.873344,150.63762
2024-03-17 10:00:00,8.865528,148.94736
2024-03-17 11:00:00,9.037491,148.53285
2024-03-17 12:00:00,9.308083,146.73991
2024-03-17 13:00:00,9.481684,148.07004
2024-03-17 14:00:00,9.385629,151.00902
2024-03-17 15:00:00,9.272806,152.63945
2024-03-17 16:00:00,9.426403,150.77094
2024-03-17 17:00:00,9.825042,148.35687
2024-03-17 18:00:00,10.422478,146.89456
2024-03-17 19:00:00,11.227558,143.9958
2024-03-17 20:00:00,12.168089,141.85716
2024-03-17 21:00:00,12.272787,144.14726
2024-03-17 22:00:00,11.598911,149.5839
2024-03-17 23:00:00,10.885634,156.04573
2024-03-18 00:00:00,9.584283,167.32306
2024-03-18 01:00:00,8.144354,182.42783
2024-03-18 02:00:00,7.172929,196.47482
2024-03-18 03:00:00,6.8234878,208.05528
2024-03-18 04:00:00,6.836265,218.66296
2024-03-18 05:00:00,6.69826,224.95511
2024-03-18 06:00:00,6.06616,226.29663
2024-03-18 07:00:00,5.606772,225.40314
2024-03-18 08:00:00,5.5674806,229.1363
2024-03-18 09:00:00,5.836562,238.65283
2024-03-18 10:00:00,4.9608707,251.22522
2024-03-18 11:00:00,4.9296536,261.81308
2024-03-18 12:00:00,5.0160713,269.03012
2024-03-18 13:00:00,4.7854514,269.5993
2024-03-18 14:00:00,4.5861154,268.91772
2024-03-18 15:00:00,4.206054,263.6577
2024-03-18 16:00:00,4.028706,255.75763
2024-03-18 17:00:00,4.190325,250.1847
2024-03-18 18:00:00,3.879835,244.73155
2024-03-18 19:00:00,3.6886203,237.58356
2024-03-18 20:00:00,3.6056237,219.1726
2024-03-18 21:00:00,4.264475,202.3022
2024-03-18 22:00:00,6.0911293,197.20193
2024-03-18 23:00:00,6.4968004,200.45366
2024-03-19 00:00:00,6.4816985,192.67163
2024-03-19 01:00:00,7.3713417,189.78117
2024-03-19 02:00:00,8.247647,197.67598
2024-03-19 03:00:00,8.671656,205.12488
2024-03-19 04:00:00,8.679203,208.7721
2024-03-19 05:00:00,8.809595,210.06442
2024-03-19 06:00:00,8.835098,209.15349
2024-03-19 07:00:00,8.982226,207.38763
2024-03-19 08:00:00,9.047097,207.29597
2024-03-19 09:00:00,9.071221,205.16338
2024-03-19 10:00:00,8.610162,200.33878
2024-03-19 11:00:00,8.834923,205.99683
2024-03-19 12:00:00,8.953162,212.92014
2024-03-19 13:00:00,9.272578,223.31062
2024-03-19 14:00:00,9.12325,233.54736
2024-03-19 15:00:00,8.683458,239.4499
2024-03-19 16:00:00,8.137507,243.355
2024-03-19 17:00:00,7.7426615,245.68744
2024-03-19 18:00:00,7.0960712,243.60298
2024-03-19 19:00:00,6.438546,241.58499
2024-03-19 20:00:00,5.9402614,238.43927
2024-03-19 21:00:00,5.6496706,236.38664
2024-03-19 22:00:00,4.5492315,219.88263
2024-03-19 23:00:00,4.462138,216.07646
2024-03-20 00:00:00,4.842808,216.84827
2024-03-20 01:00:00,5.3297496,217.35847
2024-03-20 02:00:00,5.165449,217.93753
2024-03-20 03:00:00,4.939147,217.15009
2024-03-20 04:00:00,4.923769,216.1177
2024-03-20 05:00:00,5.276778,214.21219
2024-03-20 06:00:00,5.5126286,213.14914
2024-03-20 07:00:00,5.5269575,217.00641
2024-03-20 08:00:00,5.358861,220.30905
2024-03-20 09:00:00,5.225877,222.98271
2024-03-20 10:00:00,5.1867476,220.41838
2024-03-20 11:00:00,4.648428,229.874
2024-03-20 12:00:00,4.4907365,236.09338
2024-03-20 13:00:00,4.7064223,239.26807
2024-03-20 14:00:00,4.5807405,243.90973
2024-03-20 15:00:00,4.757799,249.71796
2024-03-20 16:00:00,4.675667,260.21634
2024-03-20 17:00:00,3.9327888,263.36816
2024-03-20 18:00:00,3.8818345,261.41525
2024-03-20 19:00:00,5.2230144,264.9015
2024-03-20 20:00:00,6.452296,271.47653
2024-03-20 21:00:00,6.7218604,274.28864
2024-03-20 22:00:00,6.7965865,273.9435
2024-03-20 23:00:00,7.0124183,281.3192
2024-03-21 00:00:00,7.9281354,294.72464
2024-03-21 01:00:00,9.207213,308.23804
2024-03-21 02:00:00,9.137596,321.69553
2024-03-21 03:00:00,9.456789,334.6325
2024-03-21 04:00:00,9.379381,343.5171
2024-03-21 05:00:00,8.1685295,348.84723
2024-03-21 06:00:00,6.8791122,345.29102
2024-03-21 07:00:00,5.5910277,340.42737
2024-03-21 08:00:00,4.682283,329.47833
2024-03-21 09:00:00,4.510548,311.83743
2024-03-21 10:00:00,4.304022,285.5024
2024-03-21 11:00:00,5.436522,276.65692
2024-03-21 12:00:00,6.018943,269.51965
2024-03-21 13:00:00,5.7638535,255.43542
2024-03-21 14:00:00,6.0318003,241.04108
2024-03-21 15:00:00,7.3781943,233.04501
2024-03-21 16:00:00,8.922018,234.21242
2024-03-21 17:00:00,9.217792,235.0275
2024-03-21 18:00:00,9.46489,231.64236
2024-03-21 19:00:00,9.547664,226.7201
2024-03-21 20:00:00,10.147851,223.23883
2024-03-21 21:00:00,10.699261,224.38672
2024-03-21 22:00:00,11.111597,230.20975
2024-03-21 23:00:00,11.077783,230.08247
2024-03-22 00:00:00,11.336967,230.80954
2024-03-22 01:00:00,11.674754,235.09389
2024-03-22 02:00:00,11.652452,240.76538
2024-03-22 03:00:00,11.28754,243.9683
2024-03-22 04:00:00,11.11517,247.1895
2024-03-22 05:00:00,11.458722,246.99579
2024-03-22 06:00:00,11.966885,249.81984
2024-03-22 07:00:00,11.681,252.89178
2024-03-22 08:00:00,11.501093,258.32693
2024-03-22 09:00:00,11.287837,264.73462
2024-03-22 10:00:00,10.127614,271.67072
2024-03-22 11:00:00,9.584693,274.1148
2024-03-22 12:00:00,9.619554,276.03632
2024-03-22 13:00:00,9.596747,279.5236
2024-03-22 14:00:00,9.93152,285.85083
2024-03-22 15:00:00,9.466017,290.35162
2024-03-22 16:00:00,8.674624,290.86853
2024-03-22 17:00:00,7.8197484,292.2008
2024-03-22 18:00:00,7.2994976,290.40894
2024-03-22 19:00:00,6.6173525,287.45718
2024-03-22 20:00:00,6.3648024,278.84872
2024-03-22 21:00:00,6.3668795,271.60147
2024-03-22 22:00:00,4.798857,271.32812
2024-03-22 23:00:00,5.72961,264.14792
2024-03-23 00:00:00,6.8120227,264.66852
2024-03-23 01:00:00,7.6904254,268.21863
2024-03-23 02:00:00,8.217819,273.49707
2024-03-23 03:00:00,9.199044,275.26074
2024-03-23 04:00:00,10.235649,275.611
2024-03-23 05:00:00,10.7112665,274.5189
2024-03-23 06:00:00,10.896894,273.23837
2024-03-23 07:00:00,11.111261,271.3254
2024-03-23 08:00:00,11.888413,269.97525
2024-03-23 09:00:00,12.360945,266.93738
2024-03-23 10:00:00,14.0321455,267.18365
2024-03-23 11:00:00,14.343014,264.4627
2024-03-23 12:00:00,14.110713,262.94644
2024-03-23 13:00:00,14.195563,262.07413
2024-03-23 14:00:00,14.567103,262.52466
2024-03-23 15:00:00,14.244548,260.98996
2024-03-23 16:00:00,13.350438,261.71014
2024-03-23 17:00:00,12.781034,260.64404
2024-03-23 18:00:00,12.254004,259.854
2024-03-23 19:00:00,11.529665,255.05649
2024-03-23 20:00:00,11.579275,252.16751
2024-03-23 21:00:00,12.180846,252.75903
2024-03-23 22:00:00,13.01041,249.14348
2024-03-23 23:00:00,13.300599,249.31693
2024-03-24 00:00:00,13.21114,260.34427
2024-03-24 01:00:00,12.205329,276.7706
2024-03-24 02:00:00,11.233265,282.15225
2024-03-24 03:00:00,11.642026,283.61975
2024-03-24 04:00:00,11.954491,285.21667
2024-03-24 05:00:00,12.689158,283.74664
2024-03-24 06:00:00,13.848638,282.85077
2024-03-24 07:00:00,15.232988,281.5464
2024-03-24 08:00:00,16.7196,280.88416
2024-03-24 09:00:00,17.239233,284.09357
2024-03-24 10:00:00,16.720415,287.2262
2024-03-24 11:00:00,17.329733,293.08582
2024-03-24 12:00:00,17.563902,297.72208
2024-03-24 13:00:00,17.500591,303.79773
2024-03-24 14:00:00,17.399431,311.3197
2024-03-24 15:00:00,16.602556,315.35007
2024-03-24 16:00:00,15.949677,317.1471
2024-03-24 17:00:00,15.494861,317.50714
2024-03-24 18:00:00,14.565336,316.89108
2024-03-24 19:00:00,13.779674,317.50153
2024-03-24 20:00:00,12.986964,316.56018
2024-03-24 21:00:00,12.557847,314.12262
2024-03-24 22:00:00,11.742368,316.97467
2024-03-24 23:00:00,10.956412,316.23364
2024-03-25 00:00:00,9.984198,314.5984
2024-03-25 01:00:00,8.918468,310.65112
2024-03-25 02:00:00,7.666736,307.49585
2024-03-25 03:00:00,6.8469915,299.92395
2024-03-25 04:00:00,6.6926265,290.83673
2024-03-25 05:00:00,5.9734364,287.55362
2024-03-25 06:00:00,5.217828,283.88724
2024-03-25 07:00:00,4.742886,274.49234
2024-03-25 08:00:00,4.321954,266.9757
2024-03-25 09:00:00,4.017717,261.3195
2024-03-25 10:00:00,3.063023,243.66754
2024-03-25 11:00:00,2.8557358,227.0242
2024-03-25 12:00:00,2.915721,213.98608
2024-03-25 13:00:00,2.482318,210.56087
2024-03-25 14:00:00,1.8604152,198.36397
2024-03-25 15:00:00,1.7021253,141.70934
2024-03-25 16:00:00,3.0674853,112.53045
2024-03-25 17:00:00,4.1194344,106.451454
2024-03-25 18:00:00,5.528066,101.84936
2024-03-25 19:00:00,7.2029033,101.26659
2024-03-25 20:00:00,8.305981,104.375984
2024-03-25 21:00:00,8.868769,108.44499
2024-03-25 22:00:00,8.983427,109.041115
2024-03-25 23:00:00,9.057706,112.21082
2024-03-26 00:00:00,9.057302,115.78599
2024-03-26 01:00:00,8.800112,121.75232
2024-03-26 02:00:00,8.824831,120.38475
2024-03-26 03:00:00,9.28783,118.43181
2024-03-26 04:00:00,9.489403,119.62281
2024-03-26 05:00:00,9.353955,120.994156
2024-03-26 06:00:00,9.315982,122.64331
2024-03-26 07:00:00,9.20861,123.42044
2024-03-26 08:00:00,8.977874,123.973404
2024-03-26 09:00:00,8.805133,125.501236
2024-03-26 10:00:00,7.9025826,134.42996
2024-03-26 11:00:00,6.8218184,142.92966
2024-03-26 12:00:00,6.2871313,146.48003
2024-03-26 13:00:00,6.160866,149.21495
2024-03-26 14:00:00,6.1760855,159.891
2024-03-26 15:00:00,5.2815285,168.04544
2024-03-26 16:00:00,4.4089994,154.41797
2024-03-26 17:00:00,5.377925,141.27452
2024-03-26 18:00:00,6.636335,136.92041
2024-03-26 19:00:00,7.7683883,132.79016
2024-03-26 20:00:00,8.769308,128.70079
2024-03-26 21:00:00,9.645452,127.7752
2024-03-26 22:00:00,9.163794,126.40401
2024-03-26 23:00:00,8.995555,132.61838
2024-03-27 00:00:00,9.302314,146.95927
2024-03-27 01:00:00,9.08539,160.38576
2024-03-27 02:00:00,8.976907,162.11127
2024-03-27 03:00:00,10.104413,161.96796
2024-03-27 04:00:00,10.336046,170.29276
2024-03-27 05:00:00,10.124536,182.42767
2024-03-27 06:00:00,8.303341,199.24619
2024-03-27 07:00:00,7.76241,214.62816
2024-03-27 08:00:00,7.747657,214.45685
2024-03-27 09:00:00,7.645048,213.72102
2024-03-27 10:00:00,8.586954,217.80872
2024-03-27 11:00:00,7.5535054,215.15381
2024-03-27 12:00:00,6.826172,209.45935
2024-03-27 13:00:00,6.148407,201.11641
2024-03-27 14:00:00,6.0656548,196.00893
2024-03-27 15:00:00,6.130345,196.14809
2024-03-27 16:00:00,5.947302,190.02013
2024-03-27 17:00:00,6.078313,170.24544
2024-03-27 18:00:00,7.1164575,158.45715
2024-03-27 19:00:00,7.8530097,156.91275
2024-03-27 20:00:00,8.110309,153.30055
2024-03-27 21:00:00,8.414212,148.862
2024-03-27 22:00:00,8.619525,149.22656
2024-03-27 23:00:00,7.802053,163.54108
2024-03-28 00:00:00,7.148396,172.62846
2024-03-28 01:00:00,6.570897,178.47495
2024-03-28 02:00:00,6.584058,155.24895
2024-03-28 03:00:00,6.9598274,144.78148
2024-03-28 04:00:00,7.674013,141.199
2024-03-28 05:00:00,8.624698,127.64434
2024-03-28 06:00:00,9.723131,127.82391
2024-03-28 07:00:00,10.120987,135.61108
2024-03-28 08:00:00,9.822664,146.3819
2024-03-28 09:00:00,9.511171,167.27638
2024-03-28 10:00:00,8.292662,195.33589
2024-03-28 11:00:00,9.5013275,218.94121
2024-03-28 12:00:00,10.933123,235.56
2024-03-28 13:00:00,11.691863,237.09912
2024-03-28 14:00:00,11.298016,229.62473
2024-03-28 15:00:00,10.686722,221.02933
2024-03-28 16:00:00,10.152135,213.03987
2024-03-28 17:00:00,10.942197,204.99939
2024-03-28 18:00:00,11.13902,192.6961
2024-03-28 19:00:00,11.78611,180.23207
2024-03-28 20:00:00,13.964488,189.74316
2024-03-28 21:00:00,14.885456,196.75542
2024-03-28 22:00:00,15.600562,194.76802
2024-03-28 23:00:00,15.728281,195.31259
2024-03-29 00:00:00,15.330454,195.25171
2024-03-29 01:00:00,15.311222,195.02269
2024-03-29 02:00:00,14.767452,193.76094
2024-03-29 03:00:00,14.778788,195.95773
2024-03-29 04:00:00,14.696043,198.30992
2024-03-29 05:00:00,13.850156,196.23752
2024-03-29 06:00:00,13.215232,192.17928
2024-03-29 07:00:00,12.36188,189.28001
2024-03-29 08:00:00,11.834686,189.21788
2024-03-29 09:00:00,11.472399,193.97475
2024-03-29 10:00:00,10.014794,190.03308
2024-03-29 11:00:00,10.356845,201.52603
2024-03-29 12:00:00,9.086379,205.34155
2024-03-29 13:00:00,8.834081,195.8447
2024-03-29 14:00:00,9.177638,197.28424
2024-03-29 15:00:00,9.130647,201.05917
2024-03-29 16:00:00,8.569218,201.45023
2024-03-29 17:00:00,8.467242,197.17088
2024-03-29 18:00:00,8.346679,193.81735
2024-03-29 19:00:00,7.7550964,188.07458
2024-03-29 20:00:00,8.627015,184.19096
2024-03-29 21:00:00,8.837931,182.46057
2024-03-29 22:00:00,8.93232,189.669
2024-03-29 23:00:00,9.258984,189.72496
2024-03-30 00:00:00,9.129318,189.8366
2024-03-30 01:00:00,9.067232,190.29141
2024-03-30 02:00:00,8.176323,195.13963
2024-03-30 03:00:00,7.0724797,198.32324
2024-03-30 04:00:00,6.2089314,195.72969
2024-03-30 05:00:00,5.384881,191.6847
2024-03-30 06:00:00,3.695689,187.61201
2024-03-30 07:00:00,2.0569186,165.78282
2024-03-30 08:00:00,1.2036074,96.26497
2024-03-30 09:00:00,2.350918,47.90866
2024-03-30 10:00:00,4.7777944,47.157196
2024-03-30 11:00:00,4.229128,38.764633
2024-03-30 12:00:00,3.716066,14.137909
2024-03-30 13:00:00,3.16245,329.95093
2024-03-30 14:00:00,5.575271,291.53247
2024-03-30 15:00:00,7.5533733,282.97433
2024-03-30 16:00:00,6.969637,280.88058
2024-03-30 17:00:00,4.936718,278.90817
2024-03-30 18:00:00,4.0864577,271.45926
2024-03-30 19:00:00,4.529685,273.4466
2024-03-30 20:00:00,3.810181,282.29242
2024-03-30 21:00:00,1.5882539,285.885
2024-03-30 22:00:00,0.866376,324.28387
2024-03-30 23:00:00,0.7308597,25.741196
2024-03-31 00:00:00,1.393385,73.967545
2024-03-31 01:00:00,2.5299308,61.621162
2024-03-31 02:00:00,3.5618148,55.293907
2024-03-31 03:00:00,4.2264667,70.67461
2024-03-31 04:00:00,5.69747,66.285034
2024-03-31 05:00:00,6.88911,65.682724
2024-03-31 06:00:00,7.332785,76.14192
2024-03-31 07:00:00,8.003917,77.03638
2024-03-31 08:00:00,8.527237,75.10427
2024-03-31 09:00:00,8.965105,78.01463
2024-03-31 10:00:00,9.177258,83.938965
2024-03-31 11:00:00,8.534485,84.97779
2024-03-31 12:00:00,8.332099,90.59019
2024-03-31 13:00:00,7.996843,91.556625
2024-03-31 14:00:00,8.143664,92.7312
2024-03-31 15:00:00,8.026614,92.146706
2024-03-31 16:00:00,8.405652,87.45387
2024-03-31 17:00:00,8.46023,88.680435
2024-03-31 18:00:00,9.1414,85.464676
2024-03-31 19:00:00,10.494564,88.14613
2024-03-31 20:00:00,10.320379,98.386406
2024-03-31 21:00:00,9.889861,115.70294
2024-03-31 22:00:00,7.490887,128.40585
2024-03-31 23:00:00,6.542802,143.08759
2024-04-01 00:00:00,6.761723,164.8991
2024-04-01 01:00:00,6.9646344,173.92241
2024-04-01 02:00:00,6.121696,183.42908
2024-04-01 03:00:00,5.8560038,193.24971
2024-04-01 04:00:00,6.080583,196.47708
2024-04-01 05:00:00,5.472941,208.19765
2024-04-01 06:00:00,4.925634,217.77365
2024-04-01 07:00:00,4.766209,225.59671
2024-04-01 08:00:00,4.850424,229.5563
2024-04-01 09:00:00,5.3341227,231.43004
2024-04-01 10:00:00,5.5621657,231.97902
2024-04-01 11:00:00,6.9932947,239.24934
2024-04-01 12:00:00,8.319707,244.34192
2024-04-01 13:00:00,9.610055,245.9761
2024-04-01 14:00:00,10.282772,245.87474
2024-04-01 15:00:00,9.674342,246.19684
2024-04-01 16:00:00,8.879526,248.49521
2024-04-01 17:00:00,8.780613,248.92773
2024-04-01 18:00:00,8.362013,248.38405
2024-04-01 19:00:00,7.7220397,244.2858
2024-04-01 20:00:00,8.061286,236.89087
2024-04-01 21:00:00,8.335022,232.4082
2024-04-01 22:00:00,8.764493,229.76585
2024-04-01 23:00:00,9.681913,236.7837
2024-04-02 00:00:00,9.863529,239.9492
2024-04-02 01:00:00,10.354877,240.14162
2024-04-02 02:00:00,10.895514,242.90747
2024-04-02 03:00:00,10.19857,242.60254
2024-04-02 04:00:00,9.954904,237.00264
2024-04-02 05:00:00,10.351925,231.99448
2024-04-02 06:00:00,10.463948,230.6863
2024-04-02 07:00:00,10.369454,228.30093
2024-04-02 08:00:00,10.711239,226.7753
2024-04-02 09:00:00,11.537684,229.52684
2024-04-02 10:00:00,11.646857,233.21066
2024-04-02 11:00:00,11.118505,230.78389
2024-04-02 12:00:00,10.518853,227.08148
2024-04-02 13:00:00,9.432194,224.47406
2024-04-02 14:00:00,8.713831,228.64458
2024-04-02 15:00:00,8.558631,241.34352
2024-04-02 16:00:00,8.203134,254.2566
2024-04-02 17:00:00,7.9388094,260.70264
2024-04-02 18:00:00,7.325513,261.59955
2024-04-02 19:00:00,7.161488,253.36072
2024-04-02 20:00:00,6.7963324,247.51013
2024-04-02 21:00:00,6.4204955,241.55112
2024-04-02 22:00:00,6.077711,245.7081
2024-04-02 23:00:00,6.1620493,241.00479
2024-04-03 00:00:00,5.844807,236.69579
2024-04-03 01:00:00,5.9769225,230.2186
2024-04-03 02:00:00,5.946601,220.14891
2024-04-03 03:00:00,6.117596,206.59343
2024-04-03 04:00:00,6.458853,191.16829
2024-04-03 05:00:00,7.0769134,177.06758
2024-04-03 06:00:00,8.041975,170.02484
2024-04-03 07:00:00,8.6825285,170.8545
2024-04-03 08:00:00,8.6199465,176.019
2024-04-03 09:00:00,8.52005,180.73412
2024-04-03 10:00:00,7.182701,181.67035
2024-04-03 11:00:00,7.2576423,190.95045
2024-04-03 12:00:00,7.372575,194.66019
2024-04-03 13:00:00,7.619819,190.29576
2024-04-03 14:00:00,8.341477,191.19304
2024-04-03 15:00:00,8.926173,193.54077
2024-04-03 16:00:00,9.41418,201.20122
2024-04-03 17:00:00,10.56782,210.52977
2024-04-03 18:00:00,12.287431,220.53964
2024-04-03 19:00:00,13.288345,223.9479
2024-04-03 20:00:00,13.886202,227.48761
2024-04-03 21:00:00,14.038746,231.64105
2024-04-03 22:00:00,12.972858,233.90417
2024-04-03 23:00:00,12.967578,235.05682
2024-04-04 00:00:00,12.388797,232.16426
2024-04-04 01:00:00,12.190342,225.5057
2024-04-04 02:00:00,11.801033,218.56247
2024-04-04 03:00:00,11.521794,213.1458
2024-04-04 04:00:00,10.363734,203.95773
2024-04-04 05:00:00,9.327897,188.38245
2024-04-04 06:00:00,9.484113,184.174
2024-04-04 07:00:00,10.083427,201.55376
2024-04-04 08:00:00,11.692219,223.85541
2024-04-04 09:00:00,12.891945,230.98505
2024-04-04 10:00:00,12.542625,233.06451
2024-04-04 11:00:00,13.853758,240.68295
2024-04-04 12:00:00,13.181907,249.51343
2024-04-04 13:00:00,12.213001,256.34967
2024-04-04 14:00:00,11.38762,260.17215
2024-04-04 15:00:00,10.470727,261.56445
2024-04-04 16:00:00,8.961011,264.86774
2024-04-04 17:00:00,7.6636076,261.66504
2024-04-04 18:00:00,7.808029,255.09402
2024-04-04 19:00:00,6.7595305,253.57806
2024-04-04 20:00:00,6.029451,245.52255
2024-04-04 21:00:00,6.4299655,234.43318
2024-04-04 22:00:00,8.123258,227.03912
2024-04-04 23:00:00,9.893302,228.07396
2024-04-05 00:00:00,10.871004,228.62213
2024-04-05 01:00:00,11.791947,227.47264
2024-04-05 02:00:00,11.591559,225.66136
2024-04-05 03:00:00,11.055064,217.4409
2024-04-05 04:00:00,11.413811,209.02719
2024-04-05 05:00:00,11.421439,202.22021
2024-04-05 06:00:00,11.223001,194.55399
2024-04-05 07:00:00,11.50392,187.54018
2024-04-05 08:00:00,12.188304,173.93513
2024-04-05 09:00:00,13.956161,174.22015
2024-04-05 10:00:00,15.649725,192.26062
2024-04-05 11:00:00,15.491277,207.05298
2024-04-05 12:00:00,16.135946,222.6169
2024-04-05 13:00:00,15.99769,232.38501
2024-04-05 14:00:00,15.470361,234.81766
2024-04-05 15:00:00,15.189651,234.2971
2024-04-05 16:00:00,15.237882,232.43115
2024-04-05 17:00:00,15.579855,231.98685
2024-04-05 18:00:00,15.04663,233.13715
2024-04-05 19:00:00,14.190147,232.71588
2024-04-05 20:00:00,13.519952,231.22891
2024-04-05 21:00:00,12.7491865,232.14618
2024-04-05 22:00:00,10.949085,232.62415
2024-04-05 23:00:00,10.840086,231.1174
2024-04-06 00:00:00,10.278279,224.06673
2024-04-06 01:00:00,9.477328,217.69962
2024-04-06 02:00:00,8.208623,210.27408
2024-04-06 03:00:00,7.898528,196.89594
2024-04-06 04:00:00,8.605136,186.8255
2024-04-06 05:00:00,9.655555,173.68608
2024-04-06 06:00:00,10.572203,166.99501
2024-04-06 07:00:00,11.474287,163.15106
2024-04-06 08:00:00,12.351163,159.05266
2024-04-06 09:00:00,12.820745,164.39825
2024-04-06 10:00:00,13.5512495,164.29836
2024-04-06 11:00:00,14.178435,170.35786
2024-04-06 12:00:00,14.352615,178.55205
2024-04-06 13:00:00,14.313801,189.47691
2024-04-06 14:00:00,14.624765,200.52405
2024-04-06 15:00:00,13.919878,204.763
2024-04-06 16:00:00,13.337903,207.21912
2024-04-06 17:00:00,12.989551,210.87328
2024-04-06 18:00:00,11.932919,210.74992
2024-04-06 19:00:00,11.7853155,201.01854
2024-04-06 20:00:00,12.012758,197.55392
2024-04-06 21:00:00,12.022748,198.77554
2024-04-06 22:00:00,11.298019,215.81502
2024-04-06 23:00:00,10.716111,220.90521
2024-04-07 00:00:00,11.81469,229.7816
2024-04-07 01:00:00,14.650894,225.6921
2024-04-07 02:00:00,14.577442,213.96916
2024-04-07 03:00:00,16.41158,212.82628
2024-04-07 04:00:00,15.813342,215.4429
2024-04-07 05:00:00,15.195319,225.2314
2024-04-07 06:00:00,14.294992,225.92545
2024-04-07 07:00:00,13.80336,222.16068
2024-04-07 08:00:00,13.673355,219.38737
2024-04-07 09:00:00,14.6500435,220.57652
2024-04-07 10:00:00,13.566259,218.90967
2024-04-07 11:00:00,13.0991955,218.59366
2024-04-07 12:00:00,12.506652,220.09091
2024-04-07 13:00:00,12.45394,220.26913
2024-04-07 14:00:00,11.570007,217.87065
2024-04-07 15:00:00,10.50108,215.21957
2024-04-07 16:00:00,9.83178,217.04504
2024-04-07 17:00:00,9.57994,220.91835
2024-04-07 18:00:00,9.148469,221.15253
2024-04-07 19:00:00,9.40775,225.51973
2024-04-07 20:00:00,9.435802,226.55832
2024-04-07 21:00:00,8.622036,222.79335
2024-04-07 22:00:00,7.1201425,234.22192
2024-04-07 23:00:00,6.48297,228.76006
2024-04-08 00:00:00,6.6850324,218.1182
2024-04-08 01:00:00,6.8715463,213.95122
2024-04-08 02:00:00,6.710241,203.82452
2024-04-08 03:00:00,6.358214,188.09418
2024-04-08 04:00:00,6.4043303,191.37498
2024-04-08 05:00:00,6.0368905,194.66513
2024-04-08 06:00:00,5.691643,188.99284
2024-04-08 07:00:00,5.86621,199.06413
2024-04-08 08:00:00,4.298313,192.47293
2024-04-08 09:00:00,3.707918,183.45508
2024-04-08 10:00:00,2.8254294,172.31369
2024-04-08 11:00:00,2.8269527,173.5232
2024-04-08 12:00:00,3.4426882,172.00848
2024-04-08 13:00:00,4.138046,171.2403
2024-04-08 14:00:00,3.7422538,158.58507
2024-04-08 15:00:00,3.757522,137.48674
2024-04-08 16:00:00,4.0832415,123.83453
2024-04-08 17:00:00,5.002015,114.4265
2024-04-08 18:00:00,6.3718443,113.88713
2024-04-08 19:00:00,7.4939456,113.299774
2024-04-08 20:00:00,8.488033,108.9097
2024-04-08 21:00:00,9.597783,110.7851
2024-04-08 22:00:00,8.57411,122.08496
2024-04-08 23:00:00,8.168148,134.54408
2024-04-09 00:00:00,9.220819,158.4082
2024-04-09 01:00:00,9.4695425,184.49846
2024-04-09 02:00:00,10.633784,210.23047
2024-04-09 03:00:00,11.492344,223.64563
2024-04-09 04:00:00,10.690721,230.04744
2024-04-09 05:00:00,11.627641,228.16068
2024-04-09 06:00:00,11.038769,223.89449
2024-04-09 07:00:00,11.272733,216.21536
2024-04-09 08:00:00,12.657703,212.23784
2024-04-09 09:00:00,13.3379755,207.68323
2024-04-09 10:00:00,14.574526,207.2075
2024-04-09 11:00:00,15.772769,205.2712
2024-04-09 12:00:00,17.13661,201.62354
2024-04-09 13:00:00,16.840565,203.57928
2024-04-09 14:00:00,18.102451,213.66026
2024-04-09 15:00:00,17.783806,220.04825
2024-04-09 16:00:00,17.290548,223.6672
2024-04-09 17:00:00,17.385273,231.73538
2024-04-09 18:00:00,16.567404,240.63492
2024-04-09 19:00:00,16.095087,244.9703
2024-04-09 20:00:00,15.6668415,252.67108
2024-04-09 21:00:00,14.652615,262.13306
2024-04-09 22:00:00,13.213731,269.0702
2024-04-09 23:00:00,13.56043,271.70667
2024-04-10 00:00:00,12.755252,278.37955
2024-04-10 01:00:00,11.816128,281.15375
2024-04-10 02:00:00,11.697331,282.1993
2024-04-10 03:00:00,11.503853,284.71625
2024-04-10 04:00:00,10.413044,284.1155
2024-04-10 05:00:00,9.824196,284.36844
2024-04-10 06:00:00,8.827979,284.545
2024-04-10 07:00:00,7.099,279.03
2024-04-10 08:00:00,6.518082,270.33167
2024-04-10 09:00:00,6.7116265,258.44843
2024-04-10 10:00:00,8.010418,246.0752
2024-04-10 11:00:00,8.566363,242.5455
2024-04-10 12:00:00,9.1268,240.11368
2024-04-10 13:00:00,9.227776,240.03035
2024-04-10 14:00:00,9.192916,236.25645
2024-04-10 15:00:00,9.302007,231.21092
2024-04-10 16:00:00,9.317038,225.59717
2024-04-10 17:00:00,9.36589,219.50589
2024-04-10 18:00:00,10.279007,212.6404
2024-04-10 19:00:00,11.012386,210.55746
2024-04-10 20:00:00,11.627238,209.46278
2024-04-10 21:00:00,12.218519,205.19104
2024-04-10 22:00:00,14.626296,204.88597
2024-04-10 23:00:00,14.927849,210.72093
2024-04-11 00:00:00,14.961296,215.19678
2024-04-11 01:00:00,15.354384,218.35577
2024-04-11 02:00:00,15.316752,219.56834
2024-04-11 03:00:00,14.710394,220.1142
2024-04-11 04:00:00,14.292126,220.35208
2024-04-11 05:00:00,13.707336,223.57512
2024-04-11 06:00:00,13.083808,227.2392
2024-04-11 07:00:00,12.514188,232.09929
2024-04-11 08:00:00,11.906266,236.94449
2024-04-11 09:00:00,11.307067,241.09683
2024-04-11 10:00:00,10.255243,239.6374
2024-04-11 11:00:00,10.051507,243.55472
2024-04-11 12:00:00,9.523302,250.05989
2024-04-11 13:00:00,8.518651,248.92662
2024-04-11 14:00:00,8.586503,244.13223
2024-04-11 15:00:00,8.755304,245.2085
2024-04-11 16:00:00,8.10042,243.9208
2024-04-11 17:00:00,7.5420456,239.0606
2024-04-11 18:00:00,7.5579123,232.35602
2024-04-11 19:00:00,7.717287,224.84537
2024-04-11 20:00:00,7.7927694,219.93872
2024-04-11 21:00:00,8.228319,216.62894
2024-04-11 22:00:00,8.770398,213.25668
2024-04-11 23:00:00,9.175363,213.74103
2024-04-12 00:00:00,9.6550045,213.8765
2024-04-12 01:00:00,10.074482,211.15149
2024-04-12 02:00:00,10.996358,215.92345
2024-04-12 03:00:00,11.08262,215.43297
2024-04-12 04:00:00,11.563551,217.68646
2024-04-12 05:00:00,11.845167,221.39453
2024-04-12 06:00:00,12.183027,221.88979
2024-04-12 07:00:00,12.531045,224.77777
2024-04-12 08:00:00,13.218788,232.6623
2024-04-12 09:00:00,12.648294,237.02013
2024-04-12 10:00:00,11.714321,238.67105
2024-04-12 11:00:00,11.73459,240.32208
2024-04-12 12:00:00,11.467601,242.52402
2024-04-12 13:00:00,11.000355,244.11945
2024-04-12 14:00:00,10.383236,242.71643
2024-04-12 15:00:00,9.848906,241.69878
2024-04-12 16:00:00,9.103674,238.70403
2024-04-12 17:00:00,9.359889,236.39372
2024-04-12 18:00:00,9.727088,235.78983
2024-04-12 19:00:00,9.988179,234.95177
2024-04-12 20:00:00,10.82688,234.41606
2024-04-12 21:00:00,12.007942,235.63687
2024-04-12 22:00:00,13.447641,236.17564
2024-04-12 23:00:00,13.692743,239.4412
2024-04-13 00:00:00,13.291783,242.4404
2024-04-13 01:00:00,12.595775,244.66257
2024-04-13 02:00:00,11.988841,246.33878
2024-04-13 03:00:00,11.398905,249.65979
2024-04-13 04:00:00,10.66387,250.20218
2024-04-13 05:00:00,9.810378,248.07669
2024-04-13 06:00:00,9.082068,243.18912
2024-04-13 07:00:00,8.83947,238.8472
2024-04-13 08:00:00,8.278796,232.16231
2024-04-13 09:00:00,8.347064,228.08466
2024-04-13 10:00:00,8.175575,219.09442
2024-04-13 11:00:00,9.158427,220.2374
2024-04-13 12:00:00,9.445212,223.44014
2024-04-13 13:00:00,10.239122,225.8598
2024-04-13 14:00:00,11.395509,227.73889
2024-04-13 15:00:00,12.625894,231.35245
2024-04-13 16:00:00,13.414767,234.46234
2024-04-13 17:00:00,13.933494,237.5296
2024-04-13 18:00:00,13.8706875,239.6761
2024-04-13 19:00:00,13.734355,244.41481
2024-04-13 20:00:00,13.132646,251.54698
2024-04-13 21:00:00,12.407139,260.9244
2024-04-13 22:00:00,11.948236,280.9045
2024-04-13 23:00:00,11.97131,295.26434
2024-04-14 00:00:00,11.155512,302.63052
2024-04-14 01:00:00,10.392501,303.51566
2024-04-14 02:00:00,9.633569,302.13147
2024-04-14 03:00:00,9.231347,298.95758
2024-04-14 04:00:00,9.081778,294.9107
2024-04-14 05:00:00,9.008195,289.91705
2024-04-14 06:00:00,8.92423,285.15915
2024-04-14 07:00:00,9.129605,281.62518
2024-04-14 08:00:00,9.460853,278.3129
2024-04-14 09:00:00,9.821923,275.59988
2024-04-14 10:00:00,9.491092,269.89627
2024-04-14 11:00:00,9.634711,269.97998
2024-04-14 12:00:00,9.717687,271.11575
2024-04-14 13:00:00,9.384886,274.87292
2024-04-14 14:00:00,8.571641,279.30804
2024-04-14 15:00:00,7.588487,282.69812
2024-04-14 16:00:00,6.272478,280.9372
2024-04-14 17:00:00,5.1967816,275.8417
2024-04-14 18:00:00,4.319601,269.3172
2024-04-14 19:00:00,3.340812,260.24283
2024-04-14 20:00:00,2.7980435,247.95235
2024-04-14 21:00:00,3.2203584,235.2484
2024-04-14 22:00:00,3.9164941,227.57045
2024-04-14 23:00:00,5.175857,211.39235
2024-04-15 00:00:00,6.740344,201.48924
2024-04-15 01:00:00,8.122931,202.72508
2024-04-15 02:00:00,8.487761,212.0713
2024-04-15 03:00:00,8.6730795,229.59543
2024-04-15 04:00:00,8.617654,242.61641
2024-04-15 05:00:00,8.521046,235.66675
2024-04-15 06:00:00,10.121922,225.69838
2024-04-15 07:00:00,12.746138,224.5093
2024-04-15 08:00:00,13.395336,217.90784
2024-04-15 09:00:00,14.735318,211.564
2024-04-15 10:00:00,15.4348135,206.48572
2024-04-15 11:00:00,16.528528,202.86151
2024-04-15 12:00:00,17.981373,218.14648
2024-04-15 13:00:00,13.731565,251.88194
2024-04-15 14:00:00,13.488827,266.88788
2024-04-15 15:00:00,15.073067,274.4898
2024-04-15 16:00:00,15.903086,277.12323
2024-04-15 17:00:00,15.4444275,277.0448
2024-04-15 18:00:00,15.185634,276.3761
2024-04-15 19:00:00,14.930324,274.99548
2024-04-15 20:00:00,15.201243,275.06613
2024-04-15 21:00:00,14.73777,276.19846
2024-04-15 22:00:00,14.598503,273.85583
2024-04-15 23:00:00,14.979226,271.34348
2024-04-16 00:00:00,15.29129,270.5524
2024-04-16 01:00:00,14.644883,271.14716
2024-04-16 02:00:00,13.405234,269.15775
2024-04-16 03:00:00,12.395229,269.5702
2024-04-16 04:00:00,10.105591,286.11343
2024-04-16 05:00:00,10.421755,314.43756
2024-04-16 06:00:00,11.643984,326.40265
2024-04-16 07:00:00,12.437414,332.37802
2024-04-16 08:00:00,12.356067,338.88605
2024-04-16 09:00:00,11.942702,346.84116
2024-04-16 10:00:00,10.119011,3.5233612
2024-04-16 11:00:00,9.41367,0.13041687
2024-04-16 12:00:00,10.159456,0.42155457
2024-04-16 13:00:00,11.075075,5.2530212
2024-04-16 14:00:00,11.06971,6.3566895
2024-04-16 15:00:00,11.249495,3.0538635
2024-04-16 16:00:00,11.704921,359.06183
2024-04-16 17:00:00,12.054949,357.61285
2024-04-16 18:00:00,11.779279,358.3427
2024-04-16 19:00:00,10.829528,356.46964
2024-04-16 20:00:00,9.961366,353.57736
2024-04-16 21:00:00,8.91924,350.64633
2024-04-16 22:00:00,7.9607754,337.2926
2024-04-16 23:00:00,7.6359143,333.9305
2024-04-17 00:00:00,8.050968,331.12326
2024-04-17 01:00:00,8.9148035,332.55035
2024-04-17 02:00:00,9.333639,335.92273
2024-04-17 03:00:00,9.588265,336.07202
2024-04-17 04:00:00,9.269541,334.82324
2024-04-17 05:00:00,8.904785,333.0475
2024-04-17 06:00:00,8.296312,331.07162
2024-04-17 07:00:00,7.0219483,330.26154
2024-04-17 08:00:00,5.450687,327.5061
2024-04-17 09:00:00,4.0178995,322.78577
2024-04-17 10:00:00,4.5282774,303.3449
2024-04-17 11:00:00,4.2846475,297.3608
2024-04-17 12:00:00,3.9483624,306.42184
2024-04-17 13:00:00,3.8738294,313.8904
2024-04-17 14:00:00,3.7367506,319.93155
2024-04-17 15:00:00,3.649767,323.86328
2024-04-17 16:00:00,3.638924,327.2925
2024-04-17 17:00:00,3.7584672,336.8999
2024-04-17 18:00:00,4.3351088,348.32315
2024-04-17 19:00:00,4.952504,9.962997
2024-04-17 20:00:00,5.240895,28.246826
2024-04-17 21:00:00,5.495819,35.688766
2024-04-17 22:00:00,6.397985,34.560562
2024-04-17 23:00:00,6.698581,27.472946
2024-04-18 00:00:00,6.86451,20.898209
2024-04-18 01:00:00,6.7324805,19.469574
2024-04-18 02:00:00,6.468681,13.960724
2024-04-18 03:00:00,6.5439663,4.235016
2024-04-18 04:00:00,6.5812154,356.43158
2024-04-18 05:00:00,6.5249143,349.3775
2024-04-18 06:00:00,6.4723926,343.3239
2024-04-18 07:00:00,6.829194,337.28333
2024-04-18 08:00:00,7.6268563,334.3242
2024-04-18 09:00:00,7.476034,331.8025
2024-04-18 10:00:00,6.09371,321.81836
2024-04-18 11:00:00,6.4634814,313.19543
2024-04-18 12:00:00,6.9906945,306.62338
2024-04-18 13:00:00,7.470633,302.101
2024-04-18 14:00:00,7.226872,296.28262
2024-04-18 15:00:00,7.88515,286.80225
2024-04-18 16:00:00,8.665926,281.1836
2024-04-18 17:00:00,9.476556,274.0984
2024-04-18 18:00:00,9.890922,269.75992
2024-04-18 19:00:00,9.518255,261.34705
2024-04-18 20:00:00,10.053769,251.60007
2024-04-18 21:00:00,11.805874,247.80908
2024-04-18 22:00:00,13.657642,244.99542
2024-04-18 23:00:00,14.55622,250.65163
2024-04-19 00:00:00,14.177234,252.64374
2024-04-19 01:00:00,15.095657,258.73624
2024-04-19 02:00:00,14.431776,277.29398
2024-04-19 03:00:00,12.713477,299.26663
2024-04-19 04:00:00,11.715675,310.69263
2024-04-19 05:00:00,11.035857,312.39545
2024-04-19 06:00:00,10.414278,309.828
2024-04-19 07:00:00,10.266379,308.16937
2024-04-19 08:00:00,10.510292,310.01062
2024-04-19 09:00:00,11.351376,314.48584
2024-04-19 10:00:00,12.068686,318.31482
2024-04-19 11:00:00,14.619349,323.48425
2024-04-19 12:00:00,15.753683,325.0066
2024-04-19 13:00:00,16.236275,325.1731
2024-04-19 14:00:00,17.271372,327.6344
2024-04-19 15:00:00,17.335535,330.41193
2024-04-19 16:00:00,16.941252,334.23474
2024-04-19 17:00:00,15.956813,338.07043
2024-04-19 18:00:00,15.371998,340.5733
2024-04-19 19:00:00,14.82452,341.60153
2024-04-19 20:00:00,14.55081,343.16867
2024-04-19 21:00:00,14.074933,344.08807
2024-04-19 22:00:00,13.254584,350.7482
2024-04-19 23:00:00,12.471798,349.2857
2024-04-20 00:00:00,12.102007,347.05017
2024-04-20 01:00:00,12.109501,346.47214
2024-04-20 02:00:00,12.236286,347.3578
2024-04-20 03:00:00,11.953213,348.53156
2024-04-20 04:00:00,11.630016,348.41943
2024-04-20 05:00:00,11.44746,346.12848
2024-04-20 06:00:00,11.5913515,343.85693
2024-04-20 07:00:00,11.381359,340.13162
2024-04-20 08:00:00,11.120422,336.00043
2024-04-20 09:00:00,10.947046,331.78363
2024-04-20 10:00:00,9.724743,322.17786
2024-04-20 11:00:00,9.922344,320.99066
2024-04-20 12:00:00,10.411474,324.79767
2024-04-20 13:00:00,11.216749,331.8431
2024-04-20 14:00:00,12.812913,342.59824
2024-04-20 15:00:00,13.824758,349.47107
2024-04-20 16:00:00,14.329772,352.0249
2024-04-20 17:00:00,14.859299,350.5654
2024-04-20 18:00:00,14.254257,348.77698
2024-04-20 19:00:00,12.549301,346.72635
2024-04-20 20:00:00,12.018359,345.98605
2024-04-20 21:00:00,12.246432,347.18896
2024-04-20 22:00:00,12.869196,337.86505
2024-04-20 23:00:00,14.248989,338.49432
2024-04-21 00:00:00,14.363623,337.91876
2024-04-21 01:00:00,13.584122,341.78802
2024-04-21 02:00:00,12.673959,3.6330566
2024-04-21 03:00:00,11.377937,28.271835
2024-04-21 04:00:00,10.563699,41.687668
2024-04-21 05:00:00,9.810219,44.984177
2024-04-21 06:00:00,9.603468,45.082214
2024-04-21 07:00:00,9.781993,48.618927
2024-04-21 08:00:00,9.332582,52.83113
2024-04-21 09:00:00,8.359174,54.580482
2024-04-21 10:00:00,6.075984,52.873016
2024-04-21 11:00:00,5.929028,40.8983
2024-04-21 12:00:00,6.7270236,29.703262
2024-04-21 13:00:00,7.823433,26.268188
2024-04-21 14:00:00,8.556647,25.965073
2024-04-21 15:00:00,9.436861,27.641312
2024-04-21 16:00:00,9.958862,29.74942
2024-04-21 17:00:00,10.281604,31.093063
2024-04-21 18:00:00,10.1844635,33.50392
2024-04-21 19:00:00,9.598751,34.29303
2024-04-21 20:00:00,8.705655,32.347473
2024-04-21 21:00:00,8.03415,29.323532
2024-04-21 22:00:00,7.292171,23.850433
2024-04-21 23:00:00,6.820345,22.019638
2024-04-22 00:00:00,6.829191,20.472351
2024-04-22 01:00:00,6.759206,19.416306
2024-04-22 02:00:00,6.3506083,18.066025
2024-04-22 03:00:00,6.454451,12.548065
2024-04-22 04:00:00,6.743905,7.7033234
2024-04-22 05:00:00,7.4198527,9.859665
2024-04-22 06:00:00,7.485777,19.939667
2024-04-22 07:00:00,7.6767235,30.763153
2024-04-22 08:00:00,7.746191,37.580063
2024-04-22 09:00:00,7.567961,40.425125
2024-04-22 10:00:00,7.1372476,39.506073
2024-04-22 11:00:00,7.5528665,34.6532
2024-04-22 12:00:00,7.9298615,32.58049
2024-04-22 13:00:00,8.373937,30.702179
2024-04-22 14:00:00,8.709182,30.155212
2024-04-22 15:00:00,8.826858,30.873322
2024-04-22 16:00:00,9.260908,31.077332
2024-04-22 17:00:00,9.568983,31.573761
2024-04-22 18:00:00,9.426338,33.237305
2024-04-22 19:00:00,9.01488,36.270554
2024-04-22 20:00:00,8.177792,42.091003
2024-04-22 21:00:00,7.041391,48.607864
2024-04-22 22:00:00,6.5316987,48.493774
2024-04-22 23:00:00,5.6900268,50.5139
2024-04-23 00:00:00,4.846978,52.04399
2024-04-23 01:00:00,3.6656473,54.945175
2024-04-23 02:00:00,2.7959898,54.498123
2024-04-23 03:00:00,2.4693613,47.749435
2024-04-23 04:00:00,1.7090888,54.37101
2024-04-23 05:00:00,0.8036333,52.63053
2024-04-23 06:00:00,0.29688057,29.0233
2024-04-23 07:00:00,0.6538839,249.44995
2024-04-23 08:00:00,1.4272997,249.75995
2024-04-23 09:00:00,2.3742092,263.20892
2024-04-23 10:00:00,2.8668716,271.62146
2024-04-23 11:00:00,4.6826954,261.1273
2024-04-23 12:00:00,6.265644,261.1698
2024-04-23 13:00:00,8.024476,258.69354
2024-04-23 14:00:00,9.5620775,257.71906
2024-04-23 15:00:00,9.506657,263.39844
2024-04-23 16:00:00,8.238085,293.56693
2024-04-23 17:00:00,10.039387,327.11816
2024-04-23 18:00:00,11.207608,336.11487
2024-04-23 19:00:00,10.954588,335.2454
2024-04-23 20:00:00,10.240079,332.0998
2024-04-23 21:00:00,10.31056,330.55536
2024-04-23 22:00:00,9.538999,329.72067
2024-04-23 23:00:00,10.660531,327.08173
2024-04-24 00:00:00,11.157337,323.81747
2024-04-24 01:00:00,11.805881,323.05786
2024-04-24 02:00:00,12.548238,325.95566
2024-04-24 03:00:00,12.669697,328.60004
2024-04-24 04:00:00,12.527744,330.317
2024-04-24 05:00:00,11.982758,330.79205
2024-04-24 06:00:00,11.5601225,330.5293
2024-04-24 07:00:00,11.237098,330.7074
2024-04-24 08:00:00,11.376147,331.6483
2024-04-24 09:00:00,12.113536,332.7276
2024-04-24 10:00:00,12.42809,333.7255
2024-04-24 11:00:00,12.715308,332.7627
2024-04-24 12:00:00,12.947691,334.58392
2024-04-24 13:00:00,12.819621,337.99622
2024-04-24 14:00:00,12.707697,341.3838
2024-04-24 15:00:00,12.334613,343.89035
2024-04-24 16:00:00,12.034451,345.97858
2024-04-24 17:00:00,11.554188,347.72726
2024-04-24 18:00:00,11.137042,348.89984
2024-04-24 19:00:00,10.36621,348.15015
2024-04-24 20:00:00,9.798109,346.48816
2024-04-24 21:00:00,9.424869,343.40582
2024-04-24 22:00:00,9.597315,336.38007
2024-04-24 23:00:00,8.902812,329.00867
2024-04-25 00:00:00,8.700856,327.22748
2024-04-25 01:00:00,8.046348,325.40527
2024-04-25 02:00:00,7.379575,321.4001
2024-04-25 03:00:00,6.721351,316.86243
2024-04-25 04:00:00,5.8658566,311.5392
2024-04-25 05:00:00,4.934403,297.7925
2024-04-25 06:00:00,4.6521716,280.49432
2024-04-25 07:00:00,4.8737993,265.02362
2024-04-25 08:00:00,5.453043,254.12234
2024-04-25 09:00:00,6.008401,242.24207
2024-04-25 10:00:00,7.796036,244.12389
2024-04-25 11:00:00,7.5287046,238.23778
2024-04-25 12:00:00,7.645544,229.13086
2024-04-25 13:00:00,8.258049,222.76187
2024-04-25 14:00:00,8.889752,220.75197
2024-04-25 15:00:00,8.85133,217.29979
2024-04-25 16:00:00,8.857706,212.94046
2024-04-25 17:00:00,9.17123,217.84602
2024-04-25 18:00:00,7.947072,224.52057
2024-04-25 19:00:00,6.619409,231.56914
2024-04-25 20:00:00,6.020563,243.66463
2024-04-25 21:00:00,5.8210287,254.51607
2024-04-25 22:00:00,5.92523,256.4776
2024-04-25 23:00:00,5.928484,258.6288
2024-04-26 00:00:00,5.9772067,250.40485
2024-04-26 01:00:00,6.2436056,244.88974
2024-04-26 02:00:00,6.6202555,245.20474
2024-04-26 03:00:00,6.6937237,246.83868
2024-04-26 04:00:00,6.481015,247.26805
2024-04-26 05:00:00,6.0550766,250.14548
2024-04-26 06:00:00,5.6645136,257.65137
2024-04-26 07:00:00,5.753451,268.5152
2024-04-26 08:00:00,5.667694,277.02478
2024-04-26 09:00:00,5.345886,279.6028
2024-04-26 10:00:00,5.5340414,286.11102
2024-04-26 11:00:00,5.1361938,289.137
2024-04-26 12:00:00,4.5339193,288.12616
2024-04-26 13:00:00,4.1534534,278.4644
2024-04-26 14:00:00,3.9325678,273.31094
2024-04-26 15:00:00,3.750098,273.94196
2024-04-26 16:00:00,3.3379226,277.94965
2024-04-26 17:00:00,3.0306156,285.58926
2024-04-26 18:00:00,2.6647267,298.14578
2024-04-26 19:00:00,2.153424,320.25778
2024-04-26 20:00:00,1.3009688,353.1733
2024-04-26 21:00:00,1.0559491,58.159294
2024-04-26 22:00:00,1.6041985,64.52637
2024-04-26 23:00:00,2.4292433,79.65487
2024-04-27 00:00:00,3.3608243,96.1619
2024-04-27 01:00:00,4.1191683,92.71683
2024-04-27 02:00:00,5.1182656,80.9633
2024-04-27 03:00:00,6.036882,77.54267
2024-04-27 04:00:00,6.697643,80.72347
2024-04-27 05:00:00,6.850662,84.52735
2024-04-27 06:00:00,6.5823307,85.6181
2024-04-27 07:00:00,6.3136864,89.25362
2024-04-27 08:00:00,6.103029,99.380646
2024-04-27 09:00:00,6.4108477,119.23361
2024-04-27 10:00:00,4.3647723,124.803406
2024-04-27 11:00:00,4.9961686,139.23285
2024-04-27 12:00:00,5.466289,160.98131
2024-04-27 13:00:00,5.8586583,180.23114
2024-04-27 14:00:00,5.6340213,190.8985
2024-04-27 15:00:00,5.1153903,204.88554
2024-04-27 16:00:00,3.1310375,211.05989
2024-04-27 17:00:00,1.1303583,172.51701
2024-04-27 18:00:00,2.0153804,89.80263
2024-04-27 19:00:00,3.483645,86.714455
2024-04-27 20:00:00,5.1353316,84.55359
2024-04-27 21:00:00,6.931069,85.226715
2024-04-27 22:00:00,10.109173,99.65348
2024-04-27 23:00:00,10.291087,133.50403
2024-04-28 00:00:00,11.439724,158.28207
2024-04-28 01:00:00,11.326838,158.99483
2024-04-28 02:00:00,10.697961,150.29254
2024-04-28 03:00:00,10.73009,144.49326
2024-04-28 04:00:00,12.179655,142.52762
2024-04-28 05:00:00,13.176672,147.34558
2024-04-28 06:00:00,12.429511,156.7279
2024-04-28 07:00:00,11.842092,169.01236
2024-04-28 08:00:00,11.984336,182.46075
2024-04-28 09:00:00,12.067524,192.71791
2024-04-28 10:00:00,11.26695,193.25195
2024-04-28 11:00:00,12.690549,193.1895
2024-04-28 12:00:00,13.611187,193.73639
2024-04-28 13:00:00,14.975729,196.684
2024-04-28 14:00:00,15.593992,201.92857
2024-04-28 15:00:00,16.488064,208.25148
2024-04-28 16:00:00,17.13205,214.807
2024-04-28 17:00:00,16.26297,223.66595
2024-04-28 18:00:00,14.413277,230.63748
2024-04-28 19:00:00,12.292965,230.29546
2024-04-28 20:00:00,10.98255,224.95305
2024-04-28 21:00:00,10.234325,220.55649
2024-04-28 22:00:00,9.333207,221.58412
2024-04-28 23:00:00,9.2865305,218.45267
2024-04-29 00:00:00,8.93103,216.7508
2024-04-29 01:00:00,8.597341,213.15527
2024-04-29 02:00:00,7.948582,206.74396
2024-04-29 03:00:00,8.214498,198.3684
2024-04-29 04:00:00,8.547649,194.1246
2024-04-29 05:00:00,8.214738,192.4889
2024-04-29 06:00:00,8.00135,188.77812
2024-04-29 07:00:00,7.4796286,185.25816
2024-04-29 08:00:00,6.8898954,186.49446
2024-04-29 09:00:00,6.7562566,187.9098
2024-04-29 10:00:00,6.0346828,185.6515
2024-04-29 11:00:00,6.2452745,191.74405
2024-04-29 12:00:00,6.043567,193.86917
2024-04-29 13:00:00,5.726968,194.54034
2024-04-29 14:00:00,5.4272723,193.03563
2024-04-29 15:00:00,5.2425237,188.0536
2024-04-29 16:00:00,4.5819297,175.971
2024-04-29 17:00:00,4.528251,162.7111
2024-04-29 18:00:00,4.5978737,157.59906
2024-04-29 19:00:00,4.5833035,155.125
2024-04-29 20:00:00,4.681761,148.19832
2024-04-29 21:00:00,5.1174397,138.20506
2024-04-29 22:00:00,4.476811,131.14201
2024-04-29 23:00:00,4.224228,127.91235
2024-04-30 00:00:00,4.5392394,127.67554
2024-04-30 01:00:00,5.321771,141.53487
2024-04-30 02:00:00,6.270221,152.14378
2024-04-30 03:00:00,7.0640283,157.94824
2024-04-30 04:00:00,7.329842,162.3674
2024-04-30 05:00:00,7.257825,161.92421
2024-04-30 06:00:00,7.34449,160.06343
2024-04-30 07:00:00,7.091863,154.25668
2024-04-30 08:00:00,6.722341,154.70988
2024-04-30 09:00:00,6.8340764,153.00806
2024-04-30 10:00:00,5.279703,138.77887
2024-04-30 11:00:00,5.9239106,145.06439
2024-04-30 12:00:00,5.879952,148.45396
2024-04-30 13:00:00,4.7775617,154.72804
2024-04-30 14:00:00,4.1466107,139.82701
2024-04-30 15:00:00,3.4517577,139.46259
2024-04-30 16:00:00,3.0987513,127.60488
2024-04-30 17:00:00,3.4176822,102.333954
2024-04-30 18:00:00,4.81723,83.75465
2024-04-30 19:00:00,6.7998986,79.69485
2024-04-30 20:00:00,7.7554917,79.226234
2024-04-30 21:00:00,7.7736344,80.29863
2024-04-30 22:00:00,7.417671,87.06272
2024-04-30 23:00:00,6.7517114,88.24714
2024-05-01 00:00:00,5.8058257,85.028824
2024-05-01 01:00:00,4.4111047,73.79611
2024-05-01 02:00:00,3.785398,56.010178
2024-05-01 03:00:00,3.6648998,56.757988
2024-05-01 04:00:00,3.9018817,69.08937
2024-05-01 05:00:00,4.082722,67.98535
2024-05-01 06:00:00,4.0820646,46.207962
2024-05-01 07:00:00,3.6477535,32.051193
2024-05-01 08:00:00,3.706462,35.410004
2024-05-01 09:00:00,4.651952,46.415695
2024-05-01 10:00:00,5.2629147,29.2677
2024-05-01 11:00:00,5.7700567,36.415558
2024-05-01 12:00:00,5.7934494,38.710526
2024-05-01 13:00:00,5.9752245,39.155884
2024-05-01 14:00:00,6.8133535,38.6317
2024-05-01 15:00:00,8.128727,41.054337
2024-05-01 16:00:00,9.280595,47.64943
2024-05-01 17:00:00,10.068462,57.391968
2024-05-01 18:00:00,9.964259,66.4192
2024-05-01 19:00:00,9.589559,70.42021
2024-05-01 20:00:00,9.627714,72.036224
2024-05-01 21:00:00,10.045745,72.91436
2024-05-01 22:00:00,10.504949,77.6144
2024-05-01 23:00:00,10.650583,78.23862
2024-05-02 00:00:00,11.025095,81.55569
2024-05-02 01:00:00,10.847756,86.3259
2024-05-02 02:00:00,10.601336,86.73953
2024-05-02 03:00:00,10.761369,83.61804
2024-05-02 04:00:00,11.321689,80.714325
2024-05-02 05:00:00,11.629758,79.63227
2024-05-02 06:00:00,11.420229,79.50503
2024-05-02 07:00:00,10.993969,78.804276
2024-05-02 08:00:00,10.191697,77.619576
2024-05-02 09:00:00,9.308099,74.75198
2024-05-02 10:00:00,8.778786,66.385994
2024-05-02 11:00:00,8.414853,68.86621
2024-05-02 12:00:00,7.8007884,71.80481
2024-05-02 13:00:00,7.3703723,71.06817
2024-05-02 14:00:00,7.3416495,69.20825
2024-05-02 15:00:00,7.0243115,68.265236
2024-05-02 16:00:00,5.689126,77.30205
2024-05-02 17:00:00,3.5738175,103.76691
2024-05-02 18:00:00,3.535575,120.64938
2024-05-02 19:00:00,3.0307758,152.77617
2024-05-02 20:00:00,2.7868207,215.14467
2024-05-02 21:00:00,3.2808902,252.69203
2024-05-02 22:00:00,4.1250305,234.5355
2024-05-02 23:00:00,4.717425,269.14462
2024-05-03 00:00:00,4.4730124,282.94302
2024-05-03 01:00:00,3.4363487,288.1191
2024-05-03 02:00:00,2.9617271,277.88574
2024-05-03 03:00:00,3.3355238,255.34189
2024-05-03 04:00:00,4.4716873,232.53728
2024-05-03 05:00:00,5.778235,225.01962
2024-05-03 06:00:00,6.2373095,227.05177
2024-05-03 07:00:00,5.881476,225.7223
2024-05-03 08:00:00,5.697883,218.3617
2024-05-03 09:00:00,6.697355,213.58423
2024-05-03 10:00:00,9.129618,217.43155
2024-05-03 11:00:00,9.486849,216.85706
2024-05-03 12:00:00,9.838792,214.73926
2024-05-03 13:00:00,10.750998,217.13942
2024-05-03 14:00:00,11.691677,220.88388
2024-05-03 15:00:00,11.924772,222.49036
2024-05-03 16:00:00,10.923709,220.53712
2024-05-03 17:00:00,11.004501,217.90799
2024-05-03 18:00:00,11.519337,220.44684
2024-05-03 19:00:00,11.108877,221.35402
2024-05-03 20:00:00,9.981872,217.4963
2024-05-03 21:00:00,9.300028,212.56396
2024-05-03 22:00:00,9.125666,203.12474
2024-05-03 23:00:00,9.045618,201.83052
2024-05-04 00:00:00,8.79795,203.66356
2024-05-04 01:00:00,8.1998005,203.49132
2024-05-04 02:00:00,7.4228272,198.06985
2024-05-04 03:00:00,7.3873386,193.69382
2024-05-04 04:00:00,7.4719453,192.67017
2024-05-04 05:00:00,6.8986053,190.25899
2024-05-04 06:00:00,6.239351,186.1532
2024-05-04 07:00:00,5.437004,184.01639
2024-05-04 08:00:00,5.028105,181.1299
2024-05-04 09:00:00,4.932689,177.18137
2024-05-04 10:00:00,4.4898443,176.03511
2024-05-04 11:00:00,4.644707,179.18546
2024-05-04 12:00:00,3.948726,180.01529
2024-05-04 13:00:00,3.54588,174.9219
2024-05-04 14:00:00,3.4690003,155.26653
2024-05-04 15:00:00,3.4354188,131.45602
2024-05-04 16:00:00,4.1705112,115.641655
2024-05-04 17:00:00,4.6711016,105.929276
2024-05-04 18:00:00,5.387965,97.30158
2024-05-04 19:00:00,5.459347,99.557915
2024-05-04 20:00:00,5.592535,102.94271
2024-05-04 21:00:00,5.6784678,100.86385
2024-05-04 22:00:00,3.3816032,93.1867
2024-05-04 23:00:00,2.3411005,88.837425
2024-05-05 00:00:00,2.005039,77.96032
2024-05-05 01:00:00,1.050667,7.346924
2024-05-05 02:00:00,2.7760177,321.6286
2024-05-05 03:00:00,4.357269,312.08737
2024-05-05 04:00:00,5.396424,305.52954
2024-05-05 05:00:00,6.253369,306.20282
2024-05-05 06:00:00,6.225918,310.30652
2024-05-05 07:00:00,5.8420444,310.05133
2024-05-05 08:00:00,5.564126,300.96304
2024-05-05 09:00:00,5.9775906,293.52423
2024-05-05 10:00:00,6.1494637,302.6377
2024-05-05 11:00:00,6.315089,302.07217
2024-05-05 12:00:00,5.577816,304.2468
2024-05-05 13:00:00,4.5380516,303.16446
2024-05-05 14:00:00,3.988744,300.21643
2024-05-05 15:00:00,3.800385,293.92368
2024-05-05 16:00:00,3.6125166,289.38562
2024-05-05 17:00:00,3.044697,289.51822
2024-05-05 18:00:00,2.283289,311.2798
2024-05-05 19:00:00,1.6453413,340.35742
2024-05-05 20:00:00,1.0802904,33.64026
2024-05-05 21:00:00,1.4884133,71.88021
2024-05-05 22:00:00,2.8768752,101.90165
2024-05-05 23:00:00,3.8087852,122.27077
2024-05-06 00:00:00,4.240417,132.04237
2024-05-06 01:00:00,4.049467,133.42831
2024-05-06 02:00:00,3.9667296,125.40845
2024-05-06 03:00:00,4.127235,118.33886
2024-05-06 04:00:00,4.3196087,119.076744
2024-05-06 05:00:00,4.4173427,115.70214
2024-05-06 06:00:00,4.456884,108.5018
2024-05-06 07:00:00,4.3494835,99.73761
2024-05-06 08:00:00,4.504641,95.03947
2024-05-06 09:00:00,4.311129,93.11921
2024-05-06 10:00:00,4.2337847,82.30161
2024-05-06 11:00:00,4.3949256,68.4782
2024-05-06 12:00:00,5.0600977,57.977478
2024-05-06 13:00:00,5.757709,53.069885
2024-05-06 14:00:00,6.2509847,48.87462
2024-05-06 15:00:00,7.0246086,44.162292
2024-05-06 16:00:00,7.424005,40.97461
2024-05-06 17:00:00,7.6937213,41.4236
2024-05-06 18:00:00,7.965114,40.055023
2024-05-06 19:00:00,8.08706,41.71855
2024-05-06 20:00:00,7.896053,46.033203
2024-05-06 21:00:00,7.430253,50.39937
2024-05-06 22:00:00,7.053601,47.182083
2024-05-06 23:00:00,7.3345056,44.597336
2024-05-07 00:00:00,6.662189,47.754105
2024-05-07 01:00:00,5.9629025,50.144745
2024-05-07 02:00:00,5.6826396,51.703583
2024-05-07 03:00:00,5.3849807,53.948425
2024-05-07 04:00:00,4.997249,53.954193
2024-05-07 05:00:00,4.6501384,50.40175
2024-05-07 06:00:00,4.193088,44.436295
2024-05-07 07:00:00,4.028097,37.070145
2024-05-07 08:00:00,3.8016486,28.465134
2024-05-07 09:00:00,3.8716204,17.381104
2024-05-07 10:00:00,4.7711196,11.704422
2024-05-07 11:00:00,5.4019303,9.708893
2024-05-07 12:00:00,5.8224435,7.2829895
2024-05-07 13:00:00,5.6360803,6.875824
2024-05-07 14:00:00,5.4716363,5.150894
2024-05-07 15:00:00,6.0663958,358.9494
2024-05-07 16:00:00,6.9657655,356.6692
2024-05-07 17:00:00,7.173366,359.37012
2024-05-07 18:00:00,6.9446144,1.7400513
2024-05-07 19:00:00,6.8163033,1.4993896
2024-05-07 20:00:00,6.4620442,1.8504028
2024-05-07 21:00:00,5.940455,2.8031769
2024-05-07 22:00:00,5.0786986,1.9555054
2024-05-07 23:00:00,4.811566,355.15588
2024-05-08 00:00:00,4.7154803,352.6015
2024-05-08 01:00:00,4.4083877,352.3294
2024-05-08 02:00:00,4.6973433,346.70728
2024-05-08 03:00:00,5.5447617,343.09808
2024-05-08 04:00:00,5.5286064,350.87164
2024-05-08 05:00:00,5.170616,4.724182
2024-05-08 06:00:00,4.920963,13.443497
2024-05-08 07:00:00,4.725011,13.316284
2024-05-08 08:00:00,4.379845,15.082184
2024-05-08 09:00:00,4.168385,17.112656
2024-05-08 10:00:00,3.9873185,22.641068
2024-05-08 11:00:00,3.694235,20.840683
2024-05-08 12:00:00,3.9120586,7.1690216
2024-05-08 13:00:00,4.5917377,358.2624
2024-05-08 14:00:00,5.2195816,359.1605
2024-05-08 15:00:00,5.352018,2.1066895
2024-05-08 16:00:00,5.4858723,3.8548431
2024-05-08 17:00:00,5.6433735,6.1338806
2024-05-08 18:00:00,5.580722,10.18959
2024-05-08 19:00:00,5.3460197,16.43129
2024-05-08 20:00:00,4.7801285,26.96637
2024-05-08 21:00:00,4.133816,36.015625
2024-05-08 22:00:00,3.7213967,41.547165
2024-05-08 23:00:00,3.282412,50.98004
2024-05-09 00:00:00,2.6495633,66.221756
2024-05-09 01:00:00,2.121551,86.16035
2024-05-09 02:00:00,1.6244382,108.583115
2024-05-09 03:00:00,0.90278894,138.74792
2024-05-09 04:00:00,0.9208556,204.08733
2024-05-09 05:00:00,1.3650844,223.98297
2024-05-09 06:00:00,1.7188796,224.95235
2024-05-09 07:00:00,2.178409,230.43852
2024-05-09 08:00:00,2.7288644,238.13231
2024-05-09 09:00:00,2.9448771,242.53995
2024-05-09 10:00:00,2.0457509,227.34613
2024-05-09 11:00:00,2.3323925,227.62996
2024-05-09 12:00:00,2.878243,244.11566
2024-05-09 13:00:00,3.4678822,262.64713
2024-05-09 14:00:00,3.717976,279.6571
2024-05-09 15:00:00,3.2957175,286.53543
2024-05-09 16:00:00,2.9488263,294.04398
2024-05-09 17:00:00,2.6100557,296.92816
2024-05-09 18:00:00,2.3008347,298.7995
2024-05-09 19:00:00,2.389507,300.78262
2024-05-09 20:00:00,2.3726447,307.08664
2024-05-09 21:00:00,2.2511666,311.98248
2024-05-09 22:00:00,2.3861935,336.24713
2024-05-09 23:00:00,2.3880792,339.68243
2024-05-10 00:00:00,2.2199378,350.1083
2024-05-10 01:00:00,1.7459161,359.98468
2024-05-10 02:00:00,1.0575019,19.292892
2024-05-10 03:00:00,0.7167764,25.95256
2024-05-10 04:00:00,0.7136849,11.522797
2024-05-10 05:00:00,1.339659,354.2336
2024-05-10 06:00:00,2.1044254,4.027832
2024-05-10 07:00:00,2.3311787,12.118134
2024-05-10 08:00:00,2.3468935,17.029037
2024-05-10 09:00:00,2.4536824,17.299606
2024-05-10 10:00:00,3.3872864,21.746826
2024-05-10 11:00:00,3.981357,26.658356
2024-05-10 12:00:00,4.4976516,31.95781
2024-05-10 13:00:00,4.693009,36.666656
2024-05-10 14:00:00,4.77906,40.15898
2024-05-10 15:00:00,4.87443,42.226776
2024-05-10 16:00:00,5.112751,39.52031
2024-05-10 17:00:00,5.6287055,35.22296
2024-05-10 18:00:00,6.19618,35.342987
2024-05-10 19:00:00,6.5818663,41.5681
2024-05-10 20:00:00,6.868047,47.980408
2024-05-10 21:00:00,6.83496,53.18689
2024-05-10 22:00:00,6.167501,55.212517
2024-05-10 23:00:00,6.399028,55.641235
2024-05-11 00:00:00,6.468992,59.007355
2024-05-11 01:00:00,6.4112062,63.23728
2024-05-11 02:00:00,6.185517,69.23352
2024-05-11 03:00:00,5.83596,74.744545
2024-05-11 04:00:00,5.6576066,76.342026
2024-05-11 05:00:00,5.443817,78.11336
2024-05-11 06:00:00,5.4018836,76.39067
2024-05-11 07:00:00,5.4696703,74.44496
2024-05-11 08:00:00,5.4507647,73.55326
2024-05-11 09:00:00,5.313416,72.75869
2024-05-11 10:00:00,5.348985,71.034996
2024-05-11 11:00:00,5.4400444,69.14376
2024-05-11 12:00:00,5.5430207,67.415054
2024-05-11 13:00:00,5.608823,66.75599
2024-05-11 14:00:00,5.8432198,63.86698
2024-05-11 15:00:00,6.5439506,61.069145
2024-05-11 16:00:00,7.386004,60.841568
2024-05-11 17:00:00,7.9245853,62.404343
2024-05-11 18:00:00,8.534018,66.297844
2024-05-11 19:00:00,9.198568,70.24451
2024-05-11 20:00:00,9.795704,75.33594
2024-05-11 21:00:00,10.154606,80.472336
2024-05-11 22:00:00,10.135087,85.28083
2024-05-11 23:00:00,10.222329,88.94619
2024-05-12 00:00:00,10.305723,93.38082
2024-05-12 01:00:00,10.426238,99.008705
2024-05-12 02:00:00,10.32424,101.552795
2024-05-12 03:00:00,10.305353,100.884544
2024-05-12 04:00:00,10.157282,101.16828
2024-05-12 05:00:00,10.056932,100.657616
2024-05-12 06:00:00,9.754486,99.579254
2024-05-12 07:00:00,9.097782,99.855515
2024-05-12 08:00:00,8.807112,99.1767
2024-05-12 09:00:00,8.68982,97.76187
2024-05-12 10:00:00,8.640724,96.154594
2024-05-12 11:00:00,8.71172,96.01866
2024-05-12 12:00:00,8.877561,95.67704
2024-05-12 13:00:00,9.196352,96.55162
2024-05-12 14:00:00,9.265667,98.44663
2024-05-12 15:00:00,9.080752,101.63834
2024-05-12 16:00:00,9.251234,102.14167
2024-05-12 17:00:00,9.897371,100.55445
2024-05-12 18:00:00,10.621035,101.19221
2024-05-12 19:00:00,11.154309,102.78467
2024-05-12 20:00:00,11.6570425,107.326195
2024-05-12 21:00:00,11.808219,113.69159
2024-05-12 22:00:00,11.963099,112.52941
2024-05-12 23:00:00,11.344536,120.87489
2024-05-13 00:00:00,10.452739,130.49811
2024-05-13 01:00:00,9.431679,139.12247
2024-05-13 02:00:00,8.871156,141.84685
2024-05-13 03:00:00,8.964882,146.20593
2024-05-13 04:00:00,8.684971,154.99847
2024-05-13 05:00:00,8.001599,160.80632
2024-05-13 06:00:00,7.3071604,163.56654
2024-05-13 07:00:00,6.464051,163.77864
2024-05-13 08:00:00,5.9259653,163.5603
2024-05-13 09:00:00,5.378457,160.76085
2024-05-13 10:00:00,4.903878,145.53056
2024-05-13 11:00:00,5.5361137,148.03438
2024-05-13 12:00:00,5.7515845,161.0282
2024-05-13 13:00:00,4.852201,178.5508
2024-05-13 14:00:00,3.5654843,198.34775
2024-05-13 15:00:00,2.4568768,209.45529
2024-05-13 16:00:00,1.0845828,220.62067
2024-05-13 17:00:00,1.4682472,134.81885
2024-05-13 18:00:00,2.5089445,139.52075
2024-05-13 19:00:00,3.1455982,144.1952
2024-05-13 20:00:00,4.2022405,141.41699
2024-05-13 21:00:00,5.5214167,137.61977
2024-05-13 22:00:00,6.155806,128.89809
2024-05-13 23:00:00,6.87404,131.46051
2024-05-14 00:00:00,7.2608585,132.68726
2024-05-14 01:00:00,7.9197173,131.23245
2024-05-14 02:00:00,8.818564,128.92334
2024-05-14 03:00:00,9.331812,127.24044
2024-05-14 04:00:00,9.584061,127.24162
2024-05-14 05:00:00,9.760409,125.935425
2024-05-14 06:00:00,9.949622,125.207756
2024-05-14 07:00:00,10.066643,125.02672
2024-05-14 08:00:00,10.202164,124.24718
2024-05-14 09:00:00,10.403792,121.83878
2024-05-14 10:00:00,10.493739,110.214195
2024-05-14 11:00:00,11.185019,108.8849
2024-05-14 12:00:00,11.523116,115.2196
2024-05-14 13:00:00,11.266374,120.253395
2024-05-14 14:00:00,10.585603,123.15673
2024-05-14 15:00:00,10.1729765,126.901886
2024-05-14 16:00:00,9.48608,129.49402
2024-05-14 17:00:00,8.761537,129.65375
2024-05-14 18:00:00,8.673616,130.09418
2024-05-14 19:00:00,7.715308,137.33862
2024-05-14 20:00:00,5.4822702,149.41336
2024-05-14 21:00:00,3.114986,161.65329
2024-05-14 22:00:00,1.9664319,232.78687
2024-05-14 23:00:00,1.3469595,269.43594
2024-05-15 00:00:00,1.1755563,319.8808
2024-05-15 01:00:00,1.1768823,25.892029
2024-05-15 02:00:00,2.2188451,70.639595
2024-05-15 03:00:00,3.497559,87.98667
2024-05-15 04:00:00,4.7683544,97.688576
2024-05-15 05:00:00,6.3314447,103.03263
2024-05-15 06:00:00,7.5516634,109.25575
2024-05-15 07:00:00,7.8495836,113.321335
2024-05-15 08:00:00,7.878804,118.13681
2024-05-15 09:00:00,7.1779485,126.87845
2024-05-15 10:00:00,5.3590245,128.79047
2024-05-15 11:00:00,4.414503,135.20796
2024-05-15 12:00:00,3.418016,150.39055
2024-05-15 13:00:00,2.5131598,185.5816
2024-05-15 14:00:00,2.7947624,233.94324
2024-05-15 15:00:00,3.7751966,261.4162
2024-05-15 16:00:00,5.028853,272.8952
2024-05-15 17:00:00,5.831514,279.10355
2024-05-15 18:00:00,6.033229,286.2002
2024-05-15 19:00:00,6.0616827,294.52356
2024-05-15 20:00:00,5.870975,303.4474
2024-05-15 21:00:00,5.8100543,311.4771
2024-05-15 22:00:00,4.999116,316.83023
2024-05-15 23:00:00,5.4937844,319.37878
2024-05-16 00:00:00,5.829495,327.87643
2024-05-16 01:00:00,5.6208735,343.62488
2024-05-16 02:00:00,5.073728,0.87364197
2024-05-16 03:00:00,4.6470966,23.399597
2024-05-16 04:00:00,5.6542892,57.719154
2024-05-16 05:00:00,7.109451,83.451775
2024-05-16 06:00:00,7.7387247,96.575455
2024-05-16 07:00:00,7.8000426,100.41647
2024-05-16 08:00:00,8.427728,103.77699
2024-05-16 09:00:00,8.653763,112.78389
2024-05-16 10:00:00,8.47358,120.74805
2024-05-16 11:00:00,7.9765916,131.7422
2024-05-16 12:00:00,8.049432,138.75122
2024-05-16 13:00:00,8.214345,146.61525
2024-05-16 14:00:00,7.5867558,154.83098
2024-05-16 15:00:00,6.4621243,166.08687
2024-05-16 16:00:00,5.1505485,169.7099
2024-05-16 17:00:00,4.034229,163.3624
2024-05-16 18:00:00,2.8951344,166.41339
2024-05-16 19:00:00,2.4242494,174.85782
2024-05-16 20:00:00,2.1729703,170.62914
2024-05-16 21:00:00,1.5460503,164.1596
2024-05-16 22:00:00,0.61939234,82.286575
2024-05-16 23:00:00,0.107309654,336.69598
2024-05-17 00:00:00,1.4661671,327.73865
2024-05-17 01:00:00,2.3249485,8.669449
2024-05-17 02:00:00,1.9929694,28.111465
2024-05-17 03:00:00,1.9815496,19.103745
2024-05-17 04:00:00,2.7124126,14.5598755
2024-05-17 05:00:00,2.922988,41.993652
2024-05-17 06:00:00,2.6215703,48.502457
2024-05-17 07:00:00,2.3454595,41.210724
2024-05-17 08:00:00,2.1862526,31.541428
2024-05-17 09:00:00,2.6790497,24.994202
2024-05-17 10:00:00,5.1246815,357.2699
2024-05-17 11:00:00,5.4327908,7.414505
2024-05-17 12:00:00,4.945055,15.356262
2024-05-17 13:00:00,4.8386397,16.24205
2024-05-17 14:00:00,5.189271,13.854721
2024-05-17 15:00:00,5.6594677,10.0204315
2024-05-17 16:00:00,5.831473,5.1328735
2024-05-17 17:00:00,5.976537,2.15448
2024-05-17 18:00:00,5.7795334,7.99527
2024-05-17 19:00:00,4.9112196,16.44632
2024-05-17 20:00:00,4.3022146,24.589447
2024-05-17 21:00:00,4.1394615,32.26526
2024-05-17 22:00:00,5.0609975,25.039703
2024-05-17 23:00:00,5.053544,39.261047
2024-05-18 00:00:00,4.879004,53.11199
2024-05-18 01:00:00,4.629476,66.975815
2024-05-18 02:00:00,4.2232504,84.04225
2024-05-18 03:00:00,3.7479637,96.47863
2024-05-18 04:00:00,3.755499,106.474915
2024-05-18 05:00:00,3.8226852,118.795074
2024-05-18 06:00:00,3.3100426,130.55609
2024-05-18 07:00:00,2.5464544,138.68684
2024-05-18 08:00:00,2.1065042,138.03287
2024-05-18 09:00:00,1.930262,132.55927
2024-05-18 10:00:00,1.9242859,108.39168
2024-05-18 11:00:00,1.5817018,85.65241
2024-05-18 12:00:00,1.516789,50.601166
2024-05-18 13:00:00,2.0282698,35.33905
2024-05-18 14:00:00,2.9818668,32.86328
2024-05-18 15:00:00,4.2582393,35.49086
2024-05-18 16:00:00,5.2888594,41.700165
2024-05-18 17:00:00,5.5711894,42.18338
2024-05-18 18:00:00,5.599329,42.43509
2024-05-18 19:00:00,5.8211327,43.73845
2024-05-18 20:00:00,5.93503,42.74681
2024-05-18 21:00:00,6.0282326,41.91539
2024-05-18 22:00:00,6.571563,29.569382
2024-05-18 23:00:00,6.44325,38.75699
2024-05-19 00:00:00,5.734342,35.235977
2024-05-19 01:00:00,6.1715674,29.50885
2024-05-19 02:00:00,6.583945,25.455627
2024-05-19 03:00:00,6.859457,25.857574
2024-05-19 04:00:00,6.9870768,27.998032
2024-05-19 05:00:00,7.0513515,29.61496
2024-05-19 06:00:00,6.5145736,31.364685
2024-05-19 07:00:00,5.944142,30.555374
2024-05-19 08:00:00,5.8015575,25.374146
2024-05-19 09:00:00,6.033808,20.319595
2024-05-19 10:00:00,6.7745275,17.971039
2024-05-19 11:00:00,7.3549542,18.116882
2024-05-19 12:00:00,7.4849014,15.472321
2024-05-19 13:00:00,7.573082,12.601181
2024-05-19 14:00:00,8.167124,7.9252777
2024-05-19 15:00:00,9.110059,7.682953
2024-05-19 16:00:00,9.0918,10.802536
2024-05-19 17:00:00,9.264127,10.308212
2024-05-19 18:00:00,9.652189,11.311783
2024-05-19 19:00:00,9.730511,13.206039
2024-05-19 20:00:00,9.598275,15.10939
2024-05-19 21:00:00,9.311267,16.103561
2024-05-19 22:00:00,8.307396,14.255432
2024-05-19 23:00:00,8.506997,11.497711
2024-05-20 00:00:00,8.452577,8.911331
2024-05-20 01:00:00,8.614146,9.062332
2024-05-20 02:00:00,8.3769,10.751617
2024-05-20 03:00:00,8.206816,10.213287
2024-05-20 04:00:00,8.131706,12.827057
2024-05-20 05:00:00,8.073025,18.797592
2024-05-20 06:00:00,7.475553,20.434662
2024-05-20 07:00:00,6.826503,19.046707
2024-05-20 08:00:00,6.6400924,19.261063
2024-05-20 09:00:00,6.7529817,22.922424
2024-05-20 10:00:00,6.2695503,26.447754
2024-05-20 11:00:00,5.9058504,26.67717
2024-05-20 12:00:00,5.9756503,26.33319
2024-05-20 13:00:00,6.0115,29.582031
2024-05-20 14:00:00,6.1575108,30.368683
2024-05-20 15:00:00,6.448957,35.36386
2024-05-20 16:00:00,5.9727635,39.257492
2024-05-20 17:00:00,5.894492,40.3329
2024-05-20 18:00:00,6.6979995,49.50528
2024-05-20 19:00:00,7.7780437,59.789276
2024-05-20 20:00:00,8.169363,72.02158
2024-05-20 21:00:00,7.480429,82.96929
2024-05-20 22:00:00,6.587284,90.830574
2024-05-20 23:00:00,6.423305,96.20746
2024-05-21 00:00:00,6.8013577,98.33766
2024-05-21 01:00:00,6.795163,100.225555
2024-05-21 02:00:00,6.529638,102.95314
2024-05-21 03:00:00,6.426487,100.885284
2024-05-21 04:00:00,7.104696,88.99229
2024-05-21 05:00:00,7.3466544,86.449486
2024-05-21 06:00:00,7.0058866,88.18104
2024-05-21 07:00:00,6.7589793,88.84288
2024-05-21 08:00:00,6.888842,83.57155
2024-05-21 09:00:00,7.054329,80.48654
2024-05-21 10:00:00,7.5816355,73.53062
2024-05-21 11:00:00,7.7794437,70.50326
2024-05-21 12:00:00,8.034714,66.7956
2024-05-21 13:00:00,8.347966,64.400696
2024-05-21 14:00:00,8.840685,62.055756
2024-05-21 15:00:00,8.706043,62.807526
2024-05-21 16:00:00,8.072836,59.451195
2024-05-21 17:00:00,8.321446,54.882362
2024-05-21 18:00:00,8.064179,59.444275
2024-05-21 19:00:00,6.5676847,78.737175
2024-05-21 20:00:00,3.9997244,93.61654
2024-05-21 21:00:00,2.340777,66.28508
2024-05-21 22:00:00,4.9508595,293.97473
2024-05-21 23:00:00,6.5638733,325.9842
2024-05-22 00:00:00,6.9836144,353.28317
2024-05-22 01:00:00,6.561168,25.774963
2024-05-22 02:00:00,6.02831,70.31209
2024-05-22 03:00:00,5.731741,117.37608
2024-05-22 04:00:00,6.4592333,162.64967
2024-05-22 05:00:00,8.317642,196.44243
2024-05-22 06:00:00,9.885528,211.94435
2024-05-22 07:00:00,10.257673,217.44556
2024-05-22 08:00:00,9.979055,216.83743
2024-05-22 09:00:00,9.631472,213.32944
2024-05-22 10:00:00,10.215579,215.3852
2024-05-22 11:00:00,10.45184,216.2253
2024-05-22 12:00:00,9.668478,213.67664
2024-05-22 13:00:00,9.4058485,212.85736
2024-05-22 14:00:00,9.238581,213.27353
2024-05-22 15:00:00,8.888588,212.9812
2024-05-22 16:00:00,8.371125,214.03288
2024-05-22 17:00:00,7.8065257,214.00133
2024-05-22 18:00:00,8.079457,215.51572
2024-05-22 19:00:00,7.75936,213.09842
2024-05-22 20:00:00,7.578956,206.43907
2024-05-22 21:00:00,8.131429,204.44662
2024-05-22 22:00:00,8.475112,208.88882
2024-05-22 23:00:00,9.207437,211.97055
2024-05-23 00:00:00,9.451728,213.99467
2024-05-23 01:00:00,9.153618,211.56516
2024-05-23 02:00:00,9.461069,212.3058
2024-05-23 03:00:00,9.306154,212.23416
2024-05-23 04:00:00,9.171629,211.59644
2024-05-23 05:00:00,9.312643,214.25696
2024-05-23 06:00:00,9.459343,219.60965
2024-05-23 07:00:00,9.106111,224.50421
2024-05-23 08:00:00,9.151402,228.08316
2024-05-23 09:00:00,9.240378,231.02628
2024-05-23 10:00:00,8.869308,231.10175
2024-05-23 11:00:00,8.863335,232.9194
2024-05-23 12:00:00,8.555467,235.3154
2024-05-23 13:00:00,8.149342,237.46466
2024-05-23 14:00:00,7.544498,242.07236
2024-05-23 15:00:00,7.3476286,246.64926
2024-05-23 16:00:00,7.0221667,248.99458
2024-05-23 17:00:00,5.735347,249.75566
2024-05-23 18:00:00,5.0069604,234.00143
2024-05-23 19:00:00,4.680332,225.6867
2024-05-23 20:00:00,4.8916306,215.55884
2024-05-23 21:00:00,5.0246916,206.91605
2024-05-23 22:00:00,3.880077,197.84537
2024-05-23 23:00:00,3.885397,184.57307
2024-05-24 00:00:00,4.352409,181.51743
2024-05-24 01:00:00,4.7069254,181.1081
2024-05-24 02:00:00,4.4523864,177.1695
2024-05-24 03:00:00,3.8573983,179.49586
2024-05-24 04:00:00,3.2488601,184.84224
2024-05-24 05:00:00,2.755445,180.70352
2024-05-24 06:00:00,2.4525712,165.17114
2024-05-24 07:00:00,2.2337766,156.2061
2024-05-24 08:00:00,2.0583513,146.10352
2024-05-24 09:00:00,1.8330824,136.68382
2024-05-24 10:00:00,1.6389208,97.06443
2024-05-24 11:00:00,1.4251062,100.172424
2024-05-24 12:00:00,0.7554737,68.15898
2024-05-24 13:00:00,2.080148,354.71512
2024-05-24 14:00:00,3.9540417,351.72595
2024-05-24 15:00:00,5.3816447,349.79575
2024-05-24 16:00:00,6.4521203,356.40613
2024-05-24 17:00:00,7.1152024,7.734436
2024-05-24 18:00:00,7.278498,17.835861
2024-05-24 19:00:00,7.844073,27.475052
2024-05-24 20:00:00,8.391254,34.373047
2024-05-24 21:00:00,8.670397,40.59601
2024-05-24 22:00:00,6.1759477,37.81549
2024-05-24 23:00:00,6.32265,40.580383
2024-05-25 00:00:00,6.3452725,45.784058
2024-05-25 01:00:00,6.1369066,53.27893
2024-05-25 02:00:00,6.1473756,56.600533
2024-05-25 03:00:00,6.8844085,62.673874
2024-05-25 04:00:00,7.3397536,66.914024
2024-05-25 05:00:00,7.450983,72.39809
2024-05-25 06:00:00,7.522942,80.0941
2024-05-25 07:00:00,7.1295214,84.22595
2024-05-25 08:00:00,6.960658,87.35481
2024-05-25 09:00:00,6.6321273,91.48524
2024-05-25 10:00:00,5.5945816,94.8539
2024-05-25 11:00:00,5.342786,100.275856
2024-05-25 12:00:00,4.7798023,106.51894
2024-05-25 13:00:00,4.5037346,114.485176
2024-05-25 14:00:00,3.7406044,131.52667
2024-05-25 15:00:00,4.04343,158.01697
2024-05-25 16:00:00,3.9489024,180.52739
2024-05-25 17:00:00,4.603195,202.16049
2024-05-25 18:00:00,5.1655493,216.10648
2024-05-25 19:00:00,5.0743117,221.42874
2024-05-25 20:00:00,5.0201945,212.04388
2024-05-25 21:00:00,5.5267463,204.6254
2024-05-25 22:00:00,5.4093595,190.9244
2024-05-25 23:00:00,5.6047244,186.32106
2024-05-26 00:00:00,5.5761647,183.19962
2024-05-26 01:00:00,5.411978,178.34503
2024-05-26 02:00:00,5.5832343,169.98938
2024-05-26 03:00:00,6.2352552,155.20866
2024-05-26 04:00:00,6.9831586,146.73053
2024-05-26 05:00:00,7.560461,140.43646
2024-05-26 06:00:00,7.9528475,135.0025
2024-05-26 07:00:00,7.8723416,132.90111
2024-05-26 08:00:00,7.8528366,131.4971
2024-05-26 09:00:00,8.000799,129.95468
2024-05-26 10:00:00,8.102199,124.52409
2024-05-26 11:00:00,7.9700356,136.20015
2024-05-26 12:00:00,7.0396085,160.4884
2024-05-26 13:00:00,5.4463854,179.17838
2024-05-26 14:00:00,4.0056667,159.78044
2024-05-26 15:00:00,4.2477913,145.24881
2024-05-26 16:00:00,4.2793207,150.78026
2024-05-26 17:00:00,4.4646497,182.89441
2024-05-26 18:00:00,3.7704713,217.9832
2024-05-26 19:00:00,4.182831,238.20746
2024-05-26 20:00:00,4.261529,233.9849
2024-05-26 21:00:00,5.9097447,231.52202
2024-05-26 22:00:00,8.012399,232.38829
2024-05-26 23:00:00,8.103512,224.23846
2024-05-27 00:00:00,8.999532,216.29234
2024-05-27 01:00:00,9.810484,217.54948
2024-05-27 02:00:00,9.860534,223.9761
2024-05-27 03:00:00,9.426674,227.43893
2024-05-27 04:00:00,9.121679,227.3439
2024-05-27 05:00:00,8.826944,226.72925
2024-05-27 06:00:00,8.636894,224.4115
2024-05-27 07:00:00,8.886604,226.44685
2024-05-27 08:00:00,8.635198,227.60596
2024-05-27 09:00:00,8.302043,228.84624
2024-05-27 10:00:00,7.00814,228.17831
2024-05-27 11:00:00,6.9463916,227.58871
2024-05-27 12:00:00,6.7162895,228.74194
2024-05-27 13:00:00,6.532657,232.2803
2024-05-27 14:00:00,6.4564333,237.70555
2024-05-27 15:00:00,6.457148,246.56711
2024-05-27 16:00:00,5.7206707,252.9555
2024-05-27 17:00:00,4.734379,257.52652
2024-05-27 18:00:00,3.96014,257.18024
2024-05-27 19:00:00,3.8633678,249.52998
2024-05-27 20:00:00,3.6621573,240.63084
2024-05-27 21:00:00,3.5460505,230.34758
2024-05-27 22:00:00,4.4729257,221.36606
2024-05-27 23:00:00,5.1611943,221.81924
2024-05-28 00:00:00,5.4469504,219.26053
2024-05-28 01:00:00,5.8139687,221.057
2024-05-28 02:00:00,6.6491942,225.23405
2024-05-28 03:00:00,7.312121,229.06798
2024-05-28 04:00:00,7.204486,232.23163
2024-05-28 05:00:00,6.7828794,232.118
2024-05-28 06:00:00,6.6876907,231.37231
2024-05-28 07:00:00,6.601352,226.93925
2024-05-28 08:00:00,6.767904,223.16946
2024-05-28 09:00:00,7.2056117,222.93692
2024-05-28 10:00:00,7.264701,218.08202
2024-05-28 11:00:00,6.5370765,212.45297
2024-05-28 12:00:00,6.2005634,210.2293
2024-05-28 13:00:00,5.5372586,203.97922
2024-05-28 14:00:00,5.464169,192.2175
2024-05-28 15:00:00,6.8150654,193.47311
2024-05-28 16:00:00,8.205613,195.06569
2024-05-28 17:00:00,8.615096,186.73206
2024-05-28 18:00:00,9.7125435,189.5878
2024-05-28 19:00:00,9.945572,195.81168
2024-05-28 20:00:00,10.060622,195.80302
2024-05-28 21:00:00,10.236542,197.61559
2024-05-28 22:00:00,12.461304,210.38126
2024-05-28 23:00:00,13.699561,221.24248
2024-05-29 00:00:00,13.793316,222.1428
2024-05-29 01:00:00,13.4726515,219.36975
2024-05-29 02:00:00,13.126765,218.73578
2024-05-29 03:00:00,12.945389,218.8998
2024-05-29 04:00:00,12.704581,221.3041
2024-05-29 05:00:00,12.718635,234.25237
2024-05-29 06:00:00,12.434034,247.62909
2024-05-29 07:00:00,11.591962,250.9139
2024-05-29 08:00:00,11.112517,250.5743
2024-05-29 09:00:00,10.655199,250.55557
2024-05-29 10:00:00,10.002414,254.9096
2024-05-29 11:00:00,9.113093,251.11433
2024-05-29 12:00:00,9.098358,250.67587
2024-05-29 13:00:00,8.9526,252.1478
2024-05-29 14:00:00,9.162557,254.44218
2024-05-29 15:00:00,8.931244,256.03708
2024-05-29 16:00:00,8.795411,258.91547
2024-05-29 17:00:00,8.241304,261.67712
2024-05-29 18:00:00,7.4190116,259.94775
2024-05-29 19:00:00,6.950433,256.72333
2024-05-29 20:00:00,6.487047,248.85976
2024-05-29 21:00:00,6.405362,244.00092
2024-05-29 22:00:00,6.8534317,249.53876
2024-05-29 23:00:00,6.247834,248.65428
2024-05-30 00:00:00,5.7947683,241.88272
2024-05-30 01:00:00,6.0145926,237.35364
2024-05-30 02:00:00,6.3853602,240.80061
2024-05-30 03:00:00,6.5222673,248.42085
2024-05-30 04:00:00,6.1467147,252.03171
2024-05-30 05:00:00,5.54934,251.23062
2024-05-30 06:00:00,5.12873,247.23734
2024-05-30 07:00:00,5.183196,244.39108
2024-05-30 08:00:00,5.3944974,243.7465
2024-05-30 09:00:00,5.616056,247.28424
2024-05-30 10:00:00,6.408212,273.2
2024-05-30 11:00:00,5.6217084,282.83563
2024-05-30 12:00:00,5.641202,287.91248
2024-05-30 13:00:00,6.165473,291.35193
2024-05-30 14:00:00,6.2333245,290.84113
2024-05-30 15:00:00,6.521957,291.87836
2024-05-30 16:00:00,6.452169,289.12997
2024-05-30 17:00:00,5.478192,285.46295
2024-05-30 18:00:00,4.845947,279.5374
2024-05-30 19:00:00,4.701184,274.9648
2024-05-30 20:00:00,4.244615,274.80298
2024-05-30 21:00:00,4.016342,274.33948
2024-05-30 22:00:00,4.6226115,289.86444
2024-05-30 23:00:00,4.360899,296.54047
2024-05-31 00:00:00,3.8801978,303.91992
2024-05-31 01:00:00,3.2635696,302.8309
2024-05-31 02:00:00,2.7397263,307.73178
2024-05-31 03:00:00,1.7149345,320.67023
2024-05-31 04:00:00,0.8656128,359.7143
2024-05-31 05:00:00,1.7242231,47.191193
2024-05-31 06:00:00,3.2104902,56.547287
2024-05-31 07:00:00,3.7393124,54.63376
2024-05-31 08:00:00,4.4185452,41.47911
2024-05-31 09:00:00,5.2722716,26.17221
2024-05-31 10:00:00,5.454656,8.3728485
2024-05-31 11:00:00,6.942817,355.92664
2024-05-31 12:00:00,8.352708,355.86176
2024-05-31 13:00:00,9.134511,358.69894
2024-05-31 14:00:00,10.045419,0.12333679
2024-05-31 15:00:00,10.2928095,357.2575
2024-05-31 16:00:00,11.115161,353.04556
2024-05-31 17:00:00,11.818365,349.3853
2024-05-31 18:00:00,12.0601015,347.81897
2024-05-31 19:00:00,12.645934,348.83054
2024-05-31 20:00:00,12.493961,351.9084
2024-05-31 21:00:00,12.084999,355.48093
2024-05-31 22:00:00,10.004375,359.6471
2024-05-31 23:00:00,9.72267,4.1724396
2024-06-01 00:00:00,9.903124,4.654419
2024-06-01 01:00:00,10.328933,3.9963684
2024-06-01 02:00:00,10.989493,3.9047546
2024-06-01 03:00:00,11.534109,5.8219147
2024-06-01 04:00:00,11.439937,6.9844666
2024-06-01 05:00:00,11.387818,4.035507
2024-06-01 06:00:00,11.214531,2.4585571
2024-06-01 07:00:00,10.795156,2.659378
2024-06-01 08:00:00,10.896512,2.871399
2024-06-01 09:00:00,11.027642,359.19196
2024-06-01 10:00:00,11.26631,2.8985748
2024-06-01 11:00:00,10.873136,4.0314484
2024-06-01 12:00:00,10.747526,1.4769287
2024-06-01 13:00:00,10.928385,356.4124
2024-06-01 14:00:00,11.475789,352.73535
2024-06-01 15:00:00,11.801591,351.95795
2024-06-01 16:00:00,12.215058,353.4797
2024-06-01 17:00:00,12.148925,354.44528
2024-06-01 18:00:00,12.162331,353.67426
2024-06-01 19:00:00,11.93995,355.88782
2024-06-01 20:00:00,11.702667,356.16254
2024-06-01 21:00:00,11.421531,356.19812
2024-06-01 22:00:00,11.045437,358.00555
2024-06-01 23:00:00,10.235631,354.12466
2024-06-02 00:00:00,10.469168,348.38623
2024-06-02 01:00:00,10.716502,346.85046
2024-06-02 02:00:00,10.604025,349.04437
2024-06-02 03:00:00,10.903058,349.60916
2024-06-02 04:00:00,11.1574335,350.2082
2024-06-02 05:00:00,11.144703,351.80133
2024-06-02 06:00:00,11.340227,352.4226
2024-06-02 07:00:00,10.638348,351.84076
2024-06-02 08:00:00,9.6601925,350.97272
2024-06-02 09:00:00,9.281428,349.14874
2024-06-02 10:00:00,7.7242374,345.17267
2024-06-02 11:00:00,8.140907,339.50732
2024-06-02 12:00:00,8.609501,338.29688
2024-06-02 13:00:00,8.489808,339.0679
2024-06-02 14:00:00,8.140831,340.1156
2024-06-02 15:00:00,8.155862,338.4344
2024-06-02 16:00:00,8.41499,338.05316
2024-06-02 17:00:00,8.41685,339.02686
2024-06-02 18:00:00,8.535989,340.73462
2024-06-02 19:00:00,8.045326,343.79547
2024-06-02 20:00:00,7.0685625,345.65665
2024-06-02 21:00:00,6.6111865,343.70547
2024-06-02 22:00:00,5.136795,331.79422
2024-06-02 23:00:00,5.569853,327.28607
2024-06-03 00:00:00,5.738823,324.2375
2024-06-03 01:00:00,5.968494,319.62744
2024-06-03 02:00:00,6.5782247,315.47784
2024-06-03 03:00:00,7.287717,314.3283
2024-06-03 04:00:00,7.260904,315.83167
2024-06-03 05:00:00,5.7653666,317.49176
2024-06-03 06:00:00,4.65718,313.0447
2024-06-03 07:00:00,4.7860556,309.17337
2024-06-03 08:00:00,4.040425,298.76074
2024-06-03 09:00:00,3.6773365,284.21814
2024-06-03 10:00:00,3.9839709,259.70264
2024-06-03 11:00:00,5.1549234,258.46948
2024-06-03 12:00:00,6.267515,262.94022
2024-06-03 13:00:00,6.8102283,267.76257
2024-06-03 14:00:00,7.4245343,275.54492
2024-06-03 15:00:00,7.431899,282.32343
2024-06-03 16:00:00,6.8230133,286.39014
2024-06-03 17:00:00,6.0383816,290.40005
2024-06-03 18:00:00,5.197702,291.16455
2024-06-03 19:00:00,4.572803,288.67395
2024-06-03 20:00:00,4.0123234,284.37836
2024-06-03 21:00:00,3.7594094,279.224
2024-06-03 22:00:00,3.8538918,267.37292
2024-06-03 23:00:00,4.211705,265.83813
2024-06-04 00:00:00,4.316482,259.58234
2024-06-04 01:00:00,4.247311,256.0575
2024-06-04 02:00:00,4.047694,251.87943
2024-06-04 03:00:00,3.8963242,243.74203
2024-06-04 04:00:00,4.0312824,231.94318
2024-06-04 05:00:00,4.5509124,219.83322
2024-06-04 06:00:00,5.2171354,214.39215
2024-06-04 07:00:00,5.7704606,208.30649
2024-06-04 08:00:00,6.5804133,205.76183
2024-06-04 09:00:00,7.249088,203.68535
2024-06-04 10:00:00,7.2935796,205.42493
2024-06-04 11:00:00,7.701953,206.43167
2024-06-04 12:00:00,7.9639964,207.02232
2024-06-04 13:00:00,8.463669,209.2012
2024-06-04 14:00:00,9.098571,210.48553
2024-06-04 15:00:00,9.676966,211.1097
2024-06-04 16:00:00,9.685423,212.38004
2024-06-04 17:00:00,9.798387,215.43182
2024-06-04 18:00:00,10.287034,219.19547
2024-06-04 19:00:00,10.4148,221.56898
2024-06-04 20:00:00,10.97854,225.89017
2024-06-04 21:00:00,11.537013,231.26714
2024-06-04 22:00:00,12.301182,244.63269
2024-06-04 23:00:00,11.989929,261.3412
2024-06-05 00:00:00,11.400504,290.47583
2024-06-05 01:00:00,10.399672,303.65485
2024-06-05 02:00:00,9.180789,296.91547
2024-06-05 03:00:00,9.359308,289.67398
2024-06-05 04:00:00,8.789789,288.5209
2024-06-05 05:00:00,8.155266,287.13022
2024-06-05 06:00:00,7.6217217,282.52344
2024-06-05 07:00:00,7.314707,274.5291
2024-06-05 08:00:00,7.494862,266.5186
2024-06-05 09:00:00,7.8976183,263.3725
2024-06-05 10:00:00,7.537228,258.88635
2024-06-05 11:00:00,8.007466,259.25473
2024-06-05 12:00:00,9.173535,265.18597
2024-06-05 13:00:00,9.52979,271.04758
2024-06-05 14:00:00,8.739346,273.67062
2024-06-05 15:00:00,8.204302,272.21667
2024-06-05 16:00:00,8.279098,267.307
2024-06-05 17:00:00,8.410607,264.7074
2024-06-05 18:00:00,8.222235,261.94797
2024-06-05 19:00:00,8.29361,261.0301
2024-06-05 20:00:00,8.358875,260.92142
2024-06-05 21:00:00,7.809955,260.50256
2024-06-05 22:00:00,6.1584506,252.94464
2024-06-05 23:00:00,6.5361342,246.94727
2024-06-06 00:00:00,7.0422273,242.72786
2024-06-06 01:00:00,7.0703826,236.66304
2024-06-06 02:00:00,7.1661663,233.80814
2024-06-06 03:00:00,6.942078,232.98164
2024-06-06 04:00:00,6.7893515,232.23985
2024-06-06 05:00:00,6.3181753,228.32527
2024-06-06 06:00:00,6.2570863,221.10458
2024-06-06 07:00:00,6.5796723,222.30313
2024-06-06 08:00:00,6.9831405,230.76068
2024-06-06 09:00:00,7.118909,240.33672
2024-06-06 10:00:00,5.1088676,245.0633
2024-06-06 11:00:00,5.1803994,252.26044
2024-06-06 12:00:00,6.014458,270.77756
2024-06-06 13:00:00,6.384004,289.8054
2024-06-06 14:00:00,5.984403,299.60242
2024-06-06 15:00:00,5.3522487,302.5588
2024-06-06 16:00:00,5.0569715,302.51486
2024-06-06 17:00:00,4.795719,304.0967
2024-06-06 18:00:00,4.348857,306.71704
2024-06-06 19:00:00,3.6306016,307.82538
2024-06-06 20:00:00,2.8581085,299.23227
2024-06-06 21:00:00,2.434031,284.43506
2024-06-06 22:00:00,3.3083823,256.4542
2024-06-06 23:00:00,3.190879,242.56454
2024-06-07 00:00:00,3.9241707,220.63684
2024-06-07 01:00:00,5.360517,213.17148
2024-06-07 02:00:00,6.687833,215.83548
2024-06-07 03:00:00,7.3123403,220.44543
2024-06-07 04:00:00,7.4033437,222.66307
2024-06-07 05:00:00,7.351684,226.59763
2024-06-07 06:00:00,6.8313203,234.02654
2024-06-07 07:00:00,6.2902336,238.27332
2024-06-07 08:00:00,6.363439,240.52994
2024-06-07 09:00:00,6.506548,244.12949
2024-06-07 10:00:00,5.5988936,244.31642
2024-06-07 11:00:00,6.523403,248.10309
2024-06-07 12:00:00,7.260513,252.45297
2024-06-07 13:00:00,7.4094067,256.44882
2024-06-07 14:00:00,7.469635,260.50964
2024-06-07 15:00:00,7.359374,260.0587
2024-06-07 16:00:00,7.1971154,257.50354
2024-06-07 17:00:00,6.7654204,251.63461
2024-06-07 18:00:00,6.280288,242.8881
2024-06-07 19:00:00,6.287811,233.91873
2024-06-07 20:00:00,6.937761,225.37595
2024-06-07 21:00:00,7.915806,218.9611
2024-06-07 22:00:00,9.4244,213.65816
2024-06-07 23:00:00,9.824631,217.49187
2024-06-08 00:00:00,9.90745,221.88011
2024-06-08 01:00:00,10.046808,224.49051
2024-06-08 02:00:00,9.977402,228.99823
2024-06-08 03:00:00,9.537901,235.50931
2024-06-08 04:00:00,8.7469635,238.36679
2024-06-08 05:00:00,8.332177,234.00967
2024-06-08 06:00:00,8.498562,235.84697
2024-06-08 07:00:00,8.673848,238.8208
2024-06-08 08:00:00,8.957426,234.99841
2024-06-08 09:00:00,9.8567295,242.10815
2024-06-08 10:00:00,10.503191,254.81334
2024-06-08 11:00:00,10.828511,259.25317
2024-06-08 12:00:00,10.470069,266.83478
2024-06-08 13:00:00,9.97807,273.82568
2024-06-08 14:00:00,9.554141,282.39148
2024-06-08 15:00:00,9.163615,291.2201
2024-06-08 16:00:00,8.718854,298.3083
2024-06-08 17:00:00,8.709539,304.89124
2024-06-08 18:00:00,8.109302,306.14288
2024-06-08 19:00:00,7.2482905,303.05048
2024-06-08 20:00:00,7.108128,296.48892
2024-06-08 21:00:00,6.6670504,288.3161
2024-06-08 22:00:00,6.251328,281.78055
2024-06-08 23:00:00,6.575005,268.21497
2024-06-09 00:00:00,7.5297794,257.4766
2024-06-09 01:00:00,8.655068,251.6813
2024-06-09 02:00:00,9.498422,253.1325
2024-06-09 03:00:00,9.605752,262.20312
2024-06-09 04:00:00,9.185657,268.37445
2024-06-09 05:00:00,8.954391,269.28445
2024-06-09 06:00:00,9.264615,271.0572
2024-06-09 07:00:00,10.114448,271.38928
2024-06-09 08:00:00,10.511568,266.9177
2024-06-09 09:00:00,11.366416,264.31555
2024-06-09 10:00:00,10.684751,268.54315
2024-06-09 11:00:00,10.772032,264.85794
2024-06-09 12:00:00,11.081384,266.1964
2024-06-09 13:00:00,11.032108,269.65173
2024-06-09 14:00:00,10.891294,273.5547
2024-06-09 15:00:00,10.452544,278.42407
2024-06-09 16:00:00,9.795551,280.98175
2024-06-09 17:00:00,9.06334,281.29285
2024-06-09 18:00:00,8.353841,279.5598
2024-06-09 19:00:00,7.8431644,277.06503
2024-06-09 20:00:00,7.3983617,276.3423
2024-06-09 21:00:00,6.884862,276.06894
2024-06-09 22:00:00,6.844086,277.6653
2024-06-09 23:00:00,6.416176,276.3487
2024-06-10 00:00:00,5.5927825,272.38406
2024-06-10 01:00:00,5.299709,271.77316
2024-06-10 02:00:00,4.2341743,268.67252
2024-06-10 03:00:00,3.3584282,267.7121
2024-06-10 04:00:00,2.3646593,265.35767
2024-06-10 05:00:00,0.9162834,233.92154
2024-06-10 06:00:00,1.4374082,140.22546
2024-06-10 07:00:00,2.8173165,131.37895
2024-06-10 08:00:00,3.762188,131.10812
2024-06-10 09:00:00,4.2794,128.62596
2024-06-10 10:00:00,5.429761,148.6716
2024-06-10 11:00:00,3.957705,132.22432
2024-06-10 12:00:00,3.0758376,79.123024
2024-06-10 13:00:00,5.1647325,30.578033
2024-06-10 14:00:00,8.772557,13.800644
2024-06-10 15:00:00,13.805542,3.4799957
2024-06-10 16:00:00,16.420454,355.55536
2024-06-10 17:00:00,15.259429,350.93192
2024-06-10 18:00:00,13.968719,345.51068
2024-06-10 19:00:00,13.695335,340.2963
2024-06-10 20:00:00,13.723201,336.0692
2024-06-10 21:00:00,12.961762,331.71118
2024-06-10 22:00:00,13.091339,321.90164
2024-06-10 23:00:00,12.977166,316.8897
2024-06-11 00:00:00,12.519929,312.29956
2024-06-11 01:00:00,12.222032,306.23068
2024-06-11 02:00:00,11.762559,300.88025
2024-06-11 03:00:00,11.496275,296.82684
2024-06-11 04:00:00,11.50187,293.151
2024-06-11 05:00:00,11.702439,290.45905
2024-06-11 06:00:00,11.640509,288.49893
2024-06-11 07:00:00,11.090706,286.1427
2024-06-11 08:00:00,10.484223,284.4981
2024-06-11 09:00:00,10.066112,284.63104
2024-06-11 10:00:00,10.932884,292.77682
2024-06-11 11:00:00,10.1303835,297.08002
2024-06-11 12:00:00,9.402901,296.54797
2024-06-11 13:00:00,9.370612,296.16315
2024-06-11 14:00:00,9.682307,295.28757
2024-06-11 15:00:00,9.316723,295.87164
2024-06-11 16:00:00,9.37066,299.1349
2024-06-11 17:00:00,8.947797,304.95154
2024-06-11 18:00:00,8.342068,310.46582
2024-06-11 19:00:00,7.9514165,314.7281
2024-06-11 20:00:00,7.771234,317.3744
2024-06-11 21:00:00,7.606601,317.8913
2024-06-11 22:00:00,8.942881,314.87582
2024-06-11 23:00:00,8.91398,314.48108
2024-06-12 00:00:00,8.517191,312.4046
2024-06-12 01:00:00,8.335961,311.3388
2024-06-12 02:00:00,7.945303,309.27057
2024-06-12 03:00:00,7.577986,305.83896
2024-06-12 04:00:00,7.3838453,301.7609
2024-06-12 05:00:00,7.6147847,300.9769
2024-06-12 06:00:00,7.5253325,302.33527
2024-06-12 07:00:00,7.321668,301.07666
2024-06-12 08:00:00,7.3794746,298.9036
2024-06-12 09:00:00,7.781517,298.3083
2024-06-12 10:00:00,9.155497,300.1031
2024-06-12 11:00:00,9.244796,303.24442
2024-06-12 12:00:00,9.095987,303.16238
2024-06-12 13:00:00,9.164094,302.9537
2024-06-12 14:00:00,9.162903,303.63876
2024-06-12 15:00:00,8.987956,304.2668
2024-06-12 16:00:00,8.662316,304.64783
2024-06-12 17:00:00,8.221298,305.8097
2024-06-12 18:00:00,7.6141534,305.82648
2024-06-12 19:00:00,6.981096,303.3055
2024-06-12 20:00:00,6.636049,297.09628
2024-06-12 21:00:00,6.630906,290.37308
2024-06-12 22:00:00,7.044379,277.818
2024-06-12 23:00:00,7.0628233,273.22955
2024-06-13 00:00:00,6.9880586,272.3963
2024-06-13 01:00:00,6.4652514,269.42728
2024-06-13 02:00:00,5.9270496,261.55023
2024-06-13 03:00:00,5.2232485,245.80615
2024-06-13 04:00:00,5.4487567,223.90678
2024-06-13 05:00:00,6.993045,214.59503
2024-06-13 06:00:00,7.6918445,216.84914
2024-06-13 07:00:00,7.7881675,219.70468
2024-06-13 08:00:00,7.8308506,221.857
2024-06-13 09:00:00,7.8637958,223.97917
2024-06-13 10:00:00,7.5910745,222.52557
2024-06-13 11:00:00,7.630156,222.17944
2024-06-13 12:00:00,7.6378045,223.91711
2024-06-13 13:00:00,7.886565,226.35808
2024-06-13 14:00:00,7.7755837,233.44397
2024-06-13 15:00:00,6.7157483,238.9642
2024-06-13 16:00:00,5.3608065,236.25458
2024-06-13 17:00:00,4.138001,225.93187
2024-06-13 18:00:00,3.654898,219.49338
2024-06-13 19:00:00,3.164485,209.43445
2024-06-13 20:00:00,3.0983481,190.49324
2024-06-13 21:00:00,3.6071243,170.30835
2024-06-13 22:00:00,3.1134512,157.66151
2024-06-13 23:00:00,4.349028,150.08644
2024-06-14 00:00:00,5.596749,148.13991
2024-06-14 01:00:00,6.3742747,151.53587
2024-06-14 02:00:00,7.242473,158.93668
2024-06-14 03:00:00,8.084421,167.01364
2024-06-14 04:00:00,8.994126,176.72356
2024-06-14 05:00:00,9.503008,183.53752
2024-06-14 06:00:00,9.733449,183.83517
2024-06-14 07:00:00,10.011034,181.96333
2024-06-14 08:00:00,10.933905,183.2624
2024-06-14 09:00:00,12.1655655,188.41835
2024-06-14 10:00:00,9.9856825,187.59073
2024-06-14 11:00:00,9.543138,187.11406
2024-06-14 12:00:00,9.991362,189.70758
2024-06-14 13:00:00,10.062113,194.31648
2024-06-14 14:00:00,9.152046,197.56026
2024-06-14 15:00:00,8.098438,194.73624
2024-06-14 16:00:00,7.8125777,189.5864
2024-06-14 17:00:00,7.58802,190.23119
2024-06-14 18:00:00,6.8362823,190.4731
2024-06-14 19:00:00,7.122206,185.90698
2024-06-14 20:00:00,6.9050407,178.51993
2024-06-14 21:00:00,6.7963457,168.47226
2024-06-14 22:00:00,6.2089224,162.669
2024-06-14 23:00:00,4.9261527,169.23222
2024-06-15 00:00:00,4.1189237,158.95432
2024-06-15 01:00:00,5.0720086,156.83691
2024-06-15 02:00:00,6.560633,191.3752
2024-06-15 03:00:00,7.3782845,218.08963
2024-06-15 04:00:00,8.404972,226.77048
2024-06-15 05:00:00,9.28843,223.35732
2024-06-15 06:00:00,10.476141,227.92613
2024-06-15 07:00:00,11.921253,231.2021
2024-06-15 08:00:00,12.013603,230.84512
2024-06-15 09:00:00,12.035146,228.84389
2024-06-15 10:00:00,12.664674,230.74055
2024-06-15 11:00:00,13.503595,229.45956
2024-06-15 12:00:00,13.738338,231.11624
2024-06-15 13:00:00,13.275926,227.99635
2024-06-15 14:00:00,12.976602,221.58636
2024-06-15 15:00:00,12.508142,213.91257
2024-06-15 16:00:00,13.745631,208.51468
2024-06-15 17:00:00,14.525703,203.61586
2024-06-15 18:00:00,15.130839,204.07187
2024-06-15 19:00:00,14.458302,205.8216
2024-06-15 20:00:00,13.909482,208.49124
2024-06-15 21:00:00,13.535803,209.97641
2024-06-15 22:00:00,13.626231,206.30406
2024-06-15 23:00:00,13.604803,209.79575
2024-06-16 00:00:00,12.909457,209.39452
2024-06-16 01:00:00,12.303935,207.83232
2024-06-16 02:00:00,11.58441,208.15877
2024-06-16 03:00:00,11.210761,206.49216
2024-06-16 04:00:00,10.927966,199.85733
2024-06-16 05:00:00,11.433542,196.20546
2024-06-16 06:00:00,11.672054,195.95053
2024-06-16 07:00:00,11.408617,194.49341
2024-06-16 08:00:00,11.174042,192.3712
2024-06-16 09:00:00,11.280703,193.65254
2024-06-16 10:00:00,10.61802,203.66121
2024-06-16 11:00:00,10.686117,207.21419
2024-06-16 12:00:00,9.620424,209.6465
2024-06-16 13:00:00,9.963273,215.9348
2024-06-16 14:00:00,9.710365,216.88564
2024-06-16 15:00:00,9.285575,222.47336
2024-06-16 16:00:00,9.051698,229.34766
2024-06-16 17:00:00,8.938001,234.3875
2024-06-16 18:00:00,8.288125,235.43137
2024-06-16 19:00:00,7.343033,235.60147
2024-06-16 20:00:00,6.5765676,230.34274
2024-06-16 21:00:00,6.074802,218.26816
2024-06-16 22:00:00,6.580243,205.3497
2024-06-16 23:00:00,6.9896936,197.09053
2024-06-17 00:00:00,7.5839715,198.12491
2024-06-17 01:00:00,8.168753,200.7602
2024-06-17 02:00:00,8.6154375,202.13464
2024-06-17 03:00:00,8.610866,203.73996
2024-06-17 04:00:00,8.785935,206.3113
2024-06-17 05:00:00,8.952638,209.17697
2024-06-17 06:00:00,8.844475,212.22348
2024-06-17 07:00:00,8.494114,217.53447
2024-06-17 08:00:00,8.430156,222.80583
2024-06-17 09:00:00,8.470898,227.22105
2024-06-17 10:00:00,7.4146733,230.79573
2024-06-17 11:00:00,7.543771,237.96411
2024-06-17 12:00:00,7.5185175,245.8982
2024-06-17 13:00:00,7.0896163,250.79462
2024-06-17 14:00:00,6.8494277,252.02325
2024-06-17 15:00:00,6.7096486,252.80728
2024-06-17 16:00:00,6.3944573,254.61038
2024-06-17 17:00:00,5.989333,255.5289
2024-06-17 18:00:00,5.2855797,252.98282
2024-06-17 19:00:00,4.8032894,248.17323
2024-06-17 20:00:00,4.4762974,242.09972
2024-06-17 21:00:00,4.410905,231.29382
2024-06-17 22:00:00,4.779931,231.16203
2024-06-17 23:00:00,4.738309,232.11552
2024-06-18 00:00:00,4.667882,234.6549
2024-06-18 01:00:00,4.200183,239.9499
2024-06-18 02:00:00,3.4989707,239.37509
2024-06-18 03:00:00,2.6638453,235.30826
2024-06-18 04:00:00,1.9057121,224.51694
2024-06-18 05:00:00,2.390922,207.8267
2024-06-18 06:00:00,1.8890095,208.94421
2024-06-18 07:00:00,0.9868356,171.44058
2024-06-18 08:00:00,1.527541,149.38084
2024-06-18 09:00:00,1.303685,146.16612
2024-06-18 10:00:00,1.6642467,130.95251
2024-06-18 11:00:00,1.5588025,131.7256
2024-06-18 12:00:00,1.2558649,109.6061
2024-06-18 13:00:00,1.2221547,87.40048
2024-06-18 14:00:00,1.9246874,48.293976
2024-06-18 15:00:00,2.644939,38.442596
2024-06-18 16:00:00,3.112459,34.40181
2024-06-18 17:00:00,3.594672,34.030853
2024-06-18 18:00:00,3.9775856,29.526169
2024-06-18 19:00:00,5.0395737,29.139221
2024-06-18 20:00:00,5.671677,31.322021
2024-06-18 21:00:00,6.2568517,29.886063
2024-06-18 22:00:00,7.175693,25.956436
2024-06-18 23:00:00,7.1319556,24.313751
2024-06-19 00:00:00,6.769066,30.346603
2024-06-19 01:00:00,6.351953,26.714905
2024-06-19 02:00:00,6.136416,18.577194
2024-06-19 03:00:00,7.1275983,12.97847
2024-06-19 04:00:00,7.0929875,8.107162
2024-06-19 05:00:00,6.218326,4.8585052
2024-06-19 06:00:00,6.028234,4.59079
2024-06-19 07:00:00,6.1077685,4.364792
2024-06-19 08:00:00,6.292823,1.0235138
2024-06-19 09:00:00,6.075336,358.6535
2024-06-19 10:00:00,6.0169506,359.38443
2024-06-19 11:00:00,5.9050407,358.1233
2024-06-19 12:00:00,5.975627,355.04773
2024-06-19 13:00:00,6.59741,354.0092
2024-06-19 14:00:00,6.2736206,355.9033
2024-06-19 15:00:00,5.4278293,351.8905
2024-06-19 16:00:00,6.011142,351.64093
2024-06-19 17:00:00,6.0162287,356.44406
2024-06-19 18:00:00,5.5664134,359.4591
2024-06-19 19:00:00,5.4553156,5.5028076
2024-06-19 20:00:00,5.340283,16.173996
2024-06-19 21:00:00,5.0082817,27.624207
2024-06-19 22:00:00,3.8393235,56.705956
2024-06-19 23:00:00,3.221055,53.273003
2024-06-20 00:00:00,3.4976397,62.826294
2024-06-20 01:00:00,2.2087247,65.0616
2024-06-20 02:00:00,3.3456585,59.197647
2024-06-20 03:00:00,3.2884185,87.12942
2024-06-20 04:00:00,3.9766645,80.61685
2024-06-20 05:00:00,3.5562408,106.067184
2024-06-20 06:00:00,3.368081,88.994774
2024-06-20 07:00:00,3.8124058,79.27595
2024-06-20 08:00:00,2.5315533,93.52781
2024-06-20 09:00:00,3.2903323,79.84834
2024-06-20 10:00:00,3.175427,81.684616
2024-06-20 11:00:00,2.097581,70.41356
2024-06-20 12:00:00,2.8391871,55.264595
2024-06-20 13:00:00,3.1113384,34.340363
2024-06-20 14:00:00,4.6145267,25.101196
2024-06-20 15:00:00,6.048542,31.829376
2024-06-20 16:00:00,6.1779056,36.073257
2024-06-20 17:00:00,7.128267,39.94731
2024-06-20 18:00:00,6.609228,47.083664
2024-06-20 19:00:00,6.494965,47.263306
2024-06-20 20:00:00,6.896058,48.428497
2024-06-20 21:00:00,6.965412,52.39791
2024-06-20 22:00:00,6.6286345,60.170197
2024-06-20 23:00:00,6.4136066,60.623665
2024-06-21 00:00:00,5.6582165,62.55355
2024-06-21 01:00:00,5.895948,52.61515
2024-06-21 02:00:00,6.0083575,57.408386
2024-06-21 03:00:00,6.2962327,53.174583
2024-06-21 04:00:00,6.4103427,52.765205
2024-06-21 05:00:00,5.875943,56.278397
2024-06-21 06:00:00,5.3993983,52.592293
2024-06-21 07:00:00,5.1883965,44.375275
2024-06-21 08:00:00,4.9910035,45.637527
2024-06-21 09:00:00,5.2585707,40.374603
2024-06-21 10:00:00,4.7250624,33.813904
2024-06-21 11:00:00,5.526578,19.402939
2024-06-21 12:00:00,6.3364015,20.136261
2024-06-21 13:00:00,6.2184515,26.135437
2024-06-21 14:00:00,5.518558,22.807785
2024-06-21 15:00:00,4.9819427,14.325623
2024-06-21 16:00:00,4.7399783,359.67517
2024-06-21 17:00:00,4.47483,341.95557
2024-06-21 18:00:00,4.4888144,330.5395
2024-06-21 19:00:00,4.3566427,319.30878
2024-06-21 20:00:00,3.4610124,297.08682
2024-06-21 21:00:00,4.0292506,265.19904
2024-06-21 22:00:00,5.200796,239.30516
2024-06-21 23:00:00,5.2169065,239.96486
2024-06-22 00:00:00,5.629707,236.09341
2024-06-22 01:00:00,6.2372375,231.53448
2024-06-22 02:00:00,6.541783,218.81686
2024-06-22 03:00:00,7.0874157,219.71385
2024-06-22 04:00:00,7.5509453,228.33018
2024-06-22 05:00:00,7.5252867,233.46361
2024-06-22 06:00:00,7.349872,237.66115
2024-06-22 07:00:00,7.790717,245.19966
2024-06-22 08:00:00,7.731961,251.26987
2024-06-22 09:00:00,7.4867444,255.28221
2024-06-22 10:00:00,7.8499637,261.23694
2024-06-22 11:00:00,8.315423,267.81848
2024-06-22 12:00:00,8.370178,271.52844
2024-06-22 13:00:00,7.9979477,271.0483
2024-06-22 14:00:00,7.3729157,268.31516
2024-06-22 15:00:00,6.7996035,267.36407
2024-06-22 16:00:00,6.4093757,267.23013
2024-06-22 17:00:00,6.2767982,267.2987
2024-06-22 18:00:00,6.1038322,269.7473
2024-06-22 19:00:00,5.6814475,269.69916
2024-06-22 20:00:00,5.220407,266.70026
2024-06-22 21:00:00,5.028639,262.03705
2024-06-22 22:00:00,4.5281544,255.2893
2024-06-22 23:00:00,5.036547,254.64264
2024-06-23 00:00:00,5.186945,253.4589
2024-06-23 01:00:00,5.400628,252.61002
2024-06-23 02:00:00,5.377906,250.90385
2024-06-23 03:00:00,4.6390195,248.35487
2024-06-23 04:00:00,4.256846,242.47552
2024-06-23 05:00:00,4.084331,240.59595
2024-06-23 06:00:00,3.6105263,239.89229
2024-06-23 07:00:00,3.4156706,235.13695
2024-06-23 08:00:00,3.5170794,231.87975
2024-06-23 09:00:00,3.4786024,234.1043
2024-06-23 10:00:00,3.3173232,221.61572
2024-06-23 11:00:00,3.7108397,236.8377
2024-06-23 12:00:00,4.1239176,254.63132
2024-06-23 13:00:00,4.947678,267.71704
2024-06-23 14:00:00,5.5520167,282.23633
2024-06-23 15:00:00,5.5765452,298.11505
2024-06-23 16:00:00,5.1492643,310.26337
2024-06-23 17:00:00,4.5851436,320.3861
2024-06-23 18:00:00,3.7768204,330.3246
2024-06-23 19:00:00,3.2683468,339.45953
2024-06-23 20:00:00,2.7963595,349.55084
2024-06-23 21:00:00,2.1722085,359.20056
2024-06-23 22:00:00,2.6446555,25.102432
2024-06-23 23:00:00,2.4571524,31.629517
2024-06-24 00:00:00,2.1186688,41.828537
2024-06-24 01:00:00,1.5127617,52.629616
2024-06-24 02:00:00,0.9584777,53.53138
2024-06-24 03:00:00,0.7132217,38.576828
2024-06-24 04:00:00,0.93075585,22.177292
2024-06-24 05:00:00,1.4371026,32.48282
2024-06-24 06:00:00,1.8762127,46.936295
2024-06-24 07:00:00,1.9140579,64.82121
2024-06-24 08:00:00,1.9133388,74.359024
2024-06-24 09:00:00,1.842323,68.05766
2024-06-24 10:00:00,1.8346386,84.16064
2024-06-24 11:00:00,1.6183047,75.11584
2024-06-24 12:00:00,1.6643755,68.860756
2024-06-24 13:00:00,1.5794529,60.920944
2024-06-24 14:00:00,2.1432164,38.369278
2024-06-24 15:00:00,3.3094828,32.753174
2024-06-24 16:00:00,4.3035955,36.41092
2024-06-24 17:00:00,5.3607616,39.17569
2024-06-24 18:00:00,6.3599024,43.955322
2024-06-24 19:00:00,7.3470745,51.44658
2024-06-24 20:00:00,8.056218,60.532333
2024-06-24 21:00:00,8.38376,68.80853
2024-06-24 22:00:00,8.8531685,85.05968
2024-06-24 23:00:00,8.044195,90.62399
2024-06-25 00:00:00,7.443234,94.181946
2024-06-25 01:00:00,6.933165,95.49911
2024-06-25 02:00:00,6.5561905,95.2755
2024-06-25 03:00:00,6.429224,95.38891
2024-06-25 04:00:00,6.1577306,94.4108
2024-06-25 05:00:00,5.8047953,93.00456
2024-06-25 06:00:00,5.2988205,92.32391
2024-06-25 07:00:00,4.6443663,87.26209
2024-06-25 08:00:00,4.334308,77.740295
2024-06-25 09:00:00,4.35875,66.599754
2024-06-25 10:00:00,5.2530937,53.306908
2024-06-25 11:00:00,6.0106773,47.509262
2024-06-25 12:00:00,6.5758233,46.44368
2024-06-25 13:00:00,7.02887,45.144897
2024-06-25 14:00:00,7.728265,41.68602
2024-06-25 15:00:00,8.439647,39.885605
2024-06-25 16:00:00,8.720128,41.43628
2024-06-25 17:00:00,8.792805,41.453033
2024-06-25 18:00:00,8.987661,43.624252
2024-06-25 19:00:00,9.1546755,46.71089
2024-06-25 20:00:00,9.185191,50.806503
2024-06-25 21:00:00,8.955671,56.671448
2024-06-25 22:00:00,8.862101,61.440857
2024-06-25 23:00:00,8.1441555,62.844696
2024-06-26 00:00:00,7.77891,64.13428
2024-06-26 01:00:00,7.486482,67.2663
2024-06-26 02:00:00,7.230965,71.33376
2024-06-26 03:00:00,7.0680146,76.99114
2024-06-26 04:00:00,6.722725,82.32315
2024-06-26 05:00:00,6.26945,87.64739
2024-06-26 06:00:00,5.5383086,88.643524
2024-06-26 07:00:00,4.547678,86.286964
2024-06-26 08:00:00,4.108143,76.06484
2024-06-26 09:00:00,4.1805696,66.87009
2024-06-26 10:00:00,4.788406,53.985847
2024-06-26 11:00:00,5.308456,58.834198
2024-06-26 12:00:00,5.560623,62.849586
2024-06-26 13:00:00,5.5916095,62.97695
2024-06-26 14:00:00,5.6461377,57.933144
2024-06-26 15:00:00,6.001235,53.858833
2024-06-26 16:00:00,6.4457693,55.358192
2024-06-26 17:00:00,6.9589415,56.90071
2024-06-26 18:00:00,7.752047,58.11528
2024-06-26 19:00:00,8.28739,61.4937
2024-06-26 20:00:00,8.386954,67.682915
2024-06-26 21:00:00,7.8614,72.528595
2024-06-26 22:00:00,7.0272045,86.02306
2024-06-26 23:00:00,6.359365,93.775375
2024-06-27 00:00:00,5.647016,100.631935
2024-06-27 01:00:00,5.5083876,114.41558
2024-06-27 02:00:00,5.30446,139.32645
2024-06-27 03:00:00,5.1167107,173.82973
2024-06-27 04:00:00,5.3979588,215.65938
2024-06-27 05:00:00,6.069288,246.05283
2024-06-27 06:00:00,5.636142,258.18
2024-06-27 07:00:00,4.936764,255.1442
2024-06-27 08:00:00,4.7301297,244.20023
2024-06-27 09:00:00,4.898389,228.55606
2024-06-27 10:00:00,5.436788,227.37827
2024-06-27 11:00:00,7.6388316,237.01178
2024-06-27 12:00:00,7.660353,237.7492
2024-06-27 13:00:00,7.763982,236.5434
2024-06-27 14:00:00,6.97418,232.9495
2024-06-27 15:00:00,6.3306217,235.65654
2024-06-27 16:00:00,6.804902,247.0152
2024-06-27 17:00:00,7.2032733,255.04797
2024-06-27 18:00:00,6.5644,252.69759
2024-06-27 19:00:00,6.4690733,245.49802
2024-06-27 20:00:00,7.1968307,238.71727
2024-06-27 21:00:00,7.838893,236.4479
2024-06-27 22:00:00,7.802092,238.88051
2024-06-27 23:00:00,7.7168455,241.35565
2024-06-28 00:00:00,8.150591,243.13876
2024-06-28 01:00:00,8.141543,241.95427
2024-06-28 02:00:00,9.170316,253.03644
2024-06-28 03:00:00,10.1128645,266.38788
2024-06-28 04:00:00,9.947937,270.28064
2024-06-28 05:00:00,9.391473,266.79187
2024-06-28 06:00:00,9.252495,264.41373
2024-06-28 07:00:00,9.295215,260.28284
2024-06-28 08:00:00,9.397915,255.73671
2024-06-28 09:00:00,9.299496,250.75555
2024-06-28 10:00:00,8.949557,251.14366
2024-06-28 11:00:00,9.611282,251.107
2024-06-28 12:00:00,9.886379,251.89258
2024-06-28 13:00:00,9.796509,252.96352
2024-06-28 14:00:00,9.260844,254.27475
2024-06-28 15:00:00,9.488278,250.56119
2024-06-28 16:00:00,9.504728,248.10564
2024-06-28 17:00:00,8.749924,247.24089
2024-06-28 18:00:00,7.6995764,245.75882
2024-06-28 19:00:00,6.544873,243.37521
2024-06-28 20:00:00,6.0025287,242.02402
2024-06-28 21:00:00,5.8015366,238.5321
2024-06-28 22:00:00,4.903284,233.4376
2024-06-28 23:00:00,4.80636,228.6074
2024-06-29 00:00:00,4.64355,227.11671
2024-06-29 01:00:00,4.371012,231.11182
2024-06-29 02:00:00,4.1990795,223.28638
2024-06-29 03:00:00,4.3333764,211.79608
2024-06-29 04:00:00,4.9546437,203.82648
2024-06-29 05:00:00,4.806172,199.57275
2024-06-29 06:00:00,4.670398,195.24171
2024-06-29 07:00:00,4.616231,196.88171
2024-06-29 08:00:00,4.0283933,200.52751
2024-06-29 09:00:00,3.1596992,205.43575
2024-06-29 10:00:00,1.5001142,231.65895
2024-06-29 11:00:00,1.3356528,305.03323
2024-06-29 12:00:00,1.5962253,320.01593
2024-06-29 13:00:00,2.2462945,350.48438
2024-06-29 14:00:00,3.0868857,2.180664
2024-06-29 15:00:00,4.9224553,10.899261
2024-06-29 16:00:00,5.3720875,20.353882
2024-06-29 17:00:00,5.4234943,24.812317
2024-06-29 18:00:00,6.8919315,25.86325
2024-06-29 19:00:00,7.8210883,32.720688
2024-06-29 20:00:00,8.351159,39.497086
2024-06-29 21:00:00,8.137484,43.61116
2024-06-29 22:00:00,7.917697,43.266037
2024-06-29 23:00:00,6.4215765,41.16092
2024-06-30 00:00:00,6.1142473,38.661697
2024-06-30 01:00:00,5.8358884,29.758987
2024-06-30 02:00:00,6.10303,15.336075
2024-06-30 03:00:00,6.5942917,4.860428
2024-06-30 04:00:00,7.0625906,353.93274
2024-06-30 05:00:00,7.7612233,346.19092
2024-06-30 06:00:00,7.619052,343.73865
2024-06-30 07:00:00,7.2120037,340.16498
2024-06-30 08:00:00,7.098906,338.06366
2024-06-30 09:00:00,6.911676,335.0456
2024-06-30 10:00:00,7.6681643,324.56628
2024-06-30 11:00:00,7.3127975,322.07684
2024-06-30 12:00:00,6.9478393,322.8088
2024-06-30 13:00:00,6.77548,321.78802
2024-06-30 14:00:00,6.557422,319.9352
2024-06-30 15:00:00,6.220093,316.12946
2024-06-30 16:00:00,5.936232,311.60364
2024-06-30 17:00:00,5.725817,308.93195
2024-06-30 18:00:00,5.2643948,310.54962
2024-06-30 19:00:00,5.406246,317.39636
2024-06-30 20:00:00,6.065254,322.43427
2024-06-30 21:00:00,6.7632284,326.38638
2024-06-30 22:00:00,6.8904686,326.53876
2024-06-30 23:00:00,7.4289083,323.50226
2024-07-01 00:00:00,7.661966,324.37436
2024-07-01 01:00:00,7.747321,324.5707
2024-07-01 02:00:00,7.9527454,319.28937
2024-07-01 03:00:00,8.648344,317.40735
2024-07-01 04:00:00,8.577177,319.0089
2024-07-01 05:00:00,7.92508,319.2798
2024-07-01 06:00:00,7.3193707,317.8205
2024-07-01 07:00:00,7.1523547,315.47058
2024-07-01 08:00:00,7.023728,313.47018
2024-07-01 09:00:00,7.0251584,309.73004
2024-07-01 10:00:00,7.234513,295.41824
2024-07-01 11:00:00,7.997783,294.55994
2024-07-01 12:00:00,8.348149,292.64334
2024-07-01 13:00:00,7.794949,288.11792
2024-07-01 14:00:00,8.193323,283.9437
2024-07-01 15:00:00,8.684868,281.891
2024-07-01 16:00:00,8.750285,281.52844
2024-07-01 17:00:00,8.949886,281.9365
2024-07-01 18:00:00,9.075321,279.1323
2024-07-01 19:00:00,9.30673,275.0073
2024-07-01 20:00:00,9.185505,270.55615
2024-07-01 21:00:00,8.949661,267.37698
2024-07-01 22:00:00,9.662959,269.01468
2024-07-01 23:00:00,9.80182,277.55066
2024-07-02 00:00:00,9.542297,282.65503
2024-07-02 01:00:00,8.584195,288.6331
2024-07-02 02:00:00,8.080848,296.53473
2024-07-02 03:00:00,7.573068,310.60614
2024-07-02 04:00:00,7.257199,321.13037
2024-07-02 05:00:00,7.348568,324.91397
2024-07-02 06:00:00,7.9956927,326.62085
2024-07-02 07:00:00,8.978528,327.10272
2024-07-02 08:00:00,10.03134,325.7774
2024-07-02 09:00:00,10.081449,325.66595
2024-07-02 10:00:00,9.306031,330.73053
2024-07-02 11:00:00,9.330933,332.50983
2024-07-02 12:00:00,9.463396,332.23706
2024-07-02 13:00:00,9.360727,331.02374
2024-07-02 14:00:00,9.178875,330.12323
2024-07-02 15:00:00,9.472328,327.3465
2024-07-02 16:00:00,9.62368,324.81876
2024-07-02 17:00:00,9.742964,322.7812
2024-07-02 18:00:00,9.292036,321.9855
2024-07-02 19:00:00,8.575784,319.78815
2024-07-02 20:00:00,8.011367,315.41132
2024-07-02 21:00:00,7.2904563,310.7687
2024-07-02 22:00:00,7.245433,302.926
2024-07-02 23:00:00,7.6240373,296.15393
2024-07-03 00:00:00,7.214858,292.11328
2024-07-03 01:00:00,6.8747025,284.6654
2024-07-03 02:00:00,7.1690598,276.45135
2024-07-03 03:00:00,7.252709,268.52826
2024-07-03 04:00:00,6.858914,255.9524
2024-07-03 05:00:00,6.898154,243.95139
2024-07-03 06:00:00,7.1572866,234.81772
2024-07-03 07:00:00,8.208191,240.97647
2024-07-03 08:00:00,9.204957,256.3169
2024-07-03 09:00:00,9.078677,271.77066
2024-07-03 10:00:00,8.451678,281.23007
2024-07-03 11:00:00,7.998318,282.79358
2024-07-03 12:00:00,7.249967,281.84897
2024-07-03 13:00:00,6.4152503,276.90768
2024-07-03 14:00:00,6.183406,267.85266
2024-07-03 15:00:00,6.2694545,257.67465
2024-07-03 16:00:00,6.4652896,248.11063
2024-07-03 17:00:00,6.6201906,237.0791
2024-07-03 18:00:00,7.297258,226.136
2024-07-03 19:00:00,8.780488,216.93573
2024-07-03 20:00:00,10.212233,211.30963
2024-07-03 21:00:00,10.866383,208.6213
2024-07-03 22:00:00,10.886714,207.25505
2024-07-03 23:00:00,10.932849,212.25974
2024-07-04 00:00:00,10.977657,221.18735
2024-07-04 01:00:00,11.840813,238.34598
2024-07-04 02:00:00,13.04158,255.70616
2024-07-04 03:00:00,13.26001,277.28928
2024-07-04 04:00:00,11.978746,287.0099
2024-07-04 05:00:00,12.299825,288.29138
2024-07-04 06:00:00,12.964024,288.75415
2024-07-04 07:00:00,12.630278,287.96536
2024-07-04 08:00:00,12.237655,285.27264
2024-07-04 09:00:00,11.865012,282.0434
2024-07-04 10:00:00,12.252384,275.71405
2024-07-04 11:00:00,12.05051,272.87616
2024-07-04 12:00:00,12.159931,268.42307
2024-07-04 13:00:00,12.278962,265.56232
2024-07-04 14:00:00,12.389855,263.8036
2024-07-04 15:00:00,12.624067,262.8045
2024-07-04 16:00:00,12.05458,260.5414
2024-07-04 17:00:00,10.90953,255.74768
2024-07-04 18:00:00,10.505617,249.4592
2024-07-04 19:00:00,10.529264,246.92163
2024-07-04 20:00:00,10.263456,244.24518
2024-07-04 21:00:00,10.342337,244.50838
2024-07-04 22:00:00,9.464079,237.80652
2024-07-04 23:00:00,9.43059,236.38797
2024-07-05 00:00:00,9.160039,238.48647
2024-07-05 01:00:00,9.600501,245.59444
2024-07-05 02:00:00,10.268859,252.23363
2024-07-05 03:00:00,10.588759,256.1092
2024-07-05 04:00:00,10.177073,255.07812
2024-07-05 05:00:00,9.516762,249.35002
2024-07-05 06:00:00,9.934561,244.48482
2024-07-05 07:00:00,10.726402,245.68723
2024-07-05 08:00:00,11.012802,245.79309
2024-07-05 09:00:00,11.394836,245.66266
2024-07-05 10:00:00,11.32283,247.835
2024-07-05 11:00:00,11.091154,246.6705
2024-07-05 12:00:00,11.11123,244.4971
2024-07-05 13:00:00,10.421012,243.9491
2024-07-05 14:00:00,9.79812,239.7783
2024-07-05 15:00:00,9.682671,234.7183
2024-07-05 16:00:00,9.088923,228.61713
2024-07-05 17:00:00,8.798055,222.02469
2024-07-05 18:00:00,8.3196945,214.82376
2024-07-05 19:00:00,7.688095,212.68263
2024-07-05 20:00:00,7.416208,217.64984
2024-07-05 21:00:00,7.104742,212.98766
2024-07-05 22:00:00,7.6414356,206.90381
2024-07-05 23:00:00,8.600026,200.80289
2024-07-06 00:00:00,10.089893,193.85631
2024-07-06 01:00:00,11.078755,192.16368
2024-07-06 02:00:00,10.978319,190.34818
2024-07-06 03:00:00,10.823065,188.32147
2024-07-06 04:00:00,11.187686,188.08313
2024-07-06 05:00:00,11.260035,193.39961
2024-07-06 06:00:00,11.002385,201.3646
2024-07-06 07:00:00,9.971747,195.39934
2024-07-06 08:00:00,11.09877,195.03433
2024-07-06 09:00:00,12.728498,197.48006
2024-07-06 10:00:00,15.447273,205.81148
2024-07-06 11:00:00,16.401983,215.26324
2024-07-06 12:00:00,17.67711,220.48991
2024-07-06 13:00:00,19.793541,225.29443
2024-07-06 14:00:00,19.83187,226.92245
2024-07-06 15:00:00,19.15185,235.14957
2024-07-06 16:00:00,17.211395,254.13055
2024-07-06 17:00:00,15.852734,256.35083
2024-07-06 18:00:00,15.340444,254.84073
2024-07-06 19:00:00,13.75222,254.76297
2024-07-06 20:00:00,12.320259,253.1578
2024-07-06 21:00:00,11.454357,253.32806
2024-07-06 22:00:00,12.901551,254.31802
2024-07-06 23:00:00,11.860864,259.18726
2024-07-07 00:00:00,11.189199,253.97696
2024-07-07 01:00:00,10.807453,246.68828
2024-07-07 02:00:00,10.511659,243.86118
2024-07-07 03:00:00,10.384015,241.45934
2024-07-07 04:00:00,10.1203375,238.53131
2024-07-07 05:00:00,9.535419,232.29642
2024-07-07 06:00:00,9.258144,225.78027
2024-07-07 07:00:00,9.929817,223.85434
2024-07-07 08:00:00,10.468999,223.35944
2024-07-07 09:00:00,10.579933,222.04095
2024-07-07 10:00:00,9.850337,225.27255
2024-07-07 11:00:00,9.543434,225.86656
2024-07-07 12:00:00,8.756546,224.75839
2024-07-07 13:00:00,9.278047,225.5257
2024-07-07 14:00:00,8.84316,221.53448
2024-07-07 15:00:00,8.565521,222.71567
2024-07-07 16:00:00,9.080568,223.79947
2024-07-07 17:00:00,8.896163,221.59232
2024-07-07 18:00:00,9.3315735,217.78712
2024-07-07 19:00:00,8.985809,211.57481
2024-07-07 20:00:00,8.910752,206.58208
2024-07-07 21:00:00,9.063867,207.11351
2024-07-07 22:00:00,9.016236,210.7233
2024-07-07 23:00:00,10.333731,216.39899
2024-07-08 00:00:00,10.384799,224.61899
2024-07-08 01:00:00,9.643849,227.42819
2024-07-08 02:00:00,9.029225,228.27579
2024-07-08 03:00:00,8.445739,231.34776
2024-07-08 04:00:00,7.7042255,233.68408
2024-07-08 05:00:00,6.999341,234.09286
2024-07-08 06:00:00,6.3747277,233.86728
2024-07-08 07:00:00,5.9113436,229.23631
2024-07-08 08:00:00,5.8061013,227.72641
2024-07-08 09:00:00,5.504816,227.44505
2024-07-08 10:00:00,5.0046988,234.05212
2024-07-08 11:00:00,4.9061737,239.9435
2024-07-08 12:00:00,4.9830174,248.51459
2024-07-08 13:00:00,4.307618,260.71976
2024-07-08 14:00:00,3.4435673,277.13
2024-07-08 15:00:00,2.841369,295.82837
2024-07-08 16:00:00,2.2989357,325.5797
2024-07-08 17:00:00,2.5673516,7.3434753
2024-07-08 18:00:00,3.10527,33.086533
2024-07-08 19:00:00,3.9590902,50.89839
2024-07-08 20:00:00,4.817227,69.74069
2024-07-08 21:00:00,5.526067,86.56626
2024-07-08 22:00:00,7.164337,91.956825
2024-07-08 23:00:00,7.058147,98.58592
2024-07-09 00:00:00,6.817983,101.505455
2024-07-09 01:00:00,6.560614,100.93928
2024-07-09 02:00:00,6.6833253,96.56415
2024-07-09 03:00:00,6.803899,91.132454
2024-07-09 04:00:00,6.6992,88.435356
2024-07-09 05:00:00,8.116479,86.99667
2024-07-09 06:00:00,8.699972,92.626854
2024-07-09 07:00:00,8.214684,101.15499
2024-07-09 08:00:00,7.3252163,108.0321
2024-07-09 09:00:00,7.253822,112.86668
2024-07-09 10:00:00,6.4908524,110.83731
2024-07-09 11:00:00,6.9171557,117.26384
2024-07-09 12:00:00,7.247198,123.85292
2024-07-09 13:00:00,7.002316,126.72575
2024-07-09 14:00:00,6.3486037,130.25049
2024-07-09 15:00:00,5.5824146,125.91287
2024-07-09 16:00:00,4.2994018,114.16981
2024-07-09 17:00:00,2.1550379,66.26772
2024-07-09 18:00:00,3.1435807,19.488495
2024-07-09 19:00:00,4.700906,26.897034
2024-07-09 20:00:00,4.498865,48.849564
2024-07-09 21:00:00,4.473003,98.260506
2024-07-09 22:00:00,2.6806722,97.50143
2024-07-09 23:00:00,3.9157867,190.00223
2024-07-10 00:00:00,7.307583,222.25377
2024-07-10 01:00:00,8.688458,231.67207
2024-07-10 02:00:00,8.929494,231.22006
2024-07-10 03:00:00,8.92526,226.98878
2024-07-10 04:00:00,8.976739,226.56366
2024-07-10 05:00:00,8.455588,223.9401
2024-07-10 06:00:00,8.024473,212.91534
2024-07-10 07:00:00,8.432138,198.88474
2024-07-10 08:00:00,9.464474,198.54808
2024-07-10 09:00:00,9.325662,203.97256
2024-07-10 10:00:00,7.3938065,208.79308
2024-07-10 11:00:00,7.5198984,218.86905
2024-07-10 12:00:00,8.227056,232.61725
2024-07-10 13:00:00,8.385684,237.97244
2024-07-10 14:00:00,8.496771,239.5253
2024-07-10 15:00:00,9.154486,239.6553
2024-07-10 16:00:00,9.565751,239.84749
2024-07-10 17:00:00,9.37724,238.29903
2024-07-10 18:00:00,8.787184,233.8532
2024-07-10 19:00:00,8.3606825,230.06017
2024-07-10 20:00:00,8.174347,224.89732
2024-07-10 21:00:00,7.8666186,217.15562
2024-07-10 22:00:00,7.9522376,213.55121
2024-07-10 23:00:00,8.504531,209.82672
2024-07-11 00:00:00,8.957186,211.29045
2024-07-11 01:00:00,9.251995,217.4018
2024-07-11 02:00:00,9.224624,223.49985
2024-07-11 03:00:00,8.465763,226.84937
2024-07-11 04:00:00,7.8429894,226.79858
2024-07-11 05:00:00,7.708942,231.1623
2024-07-11 06:00:00,7.440354,239.44202
2024-07-11 07:00:00,7.224038,247.09634
2024-07-11 08:00:00,7.003558,252.0091
2024-07-11 09:00:00,6.829287,253.95576
2024-07-11 10:00:00,6.3602104,262.89774
2024-07-11 11:00:00,6.4105163,266.08234
2024-07-11 12:00:00,6.479342,268.02307
2024-07-11 13:00:00,6.57526,269.29276
2024-07-11 14:00:00,6.226814,277.51218
2024-07-11 15:00:00,5.7523994,285.1704
2024-07-11 16:00:00,5.6931167,287.67856
2024-07-11 17:00:00,5.5471616,298.10748
2024-07-11 18:00:00,5.1962543,309.96548
2024-07-11 19:00:00,4.9111705,318.13428
2024-07-11 20:00:00,4.7395115,328.00818
2024-07-11 21:00:00,4.295051,335.31903
2024-07-11 22:00:00,4.951917,342.64093
2024-07-11 23:00:00,5.4264426,358.15225
2024-07-12 00:00:00,4.7930503,10.087494
2024-07-12 01:00:00,5.0758586,14.762222
2024-07-12 02:00:00,5.3579383,21.42189
2024-07-12 03:00:00,4.5236974,28.399078
2024-07-12 04:00:00,4.848954,29.77353
2024-07-12 05:00:00,5.1897917,27.867783
2024-07-12 06:00:00,4.707882,33.564926
2024-07-12 07:00:00,5.2778797,25.51381
2024-07-12 08:00:00,5.867867,12.275635
2024-07-12 09:00:00,6.536953,5.0410004
2024-07-12 10:00:00,6.0227785,7.1976166
2024-07-12 11:00:00,7.270289,1.0067139
2024-07-12 12:00:00,8.263337,359.9685
2024-07-12 13:00:00,8.025485,355.71368
2024-07-12 14:00:00,7.6349087,348.8244
2024-07-12 15:00:00,7.8502784,339.37128
2024-07-12 16:00:00,8.083797,332.68134
2024-07-12 17:00:00,7.7622733,330.42682
2024-07-12 18:00:00,7.5993795,325.28024
2024-07-12 19:00:00,7.672395,323.98004
2024-07-12 20:00:00,7.346159,321.70453
2024-07-12 21:00:00,6.667601,316.53537
2024-07-12 22:00:00,5.1150465,309.52292
2024-07-12 23:00:00,4.6924405,291.9256
2024-07-13 00:00:00,5.1981053,280.28143
2024-07-13 01:00:00,5.5479574,272.5691
2024-07-13 02:00:00,5.9936132,266.89075
2024-07-13 03:00:00,6.3752546,265.8244
2024-07-13 04:00:00,5.959479,268.39767
2024-07-13 05:00:00,5.4069123,267.62875
2024-07-13 06:00:00,5.414376,265.94257
2024-07-13 07:00:00,5.7303314,261.93246
2024-07-13 08:00:00,5.9401603,258.5434
2024-07-13 09:00:00,6.2966967,250.12086
2024-07-13 10:00:00,8.967276,272.9879
2024-07-13 11:00:00,8.948404,268.5194
2024-07-13 12:00:00,9.050234,262.53662
2024-07-13 13:00:00,9.417806,258.3011
2024-07-13 14:00:00,10.131283,256.31555
2024-07-13 15:00:00,11.466595,256.44702
2024-07-13 16:00:00,11.654184,256.24603
2024-07-13 17:00:00,11.594725,255.35303
2024-07-13 18:00:00,11.753515,253.11487
2024-07-13 19:00:00,11.4394655,248.05777
2024-07-13 20:00:00,11.007886,241.15517
2024-07-13 21:00:00,10.7191105,236.94708
2024-07-13 22:00:00,11.220028,232.81645
2024-07-13 23:00:00,11.493678,232.86563
2024-07-14 00:00:00,11.482954,233.26266
2024-07-14 01:00:00,11.268525,237.02116
2024-07-14 02:00:00,11.026746,233.90353
2024-07-14 03:00:00,10.637987,228.63762
2024-07-14 04:00:00,10.923375,223.64261
2024-07-14 05:00:00,11.12371,219.64464
2024-07-14 06:00:00,11.575382,218.99927
2024-07-14 07:00:00,11.4885025,217.89331
2024-07-14 08:00:00,11.900653,221.02736
2024-07-14 09:00:00,12.201066,223.12302
2024-07-14 10:00:00,12.40347,229.69589
2024-07-14 11:00:00,12.688391,232.40538
2024-07-14 12:00:00,12.926736,234.35641
2024-07-14 13:00:00,13.439789,237.76526
2024-07-14 14:00:00,13.510077,241.13495
2024-07-14 15:00:00,12.901387,243.16171
2024-07-14 16:00:00,12.007065,244.97673
2024-07-14 17:00:00,10.717235,246.94997
2024-07-14 18:00:00,9.948963,246.51524
2024-07-14 19:00:00,9.368146,247.12709
2024-07-14 20:00:00,8.650093,246.47809
2024-07-14 21:00:00,8.253486,242.45126
2024-07-14 22:00:00,7.8599706,238.59518
2024-07-14 23:00:00,7.968786,237.6446
2024-07-15 00:00:00,7.763982,239.01537
2024-07-15 01:00:00,7.336169,241.9377
2024-07-15 02:00:00,6.7899556,241.97707
2024-07-15 03:00:00,6.582925,239.57716
2024-07-15 04:00:00,6.208472,240.43658
2024-07-15 05:00:00,5.150395,243.73598
2024-07-15 06:00:00,3.8012033,241.99881
2024-07-15 07:00:00,3.3253546,234.76974
2024-07-15 08:00:00,2.8283725,226.65887
2024-07-15 09:00:00,2.6263669,212.1464
2024-07-15 10:00:00,1.945144,195.72607
2024-07-15 11:00:00,1.9712625,193.79361
2024-07-15 12:00:00,1.698245,180.12146
2024-07-15 13:00:00,1.3627146,154.3632
2024-07-15 14:00:00,1.2973526,100.451294
2024-07-15 15:00:00,3.1458192,71.27853
2024-07-15 16:00:00,3.8523567,79.89901
2024-07-15 17:00:00,4.5814905,79.801186
2024-07-15 18:00:00,5.680357,67.352554
2024-07-15 19:00:00,7.0339775,64.90666
2024-07-15 20:00:00,8.605424,74.804855
2024-07-15 21:00:00,9.412964,77.05438
2024-07-15 22:00:00,8.280191,75.06306
2024-07-15 23:00:00,8.27309,86.43416
2024-07-16 00:00:00,7.3878365,96.970314
2024-07-16 01:00:00,6.893421,114.27567
2024-07-16 02:00:00,6.322023,149.37251
2024-07-16 03:00:00,6.73235,189.18138
2024-07-16 04:00:00,8.897866,213.72955
2024-07-16 05:00:00,10.364956,219.93335
2024-07-16 06:00:00,10.922675,218.33109
2024-07-16 07:00:00,11.452211,222.86967
2024-07-16 08:00:00,11.621997,227.86813
2024-07-16 09:00:00,11.527862,228.0246
2024-07-16 10:00:00,8.744639,225.6248
2024-07-16 11:00:00,9.103084,224.4125
2024-07-16 12:00:00,9.076638,223.10422
2024-07-16 13:00:00,8.6222105,224.49118
2024-07-16 14:00:00,8.992364,228.32018
2024-07-16 15:00:00,8.59141,229.01868
2024-07-16 16:00:00,8.644865,230.17877
2024-07-16 17:00:00,9.367965,231.65991
2024-07-16 18:00:00,9.629946,233.90161
2024-07-16 19:00:00,9.98796,234.06203
2024-07-16 20:00:00,10.768287,236.54387
2024-07-16 21:00:00,11.584907,243.10469
2024-07-16 22:00:00,12.433151,257.9856
2024-07-16 23:00:00,12.271307,268.2954
2024-07-17 00:00:00,12.070917,277.75104
2024-07-17 01:00:00,11.898703,282.48795
2024-07-17 02:00:00,11.492586,284.4267
2024-07-17 03:00:00,10.67414,286.42026
2024-07-17 04:00:00,9.411679,287.03058
2024-07-17 05:00:00,8.341628,285.11475
2024-07-17 06:00:00,7.5642824,283.5753
2024-07-17 07:00:00,7.0374575,283.11832
2024-07-17 08:00:00,6.7199907,283.41388
2024-07-17 09:00:00,6.5102367,285.1557
2024-07-17 10:00:00,5.787537,281.7356
2024-07-17 11:00:00,5.937077,275.6764
2024-07-17 12:00:00,6.466802,272.50452
2024-07-17 13:00:00,6.7708483,272.8477
2024-07-17 14:00:00,6.7310834,274.86584
2024-07-17 15:00:00,6.500865,279.65765
2024-07-17 16:00:00,5.8770285,285.9524
2024-07-17 17:00:00,4.68366,292.20142
2024-07-17 18:00:00,3.45418,297.89832
2024-07-17 19:00:00,2.3903654,293.8281
2024-07-17 20:00:00,1.7275574,280.18347
2024-07-17 21:00:00,1.3947995,262.38644
2024-07-17 22:00:00,1.0999869,177.93053
2024-07-17 23:00:00,1.5870823,184.78717
2024-07-18 00:00:00,2.0557745,200.33833
2024-07-18 01:00:00,2.2958078,211.38843
2024-07-18 02:00:00,2.3748972,225.28934
2024-07-18 03:00:00,2.1784387,247.46878
2024-07-18 04:00:00,1.710498,264.32864
2024-07-18 05:00:00,0.9030721,284.30023
2024-07-18 06:00:00,0.3005742,15.251099
2024-07-18 07:00:00,0.731606,100.39711
2024-07-18 08:00:00,0.8727733,115.16226
2024-07-18 09:00:00,0.94582176,124.65079
2024-07-18 10:00:00,1.4974266,101.11271
2024-07-18 11:00:00,1.2982112,92.91437
2024-07-18 12:00:00,1.2244445,95.696236
2024-07-18 13:00:00,1.1011589,94.47184
2024-07-18 14:00:00,0.6457651,72.71743
2024-07-18 15:00:00,0.99613446,49.698624
2024-07-18 16:00:00,1.8356736,52.0383
2024-07-18 17:00:00,2.7227447,53.1361
2024-07-18 18:00:00,3.5316927,56.111725
2024-07-18 19:00:00,4.257471,61.574852
2024-07-18 20:00:00,4.961477,72.091286
2024-07-18 21:00:00,5.6174626,82.31445
2024-07-18 22:00:00,6.665159,88.50546
2024-07-18 23:00:00,6.5157623,95.38311
2024-07-19 00:00:00,6.621942,102.05886
2024-07-19 01:00:00,6.659778,110.19877
2024-07-19 02:00:00,6.32418,114.72249
2024-07-19 03:00:00,6.2451158,118.13695
2024-07-19 04:00:00,6.2127404,124.29766
2024-07-19 05:00:00,5.886258,129.06505
2024-07-19 06:00:00,5.5109887,130.58264
2024-07-19 07:00:00,5.063382,130.07745
2024-07-19 08:00:00,4.6566358,127.19146
2024-07-19 09:00:00,4.4637847,125.400375
2024-07-19 10:00:00,4.596314,118.79077
2024-07-19 11:00:00,4.6237116,119.6107
2024-07-19 12:00:00,4.825046,125.69031
2024-07-19 13:00:00,4.9633145,132.63863
2024-07-19 14:00:00,5.0114694,135.1168
2024-07-19 15:00:00,5.0313387,137.88531
2024-07-19 16:00:00,5.0399585,136.54271
2024-07-19 17:00:00,5.06374,132.65205
2024-07-19 18:00:00,5.3729715,131.89929
2024-07-19 19:00:00,5.9684167,132.14299
2024-07-19 20:00:00,6.743584,131.92577
2024-07-19 21:00:00,7.2987127,132.70905
2024-07-19 22:00:00,8.591404,127.584045
2024-07-19 23:00:00,8.580177,129.43094
2024-07-20 00:00:00,8.304608,131.65765
2024-07-20 01:00:00,8.003159,135.09358
2024-07-20 02:00:00,7.583443,136.62265
2024-07-20 03:00:00,7.363238,135.40434
2024-07-20 04:00:00,7.127246,135.97202
2024-07-20 05:00:00,6.554724,135.19675
2024-07-20 06:00:00,6.0965624,132.90572
2024-07-20 07:00:00,5.53489,132.20023
2024-07-20 08:00:00,5.061449,129.50626
2024-07-20 09:00:00,4.8364806,126.37349
2024-07-20 10:00:00,4.8024616,109.08646
2024-07-20 11:00:00,4.9174204,120.402954
2024-07-20 12:00:00,4.4932985,135.57336
2024-07-20 13:00:00,4.343817,141.8012
2024-07-20 14:00:00,4.1034303,146.37515
2024-07-20 15:00:00,3.6457627,152.42403
2024-07-20 16:00:00,3.1887372,150.95822
2024-07-20 17:00:00,2.7926147,141.8651
2024-07-20 18:00:00,2.9015715,140.71281
2024-07-20 19:00:00,2.6403513,139.24991
2024-07-20 20:00:00,1.640001,158.90462
2024-07-20 21:00:00,1.5605575,229.09041
2024-07-20 22:00:00,2.0405948,281.43683
2024-07-20 23:00:00,1.9194143,289.7895
2024-07-21 00:00:00,1.4988513,249.56573
2024-07-21 01:00:00,0.31532273,237.97363
2024-07-21 02:00:00,1.0201994,78.08262
2024-07-21 03:00:00,1.0917592,135.76169
2024-07-21 04:00:00,2.053058,219.04036
2024-07-21 05:00:00,3.9689016,274.22958
2024-07-21 06:00:00,4.684432,305.3257
2024-07-21 07:00:00,4.7771153,317.33466
2024-07-21 08:00:00,4.782091,315.39856
2024-07-21 09:00:00,3.6089933,318.2637
2024-07-21 10:00:00,3.412439,321.6271
2024-07-21 11:00:00,2.8577445,313.17783
2024-07-21 12:00:00,3.1668086,300.91177
2024-07-21 13:00:00,3.936176,296.56885
2024-07-21 14:00:00,4.86794,295.44498
2024-07-21 15:00:00,6.1542687,295.2646
2024-07-21 16:00:00,6.9996347,297.72507
2024-07-21 17:00:00,6.8206296,302.65002
2024-07-21 18:00:00,6.9088635,303.05823
2024-07-21 19:00:00,7.4937563,304.00668
2024-07-21 20:00:00,7.778025,306.8684
2024-07-21 21:00:00,7.606077,308.86118
2024-07-21 22:00:00,6.7308035,307.1102
2024-07-21 23:00:00,6.9917927,302.82855
2024-07-22 00:00:00,6.885104,301.0105
2024-07-22 01:00:00,6.793412,299.23843
2024-07-22 02:00:00,6.2769103,297.91397
2024-07-22 03:00:00,6.1653943,293.34875
2024-07-22 04:00:00,6.2069945,290.2243
2024-07-22 05:00:00,5.4860334,290.5473
2024-07-22 06:00:00,4.8678613,287.75635
2024-07-22 07:00:00,3.795067,280.76505
2024-07-22 08:00:00,3.110832,260.6481
2024-07-22 09:00:00,3.5547013,239.57507
2024-07-22 10:00:00,3.2889106,221.7345
2024-07-22 11:00:00,4.3565087,218.87308
2024-07-22 12:00:00,5.447177,217.45215
2024-07-22 13:00:00,6.734087,223.53998
2024-07-22 14:00:00,7.7768683,231.98654
2024-07-22 15:00:00,8.293859,237.9635
2024-07-22 16:00:00,7.7490034,238.08412
2024-07-22 17:00:00,6.947856,235.07477
2024-07-22 18:00:00,6.537988,228.62125
2024-07-22 19:00:00,7.7090077,222.22055
2024-07-22 20:00:00,8.387711,216.63527
2024-07-22 21:00:00,9.73544,218.0838
2024-07-22 22:00:00,8.9515085,215.69972
2024-07-22 23:00:00,9.191771,214.42102
2024-07-23 00:00:00,9.605967,215.19366
2024-07-23 01:00:00,10.375329,220.9433
2024-07-23 02:00:00,10.39261,226.5199
2024-07-23 03:00:00,9.670952,228.66182
2024-07-23 04:00:00,9.172137,227.39859
2024-07-23 05:00:00,8.813311,229.05573
2024-07-23 06:00:00,8.391374,232.63191
2024-07-23 07:00:00,8.051373,241.4183
2024-07-23 08:00:00,7.1438346,251.52803
2024-07-23 09:00:00,6.4928,261.09402
2024-07-23 10:00:00,3.5230439,273.37006
2024-07-23 11:00:00,4.1375375,286.13504
2024-07-23 12:00:00,5.086993,297.3699
2024-07-23 13:00:00,6.047686,307.0747
2024-07-23 14:00:00,7.343444,309.24683
2024-07-23 15:00:00,8.519441,309.74567
2024-07-23 16:00:00,8.62496,312.95193
2024-07-23 17:00:00,8.9209585,316.80426
2024-07-23 18:00:00,8.790188,322.3993
2024-07-23 19:00:00,8.159379,328.9717
2024-07-23 20:00:00,8.121672,326.8789
2024-07-23 21:00:00,8.42045,328.9995
2024-07-23 22:00:00,8.150949,336.90283
2024-07-23 23:00:00,8.8028965,341.05597
2024-07-24 00:00:00,8.725162,344.7271
2024-07-24 01:00:00,8.240331,342.5241
2024-07-24 02:00:00,7.877224,337.55225
2024-07-24 03:00:00,7.9418225,333.27286
2024-07-24 04:00:00,7.7888327,332.30054
2024-07-24 05:00:00,7.3258233,332.46103
2024-07-24 06:00:00,7.0563507,332.43253
2024-07-24 07:00:00,6.6759067,331.99872
2024-07-24 08:00:00,5.9658413,327.35474
2024-07-24 09:00:00,5.297375,322.83224
2024-07-24 10:00:00,4.6297364,318.71054
2024-07-24 11:00:00,4.9842114,314.54028
2024-07-24 12:00:00,5.1991987,314.22028
2024-07-24 13:00:00,5.2864437,314.63428
2024-07-24 14:00:00,4.955275,319.16003
2024-07-24 15:00:00,4.541385,319.85806
2024-07-24 16:00:00,4.3095646,318.9124
2024-07-24 17:00:00,3.811122,323.82077
2024-07-24 18:00:00,2.7710047,325.94705
2024-07-24 19:00:00,1.7098538,327.9973
2024-07-24 20:00:00,0.5147467,347.38113
2024-07-24 21:00:00,0.7265644,147.98804
2024-07-24 22:00:00,2.8122659,160.05917
2024-07-24 23:00:00,3.4910796,167.51962
2024-07-25 00:00:00,4.1709228,168.72902
2024-07-25 01:00:00,5.267939,167.56978
2024-07-25 02:00:00,6.35779,167.41838
2024-07-25 03:00:00,7.1898923,169.9907
2024-07-25 04:00:00,7.7850914,173.14378
2024-07-25 05:00:00,8.459972,175.55458
2024-07-25 06:00:00,8.900228,180.95361
2024-07-25 07:00:00,9.361448,184.51447
2024-07-25 08:00:00,9.360454,188.51439
2024-07-25 09:00:00,9.061337,192.43457
2024-07-25 10:00:00,9.082296,191.6834
2024-07-25 11:00:00,9.405663,199.7052
2024-07-25 12:00:00,9.800982,211.82089
2024-07-25 13:00:00,9.000667,219.31339
2024-07-25 14:00:00,7.780028,216.01468
2024-07-25 15:00:00,7.8476152,219.12302
2024-07-25 16:00:00,7.630793,215.42697
2024-07-25 17:00:00,7.23081,210.74504
2024-07-25 18:00:00,7.135538,212.60742
2024-07-25 19:00:00,6.9242935,215.53172
2024-07-25 20:00:00,6.289015,204.96384
2024-07-25 21:00:00,6.7676883,195.73987
2024-07-25 22:00:00,7.5562887,206.45218
2024-07-25 23:00:00,7.5789022,206.92517
2024-07-26 00:00:00,7.8300233,207.94228
2024-07-26 01:00:00,7.997881,208.00873
2024-07-26 02:00:00,8.55479,208.3122
2024-07-26 03:00:00,8.766761,208.02832
2024-07-26 04:00:00,8.646593,216.05394
2024-07-26 05:00:00,8.017696,235.01498
2024-07-26 06:00:00,6.8190517,255.98215
2024-07-26 07:00:00,6.847812,270.36636
2024-07-26 08:00:00,7.352261,277.48618
2024-07-26 09:00:00,7.874034,280.63293
2024-07-26 10:00:00,7.4461656,279.62326
2024-07-26 11:00:00,7.560244,281.42236
2024-07-26 12:00:00,7.0177894,280.58734
2024-07-26 13:00:00,6.598338,277.9323
2024-07-26 14:00:00,6.082793,276.69458
2024-07-26 15:00:00,5.2436275,276.17917
2024-07-26 16:00:00,4.9806232,269.64594
2024-07-26 17:00:00,4.7059283,265.96576
2024-07-26 18:00:00,4.015573,266.72992
2024-07-26 19:00:00,3.605314,265.37888
2024-07-26 20:00:00,2.950322,253.02902
2024-07-26 21:00:00,2.6845112,241.92987
2024-07-26 22:00:00,2.8083448,227.59053
2024-07-26 23:00:00,3.2647748,221.48213
2024-07-27 00:00:00,3.3613877,224.27277
2024-07-27 01:00:00,3.4353747,219.49011
2024-07-27 02:00:00,3.3519866,207.67384
2024-07-27 03:00:00,3.7988138,197.70125
2024-07-27 04:00:00,3.8010182,196.65237
2024-07-27 05:00:00,3.4058576,195.92891
2024-07-27 06:00:00,3.6321816,201.35919
2024-07-27 07:00:00,3.1273193,200.99036
2024-07-27 08:00:00,2.6268928,197.87129
2024-07-27 09:00:00,2.7385101,203.55124
2024-07-27 10:00:00,2.5107183,204.35472
2024-07-27 11:00:00,2.260391,218.71973
2024-07-27 12:00:00,2.418694,236.13257
2024-07-27 13:00:00,2.4062665,267.55023
2024-07-27 14:00:00,2.2093706,292.61066
2024-07-27 15:00:00,2.315191,314.00226
2024-07-27 16:00:00,3.1594431,325.44043
2024-07-27 17:00:00,3.8321805,337.21045
2024-07-27 18:00:00,4.305436,349.41293
2024-07-27 19:00:00,4.462039,355.72754
2024-07-27 20:00:00,3.8478906,359.47693
2024-07-27 21:00:00,3.31771,353.6656
2024-07-27 22:00:00,3.982462,333.86316
2024-07-27 23:00:00,5.289404,323.04175
2024-07-28 00:00:00,5.72684,319.81012
2024-07-28 01:00:00,5.5764585,316.07123
2024-07-28 02:00:00,5.528584,313.59027
2024-07-28 03:00:00,6.090889,312.88068
2024-07-28 04:00:00,6.806798,315.03918
2024-07-28 05:00:00,6.802705,322.58044
2024-07-28 06:00:00,6.4835563,325.5188
2024-07-28 07:00:00,5.9556446,326.51135
2024-07-28 08:00:00,5.246057,322.4482
2024-07-28 09:00:00,4.9069185,317.43365
2024-07-28 10:00:00,4.3281636,324.33423
2024-07-28 11:00:00,4.4434853,325.36005
2024-07-28 12:00:00,4.3143,323.23294
2024-07-28 13:00:00,4.1076064,321.58752
2024-07-28 14:00:00,4.0400357,320.61346
2024-07-28 15:00:00,3.8665693,321.0564
2024-07-28 16:00:00,3.7664979,324.9552
2024-07-28 17:00:00,3.6317258,333.39508
2024-07-28 18:00:00,3.329229,347.60287
2024-07-28 19:00:00,3.3061156,4.352661
2024-07-28 20:00:00,3.2918456,25.809555
2024-07-28 21:00:00,3.0376477,46.961258
2024-07-28 22:00:00,3.0785508,59.368713
2024-07-28 23:00:00,3.2898405,76.16021
2024-07-29 00:00:00,3.8744857,98.39967
2024-07-29 01:00:00,4.594557,118.07685
2024-07-29 02:00:00,4.9206905,129.13795
2024-07-29 03:00:00,4.9526134,134.71805
2024-07-29 04:00:00,4.783265,138.98529
2024-07-29 05:00:00,4.826246,140.42749
2024-07-29 06:00:00,4.48472,144.9589
2024-07-29 07:00:00,3.9097095,146.61963
2024-07-29 08:00:00,3.7333772,143.83234
2024-07-29 09:00:00,3.5952034,146.85461
2024-07-29 10:00:00,2.8977613,151.16907
2024-07-29 11:00:00,2.5533116,134.59747
2024-07-29 12:00:00,2.3757296,119.976074
2024-07-29 13:00:00,2.5568671,105.53733
2024-07-29 14:00:00,2.934775,97.86642
2024-07-29 15:00:00,3.3294258,94.06166
2024-07-29 16:00:00,3.5869122,90.32975
2024-07-29 17:00:00,3.901495,80.87719
2024-07-29 18:00:00,4.920502,74.99857
2024-07-29 19:00:00,5.912633,77.64374
2024-07-29 20:00:00,6.575117,82.015465
2024-07-29 21:00:00,7.0379963,87.19842
2024-07-29 22:00:00,7.305071,90.18414
2024-07-29 23:00:00,7.0123873,97.64833
2024-07-30 00:00:00,6.5179996,106.738625
2024-07-30 01:00:00,5.789866,114.21209
2024-07-30 02:00:00,5.281465,116.474686
2024-07-30 03:00:00,4.592606,117.350784
2024-07-30 04:00:00,3.8081408,121.20704
2024-07-30 05:00:00,3.6361177,123.14206
2024-07-30 06:00:00,3.0358832,125.01722
2024-07-30 07:00:00,1.9211532,110.137474
2024-07-30 08:00:00,1.5148689,83.96786
2024-07-30 09:00:00,1.461164,54.236717
2024-07-30 10:00:00,3.2863212,36.3732
2024-07-30 11:00:00,4.5727143,34.346313
2024-07-30 12:00:00,5.329462,36.617874
2024-07-30 13:00:00,5.2605257,40.73758
2024-07-30 14:00:00,5.0168114,40.136703
2024-07-30 15:00:00,5.0173926,34.12239
2024-07-30 16:00:00,5.2876053,29.1156
2024-07-30 17:00:00,6.002362,27.39038
2024-07-30 18:00:00,6.558656,29.821594
2024-07-30 19:00:00,6.6904426,32.609573
2024-07-30 20:00:00,6.7239137,36.895523
2024-07-30 21:00:00,6.488879,40.12677
2024-07-30 22:00:00,7.010912,39.825943
2024-07-30 23:00:00,7.2953744,40.866714
2024-07-31 00:00:00,7.0060763,42.88553
2024-07-31 01:00:00,6.641069,43.264557
2024-07-31 02:00:00,6.3310385,45.751297
2024-07-31 03:00:00,5.774149,49.758987
2024-07-31 04:00:00,5.6230707,54.4069
2024-07-31 05:00:00,5.500523,54.295372
2024-07-31 06:00:00,5.569567,52.79097
2024-07-31 07:00:00,5.5509562,46.98053
2024-07-31 08:00:00,5.7036567,43.22989
2024-07-31 09:00:00,6.045003,40.447495
2024-07-31 10:00:00,5.6810184,40.84337
2024-07-31 11:00:00,5.6240525,33.996918
2024-07-31 12:00:00,5.830508,34.332504
2024-07-31 13:00:00,6.3959107,34.37538
2024-07-31 14:00:00,6.0368,37.56288
2024-07-31 15:00:00,5.9708347,34.45552
2024-07-31 16:00:00,6.418893,33.282288
2024-07-31 17:00:00,6.8200207,34.901566
2024-07-31 18:00:00,7.1879425,40.405823
2024-07-31 19:00:00,7.7623124,45.14926
2024-07-31 20:00:00,7.8748984,49.596603
2024-07-31 21:00:00,7.562152,51.679413
2024-07-31 22:00:00,7.5464897,56.948235
2024-07-31 23:00:00,7.3456664,54.921577
2024-08-01 00:00:00,7.750137,59.09526
2024-08-01 01:00:00,7.8475733,62.970833
2024-08-01 02:00:00,8.256398,66.817696
2024-08-01 03:00:00,7.947493,70.37139
2024-08-01 04:00:00,7.9631543,67.540474
2024-08-01 05:00:00,8.162028,66.036285
2024-08-01 06:00:00,7.5481086,70.57954
2024-08-01 07:00:00,7.321417,70.24405
2024-08-01 08:00:00,7.0257897,65.73395
2024-08-01 09:00:00,6.877419,62.360245
2024-08-01 10:00:00,5.746563,67.552635
2024-08-01 11:00:00,5.387679,65.80778
2024-08-01 12:00:00,4.931605,56.618202
2024-08-01 13:00:00,4.983914,43.105957
2024-08-01 14:00:00,5.939499,32.537354
2024-08-01 15:00:00,6.9076552,33.68634
2024-08-01 16:00:00,7.2286887,35.45346
2024-08-01 17:00:00,7.4314165,38.43393
2024-08-01 18:00:00,7.4693522,40.66893
2024-08-01 19:00:00,7.060902,44.385376
2024-08-01 20:00:00,6.518922,49.740906
2024-08-01 21:00:00,6.230084,52.246727
2024-08-01 22:00:00,6.590873,63.55551
2024-08-01 23:00:00,6.4490194,69.09574
2024-08-02 00:00:00,6.081623,72.84755
2024-08-02 01:00:00,4.9166145,72.842804
2024-08-02 02:00:00,4.00608,68.92706
2024-08-02 03:00:00,4.3990374,60.824844
2024-08-02 04:00:00,4.7701755,69.87074
2024-08-02 05:00:00,5.0879483,75.188644
2024-08-02 06:00:00,4.5266647,81.2032
2024-08-02 07:00:00,4.028414,87.006836
2024-08-02 08:00:00,3.8559616,91.076454
2024-08-02 09:00:00,3.6667333,91.84404
2024-08-02 10:00:00,3.0401478,99.76196
2024-08-02 11:00:00,2.6754508,97.15531
2024-08-02 12:00:00,2.514148,100.23037
2024-08-02 13:00:00,2.5497372,109.18701
2024-08-02 14:00:00,2.0580735,117.23682
2024-08-02 15:00:00,1.3586755,116.83216
2024-08-02 16:00:00,0.9779485,111.31084
2024-08-02 17:00:00,0.86632776,102.75821
2024-08-02 18:00:00,0.97519493,86.90072
2024-08-02 19:00:00,1.3646517,93.69849
2024-08-02 20:00:00,1.9748755,112.2946
2024-08-02 21:00:00,2.779049,132.88771
2024-08-02 22:00:00,4.293467,133.38387
2024-08-02 23:00:00,5.1764717,153.0719
2024-08-03 00:00:00,5.9417315,162.77647
2024-08-03 01:00:00,5.9979105,182.27332
2024-08-03 02:00:00,6.005652,208.33836
2024-08-03 03:00:00,5.2573147,222.01955
2024-08-03 04:00:00,4.86794,223.48756
2024-08-03 05:00:00,5.378341,222.85017
2024-08-03 06:00:00,5.3762946,226.21713
2024-08-03 07:00:00,5.472329,236.16809
2024-08-03 08:00:00,5.929371,247.51337
2024-08-03 09:00:00,6.275215,255.6224
2024-08-03 10:00:00,5.363694,263.32712
2024-08-03 11:00:00,5.9453497,263.78622
2024-08-03 12:00:00,5.740685,264.8485
2024-08-03 13:00:00,6.067839,259.85196
2024-08-03 14:00:00,6.616859,254.88275
2024-08-03 15:00:00,7.5576963,253.75867
2024-08-03 16:00:00,7.9822536,253.75269
2024-08-03 17:00:00,7.344997,248.73389
2024-08-03 18:00:00,6.9272385,244.08937
2024-08-03 19:00:00,7.2745805,243.36232
2024-08-03 20:00:00,7.526845,249.08617
2024-08-03 21:00:00,7.4196396,260.89624
2024-08-03 22:00:00,7.664542,289.22504
2024-08-03 23:00:00,8.051155,303.90866
2024-08-04 00:00:00,7.999564,313.4339
2024-08-04 01:00:00,7.4726357,317.12103
2024-08-04 02:00:00,8.022254,317.1704
2024-08-04 03:00:00,8.169245,320.60297
2024-08-04 04:00:00,7.989962,321.46933
2024-08-04 05:00:00,7.7636213,322.31616
2024-08-04 06:00:00,6.9698734,321.30923
2024-08-04 07:00:00,6.690788,317.8631
2024-08-04 08:00:00,6.1912413,313.6902
2024-08-04 09:00:00,5.6771836,309.17963
2024-08-04 10:00:00,5.210982,298.44547
2024-08-04 11:00:00,5.1813884,287.8927
2024-08-04 12:00:00,5.7495522,284.60922
2024-08-04 13:00:00,5.8409467,284.49237
2024-08-04 14:00:00,5.6927323,283.90625
2024-08-04 15:00:00,5.3891864,285.45755
2024-08-04 16:00:00,5.1867867,285.5674
2024-08-04 17:00:00,4.8445334,281.26862
2024-08-04 18:00:00,4.571225,275.73865
2024-08-04 19:00:00,4.306476,278.0291
2024-08-04 20:00:00,3.1685512,278.5159
2024-08-04 21:00:00,2.2389219,263.65778
2024-08-04 22:00:00,2.6185956,232.0748
2024-08-04 23:00:00,3.6643963,226.78316
2024-08-05 00:00:00,3.693396,227.77257
2024-08-05 01:00:00,3.9642947,217.49316
2024-08-05 02:00:00,4.5950775,209.75476
2024-08-05 03:00:00,4.8560615,204.38551
2024-08-05 04:00:00,5.0487337,203.85559
2024-08-05 05:00:00,4.945823,196.90274
2024-08-05 06:00:00,4.7471437,190.37695
2024-08-05 07:00:00,4.6949754,187.52814
2024-08-05 08:00:00,5.0958285,187.90437
2024-08-05 09:00:00,5.0378294,189.00865
2024-08-05 10:00:00,4.500482,188.31567
2024-08-05 11:00:00,4.907868,201.02377
2024-08-05 12:00:00,4.999268,214.46783
2024-08-05 13:00:00,4.976161,225.87296
2024-08-05 14:00:00,5.1458783,236.01988
2024-08-05 15:00:00,4.9801073,242.78317
2024-08-05 16:00:00,4.2262588,246.90552
2024-08-05 17:00:00,3.281319,248.5247
2024-08-05 18:00:00,2.2372525,246.61813
2024-08-05 19:00:00,1.3945612,225.52411
2024-08-05 20:00:00,1.2326661,179.83473
2024-08-05 21:00:00,1.8666427,155.71869
2024-08-05 22:00:00,2.583715,176.1192
2024-08-05 23:00:00,3.1618452,164.64096
2024-08-06 00:00:00,4.246486,156.17496
2024-08-06 01:00:00,5.5846095,157.16685
2024-08-06 02:00:00,6.567512,159.69559
2024-08-06 03:00:00,6.913006,164.71565
2024-08-06 04:00:00,6.867617,169.20822
2024-08-06 05:00:00,6.834587,168.26207
2024-08-06 06:00:00,6.727613,168.36374
2024-08-06 07:00:00,6.3840494,171.44527
2024-08-06 08:00:00,5.828057,174.30275
2024-08-06 09:00:00,5.452396,177.78992
2024-08-06 10:00:00,5.009708,173.07986
2024-08-06 11:00:00,4.9109898,171.29216
2024-08-06 12:00:00,4.777375,171.14383
2024-08-06 13:00:00,4.180599,178.2974
2024-08-06 14:00:00,3.260386,200.20807
2024-08-06 15:00:00,3.1395473,235.43767
2024-08-06 16:00:00,3.8794851,259.19308
2024-08-06 17:00:00,4.769402,271.21362
2024-08-06 18:00:00,4.985939,272.69647
2024-08-06 19:00:00,4.499328,265.01163
2024-08-06 20:00:00,4.0038486,259.20694
2024-08-06 21:00:00,3.6329074,249.18909
2024-08-06 22:00:00,3.9155934,241.64552
2024-08-06 23:00:00,4.761443,237.85065
2024-08-07 00:00:00,5.535038,243.62404
2024-08-07 01:00:00,5.7448397,255.70116
2024-08-07 02:00:00,5.583268,265.75623
2024-08-07 03:00:00,5.2901583,273.77368
2024-08-07 04:00:00,4.7169895,277.5667
2024-08-07 05:00:00,4.258194,279.56702
2024-08-07 06:00:00,4.501571,278.66147
2024-08-07 07:00:00,4.6282616,278.42108
2024-08-07 08:00:00,4.5173507,275.93582
2024-08-07 09:00:00,4.719894,272.8274
2024-08-07 10:00:00,4.337688,273.36752
2024-08-07 11:00:00,5.092787,266.48355
2024-08-07 12:00:00,6.258552,264.9336
2024-08-07 13:00:00,7.3977346,263.48672
2024-08-07 14:00:00,8.03656,263.9665
2024-08-07 15:00:00,7.960647,264.70752
2024-08-07 16:00:00,7.572602,260.1836
2024-08-07 17:00:00,7.222544,254.31784
2024-08-07 18:00:00,6.8202486,247.93466
2024-08-07 19:00:00,6.7760777,240.96518
2024-08-07 20:00:00,6.699324,235.2886
2024-08-07 21:00:00,7.032942,232.11722
2024-08-07 22:00:00,7.0208607,234.86409
2024-08-07 23:00:00,6.7126226,229.32489
2024-08-08 00:00:00,6.7748346,227.49207
2024-08-08 01:00:00,6.9537373,231.88525
2024-08-08 02:00:00,6.7086854,242.27655
2024-08-08 03:00:00,6.3523197,252.41934
2024-08-08 04:00:00,6.389649,261.81375
2024-08-08 05:00:00,5.9067426,270.43573
2024-08-08 06:00:00,5.1554174,270.79346
2024-08-08 07:00:00,4.516662,263.78632
2024-08-08 08:00:00,4.5360045,250.13065
2024-08-08 09:00:00,5.628339,244.75699
2024-08-08 10:00:00,5.493561,248.97572
2024-08-08 11:00:00,6.3598228,247.24158
2024-08-08 12:00:00,6.597836,244.75522
2024-08-08 13:00:00,6.8750176,237.75278
2024-08-08 14:00:00,7.1526523,234.10667
2024-08-08 15:00:00,7.1875324,229.25372
2024-08-08 16:00:00,7.162364,227.96487
2024-08-08 17:00:00,6.6474357,222.9804
2024-08-08 18:00:00,7.1465926,214.49933
2024-08-08 19:00:00,8.334087,202.22705
2024-08-08 20:00:00,9.282038,196.32008
2024-08-08 21:00:00,10.054384,196.84283
2024-08-08 22:00:00,10.760834,198.43307
2024-08-08 23:00:00,12.164775,201.72437
2024-08-09 00:00:00,13.391481,209.34572
2024-08-09 01:00:00,14.77549,219.98753
2024-08-09 02:00:00,15.342346,222.84456
2024-08-09 03:00:00,15.621688,223.4432
2024-08-09 04:00:00,15.650012,226.39655
2024-08-09 05:00:00,16.095724,230.86855
2024-08-09 06:00:00,15.626531,233.49194
2024-08-09 07:00:00,15.579348,236.89645
2024-08-09 08:00:00,15.126391,242.04015
2024-08-09 09:00:00,14.780499,244.59506
2024-08-09 10:00:00,13.155218,257.07208
2024-08-09 11:00:00,12.047243,261.54517
2024-08-09 12:00:00,11.75649,268.92337
2024-08-09 13:00:00,11.394222,276.02087
2024-08-09 14:00:00,10.464291,281.31458
2024-08-09 15:00:00,9.738917,287.07
2024-08-09 16:00:00,8.707421,288.96213
2024-08-09 17:00:00,7.725538,287.39838
2024-08-09 18:00:00,5.7680936,276.45493
2024-08-09 19:00:00,5.092871,259.39932
2024-08-09 20:00:00,4.9612765,239.17723
2024-08-09 21:00:00,5.7352014,225.0711
2024-08-09 22:00:00,5.795799,223.60089
2024-08-09 23:00:00,5.719571,221.76071
2024-08-10 00:00:00,6.243154,220.78854
2024-08-10 01:00:00,6.4278755,224.47208
2024-08-10 02:00:00,6.243433,229.31938
2024-08-10 03:00:00,6.303188,235.10887
2024-08-10 04:00:00,6.1883845,240.8278
2024-08-10 05:00:00,6.475725,248.53915
2024-08-10 06:00:00,6.656651,259.77872
2024-08-10 07:00:00,6.519288,266.4213
2024-08-10 08:00:00,6.537786,264.59763
2024-08-10 09:00:00,6.986772,253.92549
2024-08-10 10:00:00,7.3356957,251.44577
2024-08-10 11:00:00,7.940142,245.90298
2024-08-10 12:00:00,8.595935,244.65405
2024-08-10 13:00:00,9.026163,245.75104
2024-08-10 14:00:00,9.432793,248.28879
2024-08-10 15:00:00,9.674609,253.58647
2024-08-10 16:00:00,9.461923,254.77737
2024-08-10 17:00:00,8.666614,255.809
2024-08-10 18:00:00,7.9247017,254.64554
2024-08-10 19:00:00,6.8844247,253.95
2024-08-10 20:00:00,6.11696,252.44809
2024-08-10 21:00:00,5.51248,249.01901
2024-08-10 22:00:00,4.639287,261.91083
2024-08-10 23:00:00,4.215527,264.29517
2024-08-11 00:00:00,3.8444989,265.41702
2024-08-11 01:00:00,3.8368602,277.2629
2024-08-11 02:00:00,3.5146167,287.1245
2024-08-11 03:00:00,2.7689884,287.67477
2024-08-11 04:00:00,2.4017348,293.28204
2024-08-11 05:00:00,2.0293205,292.08966
2024-08-11 06:00:00,1.7438656,260.84033
2024-08-11 07:00:00,1.7279431,246.9212
2024-08-11 08:00:00,1.753877,250.9042
2024-08-11 09:00:00,1.6365927,265.98358
2024-08-11 10:00:00,0.83958805,301.84656
2024-08-11 11:00:00,0.89171827,327.21436
2024-08-11 12:00:00,1.750097,353.05084
2024-08-11 13:00:00,2.2989173,10.365295
2024-08-11 14:00:00,2.7388635,21.022339
2024-08-11 15:00:00,3.7833767,25.587006
2024-08-11 16:00:00,5.113729,31.40744
2024-08-11 17:00:00,6.1561747,38.989548
2024-08-11 18:00:00,6.8739667,48.50563
2024-08-11 19:00:00,7.415096,58.90104
2024-08-11 20:00:00,8.0161705,67.813995
2024-08-11 21:00:00,8.278472,75.127495
2024-08-11 22:00:00,8.431258,80.522865
2024-08-11 23:00:00,8.28818,86.69348
2024-08-12 00:00:00,8.414814,90.876686
2024-08-12 01:00:00,8.473959,95.864296
2024-08-12 02:00:00,8.571464,99.72543
2024-08-12 03:00:00,8.801187,101.05618
2024-08-12 04:00:00,9.006057,102.427155
2024-08-12 05:00:00,9.058925,102.51862
2024-08-12 06:00:00,9.035252,102.485535
2024-08-12 07:00:00,8.6572,104.69032
2024-08-12 08:00:00,8.484154,106.17418
2024-08-12 09:00:00,8.256315,105.73028
2024-08-12 10:00:00,7.773763,101.2219
2024-08-12 11:00:00,7.866435,99.95294
2024-08-12 12:00:00,8.429809,102.15158
2024-08-12 13:00:00,8.704516,106.83903
2024-08-12 14:00:00,8.428378,113.35259
2024-08-12 15:00:00,8.020948,119.02144
2024-08-12 16:00:00,7.9216604,121.38525
2024-08-12 17:00:00,7.8896556,121.43149
2024-08-12 18:00:00,8.256386,121.517136
2024-08-12 19:00:00,8.821623,122.40901
2024-08-12 20:00:00,9.160045,123.98917
2024-08-12 21:00:00,9.169489,129.82959
2024-08-12 22:00:00,9.64265,132.40234
2024-08-12 23:00:00,9.551815,139.21725
2024-08-13 00:00:00,7.899903,148.93169
2024-08-13 01:00:00,6.7554746,158.30391
2024-08-13 02:00:00,6.1981688,159.49521
2024-08-13 03:00:00,6.4035993,164.2237
2024-08-13 04:00:00,6.8770967,193.22708
2024-08-13 05:00:00,6.69216,219.13625
2024-08-13 06:00:00,4.6065965,219.66347
2024-08-13 07:00:00,3.8369544,218.55841
2024-08-13 08:00:00,4.504806,233.91138
2024-08-13 09:00:00,3.953438,235.37375
2024-08-13 10:00:00,1.564135,236.41281
2024-08-13 11:00:00,2.3829918,243.25055
2024-08-13 12:00:00,0.42772302,145.76129
2024-08-13 13:00:00,1.5984973,143.47931
2024-08-13 14:00:00,8.445157,259.0824
2024-08-13 15:00:00,8.723535,276.8004
2024-08-13 16:00:00,7.8222427,275.18015
2024-08-13 17:00:00,5.245147,266.02438
2024-08-13 18:00:00,3.1630461,257.64883
2024-08-13 19:00:00,3.5810852,261.86304
2024-08-13 20:00:00,4.8871408,268.8921
2024-08-13 21:00:00,4.958877,277.10132
2024-08-13 22:00:00,1.3093883,347.09973
2024-08-13 23:00:00,0.8436041,349.44818
2024-08-14 00:00:00,3.0612085,289.0488
2024-08-14 01:00:00,4.1157446,314.27673
2024-08-14 02:00:00,2.4627898,349.58307
2024-08-14 03:00:00,1.2038232,74.212135
2024-08-14 04:00:00,2.388076,162.06512
2024-08-14 05:00:00,2.4204268,222.74734
2024-08-14 06:00:00,3.0065787,284.7161
2024-08-14 07:00:00,3.729883,319.91583
2024-08-14 08:00:00,3.644419,341.08307
2024-08-14 09:00:00,3.3751063,354.3806
2024-08-14 10:00:00,3.4237125,346.42047
2024-08-14 11:00:00,3.480309,12.1819
2024-08-14 12:00:00,2.7584765,30.39653
2024-08-14 13:00:00,1.6483597,359.7715
2024-08-14 14:00:00,2.666026,304.77167
2024-08-14 15:00:00,3.3947937,316.51648
2024-08-14 16:00:00,3.3432612,333.58368
2024-08-14 17:00:00,3.7806742,342.57544
2024-08-14 18:00:00,4.6682606,345.95825
2024-08-14 19:00:00,4.9571476,354.47855
2024-08-14 20:00:00,4.666837,3.9573212
2024-08-14 21:00:00,3.73713,9.187164
2024-08-14 22:00:00,2.7414033,22.870956
2024-08-14 23:00:00,1.8887846,4.693527
2024-08-15 00:00:00,1.6803478,312.87897
2024-08-15 01:00:00,3.6183286,291.3
2024-08-15 02:00:00,3.6439006,291.68622
2024-08-15 03:00:00,3.4248104,289.17987
2024-08-15 04:00:00,3.4270072,278.82376
2024-08-15 05:00:00,3.5471663,262.61575
2024-08-15 06:00:00,4.302427,242.88974
2024-08-15 07:00:00,5.3023233,231.18515
2024-08-15 08:00:00,6.0392528,218.89465
2024-08-15 09:00:00,7.1892295,213.07486
2024-08-15 10:00:00,7.5417256,213.88884
2024-08-15 11:00:00,8.365925,216.65396
2024-08-15 12:00:00,9.266176,221.29036
2024-08-15 13:00:00,10.353754,222.91553
2024-08-15 14:00:00,11.204098,226.0856
2024-08-15 15:00:00,11.6008625,225.85269
2024-08-15 16:00:00,11.598114,224.58975
2024-08-15 17:00:00,11.447757,227.69519
2024-08-15 18:00:00,11.087644,235.11243
2024-08-15 19:00:00,11.1398325,233.71823
2024-08-15 20:00:00,11.3723,230.67
2024-08-15 21:00:00,11.472458,231.26016
2024-08-15 22:00:00,10.299028,231.64488
2024-08-15 23:00:00,10.237821,234.20818
2024-08-16 00:00:00,9.763024,227.94983
2024-08-16 01:00:00,10.58788,229.30176
2024-08-16 02:00:00,10.189194,232.71819
2024-08-16 03:00:00,10.131337,235.88832
2024-08-16 04:00:00,9.957725,239.393
2024-08-16 05:00:00,9.388406,245.37271
2024-08-16 06:00:00,7.600801,256.69812
2024-08-16 07:00:00,5.366895,277.20312
2024-08-16 08:00:00,4.2237825,307.82715
2024-08-16 09:00:00,4.204651,329.58148
2024-08-16 10:00:00,4.5230913,342.86755
2024-08-16 11:00:00,4.958191,343.74023
2024-08-16 12:00:00,5.3326316,346.0932
2024-08-16 13:00:00,4.846852,350.22876
2024-08-16 14:00:00,4.206866,354.34497
2024-08-16 15:00:00,3.7175946,353.02386
2024-08-16 16:00:00,3.7169304,346.48907
2024-08-16 17:00:00,4.0038056,343.35565
2024-08-16 18:00:00,3.8586702,347.14255
2024-08-16 19:00:00,3.3219662,354.2472
2024-08-16 20:00:00,2.7341895,1.7088623
2024-08-16 21:00:00,2.0122292,0.8399658
2024-08-16 22:00:00,2.350967,348.77127
2024-08-16 23:00:00,2.052684,349.6308
2024-08-17 00:00:00,1.8012029,352.1576
2024-08-17 01:00:00,1.7881614,338.0948
2024-08-17 02:00:00,2.3592534,327.5046
2024-08-17 03:00:00,3.2969444,330.87
2024-08-17 04:00:00,3.3675537,342.89175
2024-08-17 05:00:00,2.7550004,0.3925171
2024-08-17 06:00:00,2.2065015,19.558365
2024-08-17 07:00:00,1.6763408,35.10669
2024-08-17 08:00:00,1.2368691,45.52867
2024-08-17 09:00:00,0.79050213,62.724007
2024-08-17 10:00:00,0.88068324,128.28934
2024-08-17 11:00:00,0.6907922,159.17882
2024-08-17 12:00:00,0.5804195,182.20418
2024-08-17 13:00:00,0.6940648,172.51843
2024-08-17 14:00:00,0.66057223,148.69127
2024-08-17 15:00:00,0.39975297,156.78482
2024-08-17 16:00:00,0.065239064,257.94836
2024-08-17 17:00:00,0.29470038,41.110596
2024-08-17 18:00:00,0.51817423,59.668686
2024-08-17 19:00:00,1.0060729,58.971115
2024-08-17 20:00:00,1.6351534,71.135864
2024-08-17 21:00:00,2.3600554,89.631584
2024-08-17 22:00:00,2.1288111,69.51447
2024-08-17 23:00:00,2.7816613,81.52773
2024-08-18 00:00:00,2.8676925,89.72303
2024-08-18 01:00:00,2.554493,96.83273
2024-08-18 02:00:00,2.2263608,103.60462
2024-08-18 03:00:00,1.4405655,104.11318
2024-08-18 04:00:00,0.7726354,97.354996
2024-08-18 05:00:00,0.56826895,57.22943
2024-08-18 06:00:00,0.44651842,39.79428
2024-08-18 07:00:00,0.7952887,328.22382
2024-08-18 08:00:00,1.5478381,316.3675
2024-08-18 09:00:00,2.1337416,314.0466
2024-08-18 10:00:00,2.9918737,320.18457
2024-08-18 11:00:00,3.5286572,317.57532
2024-08-18 12:00:00,4.2811027,313.18274
2024-08-18 13:00:00,5.057709,308.0677
2024-08-18 14:00:00,6.008756,304.36542
2024-08-18 15:00:00,6.9206805,304.429
2024-08-18 16:00:00,7.235433,306.23944
2024-08-18 17:00:00,6.981841,307.7044
2024-08-18 18:00:00,6.662649,308.5078
2024-08-18 19:00:00,6.0727086,308.63153
2024-08-18 20:00:00,5.509475,305.88443
2024-08-18 21:00:00,5.3371315,301.7791
2024-08-18 22:00:00,5.6636505,292.60544
2024-08-18 23:00:00,5.602351,286.87933
2024-08-19 00:00:00,5.897615,288.557
2024-08-19 01:00:00,5.6856337,290.32278
2024-08-19 02:00:00,4.6399403,289.0031
2024-08-19 03:00:00,3.8312995,282.32397
2024-08-19 04:00:00,3.221559,270.828
2024-08-19 05:00:00,2.990124,250.4466
2024-08-19 06:00:00,3.177811,228.84033
2024-08-19 07:00:00,3.7176085,217.277
2024-08-19 08:00:00,4.4907403,210.76924
2024-08-19 09:00:00,5.339561,206.60146
2024-08-19 10:00:00,6.0327706,201.40253
2024-08-19 11:00:00,6.384095,202.46817
2024-08-19 12:00:00,6.424232,204.59233
2024-08-19 13:00:00,5.8933907,201.04451
2024-08-19 14:00:00,5.890387,195.65997
2024-08-19 15:00:00,5.848454,194.53937
2024-08-19 16:00:00,5.90023,190.4497
2024-08-19 17:00:00,5.905936,189.24379
2024-08-19 18:00:00,6.61532,178.82413
2024-08-19 19:00:00,8.292177,167.64531
2024-08-19 20:00:00,9.708355,166.75919
2024-08-19 21:00:00,9.816987,172.45709
2024-08-19 22:00:00,9.066668,170.49887
2024-08-19 23:00:00,8.851227,176.60234
2024-08-20 00:00:00,8.932409,183.73875
2024-08-20 01:00:00,9.006512,187.60306
2024-08-20 02:00:00,9.183732,188.10703
2024-08-20 03:00:00,9.3455305,190.09718
2024-08-20 04:00:00,9.352629,191.73141
2024-08-20 05:00:00,9.620747,190.11174
2024-08-20 06:00:00,9.757233,190.11873
2024-08-20 07:00:00,9.544947,188.93672
2024-08-20 08:00:00,9.509896,190.43137
2024-08-20 09:00:00,9.428463,194.78413
2024-08-20 10:00:00,9.146609,204.98239
2024-08-20 11:00:00,9.485319,209.72275
2024-08-20 12:00:00,8.857538,211.01341
2024-08-20 13:00:00,8.938462,210.4593
2024-08-20 14:00:00,8.879657,213.82733
2024-08-20 15:00:00,9.165327,217.42383
2024-08-20 16:00:00,10.121811,215.20294
2024-08-20 17:00:00,10.892409,219.16624
2024-08-20 18:00:00,10.75536,231.26248
2024-08-20 19:00:00,9.629456,247.66084
2024-08-20 20:00:00,8.539047,262.70416
2024-08-20 21:00:00,8.056128,281.21683
2024-08-20 22:00:00,10.496196,296.77032
2024-08-20 23:00:00,11.487795,303.2789
2024-08-21 00:00:00,10.113239,298.32983
2024-08-21 01:00:00,9.866756,289.27362
2024-08-21 02:00:00,10.443349,283.0654
2024-08-21 03:00:00,10.656133,278.7431
2024-08-21 04:00:00,11.4616585,275.81165
2024-08-21 05:00:00,11.867325,275.55847
2024-08-21 06:00:00,11.923355,273.3836
2024-08-21 07:00:00,12.411059,270.6314
2024-08-21 08:00:00,13.287997,270.44952
2024-08-21 09:00:00,13.085103,268.78516
2024-08-21 10:00:00,13.029972,270.0988
2024-08-21 11:00:00,12.925498,269.98477
2024-08-21 12:00:00,12.347312,268.70648
2024-08-21 13:00:00,11.813346,266.09155
2024-08-21 14:00:00,11.607245,263.18378
2024-08-21 15:00:00,11.187839,259.02856
2024-08-21 16:00:00,10.465994,256.46402
2024-08-21 17:00:00,9.264711,250.47981
2024-08-21 18:00:00,8.537123,238.6373
2024-08-21 19:00:00,9.099715,232.41563
2024-08-21 20:00:00,9.58796,227.17287
2024-08-21 21:00:00,10.088534,223.57825
2024-08-21 22:00:00,10.58782,222.15344
2024-08-21 23:00:00,10.888597,229.19191
2024-08-22 00:00:00,10.983378,231.84258
2024-08-22 01:00:00,10.898081,229.95818
2024-08-22 02:00:00,11.146508,227.12915
2024-08-22 03:00:00,11.477832,222.80327
2024-08-22 04:00:00,11.780128,215.56497
2024-08-22 05:00:00,12.412156,214.56474
2024-08-22 06:00:00,12.876782,212.88628
2024-08-22 07:00:00,13.405042,210.38724
2024-08-22 08:00:00,14.181514,211.0659
2024-08-22 09:00:00,15.091123,215.6622
2024-08-22 10:00:00,14.950291,216.79694
2024-08-22 11:00:00,14.564101,215.92963
2024-08-22 12:00:00,14.732024,210.39227
2024-08-22 13:00:00,15.226634,214.47003
2024-08-22 14:00:00,15.8541355,218.9027
2024-08-22 15:00:00,15.933324,222.07819
2024-08-22 16:00:00,14.726199,222.35
2024-08-22 17:00:00,14.616207,224.78107
2024-08-22 18:00:00,14.047035,226.20798
2024-08-22 19:00:00,14.068941,223.44232
2024-08-22 20:00:00,14.290727,224.13634
2024-08-22 21:00:00,14.349744,224.53372
2024-08-22 22:00:00,13.223084,216.83017
2024-08-22 23:00:00,13.68721,215.47697
2024-08-23 00:00:00,13.358502,213.37224
2024-08-23 01:00:00,13.444437,208.13284
2024-08-23 02:00:00,13.676992,203.88844
2024-08-23 03:00:00,14.084635,200.1984
2024-08-23 04:00:00,14.890375,201.43207
2024-08-23 05:00:00,15.255341,201.78755
2024-08-23 06:00:00,15.984572,201.88878
2024-08-23 07:00:00,17.4288,203.09604
2024-08-23 08:00:00,18.256868,206.1398
2024-08-23 09:00:00,20.093721,213.85355
2024-08-23 10:00:00,20.081566,222.96947
2024-08-23 11:00:00,19.695156,234.49873
2024-08-23 12:00:00,17.469837,249.12991
2024-08-23 13:00:00,14.9800205,259.74524
2024-08-23 14:00:00,12.772101,266.15408
2024-08-23 15:00:00,10.9633255,271.555
2024-08-23 16:00:00,9.079941,275.70367
2024-08-23 17:00:00,6.9440985,278.227
2024-08-23 18:00:00,4.6084905,277.12393
2024-08-23 19:00:00,2.3065405,259.02896
2024-08-23 20:00:00,1.8431169,199.34903
2024-08-23 21:00:00,3.7441494,161.19466
2024-08-23 22:00:00,6.003228,166.532
2024-08-23 23:00:00,6.909635,179.08586
2024-08-24 00:00:00,8.447974,186.75784
2024-08-24 01:00:00,9.694269,197.83995
2024-08-24 02:00:00,9.873984,204.18172
2024-08-24 03:00:00,9.490673,203.57278
2024-08-24 04:00:00,9.3034315,204.72627
2024-08-24 05:00:00,8.662944,195.46184
2024-08-24 06:00:00,7.805913,191.14159
2024-08-24 07:00:00,6.00908,175.82935
2024-08-24 08:00:00,6.3256073,166.2982
2024-08-24 09:00:00,8.034707,181.07642
2024-08-24 10:00:00,8.772261,194.07857
2024-08-24 11:00:00,8.375946,196.00317
2024-08-24 12:00:00,9.8296995,190.51703
2024-08-24 13:00:00,12.886022,198.74692
2024-08-24 14:00:00,12.769832,211.68747
2024-08-24 15:00:00,11.436487,220.06433
2024-08-24 16:00:00,9.413732,233.7478
2024-08-24 17:00:00,7.1101437,251.86311
2024-08-24 18:00:00,7.806005,279.07513
2024-08-24 19:00:00,7.269851,287.59274
2024-08-24 20:00:00,3.4863813,280.9221
2024-08-24 21:00:00,5.110286,251.31277
2024-08-24 22:00:00,9.995241,263.38947
2024-08-24 23:00:00,10.205604,278.2788
2024-08-25 00:00:00,10.037538,282.0643
2024-08-25 01:00:00,11.33914,279.51633
2024-08-25 02:00:00,11.459157,279.19095
2024-08-25 03:00:00,10.307251,275.7038
2024-08-25 04:00:00,9.874687,272.44922
2024-08-25 05:00:00,10.170898,267.35196
2024-08-25 06:00:00,10.026204,259.85965
2024-08-25 07:00:00,10.404782,254.00731
2024-08-25 08:00:00,11.261506,253.24727
2024-08-25 09:00:00,11.209206,253.61986
2024-08-25 10:00:00,10.156748,249.29878
2024-08-25 11:00:00,9.530583,247.60478
2024-08-25 12:00:00,9.434067,242.85382
2024-08-25 13:00:00,9.783997,238.91913
2024-08-25 14:00:00,9.974122,235.99387
2024-08-25 15:00:00,10.099364,233.50949
2024-08-25 16:00:00,9.938675,230.13162
2024-08-25 17:00:00,9.721987,224.21365
2024-08-25 18:00:00,9.989207,219.10718
2024-08-25 19:00:00,10.186258,216.81732
2024-08-25 20:00:00,10.450241,215.26556
2024-08-25 21:00:00,10.619293,213.66742
2024-08-25 22:00:00,10.793591,211.26198
2024-08-25 23:00:00,11.478679,215.05594
2024-08-26 00:00:00,11.605448,215.81084
2024-08-26 01:00:00,11.793529,215.6587
2024-08-26 02:00:00,11.663608,216.6967
2024-08-26 03:00:00,11.558763,220.0523
2024-08-26 04:00:00,10.957052,219.79874
2024-08-26 05:00:00,10.676839,218.96864
2024-08-26 06:00:00,10.574392,217.82002
2024-08-26 07:00:00,11.253319,220.64632
2024-08-26 08:00:00,11.100771,223.64967
2024-08-26 09:00:00,10.690001,224.87726
2024-08-26 10:00:00,9.430516,222.70787
2024-08-26 11:00:00,9.468537,225.15268
2024-08-26 12:00:00,9.541813,229.30629
2024-08-26 13:00:00,9.432993,232.16501
2024-08-26 14:00:00,9.138801,233.928
2024-08-26 15:00:00,8.744833,235.12653
2024-08-26 16:00:00,8.350441,238.40218
2024-08-26 17:00:00,7.3946133,233.59918
2024-08-26 18:00:00,6.606395,230.27063
2024-08-26 19:00:00,6.0962853,222.39941
2024-08-26 20:00:00,6.0036845,212.02707
2024-08-26 21:00:00,6.3136973,205.32259
2024-08-26 22:00:00,6.686199,192.40976
2024-08-26 23:00:00,7.2292295,191.74307
2024-08-27 00:00:00,7.3597937,195.78682
2024-08-27 01:00:00,7.391387,197.49638
2024-08-27 02:00:00,7.3533626,196.54332
2024-08-27 03:00:00,7.536906,195.81287
2024-08-27 04:00:00,7.601222,193.45863
2024-08-27 05:00:00,7.5798907,188.90591
2024-08-27 06:00:00,7.4293,185.24008
2024-08-27 07:00:00,7.299446,184.1225
2024-08-27 08:00:00,6.9736276,182.90518
2024-08-27 09:00:00,6.712485,182.70494
2024-08-27 10:00:00,5.961759,182.60669
2024-08-27 11:00:00,5.9721437,184.21355
2024-08-27 12:00:00,5.3818407,188.18538
2024-08-27 13:00:00,4.5124063,188.46155
2024-08-27 14:00:00,3.5983038,179.29448
2024-08-27 15:00:00,3.3764937,164.67993
2024-08-27 16:00:00,2.90468,157.20578
2024-08-27 17:00:00,2.798362,142.70876
2024-08-27 18:00:00,3.6303916,132.30342
2024-08-27 19:00:00,4.694699,130.5427
2024-08-27 20:00:00,5.6431623,134.31589
2024-08-27 21:00:00,6.0732794,138.36201
2024-08-27 22:00:00,5.886564,131.54453
2024-08-27 23:00:00,5.3721642,134.78908
2024-08-28 00:00:00,5.4900975,134.42749
2024-08-28 01:00:00,5.138851,136.4939
2024-08-28 02:00:00,4.7159243,135.7443
2024-08-28 03:00:00,4.819296,135.6598
2024-08-28 04:00:00,4.7020516,136.8903
2024-08-28 05:00:00,5.023418,136.50235
2024-08-28 06:00:00,5.4368267,135.65149
2024-08-28 07:00:00,5.639835,134.50319
2024-08-28 08:00:00,5.433425,131.67575
2024-08-28 09:00:00,5.1368337,127.239624
2024-08-28 10:00:00,4.337339,114.252815
2024-08-28 11:00:00,4.2503552,112.05806
2024-08-28 12:00:00,4.3575134,109.76054
2024-08-28 13:00:00,4.939634,111.34853
2024-08-28 14:00:00,5.550852,118.58624
2024-08-28 15:00:00,5.658194,127.10727
2024-08-28 16:00:00,5.30701,134.8077
2024-08-28 17:00:00,5.0710845,141.91801
2024-08-28 18:00:00,4.984871,148.88217
2024-08-28 19:00:00,4.9544697,157.64871
2024-08-28 20:00:00,5.1333013,170.51433
2024-08-28 21:00:00,5.7361097,187.31487
2024-08-28 22:00:00,4.9568424,200.76794
2024-08-28 23:00:00,4.9974985,207.83559
2024-08-29 00:00:00,5.0389333,211.51332
2024-08-29 01:00:00,5.2844453,211.02339
2024-08-29 02:00:00,5.9608397,211.17252
2024-08-29 03:00:00,6.6324286,219.19586
2024-08-29 04:00:00,6.7753716,232.51291
2024-08-29 05:00:00,6.2358336,242.58589
2024-08-29 06:00:00,5.3787904,247.3844
2024-08-29 07:00:00,5.040386,253.47604
2024-08-29 08:00:00,4.93916,266.89453
2024-08-29 09:00:00,5.1313934,281.33746
2024-08-29 10:00:00,5.2240825,299.51114
2024-08-29 11:00:00,5.7501993,302.6143
2024-08-29 12:00:00,6.642464,306.3194
2024-08-29 13:00:00,6.329473,306.6508
2024-08-29 14:00:00,5.9436393,303.1472
2024-08-29 15:00:00,6.1096945,303.7945
2024-08-29 16:00:00,5.886236,305.79202
2024-08-29 17:00:00,5.6199336,309.40552
2024-08-29 18:00:00,5.205083,312.4347
2024-08-29 19:00:00,4.7493277,314.60132
2024-08-29 20:00:00,4.14488,321.23096
2024-08-29 21:00:00,3.4486873,328.28412
2024-08-29 22:00:00,3.2516046,325.01096
2024-08-29 23:00:00,2.703689,334.441
2024-08-30 00:00:00,1.837726,317.70016
2024-08-30 01:00:00,1.7152231,289.18967
2024-08-30 02:00:00,2.0598438,277.95465
2024-08-30 03:00:00,2.2438836,289.08762
2024-08-30 04:00:00,2.1774979,312.58292
2024-08-30 05:00:00,2.17861,327.6245
2024-08-30 06:00:00,2.0728872,337.01666
2024-08-30 07:00:00,2.0186627,337.36002
2024-08-30 08:00:00,2.0511014,339.79892
2024-08-30 09:00:00,2.0908906,347.01123
2024-08-30 10:00:00,1.9562248,23.616806
2024-08-30 11:00:00,2.109093,5.407089
2024-08-30 12:00:00,2.6116686,359.8636
2024-08-30 13:00:00,3.6767912,358.65033
2024-08-30 14:00:00,4.7404876,358.95566
2024-08-30 15:00:00,5.687298,5.4892426
2024-08-30 16:00:00,6.4892454,11.858215
2024-08-30 17:00:00,6.864454,18.855865
2024-08-30 18:00:00,7.2168922,26.387634
2024-08-30 19:00:00,7.737128,32.896515
2024-08-30 20:00:00,7.7570515,39.17894
2024-08-30 21:00:00,7.6439486,44.6297
2024-08-30 22:00:00,8.075686,48.128845
2024-08-30 23:00:00,8.094305,50.720352
2024-08-31 00:00:00,8.107768,55.329987
2024-08-31 01:00:00,8.308286,58.137917
2024-08-31 02:00:00,8.33204,60.244484
2024-08-31 03:00:00,8.10581,64.409096
2024-08-31 04:00:00,7.994433,65.45529
2024-08-31 05:00:00,8.207706,63.6959
2024-08-31 06:00:00,8.69799,63.460808
2024-08-31 07:00:00,8.930391,64.815926
2024-08-31 08:00:00,9.2683525,66.75611
2024-08-31 09:00:00,9.490184,66.454414
2024-08-31 10:00:00,9.064348,66.16551
2024-08-31 11:00:00,9.65472,65.13849
2024-08-31 12:00:00,9.888587,66.72349
2024-08-31 13:00:00,9.720471,66.248505
2024-08-31 14:00:00,9.970381,65.3948
2024-08-31 15:00:00,10.316241,64.81853
2024-08-31 16:00:00,10.5473795,64.24021
2024-08-31 17:00:00,10.585226,64.01719
2024-08-31 18:00:00,10.4902525,66.02379
2024-08-31 19:00:00,10.589874,66.726166
2024-08-31 20:00:00,10.746715,67.732315
2024-08-31 21:00:00,10.705221,70.582756
2024-08-31 22:00:00,10.273563,76.07935
2024-08-31 23:00:00,10.156192,79.52193
2024-09-01 00:00:00,10.291513,81.75369
2024-09-01 01:00:00,10.262939,84.40341
2024-09-01 02:00:00,9.957966,85.611206
2024-09-01 03:00:00,9.67933,86.94976
2024-09-01 04:00:00,9.75432,85.79879
2024-09-01 05:00:00,10.390084,86.14586
2024-09-01 06:00:00,10.533242,89.826355
2024-09-01 07:00:00,9.681275,94.18035
2024-09-01 08:00:00,8.855526,97.10837
2024-09-01 09:00:00,8.409946,95.73073
2024-09-01 10:00:00,7.618885,89.79629
2024-09-01 11:00:00,8.151544,88.56317
2024-09-01 12:00:00,8.5557785,88.93876
2024-09-01 13:00:00,8.879662,91.3774
2024-09-01 14:00:00,9.086942,94.33789
2024-09-01 15:00:00,9.309403,95.98682
2024-09-01 16:00:00,9.476073,95.50666
2024-09-01 17:00:00,9.753803,95.067726
2024-09-01 18:00:00,10.424383,95.781105
2024-09-01 19:00:00,10.664891,98.827835
2024-09-01 20:00:00,10.639363,104.09452
2024-09-01 21:00:00,10.392541,109.81532
2024-09-01 22:00:00,10.971159,105.38341
2024-09-01 23:00:00,10.611029,111.07748
2024-09-02 00:00:00,9.583366,114.277504
2024-09-02 01:00:00,8.5945215,116.322014
2024-09-02 02:00:00,8.535227,116.608475
2024-09-02 03:00:00,8.31892,120.39458
2024-09-02 04:00:00,7.812208,124.2539
2024-09-02 05:00:00,7.094465,127.48137
2024-09-02 06:00:00,6.2873216,140.09813
2024-09-02 07:00:00,5.354942,161.37325
2024-09-02 08:00:00,3.8661027,179.64134
2024-09-02 09:00:00,3.0143154,196.00063
2024-09-02 10:00:00,3.0288622,189.45728
2024-09-02 11:00:00,3.0507002,198.78258
2024-09-02 12:00:00,2.9582682,220.19098
2024-09-02 13:00:00,3.1585793,240.74184
2024-09-02 14:00:00,3.3349895,264.23926
2024-09-02 15:00:00,4.1276436,277.3612
2024-09-02 16:00:00,4.983758,281.64047
2024-09-02 17:00:00,4.263696,287.50632
2024-09-02 18:00:00,3.2481263,284.9195
2024-09-02 19:00:00,3.0645025,294.71655
2024-09-02 20:00:00,2.457317,291.63025
2024-09-02 21:00:00,1.9541725,271.75748
2024-09-02 22:00:00,1.028628,164.77266
2024-09-02 23:00:00,2.2840629,210.84833
2024-09-03 00:00:00,3.2660718,216.61017
2024-09-03 01:00:00,3.5107596,203.08017
2024-09-03 02:00:00,3.659797,189.19638
2024-09-03 03:00:00,3.8547149,199.20293
2024-09-03 04:00:00,3.67415,218.13248
2024-09-03 05:00:00,3.0694952,221.26132
2024-09-03 06:00:00,2.9143178,211.55792
2024-09-03 07:00:00,3.2061234,203.9975
2024-09-03 08:00:00,3.3531091,186.74033
2024-09-03 09:00:00,3.8979099,177.41443
2024-09-03 10:00:00,4.3454547,197.06161
2024-09-03 11:00:00,4.3042197,204.4611
2024-09-03 12:00:00,4.9306426,216.30421
2024-09-03 13:00:00,5.748113,223.98795
2024-09-03 14:00:00,5.25439,232.86356
2024-09-03 15:00:00,5.1984015,237.8272
2024-09-03 16:00:00,5.085037,239.33687
2024-09-03 17:00:00,4.1036973,239.68974
2024-09-03 18:00:00,3.3926291,228.94325
2024-09-03 19:00:00,3.1337132,216.5872
2024-09-03 20:00:00,2.8843055,205.53561
2024-09-03 21:00:00,2.8190656,192.14926
2024-09-03 22:00:00,0.83739847,236.30614
2024-09-03 23:00:00,1.6313289,202.44174
2024-09-04 00:00:00,1.7466685,199.49005
2024-09-04 01:00:00,1.8647208,162.85182
2024-09-04 02:00:00,2.8162735,155.19193
2024-09-04 03:00:00,3.0969539,177.04976
2024-09-04 04:00:00,3.2459333,193.54257
2024-09-04 05:00:00,3.4042912,192.70819
2024-09-04 06:00:00,3.6346023,196.02452
2024-09-04 07:00:00,3.6902752,201.75389
2024-09-04 08:00:00,3.6279776,204.418
2024-09-04 09:00:00,3.6125708,204.7333
2024-09-04 10:00:00,3.4860723,187.1977
2024-09-04 11:00:00,2.914941,189.5991
2024-09-04 12:00:00,2.129472,203.29753
2024-09-04 13:00:00,1.4846792,195.42392
2024-09-04 14:00:00,1.0862954,171.38884
2024-09-04 15:00:00,0.9484171,155.68991
2024-09-04 16:00:00,0.7833889,144.35912
2024-09-04 17:00:00,0.715019,96.82829
2024-09-04 18:00:00,1.589359,66.53609
2024-09-04 19:00:00,2.2875173,69.09733
2024-09-04 20:00:00,2.437201,63.461952
2024-09-04 21:00:00,2.2209616,51.202667
2024-09-04 22:00:00,2.5436301,45.97336
2024-09-04 23:00:00,3.2815588,34.590622
2024-09-05 00:00:00,4.2602677,34.791443
2024-09-05 01:00:00,5.0796766,37.795517
2024-09-05 02:00:00,5.6108303,35.463333
2024-09-05 03:00:00,6.124887,25.399445
2024-09-05 04:00:00,7.311959,22.587677
2024-09-05 05:00:00,8.561501,24.11972
2024-09-05 06:00:00,10.005703,25.931519
2024-09-05 07:00:00,11.282673,28.38684
2024-09-05 08:00:00,11.34905,32.970306
2024-09-05 09:00:00,10.691249,40.58902
2024-09-05 10:00:00,9.847961,53.47473
2024-09-05 11:00:00,10.501438,66.25378
2024-09-05 12:00:00,11.016765,70.06024
2024-09-05 13:00:00,11.323354,68.76905
2024-09-05 14:00:00,11.756516,66.8914
2024-09-05 15:00:00,12.6165695,66.558
2024-09-05 16:00:00,13.69756,69.50946
2024-09-05 17:00:00,13.910198,74.88698
2024-09-05 18:00:00,13.769702,79.041084
2024-09-05 19:00:00,13.572384,82.045944
2024-09-05 20:00:00,13.519203,84.4772
2024-09-05 21:00:00,13.69655,84.45893
2024-09-05 22:00:00,14.079798,84.03369
2024-09-05 23:00:00,13.028535,82.39243
2024-09-06 00:00:00,12.648068,77.898705
2024-09-06 01:00:00,12.758221,75.71321
2024-09-06 02:00:00,12.447875,78.53594
2024-09-06 03:00:00,11.890041,80.10811
2024-09-06 04:00:00,11.823101,79.69927
2024-09-06 05:00:00,12.142366,82.249176
2024-09-06 06:00:00,12.01668,85.320076
2024-09-06 07:00:00,11.741525,87.04044
2024-09-06 08:00:00,11.58588,88.63847
2024-09-06 09:00:00,11.263888,92.49005
2024-09-06 10:00:00,9.931156,86.27536
2024-09-06 11:00:00,9.567352,89.03013
2024-09-06 12:00:00,9.067313,96.530304
2024-09-06 13:00:00,8.089598,99.399796
2024-09-06 14:00:00,8.039394,99.11849
2024-09-06 15:00:00,8.260212,98.18049
2024-09-06 16:00:00,8.179249,104.52871
2024-09-06 17:00:00,7.511568,106.8139
2024-09-06 18:00:00,6.3071823,103.49853
2024-09-06 19:00:00,5.951868,95.26371
2024-09-06 20:00:00,6.2155895,98.15706
2024-09-06 21:00:00,6.481282,108.206894
2024-09-06 22:00:00,5.3656874,89.544914
2024-09-06 23:00:00,4.7751026,85.890594
2024-09-07 00:00:00,2.8750706,82.04196
2024-09-07 01:00:00,1.3192805,108.257515
2024-09-07 02:00:00,0.79141915,153.01627
2024-09-07 03:00:00,1.1277673,217.10014
2024-09-07 04:00:00,2.7224634,220.5235
2024-09-07 05:00:00,4.1971135,219.47885
2024-09-07 06:00:00,4.6690197,223.47903
2024-09-07 07:00:00,4.2313447,224.99785
2024-09-07 08:00:00,3.117594,210.86432
2024-09-07 09:00:00,3.0991704,185.0977
2024-09-07 10:00:00,2.8700523,189.14456
2024-09-07 11:00:00,2.8887823,166.46724
2024-09-07 12:00:00,3.35233,160.36513
2024-09-07 13:00:00,2.887528,151.54541
2024-09-07 14:00:00,2.6502454,131.85272
2024-09-07 15:00:00,2.7646892,115.31179
2024-09-07 16:00:00,3.4520252,90.802574
2024-09-07 17:00:00,4.432318,84.700005
2024-09-07 18:00:00,5.5334806,84.86273
2024-09-07 19:00:00,6.760116,87.23592
2024-09-07 20:00:00,7.4128294,93.81491
2024-09-07 21:00:00,7.3487964,96.3856
2024-09-07 22:00:00,8.623841,100.80162
2024-09-07 23:00:00,8.220289,108.53925
2024-09-08 00:00:00,7.5390053,111.39245
2024-09-08 01:00:00,6.8169794,122.32383
2024-09-08 02:00:00,6.265089,138.06677
2024-09-08 03:00:00,5.9344983,154.76868
2024-09-08 04:00:00,5.5618463,178.13133
2024-09-08 05:00:00,5.8135033,201.44666
2024-09-08 06:00:00,6.7229466,208.47502
2024-09-08 07:00:00,7.37201,205.2511
2024-09-08 08:00:00,7.533094,204.96132
2024-09-08 09:00:00,7.966296,202.85338
2024-09-08 10:00:00,6.6699967,217.88622
2024-09-08 11:00:00,6.3916364,210.98064
2024-09-08 12:00:00,6.210734,204.47888
2024-09-08 13:00:00,6.4896226,203.28412
2024-09-08 14:00:00,6.9979076,205.46875
2024-09-08 15:00:00,6.6550727,207.47002
2024-09-08 16:00:00,6.4593105,204.989
2024-09-08 17:00:00,6.170216,207.02818
2024-09-08 18:00:00,5.6558475,201.76985
2024-09-08 19:00:00,5.089328,194.43376
2024-09-08 20:00:00,4.8997765,191.68741
2024-09-08 21:00:00,4.69603,185.3175
2024-09-08 22:00:00,4.75311,176.83585
2024-09-08 23:00:00,4.8376546,173.36432
2024-09-09 00:00:00,4.903394,166.43591
2024-09-09 01:00:00,5.3143034,175.37431
2024-09-09 02:00:00,4.247441,183.3956
2024-09-09 03:00:00,2.6825907,175.08443
2024-09-09 04:00:00,1.9597924,165.81728
2024-09-09 05:00:00,1.7764609,174.64087
2024-09-09 06:00:00,2.186702,189.97227
2024-09-09 07:00:00,2.3820143,195.29282
2024-09-09 08:00:00,2.7314584,224.2166
2024-09-09 09:00:00,3.8487675,259.85913
2024-09-09 10:00:00,4.7997665,279.4992
2024-09-09 11:00:00,6.038955,294.30637
2024-09-09 12:00:00,5.8799953,305.4726
2024-09-09 13:00:00,6.587287,310.10706
2024-09-09 14:00:00,7.9113154,318.41437
2024-09-09 15:00:00,10.138615,326.1662
2024-09-09 16:00:00,11.901917,329.02905
2024-09-09 17:00:00,12.901733,324.2458
2024-09-09 18:00:00,12.918561,320.82416
2024-09-09 19:00:00,12.062187,318.72455
2024-09-09 20:00:00,11.42767,315.42188
2024-09-09 21:00:00,10.641278,310.83224
2024-09-09 22:00:00,11.253701,302.40378
2024-09-09 23:00:00,10.636083,298.57834
2024-09-10 00:00:00,9.661439,290.4594
2024-09-10 01:00:00,8.855391,280.7464
2024-09-10 02:00:00,9.1728,271.14575
2024-09-10 03:00:00,9.293404,263.30563
2024-09-10 04:00:00,9.604291,253.66129
2024-09-10 05:00:00,10.428027,245.58905
2024-09-10 06:00:00,11.712579,239.97058
2024-09-10 07:00:00,12.492552,235.5065
2024-09-10 08:00:00,13.318593,230.82878
2024-09-10 09:00:00,14.860505,228.50282
2024-09-10 10:00:00,14.375239,227.49956
2024-09-10 11:00:00,15.419758,228.02176
2024-09-10 12:00:00,15.40608,229.45755
2024-09-10 13:00:00,15.474963,231.25345
2024-09-10 14:00:00,15.775629,238.22878
2024-09-10 15:00:00,15.265007,246.13818
2024-09-10 16:00:00,13.895683,255.7283
2024-09-10 17:00:00,12.277361,263.27496
2024-09-10 18:00:00,10.812815,268.46942
2024-09-10 19:00:00,9.359348,270.59402
2024-09-10 20:00:00,7.7775383,272.3122
2024-09-10 21:00:00,7.5549893,291.46393
2024-09-10 22:00:00,7.646751,298.2139
2024-09-10 23:00:00,6.5496893,288.4746
2024-09-11 00:00:00,5.1533384,283.893
2024-09-11 01:00:00,5.4939427,284.9429
2024-09-11 02:00:00,6.081667,280.65552
2024-09-11 03:00:00,7.872138,278.76328
2024-09-11 04:00:00,8.689987,280.30832
2024-09-11 05:00:00,9.387276,278.1097
2024-09-11 06:00:00,10.066844,277.32333
2024-09-11 07:00:00,9.984673,274.61755
2024-09-11 08:00:00,10.476243,274.0649
2024-09-11 09:00:00,10.448115,277.40274
2024-09-11 10:00:00,11.814029,273.56207
2024-09-11 11:00:00,11.704417,277.74142
2024-09-11 12:00:00,10.623071,275.46503
2024-09-11 13:00:00,10.084994,275.59552
2024-09-11 14:00:00,9.169433,275.68564
2024-09-11 15:00:00,8.422672,279.57886
2024-09-11 16:00:00,7.2813497,279.33752
2024-09-11 17:00:00,6.8674693,273.8511
2024-09-11 18:00:00,7.08711,275.34872
2024-09-11 19:00:00,6.668321,272.61935
2024-09-11 20:00:00,5.8475633,263.20392
2024-09-11 21:00:00,5.6983423,259.0957
2024-09-11 22:00:00,6.4586887,247.18192
2024-09-11 23:00:00,5.644234,264.51184
2024-09-12 00:00:00,5.2360463,271.09543
2024-09-12 01:00:00,5.1676674,261.98624
2024-09-12 02:00:00,4.751339,261.81586
2024-09-12 03:00:00,4.7228856,268.54358
2024-09-12 04:00:00,4.735515,269.57272
2024-09-12 05:00:00,4.7527,271.72937
2024-09-12 06:00:00,5.1955533,282.1884
2024-09-12 07:00:00,4.7971253,289.05325
2024-09-12 08:00:00,3.829134,283.6848
2024-09-12 09:00:00,3.9138863,279.6841
2024-09-12 10:00:00,4.2400913,287.3882
2024-09-12 11:00:00,4.151787,285.01904
2024-09-12 12:00:00,4.469516,280.12885
2024-09-12 13:00:00,4.3302646,284.22128
2024-09-12 14:00:00,4.9965663,287.1345
2024-09-12 15:00:00,5.726173,301.19034
2024-09-12 16:00:00,5.524906,318.83954
2024-09-12 17:00:00,5.361932,333.57645
2024-09-12 18:00:00,5.508789,344.57166
2024-09-12 19:00:00,5.705723,355.60962
2024-09-12 20:00:00,5.523611,7.907913
2024-09-12 21:00:00,5.1132693,14.128708
2024-09-12 22:00:00,2.863363,351.43326
2024-09-12 23:00:00,4.6544323,352.1463
2024-09-13 00:00:00,5.9706244,5.0771637
2024-09-13 01:00:00,7.2851033,5.8576508
2024-09-13 02:00:00,8.185428,7.3436127
2024-09-13 03:00:00,8.31406,11.619629
2024-09-13 04:00:00,8.379333,10.895111
2024-09-13 05:00:00,8.644423,5.77446
2024-09-13 06:00:00,8.7590685,3.4491882
2024-09-13 07:00:00,8.505463,2.8207245
2024-09-13 08:00:00,8.013257,0.16894531
2024-09-13 09:00:00,7.8934364,356.85358
2024-09-13 10:00:00,7.948693,353.32962
2024-09-13 11:00:00,7.979911,347.60007
2024-09-13 12:00:00,8.24253,345.2812
2024-09-13 13:00:00,8.228027,345.48453
2024-09-13 14:00:00,8.321854,345.07523
2024-09-13 15:00:00,8.383236,346.15518
2024-09-13 16:00:00,8.443643,346.61792
2024-09-13 17:00:00,8.032289,347.86475
2024-09-13 18:00:00,7.590157,348.07437
2024-09-13 19:00:00,7.4760437,346.86636
2024-09-13 20:00:00,7.330864,345.22766
2024-09-13 21:00:00,6.965661,345.7876
2024-09-13 22:00:00,6.8511257,343.17532
2024-09-13 23:00:00,6.254708,338.90167
2024-09-14 00:00:00,5.7879763,334.7496
2024-09-14 01:00:00,5.6115685,332.5105
2024-09-14 02:00:00,5.4902115,328.69165
2024-09-14 03:00:00,5.4618597,322.3125
2024-09-14 04:00:00,5.121666,318.24783
2024-09-14 05:00:00,4.5198703,314.221
2024-09-14 06:00:00,4.2065187,310.83734
2024-09-14 07:00:00,4.1447067,307.69833
2024-09-14 08:00:00,3.820026,301.72882
2024-09-14 09:00:00,4.148699,297.88058
2024-09-14 10:00:00,3.7760532,296.83597
2024-09-14 11:00:00,3.8266342,289.95337
2024-09-14 12:00:00,4.30017,287.19476
2024-09-14 13:00:00,4.4828396,284.38947
2024-09-14 14:00:00,4.506136,281.9621
2024-09-14 15:00:00,4.4672384,274.83353
2024-09-14 16:00:00,3.9676468,267.09814
2024-09-14 17:00:00,3.8709483,265.48203
2024-09-14 18:00:00,4.128779,265.72855
2024-09-14 19:00:00,4.085686,258.20935
2024-09-14 20:00:00,4.2385783,250.8019
2024-09-14 21:00:00,4.696639,249.15402
2024-09-14 22:00:00,4.7705045,241.18169
2024-09-14 23:00:00,5.0669217,240.93112
2024-09-15 00:00:00,5.19196,241.35391
2024-09-15 01:00:00,5.189644,237.73439
2024-09-15 02:00:00,5.332716,233.9721
2024-09-15 03:00:00,5.419446,232.09479
2024-09-15 04:00:00,5.3889422,231.77338
2024-09-15 05:00:00,5.4698343,233.68214
2024-09-15 06:00:00,5.317793,233.21977
2024-09-15 07:00:00,5.229669,231.45616
2024-09-15 08:00:00,5.0279775,232.47891
2024-09-15 09:00:00,5.053449,236.68846
2024-09-15 10:00:00,4.3564777,237.27452
2024-09-15 11:00:00,4.7121725,240.7594
2024-09-15 12:00:00,4.7175303,238.6314
2024-09-15 13:00:00,4.9365015,240.58688
2024-09-15 14:00:00,5.540108,246.45541
2024-09-15 15:00:00,6.04083,251.22234
2024-09-15 16:00:00,6.440122,255.4768
2024-09-15 17:00:00,6.990937,257.72864
2024-09-15 18:00:00,7.3630366,259.1167
2024-09-15 19:00:00,7.32062,259.71216
2024-09-15 20:00:00,6.6279225,257.99683
2024-09-15 21:00:00,5.870983,264.9984
2024-09-15 22:00:00,4.102024,262.5009
2024-09-15 23:00:00,3.9412644,270.87027
2024-09-16 00:00:00,4.2876105,284.2495
2024-09-16 01:00:00,4.260492,291.77472
2024-09-16 02:00:00,4.078558,291.5284
2024-09-16 03:00:00,3.7541783,293.93573
2024-09-16 04:00:00,3.365857,303.0716
2024-09-16 05:00:00,3.7183704,316.33972
2024-09-16 06:00:00,5.1061354,324.29855
2024-09-16 07:00:00,6.164074,340.6916
2024-09-16 08:00:00,6.8785877,354.04028
2024-09-16 09:00:00,7.650538,0.8180084
2024-09-16 10:00:00,8.689494,359.45718
2024-09-16 11:00:00,8.544386,5.5335236
2024-09-16 12:00:00,8.446087,7.254257
2024-09-16 13:00:00,8.647565,3.6105804
2024-09-16 14:00:00,8.785933,2.7940826
2024-09-16 15:00:00,9.153511,4.6974792
2024-09-16 16:00:00,9.568232,6.5417633
2024-09-16 17:00:00,9.531992,12.336563
2024-09-16 18:00:00,9.010392,19.66095
2024-09-16 19:00:00,8.399609,20.096588
2024-09-16 20:00:00,8.763956,14.856003
2024-09-16 21:00:00,9.177314,16.46318
2024-09-16 22:00:00,9.185168,29.952042
2024-09-16 23:00:00,8.8021555,36.53868
2024-09-17 00:00:00,8.283464,34.97322
2024-09-17 01:00:00,8.229798,30.039352
2024-09-17 02:00:00,8.406765,27.491043
2024-09-17 03:00:00,8.567524,28.196365
2024-09-17 04:00:00,8.705504,30.749344
2024-09-17 05:00:00,8.904813,30.639938
2024-09-17 06:00:00,9.232128,30.70021
2024-09-17 07:00:00,9.444278,31.918701
2024-09-17 08:00:00,9.718995,35.89673
2024-09-17 09:00:00,10.007899,42.136627
2024-09-17 10:00:00,8.954234,44.87903
2024-09-17 11:00:00,8.789744,44.23387
2024-09-17 12:00:00,8.704628,42.59195
2024-09-17 13:00:00,8.979687,39.342545
2024-09-17 14:00:00,9.319239,36.559082
2024-09-17 15:00:00,9.736433,36.348083
2024-09-17 16:00:00,9.868727,38.940445
2024-09-17 17:00:00,9.808958,41.672287
2024-09-17 18:00:00,9.801609,43.68898
2024-09-17 19:00:00,9.82358,45.402527
2024-09-17 20:00:00,9.880228,48.224655
2024-09-17 21:00:00,9.747435,53.030113
2024-09-17 22:00:00,8.621511,56.556084
2024-09-17 23:00:00,8.577881,55.31813
2024-09-18 00:00:00,8.564771,54.52697
2024-09-18 01:00:00,8.643941,54.545525
2024-09-18 02:00:00,8.602034,56.271828
2024-09-18 03:00:00,8.438497,59.676598
2024-09-18 04:00:00,8.294254,61.390327
2024-09-18 05:00:00,8.233927,61.9486
2024-09-18 06:00:00,8.517903,61.896202
2024-09-18 07:00:00,8.556227,63.074615
2024-09-18 08:00:00,8.184203,64.74245
2024-09-18 09:00:00,7.797427,63.41713
2024-09-18 10:00:00,8.105005,70.07711
2024-09-18 11:00:00,7.349459,68.51872
2024-09-18 12:00:00,7.2858377,63.961456
2024-09-18 13:00:00,7.606836,58.33362
2024-09-18 14:00:00,8.113526,55.99649
2024-09-18 15:00:00,8.493774,55.280792
2024-09-18 16:00:00,9.193849,54.309746
2024-09-18 17:00:00,9.964748,56.28353
2024-09-18 18:00:00,10.264666,59.63108
2024-09-18 19:00:00,10.33924,62.925537
2024-09-18 20:00:00,10.2119665,69.79184
2024-09-18 21:00:00,9.69788,78.50053
2024-09-18 22:00:00,8.88328,81.73446
2024-09-18 23:00:00,8.205588,83.63608
2024-09-19 00:00:00,7.7455025,83.50028
2024-09-19 01:00:00,7.4753914,80.93235
2024-09-19 02:00:00,7.4726553,78.85743
2024-09-19 03:00:00,7.544769,73.92121
2024-09-19 04:00:00,7.917479,66.929474
2024-09-19 05:00:00,8.285916,63.146194
2024-09-19 06:00:00,8.682022,65.372795
2024-09-19 07:00:00,8.650026,69.28628
2024-09-19 08:00:00,8.2816305,73.392654
2024-09-19 09:00:00,7.5259037,75.55271
2024-09-19 10:00:00,6.9058228,72.147385
2024-09-19 11:00:00,6.5216236,69.03865
2024-09-19 12:00:00,6.5295258,65.59196
2024-09-19 13:00:00,6.6679726,61.218033
2024-09-19 14:00:00,7.1697984,57.738968
2024-09-19 15:00:00,7.8341703,57.652428
2024-09-19 16:00:00,8.256364,60.539223
2024-09-19 17:00:00,8.779958,66.23684
2024-09-19 18:00:00,8.916274,72.38537
2024-09-19 19:00:00,8.910057,75.974655
2024-09-19 20:00:00,8.952009,77.457466
2024-09-19 21:00:00,9.1763315,79.66631
2024-09-19 22:00:00,9.773118,82.560036
2024-09-19 23:00:00,9.181147,85.04942
2024-09-20 00:00:00,9.103906,83.96381
2024-09-20 01:00:00,9.119804,82.72331
2024-09-20 02:00:00,9.335281,83.40368
2024-09-20 03:00:00,9.140714,84.33145
2024-09-20 04:00:00,9.340959,84.89914
2024-09-20 05:00:00,9.824918,85.28008
2024-09-20 06:00:00,10.185176,86.05267
2024-09-20 07:00:00,10.109946,88.98703
2024-09-20 08:00:00,9.642015,91.05515
2024-09-20 09:00:00,9.300223,91.24209
2024-09-20 10:00:00,8.933466,88.39092
2024-09-20 11:00:00,8.8167715,83.763504
2024-09-20 12:00:00,8.896395,78.66493
2024-09-20 13:00:00,9.202621,74.00009
2024-09-20 14:00:00,9.456219,71.84907
2024-09-20 15:00:00,9.440378,72.98554
2024-09-20 16:00:00,9.415186,77.25071
2024-09-20 17:00:00,9.322573,80.78979
2024-09-20 18:00:00,9.373867,83.8129
2024-09-20 19:00:00,9.439589,88.375496
2024-09-20 20:00:00,9.550599,92.4126
2024-09-20 21:00:00,9.5389805,95.52316
2024-09-20 22:00:00,9.282116,95.98217
2024-09-20 23:00:00,8.778382,100.49899
2024-09-21 00:00:00,8.36601,100.63106
2024-09-21 01:00:00,8.065543,100.58825
2024-09-21 02:00:00,7.9508057,100.282234
2024-09-21 03:00:00,7.9112463,99.12382
2024-09-21 04:00:00,7.620026,100.94414
2024-09-21 05:00:00,7.1681337,102.545395
2024-09-21 06:00:00,7.02135,101.1133
2024-09-21 07:00:00,7.022059,99.93061
2024-09-21 08:00:00,6.5949244,101.4732
2024-09-21 09:00:00,6.052461,103.34399
2024-09-21 10:00:00,5.5087786,100.9619
2024-09-21 11:00:00,4.9822717,98.31895
2024-09-21 12:00:00,4.842801,93.15591
2024-09-21 13:00:00,4.8821025,92.004036
2024-09-21 14:00:00,4.7413273,90.802
2024-09-21 15:00:00,4.7893424,87.28144
2024-09-21 16:00:00,5.300714,86.367744
2024-09-21 17:00:00,5.836207,86.21052
2024-09-21 18:00:00,6.425056,87.85396
2024-09-21 19:00:00,6.4802723,92.67655
2024-09-21 20:00:00,6.268295,97.25603
2024-09-21 21:00:00,5.983857,101.423935
2024-09-21 22:00:00,5.561049,101.4287
2024-09-21 23:00:00,4.954319,103.89275
2024-09-22 00:00:00,4.5735273,105.16446
2024-09-22 01:00:00,4.4675035,103.52051
2024-09-22 02:00:00,4.3072705,106.31762
2024-09-22 03:00:00,4.055636,107.82206
2024-09-22 04:00:00,3.9017045,107.641365
2024-09-22 05:00:00,3.7847872,105.71298
2024-09-22 06:00:00,3.7581532,105.582756
2024-09-22 07:00:00,3.8474672,106.00325
2024-09-22 08:00:00,3.8626878,104.551056
2024-09-22 09:00:00,3.7142262,102.21232
2024-09-22 10:00:00,3.6138074,100.18198
2024-09-22 11:00:00,3.3974693,99.45063
2024-09-22 12:00:00,3.0510855,101.0569
2024-09-22 13:00:00,2.7997997,105.7112
2024-09-22 14:00:00,2.9004345,107.86781
2024-09-22 15:00:00,2.7809834,111.38689
2024-09-22 16:00:00,2.6926546,108.779434
2024-09-22 17:00:00,3.6065006,96.7864
2024-09-22 18:00:00,4.4456263,98.84606
2024-09-22 19:00:00,4.5436006,108.37908
2024-09-22 20:00:00,4.6714387,111.241135
2024-09-22 21:00:00,5.232001,111.35426
2024-09-22 22:00:00,6.5430183,103.83869
2024-09-22 23:00:00,6.178185,111.21946
2024-09-23 00:00:00,5.7285414,119.32916
2024-09-23 01:00:00,5.911476,123.114105
2024-09-23 02:00:00,6.0371003,132.02306
2024-09-23 03:00:00,5.664207,141.7313
2024-09-23 04:00:00,5.488911,149.48817
2024-09-23 05:00:00,6.1847925,165.6494
2024-09-23 06:00:00,6.654908,174.05142
2024-09-23 07:00:00,7.178744,175.09201
2024-09-23 08:00:00,7.4102163,169.16615
2024-09-23 09:00:00,6.999177,166.37816
2024-09-23 10:00:00,6.7385664,189.87582
2024-09-23 11:00:00,6.1315455,195.84866
2024-09-23 12:00:00,6.4239936,206.39311
2024-09-23 13:00:00,5.8220453,210.5924
2024-09-23 14:00:00,5.3427815,208.96384
2024-09-23 15:00:00,4.9827256,207.19731
2024-09-23 16:00:00,5.3753567,209.27652
2024-09-23 17:00:00,5.7799835,209.81824
2024-09-23 18:00:00,5.7146115,204.9891
2024-09-23 19:00:00,5.9814563,202.25632
2024-09-23 20:00:00,6.6914454,205.57292
2024-09-23 21:00:00,6.690286,208.92581
2024-09-23 22:00:00,7.0178885,209.02122
2024-09-23 23:00:00,8.052296,205.2701
2024-09-24 00:00:00,7.6969056,206.99324
2024-09-24 01:00:00,6.8699474,201.7922
2024-09-24 02:00:00,7.2899766,197.33974
2024-09-24 03:00:00,7.3733387,196.91357
2024-09-24 04:00:00,7.417513,194.44534
2024-09-24 05:00:00,7.7609177,190.82788
2024-09-24 06:00:00,8.2052965,187.48051
2024-09-24 07:00:00,8.247538,187.54446
2024-09-24 08:00:00,7.983657,188.81615
2024-09-24 09:00:00,8.207309,192.54767
2024-09-24 10:00:00,8.724448,203.67262
2024-09-24 11:00:00,8.8926325,208.26244
2024-09-24 12:00:00,9.206594,212.17639
2024-09-24 13:00:00,9.538302,215.65005
2024-09-24 14:00:00,9.828365,220.38211
2024-09-24 15:00:00,9.632129,229.15092
2024-09-24 16:00:00,9.468475,248.46426
2024-09-24 17:00:00,10.617688,276.28635
2024-09-24 18:00:00,11.034282,290.0023
2024-09-24 19:00:00,10.33526,289.38608
2024-09-24 20:00:00,9.4805355,281.6999
2024-09-24 21:00:00,8.96633,270.20663
2024-09-24 22:00:00,9.939285,259.67603
2024-09-24 23:00:00,9.828536,257.22888
2024-09-25 00:00:00,9.862021,253.7637
2024-09-25 01:00:00,10.378054,253.90181
2024-09-25 02:00:00,10.639816,252.3186
2024-09-25 03:00:00,9.930383,248.93524
2024-09-25 04:00:00,9.15507,247.75662
2024-09-25 05:00:00,8.254859,243.81815
2024-09-25 06:00:00,8.1151,242.69856
2024-09-25 07:00:00,7.911003,243.01678
2024-09-25 08:00:00,7.828775,245.5256
2024-09-25 09:00:00,7.2711453,245.91338
2024-09-25 10:00:00,7.124383,249.75671
2024-09-25 11:00:00,7.2851486,249.40839
2024-09-25 12:00:00,6.929238,245.66425
2024-09-25 13:00:00,6.1321144,240.4725
2024-09-25 14:00:00,4.1378083,232.47354
2024-09-25 15:00:00,3.1819596,207.84436
2024-09-25 16:00:00,3.1070216,171.83034
2024-09-25 17:00:00,4.6597075,166.96472
2024-09-25 18:00:00,5.9241486,161.75491
2024-09-25 19:00:00,6.5256934,157.27092
2024-09-25 20:00:00,6.8430786,154.26654
2024-09-25 21:00:00,7.3465,159.67746
2024-09-25 22:00:00,6.341358,183.99309
2024-09-25 23:00:00,6.943431,165.63972
2024-09-26 00:00:00,7.0666327,162.07002
2024-09-26 01:00:00,6.684959,148.15536
2024-09-26 02:00:00,7.0097656,135.33858
2024-09-26 03:00:00,7.6066394,122.039276
2024-09-26 04:00:00,7.8404956,119.4702
2024-09-26 05:00:00,7.0939655,131.54803
2024-09-26 06:00:00,7.200822,178.36737
2024-09-26 07:00:00,10.03999,211.40549
2024-09-26 08:00:00,14.060349,226.14104
2024-09-26 09:00:00,15.049958,230.94044
2024-09-26 10:00:00,12.635017,257.3348
2024-09-26 11:00:00,10.284609,242.44919
2024-09-26 12:00:00,10.478384,227.56668
2024-09-26 13:00:00,11.269917,220.31056
2024-09-26 14:00:00,10.63975,226.2579
2024-09-26 15:00:00,10.823395,231.36623
2024-09-26 16:00:00,10.837252,228.5713
2024-09-26 17:00:00,9.249507,220.31795
2024-09-26 18:00:00,8.895286,204.71298
2024-09-26 19:00:00,9.269941,192.3808
2024-09-26 20:00:00,10.871149,192.67249
2024-09-26 21:00:00,13.072743,199.23782
2024-09-26 22:00:00,12.4875345,200.17467
2024-09-26 23:00:00,15.187193,204.54887
2024-09-27 00:00:00,18.746733,219.7583
2024-09-27 01:00:00,18.489979,219.6372
2024-09-27 02:00:00,18.659954,220.76523
2024-09-27 03:00:00,18.940891,219.84865
2024-09-27 04:00:00,18.866467,218.0582
2024-09-27 05:00:00,19.011179,217.39433
2024-09-27 06:00:00,18.948895,217.45317
2024-09-27 07:00:00,19.29856,215.90271
2024-09-27 08:00:00,20.198729,214.89514
2024-09-27 09:00:00,21.016485,215.84367
2024-09-27 10:00:00,20.450266,222.16203
2024-09-27 11:00:00,14.722424,236.17546
2024-09-27 12:00:00,11.107889,292.74066
2024-09-27 13:00:00,15.129394,318.22504
2024-09-27 14:00:00,15.556068,320.84448
2024-09-27 15:00:00,14.93967,320.94934
2024-09-27 16:00:00,15.250682,323.94205
2024-09-27 17:00:00,15.22735,327.33972
2024-09-27 18:00:00,14.87118,329.98093
2024-09-27 19:00:00,14.565559,331.1949
2024-09-27 20:00:00,14.775384,332.58154
2024-09-27 21:00:00,14.428466,334.17053
2024-09-27 22:00:00,12.848279,325.8664
2024-09-27 23:00:00,12.6776905,323.59818
2024-09-28 00:00:00,11.905218,321.25577
2024-09-28 01:00:00,11.678898,319.3225
2024-09-28 02:00:00,11.605683,317.64545
2024-09-28 03:00:00,12.130393,319.97754
2024-09-28 04:00:00,11.73487,322.03156
2024-09-28 05:00:00,11.081637,322.98608
2024-09-28 06:00:00,10.795495,321.27194
2024-09-28 07:00:00,10.755957,321.04544
2024-09-28 08:00:00,10.304819,320.70847
2024-09-28 09:00:00,10.221449,317.90265
2024-09-28 10:00:00,10.577259,315.36847
2024-09-28 11:00:00,10.567705,313.70407
2024-09-28 12:00:00,10.07148,311.38477
2024-09-28 13:00:00,9.900071,309.5172
2024-09-28 14:00:00,10.058906,309.2779
2024-09-28 15:00:00,10.033268,310.49167
2024-09-28 16:00:00,9.505199,312.8418
2024-09-28 17:00:00,8.952237,313.7807
2024-09-28 18:00:00,8.399901,312.78394
2024-09-28 19:00:00,7.834514,309.86017
2024-09-28 20:00:00,7.487117,307.57635
2024-09-28 21:00:00,7.1533604,306.2346
2024-09-28 22:00:00,5.506724,306.2519
2024-09-28 23:00:00,4.8895993,298.0506
2024-09-29 00:00:00,4.499935,286.7693
2024-09-29 01:00:00,3.7096448,276.75964
2024-09-29 02:00:00,3.076135,259.89432
2024-09-29 03:00:00,3.1686666,237.76854
2024-09-29 04:00:00,3.8497045,222.0693
2024-09-29 05:00:00,4.5347943,209.01418
2024-09-29 06:00:00,5.3678746,200.4636
2024-09-29 07:00:00,5.9966908,196.02048
2024-09-29 08:00:00,6.031337,194.31284
2024-09-29 09:00:00,6.1299148,195.00853
2024-09-29 10:00:00,5.5621247,185.6441
2024-09-29 11:00:00,5.7560186,181.61789
2024-09-29 12:00:00,6.1775603,179.9622
2024-09-29 13:00:00,6.209162,173.43735
2024-09-29 14:00:00,6.3093,162.96764
2024-09-29 15:00:00,7.0326915,156.48442
2024-09-29 16:00:00,7.6843624,149.15497
2024-09-29 17:00:00,7.9782014,144.93977
2024-09-29 18:00:00,7.889638,139.59103
2024-09-29 19:00:00,8.544884,129.95299
2024-09-29 20:00:00,9.422229,125.66777
2024-09-29 21:00:00,9.967592,126.86865
2024-09-29 22:00:00,11.204647,127.39569
2024-09-29 23:00:00,10.78522,131.72037
2024-09-30 00:00:00,11.133998,129.52469
2024-09-30 01:00:00,11.8442,126.97116
2024-09-30 02:00:00,12.068339,126.32919
2024-09-30 03:00:00,12.341451,124.95688
2024-09-30 04:00:00,12.67965,127.51674
2024-09-30 05:00:00,12.513006,125.905136
2024-09-30 06:00:00,12.676488,123.09263
2024-09-30 07:00:00,12.737822,122.128525
2024-09-30 08:00:00,12.852062,121.449615
2024-09-30 09:00:00,12.854465,122.68617
2024-09-30 10:00:00,12.07001,124.61891
2024-09-30 11:00:00,12.591473,128.65761
2024-09-30 12:00:00,12.783706,131.62968
2024-09-30 13:00:00,13.124766,131.3524
2024-09-30 14:00:00,13.092888,128.60861
2024-09-30 15:00:00,13.669853,127.35557
2024-09-30 16:00:00,14.831693,125.32469
2024-09-30 17:00:00,15.986824,125.40367
2024-09-30 18:00:00,15.735553,128.6297
2024-09-30 19:00:00,14.280185,141.72284
2024-09-30 20:00:00,12.837753,165.5052
2024-09-30 21:00:00,13.04634,191.21355
2024-09-30 22:00:00,11.099419,202.89194
2024-09-30 23:00:00,10.519206,191.37247
2024-10-01 00:00:00,10.636126,187.28587
2024-10-01 01:00:00,10.664251,182.08702
2024-10-01 02:00:00,10.601842,178.46182
2024-10-01 03:00:00,10.777086,176.16788
2024-10-01 04:00:00,10.387844,171.15721
2024-10-01 05:00:00,10.158103,166.67937
2024-10-01 06:00:00,10.06033,162.59369
2024-10-01 07:00:00,9.442152,155.79869
2024-10-01 08:00:00,8.809572,148.31136
2024-10-01 09:00:00,7.722637,143.43028
2024-10-01 10:00:00,8.824136,147.39493
2024-10-01 11:00:00,8.0668,148.81377
2024-10-01 12:00:00,7.5294876,155.40074
2024-10-01 13:00:00,7.151797,170.6308
2024-10-01 14:00:00,6.2317452,183.6413
2024-10-01 15:00:00,5.321989,187.69405
2024-10-01 16:00:00,4.355568,178.47565
2024-10-01 17:00:00,3.8081853,167.4106
2024-10-01 18:00:00,3.4574664,154.55496
2024-10-01 19:00:00,3.3869812,140.0665
2024-10-01 20:00:00,3.373459,128.50316
2024-10-01 21:00:00,3.4260907,110.89922
2024-10-01 22:00:00,3.5090003,101.642075
2024-10-01 23:00:00,4.268457,80.73361
2024-10-02 00:00:00,6.3143044,70.68755
2024-10-02 01:00:00,8.188068,70.76968
2024-10-02 02:00:00,9.002376,71.89694
2024-10-02 03:00:00,8.631795,69.435844
2024-10-02 04:00:00,8.429735,63.09826
2024-10-02 05:00:00,8.710374,59.6112
2024-10-02 06:00:00,9.063531,59.822624
2024-10-02 07:00:00,9.39647,59.907005
2024-10-02 08:00:00,9.529214,58.058495
2024-10-02 09:00:00,9.65595,56.42148
2024-10-02 10:00:00,10.221082,57.263718
2024-10-02 11:00:00,10.156613,56.531822
2024-10-02 12:00:00,10.4201765,56.537125
2024-10-02 13:00:00,10.554353,58.193047
2024-10-02 14:00:00,10.69628,60.255714
2024-10-02 15:00:00,10.28779,60.302773
2024-10-02 16:00:00,9.869685,57.943283
2024-10-02 17:00:00,9.694118,55.139122
2024-10-02 18:00:00,9.457254,53.577293
2024-10-02 19:00:00,9.253463,52.96805
2024-10-02 20:00:00,8.910542,53.076416
2024-10-02 21:00:00,8.586041,55.00138
2024-10-02 22:00:00,8.286647,62.257637
2024-10-02 23:00:00,7.2984138,64.21517
2024-10-03 00:00:00,6.5081058,64.739784
2024-10-03 01:00:00,5.990514,64.39613
2024-10-03 02:00:00,5.5529017,59.73603
2024-10-03 03:00:00,5.6368237,52.28853
2024-10-03 04:00:00,5.8008175,48.290314
2024-10-03 05:00:00,6.0735383,45.27005
2024-10-03 06:00:00,6.350907,43.023865
2024-10-03 07:00:00,6.5195165,42.638763
2024-10-03 08:00:00,6.3682723,44.28096
2024-10-03 09:00:00,6.471642,48.60356
2024-10-03 10:00:00,6.1909976,56.755226
2024-10-03 11:00:00,7.042016,50.92508
2024-10-03 12:00:00,7.627359,46.37802
2024-10-03 13:00:00,7.835517,44.223312
2024-10-03 14:00:00,8.036159,43.1512
2024-10-03 15:00:00,8.093567,41.7408
2024-10-03 16:00:00,7.9186425,40.615265
2024-10-03 17:00:00,7.8397236,41.95201
2024-10-03 18:00:00,7.595802,45.28453
2024-10-03 19:00:00,7.401,49.490433
2024-10-03 20:00:00,6.863372,56.32036
2024-10-03 21:00:00,6.2428503,63.925545
2024-10-03 22:00:00,5.476848,74.65732
2024-10-03 23:00:00,4.712797,79.07642
2024-10-04 00:00:00,4.333701,81.51363
2024-10-04 01:00:00,4.1656604,78.948494
2024-10-04 02:00:00,3.7474968,73.09351
2024-10-04 03:00:00,3.4024985,66.04356
2024-10-04 04:00:00,3.1177666,63.79084
2024-10-04 05:00:00,2.886248,64.922264
2024-10-04 06:00:00,3.1033263,72.312874
2024-10-04 07:00:00,3.0932467,78.41738
2024-10-04 08:00:00,2.7917335,80.53334
2024-10-04 09:00:00,2.3796773,83.37394
2024-10-04 10:00:00,1.7194102,90.31515
2024-10-04 11:00:00,1.5808716,75.92567
2024-10-04 12:00:00,1.9089414,69.78544
2024-10-04 13:00:00,2.0174243,67.563034
2024-10-04 14:00:00,2.0030622,58.672417
2024-10-04 15:00:00,2.0965805,48.81743
2024-10-04 16:00:00,2.371544,46.42801
2024-10-04 17:00:00,2.9176738,54.309036
2024-10-04 18:00:00,3.2173178,61.167107
2024-10-04 19:00:00,3.4359949,69.50946
2024-10-04 20:00:00,3.7061238,80.29518
2024-10-04 21:00:00,3.8398693,90.23493
2024-10-04 22:00:00,3.9917593,105.71154
2024-10-04 23:00:00,4.085414,112.27706
2024-10-05 00:00:00,4.2154546,118.549644
2024-10-05 01:00:00,4.309828,128.36938
2024-10-05 02:00:00,4.359862,138.31326
2024-10-05 03:00:00,4.2059507,141.14899
2024-10-05 04:00:00,3.9784763,146.76375
2024-10-05 05:00:00,3.5114224,153.287
2024-10-05 06:00:00,3.562608,149.96323
2024-10-05 07:00:00,3.6461234,148.16669
2024-10-05 08:00:00,3.6011443,148.2425
2024-10-05 09:00:00,3.3475962,142.78638
2024-10-05 10:00:00,3.1592941,140.4209
2024-10-05 11:00:00,2.805972,145.9221
2024-10-05 12:00:00,2.9183362,142.2911
2024-10-05 13:00:00,3.5082119,130.76541
2024-10-05 14:00:00,4.0676136,125.71727
2024-10-05 15:00:00,4.277791,124.04071
2024-10-05 16:00:00,5.0631285,120.35283
2024-10-05 17:00:00,6.0588164,120.64099
2024-10-05 18:00:00,6.9106035,124.083435
2024-10-05 19:00:00,8.224422,124.590256
2024-10-05 20:00:00,8.889708,126.38095
2024-10-05 21:00:00,8.853726,129.0167
2024-10-05 22:00:00,8.66769,135.5452
2024-10-05 23:00:00,8.099614,137.80841
2024-10-06 00:00:00,8.438401,135.40558
2024-10-06 01:00:00,8.777646,139.64502
2024-10-06 02:00:00,8.274399,150.45866
2024-10-06 03:00:00,8.039476,149.86159
2024-10-06 04:00:00,8.58069,145.53682
2024-10-06 05:00:00,9.100841,143.11159
2024-10-06 06:00:00,8.975377,142.76367
2024-10-06 07:00:00,8.871053,139.47577
2024-10-06 08:00:00,8.762702,135.53223
2024-10-06 09:00:00,8.478518,135.49557
2024-10-06 10:00:00,7.925568,130.9801
2024-10-06 11:00:00,8.065361,127.30794
2024-10-06 12:00:00,8.815047,123.752304
2024-10-06 13:00:00,9.771803,121.24585
2024-10-06 14:00:00,10.494756,125.433716
2024-10-06 15:00:00,10.608114,131.04837
2024-10-06 16:00:00,10.466169,135.5705
2024-10-06 17:00:00,10.455855,139.24028
2024-10-06 18:00:00,10.792214,141.97359
2024-10-06 19:00:00,11.039004,143.87343
2024-10-06 20:00:00,11.084233,145.60895
2024-10-06 21:00:00,10.907454,148.26776
2024-10-06 22:00:00,9.78469,149.1081
2024-10-06 23:00:00,10.240641,150.55673
2024-10-07 00:00:00,10.075359,157.94867
2024-10-07 01:00:00,10.1453,167.4592
2024-10-07 02:00:00,9.867845,171.10165
2024-10-07 03:00:00,10.842003,180.82213
2024-10-07 04:00:00,11.965504,199.36772
2024-10-07 05:00:00,12.6819515,214.48714
2024-10-07 06:00:00,12.1497755,222.73048
2024-10-07 07:00:00,11.7087555,224.85562
2024-10-07 08:00:00,11.351461,230.03253
2024-10-07 09:00:00,11.090856,233.81183
2024-10-07 10:00:00,9.3521185,236.42409
2024-10-07 11:00:00,9.543326,233.91466
2024-10-07 12:00:00,9.236877,230.60843
2024-10-07 13:00:00,8.301407,222.81337
2024-10-07 14:00:00,8.264222,215.46811
2024-10-07 15:00:00,7.2212887,206.6359
2024-10-07 16:00:00,6.4867306,195.46487
2024-10-07 17:00:00,6.445102,183.55739
2024-10-07 18:00:00,7.586645,174.30562
2024-10-07 19:00:00,7.497445,166.2136
2024-10-07 20:00:00,6.6921377,153.18944
2024-10-07 21:00:00,7.015967,136.92712
2024-10-07 22:00:00,7.5343027,121.81441
2024-10-07 23:00:00,8.291391,115.93256
2024-10-08 00:00:00,9.962378,113.57069
2024-10-08 01:00:00,10.003438,125.88951
2024-10-08 02:00:00,9.697533,133.29489
2024-10-08 03:00:00,9.672793,153.01611
2024-10-08 04:00:00,10.16591,178.4902
2024-10-08 05:00:00,11.174654,200.57684
2024-10-08 06:00:00,10.994729,210.30486
2024-10-08 07:00:00,11.177382,212.51088
2024-10-08 08:00:00,11.204822,213.06696
2024-10-08 09:00:00,10.956998,212.09744
2024-10-08 10:00:00,10.515534,206.18158
2024-10-08 11:00:00,9.617384,207.51549
2024-10-08 12:00:00,9.362457,210.23094
2024-10-08 13:00:00,9.49176,206.66005
2024-10-08 14:00:00,8.785291,201.17387
2024-10-08 15:00:00,8.620635,194.15022
2024-10-08 16:00:00,8.706469,190.45836
2024-10-08 17:00:00,8.611784,186.25055
2024-10-08 18:00:00,9.17598,180.99953
2024-10-08 19:00:00,9.656361,179.51396
2024-10-08 20:00:00,9.874815,181.52946
2024-10-08 21:00:00,10.077421,181.9682
2024-10-08 22:00:00,10.30532,185.3625
2024-10-08 23:00:00,10.158025,186.75627
2024-10-09 00:00:00,10.002,190.19788
2024-10-09 01:00:00,9.504674,189.13655
2024-10-09 02:00:00,10.158565,185.24155
2024-10-09 03:00:00,10.9228325,184.99069
2024-10-09 04:00:00,10.92529,187.43384
2024-10-09 05:00:00,10.866657,186.29057
2024-10-09 06:00:00,11.119317,185.04874
2024-10-09 07:00:00,11.397923,184.81563
2024-10-09 08:00:00,11.18275,184.5565
2024-10-09 09:00:00,11.370316,185.39946
2024-10-09 10:00:00,11.037978,192.3438
2024-10-09 11:00:00,10.794599,193.28732
2024-10-09 12:00:00,10.285753,193.71854
2024-10-09 13:00:00,9.809823,193.63792
2024-10-09 14:00:00,9.129746,193.27278
2024-10-09 15:00:00,8.085707,187.25906
2024-10-09 16:00:00,6.89016,184.54068
2024-10-09 17:00:00,5.654251,180.41718
2024-10-09 18:00:00,4.5370097,178.94295
2024-10-09 19:00:00,2.6151657,192.33124
2024-10-09 20:00:00,1.1488885,235.4577
2024-10-09 21:00:00,1.37537,309.72916
2024-10-09 22:00:00,2.6861284,334.55188
2024-10-09 23:00:00,3.6333303,337.87164
2024-10-10 00:00:00,5.1591086,331.36188
2024-10-10 01:00:00,6.785789,324.35193
2024-10-10 02:00:00,8.529625,329.83615
2024-10-10 03:00:00,11.517968,337.40933
2024-10-10 04:00:00,14.392851,337.6828
2024-10-10 05:00:00,15.777591,336.92627
2024-10-10 06:00:00,15.653962,336.571
2024-10-10 07:00:00,14.960562,336.03613
2024-10-10 08:00:00,14.105485,334.9508
2024-10-10 09:00:00,13.508453,333.45172
2024-10-10 10:00:00,11.779078,328.91803
2024-10-10 11:00:00,10.999205,325.8235
2024-10-10 12:00:00,10.47716,323.21365
2024-10-10 13:00:00,10.042058,320.38733
2024-10-10 14:00:00,9.842145,319.49286
2024-10-10 15:00:00,9.555727,319.97226
2024-10-10 16:00:00,9.423605,322.10706
2024-10-10 17:00:00,9.191169,323.71057
2024-10-10 18:00:00,8.826343,324.96198
2024-10-10 19:00:00,8.612523,325.1098
2024-10-10 20:00:00,8.279314,322.06195
2024-10-10 21:00:00,7.9445186,320.7157
2024-10-10 22:00:00,7.958419,319.4566
2024-10-10 23:00:00,7.65866,317.46112
2024-10-11 00:00:00,7.6776857,314.42825
2024-10-11 01:00:00,7.856235,313.23743
2024-10-11 02:00:00,8.016879,311.83148
2024-10-11 03:00:00,7.8469014,310.37933
2024-10-11 04:00:00,7.676793,308.47333
2024-10-11 05:00:00,7.2723327,305.47522
2024-10-11 06:00:00,6.761863,300.6629
2024-10-11 07:00:00,6.5284758,292.36908
2024-10-11 08:00:00,6.324602,282.28168
2024-10-11 09:00:00,6.4782085,271.79614
2024-10-11 10:00:00,7.179781,258.71915
2024-10-11 11:00:00,7.7682114,259.70428
2024-10-11 12:00:00,8.0419035,261.19556
2024-10-11 13:00:00,8.313553,262.31686
2024-10-11 14:00:00,8.309339,262.96643
2024-10-11 15:00:00,7.793474,263.74707
2024-10-11 16:00:00,7.1479783,259.6435
2024-10-11 17:00:00,6.568979,253.16196
2024-10-11 18:00:00,5.9153266,243.94714
2024-10-11 19:00:00,5.5511937,231.7126
2024-10-11 20:00:00,5.8610125,218.8873
2024-10-11 21:00:00,6.2349353,206.7717
2024-10-11 22:00:00,6.4371076,199.96727
2024-10-11 23:00:00,6.549391,198.89609
2024-10-12 00:00:00,6.68388,191.85315
2024-10-12 01:00:00,6.81199,182.30975
2024-10-12 02:00:00,7.0271244,175.69643
2024-10-12 03:00:00,7.140267,170.69427
2024-10-12 04:00:00,7.443494,167.40327
2024-10-12 05:00:00,7.598777,164.75775
2024-10-12 06:00:00,7.708346,162.7723
2024-10-12 07:00:00,7.672892,162.24826
2024-10-12 08:00:00,7.8030524,163.00687
2024-10-12 09:00:00,8.009333,160.72417
2024-10-12 10:00:00,8.080958,165.87181
2024-10-12 11:00:00,8.229799,164.50677
2024-10-12 12:00:00,8.399055,166.91284
2024-10-12 13:00:00,8.327425,171.65793
2024-10-12 14:00:00,9.022495,174.65326
2024-10-12 15:00:00,9.899383,175.32397
2024-10-12 16:00:00,10.342551,177.61662
2024-10-12 17:00:00,10.983687,178.22551
2024-10-12 18:00:00,12.063132,176.59323
2024-10-12 19:00:00,13.542743,182.20245
2024-10-12 20:00:00,14.4908905,193.54549
2024-10-12 21:00:00,13.526446,220.72899
2024-10-12 22:00:00,11.231866,269.19598
2024-10-12 23:00:00,12.768911,278.68652
2024-10-13 00:00:00,13.939627,278.23788
2024-10-13 01:00:00,14.957354,275.69437
2024-10-13 02:00:00,16.440819,277.90353
2024-10-13 03:00:00,16.55312,282.22153
2024-10-13 04:00:00,16.129635,284.2905
2024-10-13 05:00:00,16.148613,286.7298
2024-10-13 06:00:00,16.270449,292.02914
2024-10-13 07:00:00,16.916029,299.0964
2024-10-13 08:00:00,17.075897,304.27734
2024-10-13 09:00:00,16.475588,303.33337
2024-10-13 10:00:00,15.000417,302.6622
2024-10-13 11:00:00,14.681873,300.9815
2024-10-13 12:00:00,13.661962,301.158
2024-10-13 13:00:00,12.931568,299.6068
2024-10-13 14:00:00,12.045882,301.53265
2024-10-13 15:00:00,11.1636505,299.6297
2024-10-13 16:00:00,10.317784,299.98553
2024-10-13 17:00:00,9.225692,304.0902
2024-10-13 18:00:00,9.093077,300.46942
2024-10-13 19:00:00,8.554478,302.13916
2024-10-13 20:00:00,7.833515,302.6909
2024-10-13 21:00:00,6.7464366,304.99557
2024-10-13 22:00:00,5.546811,293.9884
2024-10-13 23:00:00,4.2778974,294.64117
2024-10-14 00:00:00,3.125106,288.79755
2024-10-14 01:00:00,2.9432502,281.77484
2024-10-14 02:00:00,2.7928896,272.78018
2024-10-14 03:00:00,1.6857238,257.88718
2024-10-14 04:00:00,1.1745424,197.59946
2024-10-14 05:00:00,1.9690748,164.69133
2024-10-14 06:00:00,2.6108956,165.10994
2024-10-14 07:00:00,2.968125,175.65892
2024-10-14 08:00:00,2.8591778,169.62885
2024-10-14 09:00:00,2.785983,145.7995
2024-10-14 10:00:00,2.848698,134.8548
2024-10-14 11:00:00,3.0350919,138.11255
2024-10-14 12:00:00,3.2454667,128.00201
2024-10-14 13:00:00,2.6497684,114.356316
2024-10-14 14:00:00,2.1491818,99.236176
2024-10-14 15:00:00,2.3190064,81.41113
2024-10-14 16:00:00,2.8575954,72.97699
2024-10-14 17:00:00,3.4931176,74.507286
2024-10-14 18:00:00,3.1151786,82.93213
2024-10-14 19:00:00,3.0651774,88.36411
2024-10-14 20:00:00,3.405762,91.021835
2024-10-14 21:00:00,3.3813066,97.01677
2024-10-14 22:00:00,3.7100585,95.20403
2024-10-14 23:00:00,4.4468603,93.502754
2024-10-15 00:00:00,4.9358907,104.26819
2024-10-15 01:00:00,5.874737,110.77069
2024-10-15 02:00:00,6.514386,110.36834
2024-10-15 03:00:00,6.8504486,113.88451
2024-10-15 04:00:00,7.197898,118.86005
2024-10-15 05:00:00,7.6251135,117.3981
2024-10-15 06:00:00,7.989265,112.084595
2024-10-15 07:00:00,8.41763,111.02258
2024-10-15 08:00:00,8.790667,110.88142
2024-10-15 09:00:00,9.0568075,108.58341
2024-10-15 10:00:00,9.023647,105.93503
2024-10-15 11:00:00,9.207864,105.55937
2024-10-15 12:00:00,9.416398,109.58
2024-10-15 13:00:00,9.248329,115.10875
2024-10-15 14:00:00,9.312779,114.86444
2024-10-15 15:00:00,9.563584,113.05363
2024-10-15 16:00:00,10.440891,111.869316
2024-10-15 17:00:00,11.255931,113.519485
2024-10-15 18:00:00,11.680274,114.83592
2024-10-15 19:00:00,12.031575,115.20871
2024-10-15 20:00:00,12.41047,116.21294
2024-10-15 21:00:00,12.628937,117.209946
2024-10-15 22:00:00,12.680443,118.405075
2024-10-15 23:00:00,12.734241,121.893585
2024-10-16 00:00:00,12.985354,124.132355
2024-10-16 01:00:00,13.022536,127.45807
2024-10-16 02:00:00,13.202073,126.20472
2024-10-16 03:00:00,13.127241,126.98505
2024-10-16 04:00:00,12.942136,130.19058
2024-10-16 05:00:00,13.082338,129.16956
2024-10-16 06:00:00,13.324001,129.78072
2024-10-16 07:00:00,13.245691,130.88828
2024-10-16 08:00:00,13.084893,132.69762
2024-10-16 09:00:00,12.723824,136.33386
2024-10-16 10:00:00,11.282745,133.63338
2024-10-16 11:00:00,10.639808,136.01048
2024-10-16 12:00:00,10.502128,139.73264
2024-10-16 13:00:00,10.980308,141.72092
2024-10-16 14:00:00,11.415689,140.79199
2024-10-16 15:00:00,11.9185295,140.48387
2024-10-16 16:00:00,12.258616,141.71117
2024-10-16 17:00:00,12.177301,143.92722
2024-10-16 18:00:00,12.142859,147.26793
2024-10-16 19:00:00,12.151999,148.30211
2024-10-16 20:00:00,12.467908,148.84799
2024-10-16 21:00:00,12.702123,149.61638
2024-10-16 22:00:00,11.739045,151.83699
2024-10-16 23:00:00,11.790645,152.49147
2024-10-17 00:00:00,12.277844,153.4853
2024-10-17 01:00:00,12.393599,153.75198
2024-10-17 02:00:00,12.453262,154.46974
2024-10-17 03:00:00,12.1982,157.81033
2024-10-17 04:00:00,11.471689,163.39563
2024-10-17 05:00:00,10.757838,168.47
2024-10-17 06:00:00,10.1134815,171.97865
2024-10-17 07:00:00,9.5946455,176.68736
2024-10-17 08:00:00,9.33379,183.19212
2024-10-17 09:00:00,9.467263,194.62216
2024-10-17 10:00:00,9.951144,222.03358
2024-10-17 11:00:00,10.056352,236.27168
2024-10-17 12:00:00,9.3664255,246.12004
2024-10-17 13:00:00,8.276235,246.0936
2024-10-17 14:00:00,7.282351,244.29865
2024-10-17 15:00:00,6.201635,236.86597
2024-10-17 16:00:00,5.4998713,226.60611
2024-10-17 17:00:00,4.6465445,225.7793
2024-10-17 18:00:00,3.721184,215.90695
2024-10-17 19:00:00,3.3550718,205.21786
2024-10-17 20:00:00,3.008142,213.18134
2024-10-17 21:00:00,2.4856575,220.16641
2024-10-17 22:00:00,2.0014782,241.31604
2024-10-17 23:00:00,1.7811493,273.118
2024-10-18 00:00:00,1.7913568,300.03336
2024-10-18 01:00:00,2.2316756,333.7952
2024-10-18 02:00:00,2.415879,1.1809235
2024-10-18 03:00:00,2.366519,36.293686
2024-10-18 04:00:00,2.914335,60.780846
2024-10-18 05:00:00,3.2513819,61.74372
2024-10-18 06:00:00,2.9711497,60.85289
2024-10-18 07:00:00,2.0351658,63.756767
2024-10-18 08:00:00,1.3150333,59.543022
2024-10-18 09:00:00,0.86912525,51.240173
2024-10-18 10:00:00,1.5425981,54.807518
2024-10-18 11:00:00,1.6405648,61.68538
2024-10-18 12:00:00,1.4247493,63.326797
2024-10-18 13:00:00,0.766208,336.5087
2024-10-18 14:00:00,2.408973,296.63907
2024-10-18 15:00:00,3.0926719,308.3033
2024-10-18 16:00:00,2.719001,322.59283
2024-10-18 17:00:00,3.2190673,321.13724
2024-10-18 18:00:00,3.0947237,326.42145
2024-10-18 19:00:00,1.4768264,355.48553
2024-10-18 20:00:00,0.8889931,102.506584
2024-10-18 21:00:00,1.4994255,188.33832
2024-10-18 22:00:00,2.6340253,233.258
2024-10-18 23:00:00,4.3520174,246.90201
2024-10-19 00:00:00,4.4677978,250.47215
2024-10-19 01:00:00,3.8538566,245.05801
2024-10-19 02:00:00,3.7847672,244.10873
2024-10-19 03:00:00,4.0250297,242.55167
2024-10-19 04:00:00,3.8815212,235.29562
2024-10-19 05:00:00,3.2967768,222.07294
2024-10-19 06:00:00,3.5261617,211.33846
2024-10-19 07:00:00,4.340769,209.81046
2024-10-19 08:00:00,5.0409417,208.65714
2024-10-19 09:00:00,5.51486,207.34467
2024-10-19 10:00:00,5.5491886,207.0363
2024-10-19 11:00:00,6.048322,198.77286
2024-10-19 12:00:00,6.2835593,193.8547
2024-10-19 13:00:00,6.881652,193.18709
2024-10-19 14:00:00,7.4900656,193.4409
2024-10-19 15:00:00,8.376817,195.51828
2024-10-19 16:00:00,9.379296,195.67444
2024-10-19 17:00:00,9.593859,193.09158
2024-10-19 18:00:00,10.06604,188.79271
2024-10-19 19:00:00,10.899577,191.77908
2024-10-19 20:00:00,11.204483,197.87802
2024-10-19 21:00:00,10.99124,198.83179
2024-10-19 22:00:00,9.923442,201.43166
2024-10-19 23:00:00,9.515501,205.69446
2024-10-20 00:00:00,8.593744,207.30646
2024-10-20 01:00:00,7.6729565,197.34428
2024-10-20 02:00:00,7.745331,202.53867
2024-10-20 03:00:00,6.929036,189.67464
2024-10-20 04:00:00,7.5687504,185.1839
2024-10-20 05:00:00,7.8232985,189.70926
2024-10-20 06:00:00,8.278561,176.79243
2024-10-20 07:00:00,9.464448,178.67633
2024-10-20 08:00:00,10.235454,182.59459
2024-10-20 09:00:00,10.843649,183.35474
2024-10-20 10:00:00,11.575697,184.8657
2024-10-20 11:00:00,12.3327465,183.66283
2024-10-20 12:00:00,13.377363,180.49947
2024-10-20 13:00:00,14.954689,179.96245
2024-10-20 14:00:00,15.093093,180.48209
2024-10-20 15:00:00,15.791721,186.60855
2024-10-20 16:00:00,16.54299,191.19551
2024-10-20 17:00:00,16.727041,198.59378
2024-10-20 18:00:00,16.436598,204.53018
2024-10-20 19:00:00,15.962892,204.93521
2024-10-20 20:00:00,15.712458,204.82022
2024-10-20 21:00:00,15.560408,205.68149
2024-10-20 22:00:00,15.463511,218.5066
2024-10-20 23:00:00,15.433638,224.41373
2024-10-21 00:00:00,15.439168,227.44203
2024-10-21 01:00:00,15.352864,229.37444
2024-10-21 02:00:00,15.013719,228.3513
2024-10-21 03:00:00,14.977563,230.13278
2024-10-21 04:00:00,14.083214,232.281
2024-10-21 05:00:00,13.01772,230.33656
2024-10-21 06:00:00,12.641182,230.81
2024-10-21 07:00:00,11.8551,230.64743
2024-10-21 08:00:00,11.465864,228.07585
2024-10-21 09:00:00,11.588576,228.11598
2024-10-21 10:00:00,10.510976,229.2856
2024-10-21 11:00:00,10.512205,227.22955
2024-10-21 12:00:00,10.110748,230.0754
2024-10-21 13:00:00,9.619764,225.64655
2024-10-21 14:00:00,9.237247,226.93001
2024-10-21 15:00:00,8.224279,233.79387
2024-10-21 16:00:00,7.7530665,232.1509
2024-10-21 17:00:00,6.8008904,226.21507
2024-10-21 18:00:00,6.0096416,221.422
2024-10-21 19:00:00,5.4982653,227.48618
2024-10-21 20:00:00,4.8884206,236.48282
2024-10-21 21:00:00,4.481604,256.6253
2024-10-21 22:00:00,4.3498693,270.94196
2024-10-21 23:00:00,5.4861574,273.37973
2024-10-22 00:00:00,6.4507427,293.42517
2024-10-22 01:00:00,5.6369743,310.1493
2024-10-22 02:00:00,2.5062244,309.07394
2024-10-22 03:00:00,2.579629,230.23843
2024-10-22 04:00:00,5.8683815,227.08867
2024-10-22 05:00:00,8.192477,231.51508
2024-10-22 06:00:00,8.8914795,234.62039
2024-10-22 07:00:00,8.885795,237.3444
2024-10-22 08:00:00,8.834137,238.24295
2024-10-22 09:00:00,8.92852,238.52278
2024-10-22 10:00:00,9.277847,242.41287
2024-10-22 11:00:00,9.488308,243.94658
2024-10-22 12:00:00,9.481621,242.40794
2024-10-22 13:00:00,9.689256,240.88078
2024-10-22 14:00:00,9.791988,241.42561
2024-10-22 15:00:00,9.703385,244.40851
2024-10-22 16:00:00,9.566051,247.59589
2024-10-22 17:00:00,9.17353,252.47176
2024-10-22 18:00:00,8.203028,254.78162
2024-10-22 19:00:00,7.401827,255.8941
2024-10-22 20:00:00,6.802062,257.1916
2024-10-22 21:00:00,6.219531,262.73843
2024-10-22 22:00:00,5.945583,274.86816
2024-10-22 23:00:00,4.8332515,279.48743
2024-10-23 00:00:00,3.6730795,280.63828
2024-10-23 01:00:00,2.8683543,267.93042
2024-10-23 02:00:00,3.1181793,250.6478
2024-10-23 03:00:00,3.368178,237.10672
2024-10-23 04:00:00,3.6296444,222.94469
2024-10-23 05:00:00,4.2958455,213.3718
2024-10-23 06:00:00,5.310215,205.01935
2024-10-23 07:00:00,5.9509115,198.70775
2024-10-23 08:00:00,5.974746,197.46918
2024-10-23 09:00:00,5.7826605,198.89934
2024-10-23 10:00:00,5.04803,197.97559
2024-10-23 11:00:00,5.3490977,199.32762
2024-10-23 12:00:00,5.453706,202.18796
2024-10-23 13:00:00,5.2097535,201.05827
2024-10-23 14:00:00,5.169856,198.14798
2024-10-23 15:00:00,5.162358,195.88799
2024-10-23 16:00:00,5.3310933,190.29497
2024-10-23 17:00:00,5.8058887,185.46623
2024-10-23 18:00:00,6.0931087,182.78271
2024-10-23 19:00:00,6.104651,181.47704
2024-10-23 20:00:00,6.353342,177.10327
2024-10-23 21:00:00,6.7947283,171.5955
2024-10-23 22:00:00,6.7183714,162.25241
2024-10-23 23:00:00,6.468379,159.05228
2024-10-24 00:00:00,7.004902,151.15253
2024-10-24 01:00:00,7.7322583,144.82056
2024-10-24 02:00:00,7.820223,143.06586
2024-10-24 03:00:00,7.5624056,142.51318
2024-10-24 04:00:00,7.2844834,139.76385
2024-10-24 05:00:00,7.3450975,138.45967
2024-10-24 06:00:00,7.0189643,137.24367
2024-10-24 07:00:00,6.858179,134.71725
2024-10-24 08:00:00,7.0703807,133.45459
2024-10-24 09:00:00,7.2565093,137.08234
2024-10-24 10:00:00,6.4230075,136.33783
2024-10-24 11:00:00,6.045848,137.36096
2024-10-24 12:00:00,6.1087995,135.75522
2024-10-24 13:00:00,6.2545404,138.10027
2024-10-24 14:00:00,6.8359666,140.64388
2024-10-24 15:00:00,7.5580683,143.07076
2024-10-24 16:00:00,7.9270315,143.63853
2024-10-24 17:00:00,8.329893,146.2499
2024-10-24 18:00:00,8.581494,150.3154
2024-10-24 19:00:00,8.469321,154.5957
2024-10-24 20:00:00,8.3753395,155.28162
2024-10-24 21:00:00,8.193415,155.0564
2024-10-24 22:00:00,7.881554,148.28833
2024-10-24 23:00:00,7.428086,151.51262
2024-10-25 00:00:00,7.230506,153.729
2024-10-25 01:00:00,6.6617217,154.26453
2024-10-25 02:00:00,6.571455,154.7473
2024-10-25 03:00:00,6.5535307,160.68985
2024-10-25 04:00:00,6.2294116,168.32951
2024-10-25 05:00:00,6.007191,169.28487
2024-10-25 06:00:00,6.3062086,170.70198
2024-10-25 07:00:00,6.448231,167.73958
2024-10-25 08:00:00,6.449904,171.57417
2024-10-25 09:00:00,6.442804,178.39343
2024-10-25 10:00:00,5.270836,198.39188
2024-10-25 11:00:00,3.903797,198.67017
2024-10-25 12:00:00,3.2478712,190.9106
2024-10-25 13:00:00,3.1115701,184.81522
2024-10-25 14:00:00,2.914179,179.31207
2024-10-25 15:00:00,2.4913416,166.68086
2024-10-25 16:00:00,2.5479207,143.8182
2024-10-25 17:00:00,3.17239,130.1753
2024-10-25 18:00:00,3.9940813,131.40854
2024-10-25 19:00:00,4.536343,139.67758
2024-10-25 20:00:00,4.6441455,150.07858
2024-10-25 21:00:00,4.500733,155.6079
2024-10-25 22:00:00,4.825471,155.85594
2024-10-25 23:00:00,4.3567834,154.57034
2024-10-26 00:00:00,4.657389,147.0342
2024-10-26 01:00:00,5.3618507,148.27864
2024-10-26 02:00:00,5.436748,153.15558
2024-10-26 03:00:00,5.314809,155.20268
2024-10-26 04:00:00,5.57771,154.47833
2024-10-26 05:00:00,6.1325326,159.14536
2024-10-26 06:00:00,5.837356,166.99654
2024-10-26 07:00:00,4.8930826,166.34505
2024-10-26 08:00:00,4.2494793,154.7069
2024-10-26 09:00:00,4.179581,145.54968
2024-10-26 10:00:00,4.6374683,144.97647
2024-10-26 11:00:00,4.059189,142.22186
2024-10-26 12:00:00,4.5242834,134.2121
2024-10-26 13:00:00,5.4767056,135.5921
2024-10-26 14:00:00,6.0760555,142.85515
2024-10-26 15:00:00,6.6103635,152.85547
2024-10-26 16:00:00,7.1520147,159.29138
2024-10-26 17:00:00,7.531892,165.15175
2024-10-26 18:00:00,7.821788,174.74261
2024-10-26 19:00:00,7.706349,183.50142
2024-10-26 20:00:00,6.992147,195.26291
2024-10-26 21:00:00,6.5114756,205.33821
2024-10-26 22:00:00,4.9055815,228.24167
2024-10-26 23:00:00,5.2894745,259.3424
2024-10-27 00:00:00,5.6782637,285.58374
2024-10-27 01:00:00,5.8372188,305.40533
2024-10-27 02:00:00,6.628839,314.96008
2024-10-27 03:00:00,6.374489,319.91693
2024-10-27 04:00:00,5.3436213,308.70496
2024-10-27 05:00:00,5.70943,287.3738
2024-10-27 06:00:00,6.17337,274.84012
2024-10-27 07:00:00,6.7249765,269.39203
2024-10-27 08:00:00,7.234873,269.59442
2024-10-27 09:00:00,7.4697256,274.20193
2024-10-27 10:00:00,6.991322,276.2888
2024-10-27 11:00:00,6.632748,282.3033
2024-10-27 12:00:00,6.2503457,286.7682
2024-10-27 13:00:00,5.5417128,287.68542
2024-10-27 14:00:00,4.6251535,285.99927
2024-10-27 15:00:00,3.9810092,285.53162
2024-10-27 16:00:00,3.9131558,290.166
2024-10-27 17:00:00,3.387178,284.335
2024-10-27 18:00:00,2.7336116,265.43982
2024-10-27 19:00:00,3.1097438,236.75433
2024-10-27 20:00:00,4.5896907,218.95816
2024-10-27 21:00:00,6.185397,214.9373
2024-10-27 22:00:00,6.9776316,226.12442
2024-10-27 23:00:00,7.527398,220.2877
2024-10-28 00:00:00,8.169808,218.7023
2024-10-28 01:00:00,9.0833025,211.83313
2024-10-28 02:00:00,10.422579,210.629
2024-10-28 03:00:00,11.4326935,212.93845
2024-10-28 04:00:00,12.109264,214.76445
2024-10-28 05:00:00,12.56108,218.46518
2024-10-28 06:00:00,12.711269,222.73174
2024-10-28 07:00:00,12.69656,225.56416
2024-10-28 08:00:00,12.593505,229.06105
2024-10-28 09:00:00,12.495254,230.05887
2024-10-28 10:00:00,12.152572,231.8668
2024-10-28 11:00:00,12.286678,231.76364
2024-10-28 12:00:00,12.630157,233.22977
2024-10-28 13:00:00,13.12108,238.57808
2024-10-28 14:00:00,12.379594,240.95435
2024-10-28 15:00:00,11.133184,241.4108
2024-10-28 16:00:00,10.226449,240.12814
2024-10-28 17:00:00,9.895045,238.74054
2024-10-28 18:00:00,9.449907,238.30682
2024-10-28 19:00:00,9.289927,236.11836
2024-10-28 20:00:00,9.148114,232.845
2024-10-28 21:00:00,8.960294,230.03175
2024-10-28 22:00:00,8.222705,234.03214
2024-10-28 23:00:00,7.8575854,231.62337
2024-10-29 00:00:00,7.911926,230.06935
2024-10-29 01:00:00,7.7914715,229.93353
2024-10-29 02:00:00,7.7875276,229.76465
2024-10-29 03:00:00,7.8758163,230.61316
2024-10-29 04:00:00,7.8238306,232.56483
2024-10-29 05:00:00,7.821381,231.82489
2024-10-29 06:00:00,7.6898823,233.37518
2024-10-29 07:00:00,7.5385695,234.58112
2024-10-29 08:00:00,7.206078,235.1198
2024-10-29 09:00:00,6.836013,236.51288
2024-10-29 10:00:00,6.2991567,237.60196
2024-10-29 11:00:00,6.3408346,242.25816
2024-10-29 12:00:00,6.2517586,245.98567
2024-10-29 13:00:00,6.6407437,253.29144
2024-10-29 14:00:00,6.597056,264.15872
2024-10-29 15:00:00,6.1055455,273.63736
2024-10-29 16:00:00,5.642196,282.18286
2024-10-29 17:00:00,4.915064,287.72256
2024-10-29 18:00:00,4.4509645,289.46576
2024-10-29 19:00:00,4.2400913,290.62732
2024-10-29 20:00:00,3.9557967,288.01324
2024-10-29 21:00:00,4.0448895,285.4792
2024-10-29 22:00:00,4.460419,291.54672
2024-10-29 23:00:00,4.5336976,292.21405
2024-10-30 00:00:00,4.686595,298.2351
2024-10-30 01:00:00,4.4886127,303.83206
2024-10-30 02:00:00,4.1575794,309.24744
2024-10-30 03:00:00,3.8329415,310.62268
2024-10-30 04:00:00,4.037576,314.4829
2024-10-30 05:00:00,3.8115408,314.3594
2024-10-30 06:00:00,4.0171404,316.56982
2024-10-30 07:00:00,4.2179694,318.07034
2024-10-30 08:00:00,4.1379538,318.322
2024-10-30 09:00:00,4.0934305,319.48468
2024-10-30 10:00:00,3.23959,322.83682
2024-10-30 11:00:00,3.4022412,319.52515
2024-10-30 12:00:00,3.3336399,317.48044
2024-10-30 13:00:00,2.7174773,315.8373
2024-10-30 14:00:00,2.580545,318.86896
2024-10-30 15:00:00,2.2482672,317.09296
2024-10-30 16:00:00,1.9745542,312.3239
2024-10-30 17:00:00,1.7407421,314.26654
2024-10-30 18:00:00,1.5350854,312.7281
2024-10-30 19:00:00,1.2016327,299.53708
2024-10-30 20:00:00,1.0285387,249.14871
2024-10-30 21:00:00,2.1245325,223.72427
2024-10-30 22:00:00,3.6084974,219.32483
2024-10-30 23:00:00,4.201446,235.49861
2024-10-31 00:00:00,4.450238,245.46323
2024-10-31 01:00:00,4.8005514,245.50406
2024-10-31 02:00:00,5.2372303,242.9719
2024-10-31 03:00:00,5.7951193,245.43317
2024-10-31 04:00:00,5.6928544,251.22205
2024-10-31 05:00:00,5.70236,251.24548
2024-10-31 06:00:00,5.982969,248.88048
2024-10-31 07:00:00,6.441315,242.64977
2024-10-31 08:00:00,6.943318,236.19847
2024-10-31 09:00:00,7.084895,235.95331
2024-10-31 10:00:00,7.3399997,232.02249
2024-10-31 11:00:00,7.636754,233.89378
2024-10-31 12:00:00,8.621757,239.22443
2024-10-31 13:00:00,9.265793,244.5585
2024-10-31 14:00:00,9.215642,245.2435
2024-10-31 15:00:00,9.335578,244.923
2024-10-31 16:00:00,9.285742,242.84941
2024-10-31 17:00:00,9.277711,241.22258
2024-10-31 18:00:00,9.393688,242.73218
2024-10-31 19:00:00,9.155661,247.0404
2024-10-31 20:00:00,8.682069,251.56448
2024-10-31 21:00:00,8.461395,251.35751
2024-10-31 22:00:00,8.249648,250.42825
2024-10-31 23:00:00,8.122216,250.26654
2024-11-01 00:00:00,8.148664,249.91809
2024-11-01 01:00:00,8.4536915,248.59784
2024-11-01 02:00:00,8.583157,248.38977
2024-11-01 03:00:00,8.729806,249.07729
2024-11-01 04:00:00,8.851847,246.80765
2024-11-01 05:00:00,9.043485,245.0006
2024-11-01 06:00:00,8.970165,248.47525
2024-11-01 07:00:00,8.81186,250.39584
2024-11-01 08:00:00,8.898083,251.5753
2024-11-01 09:00:00,8.824286,252.34656
2024-11-01 10:00:00,8.92633,260.68768
2024-11-01 11:00:00,9.019559,257.06122
2024-11-01 12:00:00,8.816785,265.094
2024-11-01 13:00:00,8.208249,276.35538
2024-11-01 14:00:00,7.5877223,278.25674
2024-11-01 15:00:00,7.118144,285.39542
2024-11-01 16:00:00,6.1752915,295.25183
2024-11-01 17:00:00,5.41229,289.0772
2024-11-01 18:00:00,5.829885,300.0979
2024-11-01 19:00:00,5.7110357,317.06934
2024-11-01 20:00:00,5.240189,329.40976
2024-11-01 21:00:00,4.7815948,339.6253
2024-11-01 22:00:00,5.5096273,358.83588
2024-11-01 23:00:00,6.435351,10.890274
2024-11-02 00:00:00,6.3864403,18.194122
2024-11-02 01:00:00,6.140888,21.287125
2024-11-02 02:00:00,6.6362033,22.059433
2024-11-02 03:00:00,6.8760676,25.626892
2024-11-02 04:00:00,6.199191,31.83133
2024-11-02 05:00:00,6.186665,33.9068
2024-11-02 06:00:00,6.4935594,39.218002
2024-11-02 07:00:00,6.008878,48.355515
2024-11-02 08:00:00,5.228677,57.744644
2024-11-02 09:00:00,4.792996,66.81822
2024-11-02 10:00:00,3.9545968,79.2716
2024-11-02 11:00:00,3.4089735,84.753006
2024-11-02 12:00:00,3.2279286,84.79891
2024-11-02 13:00:00,3.2067165,80.84678
2024-11-02 14:00:00,3.4428365,81.19433
2024-11-02 15:00:00,3.764639,85.938484
2024-11-02 16:00:00,4.341361,92.466255
2024-11-02 17:00:00,4.6536098,99.22747
2024-11-02 18:00:00,4.9705143,109.99771
2024-11-02 19:00:00,4.9377527,119.86702
2024-11-02 20:00:00,4.5330367,123.576096
2024-11-02 21:00:00,4.267558,127.521545
2024-11-02 22:00:00,4.1281743,125.66507
2024-11-02 23:00:00,4.097759,124.82501
2024-11-03 00:00:00,3.978452,129.24664
2024-11-03 01:00:00,3.9677773,135.88861
2024-11-03 02:00:00,3.923568,137.7219
2024-11-03 03:00:00,3.7680757,137.9971
2024-11-03 04:00:00,3.4323938,133.79303
2024-11-03 05:00:00,3.2528157,130.6434
2024-11-03 06:00:00,3.0144048,133.31909
2024-11-03 07:00:00,2.4086018,133.33908
2024-11-03 08:00:00,2.0299194,124.403984
2024-11-03 09:00:00,2.0772216,117.382126
2024-11-03 10:00:00,2.606645,109.53736
2024-11-03 11:00:00,2.3676453,110.58065
2024-11-03 12:00:00,2.2209792,101.95736
2024-11-03 13:00:00,2.2643254,96.34908
2024-11-03 14:00:00,2.2725167,92.071785
2024-11-03 15:00:00,2.42409,83.23719
2024-11-03 16:00:00,3.0414922,78.15288
2024-11-03 17:00:00,3.6668565,78.87422
2024-11-03 18:00:00,4.026965,85.970955
2024-11-03 19:00:00,4.024895,99.74558
2024-11-03 20:00:00,3.8876078,109.77909
2024-11-03 21:00:00,3.811414,113.874275
2024-11-03 22:00:00,4.8333254,99.07535
2024-11-03 23:00:00,5.1481624,99.08992
2024-11-04 00:00:00,5.1277385,105.05212
2024-11-04 01:00:00,4.7815332,110.65125
2024-11-04 02:00:00,4.63157,108.4636
2024-11-04 03:00:00,4.951717,103.22484
2024-11-04 04:00:00,5.3352847,100.85446
2024-11-04 05:00:00,5.5909123,103.404305
2024-11-04 06:00:00,5.7571554,108.87456
2024-11-04 07:00:00,5.909069,113.7005
2024-11-04 08:00:00,6.2548165,111.82178
2024-11-04 09:00:00,6.552484,109.90059
2024-11-04 10:00:00,7.034165,104.93802
2024-11-04 11:00:00,6.756965,105.41877
2024-11-04 12:00:00,6.911927,102.75015
2024-11-04 13:00:00,7.4007783,100.487
2024-11-04 14:00:00,7.5829825,98.7888
2024-11-04 15:00:00,7.663031,97.07029
2024-11-04 16:00:00,8.0170555,95.90162
2024-11-04 17:00:00,8.370497,97.98066
2024-11-04 18:00:00,8.795772,101.17892
2024-11-04 19:00:00,9.301846,102.15088
2024-11-04 20:00:00,9.359278,104.27314
2024-11-04 21:00:00,8.832611,109.85247
2024-11-04 22:00:00,8.193737,109.223564
2024-11-04 23:00:00,7.811911,111.2544
2024-11-05 00:00:00,7.512538,113.48612
2024-11-05 01:00:00,7.361569,119.12341
2024-11-05 02:00:00,7.3111043,124.61717
2024-11-05 03:00:00,7.0249853,127.35661
2024-11-05 04:00:00,6.795436,127.884056
2024-11-05 05:00:00,6.7739544,129.32764
2024-11-05 06:00:00,6.661218,133.37515
2024-11-05 07:00:00,6.4728937,137.30438
2024-11-05 08:00:00,6.1628327,141.4898
2024-11-05 09:00:00,5.562828,145.40631
2024-11-05 10:00:00,4.2046247,138.26157
2024-11-05 11:00:00,3.4891088,140.48636
2024-11-05 12:00:00,2.991923,140.7086
2024-11-05 13:00:00,2.6192894,136.08994
2024-11-05 14:00:00,2.660249,128.91974
2024-11-05 15:00:00,2.9600308,131.31465
2024-11-05 16:00:00,3.2067738,138.44574
2024-11-05 17:00:00,3.2443612,151.48465
2024-11-05 18:00:00,2.9840956,169.92773
2024-11-05 19:00:00,2.5961213,189.18242
2024-11-05 20:00:00,2.2919242,205.91957
2024-11-05 21:00:00,2.1823568,218.91898
2024-11-05 22:00:00,2.0876362,221.08627
2024-11-05 23:00:00,2.2221434,237.7588
2024-11-06 00:00:00,2.33093,241.83554
2024-11-06 01:00:00,2.4867086,241.50241
2024-11-06 02:00:00,2.3458154,245.57053
2024-11-06 03:00:00,2.349685,262.15076
2024-11-06 04:00:00,2.1845856,281.01492
2024-11-06 05:00:00,1.4891115,293.1487
2024-11-06 06:00:00,0.28116807,305.00626
2024-11-06 07:00:00,0.7194322,165.46759
2024-11-06 08:00:00,1.4546533,161.65588
2024-11-06 09:00:00,2.1139386,160.4704
2024-11-06 10:00:00,1.6707522,186.61789
2024-11-06 11:00:00,1.5606633,189.96147
2024-11-06 12:00:00,1.289042,199.29988
2024-11-06 13:00:00,1.1439798,203.46942
2024-11-06 14:00:00,1.3688681,170.28712
2024-11-06 15:00:00,2.180113,156.21664
2024-11-06 16:00:00,2.3938534,162.15703
2024-11-06 17:00:00,2.6667051,167.13129
2024-11-06 18:00:00,2.6463637,179.40936
2024-11-06 19:00:00,2.167765,196.89182
2024-11-06 20:00:00,1.4203029,209.57541
2024-11-06 21:00:00,1.1571436,164.88033
2024-11-06 22:00:00,2.504619,137.1838
2024-11-06 23:00:00,2.844463,145.0138
2024-11-07 00:00:00,3.241106,150.24445
2024-11-07 01:00:00,3.7297382,151.6502
2024-11-07 02:00:00,3.9371815,150.9511
2024-11-07 03:00:00,3.4025197,148.719
2024-11-07 04:00:00,3.2548862,144.48447
2024-11-07 05:00:00,3.546718,131.9993
2024-11-07 06:00:00,3.8961473,120.93158
2024-11-07 07:00:00,4.431019,114.98611
2024-11-07 08:00:00,4.6822457,113.34959
2024-11-07 09:00:00,5.026439,112.70333
2024-11-07 10:00:00,5.1654673,103.2507
2024-11-07 11:00:00,4.656294,101.4131
2024-11-07 12:00:00,4.7304235,102.53538
2024-11-07 13:00:00,4.9871297,108.70905
2024-11-07 14:00:00,4.7746353,112.48543
2024-11-07 15:00:00,4.490097,112.41978
2024-11-07 16:00:00,4.7227535,111.18618
2024-11-07 17:00:00,5.3405905,112.57641
2024-11-07 18:00:00,5.8909264,111.56545
2024-11-07 19:00:00,6.0215273,111.912834
2024-11-07 20:00:00,5.9839315,113.26037
2024-11-07 21:00:00,6.2237024,113.675545
2024-11-07 22:00:00,6.195776,109.16161
2024-11-07 23:00:00,6.31112,114.095024
2024-11-08 00:00:00,6.4414234,116.20018
2024-11-08 01:00:00,6.560773,116.66296
2024-11-08 02:00:00,6.5305963,119.43683
2024-11-08 03:00:00,6.0124226,122.6633
2024-11-08 04:00:00,6.243202,119.25758
2024-11-08 05:00:00,6.6849422,116.62619
2024-11-08 06:00:00,6.730273,116.340744
2024-11-08 07:00:00,6.7651386,115.70013
2024-11-08 08:00:00,6.7421393,115.99694
2024-11-08 09:00:00,6.6842775,114.97678
2024-11-08 10:00:00,6.112392,107.160774
2024-11-08 11:00:00,5.841127,108.38696
2024-11-08 12:00:00,5.787447,107.67286
2024-11-08 13:00:00,5.5993056,106.2807
2024-11-08 14:00:00,6.6885614,105.00718
2024-11-08 15:00:00,7.190677,108.41502
2024-11-08 16:00:00,7.01157,113.03553
2024-11-08 17:00:00,7.5195823,117.75289
2024-11-08 18:00:00,7.663304,122.59963
2024-11-08 19:00:00,7.3488407,127.29655
2024-11-08 20:00:00,6.782247,131.71497
2024-11-08 21:00:00,6.3668833,133.9423
2024-11-08 22:00:00,5.3980894,126.82785
2024-11-08 23:00:00,5.3548026,122.38393
2024-11-09 00:00:00,5.56991,123.788864
2024-11-09 01:00:00,5.320581,125.6355
2024-11-09 02:00:00,5.4930906,129.8655
2024-11-09 03:00:00,5.5117884,137.17636
2024-11-09 04:00:00,5.256959,143.08109
2024-11-09 05:00:00,4.923297,147.77196
2024-11-09 06:00:00,4.5366845,149.80852
2024-11-09 07:00:00,4.4052825,150.3006
2024-11-09 08:00:00,4.322179,152.95117
2024-11-09 09:00:00,4.221695,156.07542
2024-11-09 10:00:00,4.496569,165.52986
2024-11-09 11:00:00,4.3624005,171.60101
2024-11-09 12:00:00,4.100528,173.81699
2024-11-09 13:00:00,4.0277867,173.25539
2024-11-09 14:00:00,4.058872,173.13724
2024-11-09 15:00:00,3.8310583,172.18954
2024-11-09 16:00:00,3.7057412,165.48753
2024-11-09 17:00:00,4.0116444,158.46515
2024-11-09 18:00:00,4.420441,157.57886
2024-11-09 19:00:00,4.6289954,160.54778
2024-11-09 20:00:00,4.6159687,165.4165
2024-11-09 21:00:00,4.6576405,168.68832
2024-11-09 22:00:00,4.923107,183.45695
2024-11-09 23:00:00,4.9787097,185.4053
2024-11-10 00:00:00,5.0495205,184.99785
2024-11-10 01:00:00,5.2483916,182.43576
2024-11-10 02:00:00,5.5373755,181.63657
2024-11-10 03:00:00,5.569153,184.60269
2024-11-10 04:00:00,5.5994625,188.0217
2024-11-10 05:00:00,5.6669507,190.35892
2024-11-10 06:00:00,5.766155,192.70248
2024-11-10 07:00:00,5.9724183,195.53578
2024-11-10 08:00:00,6.0520535,199.38629
2024-11-10 09:00:00,5.902354,206.4345
2024-11-10 10:00:00,5.887145,219.41125
2024-11-10 11:00:00,5.531391,227.48242
2024-11-10 12:00:00,5.353662,233.1125
2024-11-10 13:00:00,4.8451676,235.00916
2024-11-10 14:00:00,4.7226562,234.61963
2024-11-10 15:00:00,4.4646125,233.3413
2024-11-10 16:00:00,4.574224,234.77502
2024-11-10 17:00:00,4.8643246,238.13885
2024-11-10 18:00:00,5.186091,241.5244
2024-11-10 19:00:00,5.8204913,248.1352
2024-11-10 20:00:00,6.35826,250.61327
2024-11-10 21:00:00,6.644246,245.62943
2024-11-10 22:00:00,7.2296968,239.62941
2024-11-10 23:00:00,7.6601195,241.37573
2024-11-11 00:00:00,7.990496,234.64038
2024-11-11 01:00:00,8.769026,225.45206
2024-11-11 02:00:00,9.641432,226.46613
2024-11-11 03:00:00,8.896228,245.97664
2024-11-11 04:00:00,8.507591,289.05856
2024-11-11 05:00:00,10.747125,317.73883
2024-11-11 06:00:00,12.264938,325.57495
2024-11-11 07:00:00,12.416692,328.1773
2024-11-11 08:00:00,12.103812,328.3296
2024-11-11 09:00:00,12.489141,327.6916
2024-11-11 10:00:00,11.449508,324.85114
2024-11-11 11:00:00,11.988537,323.43604
2024-11-11 12:00:00,13.105033,325.72586
2024-11-11 13:00:00,13.289175,329.97153
2024-11-11 14:00:00,13.3740225,335.1496
2024-11-11 15:00:00,14.03239,338.5664
2024-11-11 16:00:00,14.534205,342.40076
2024-11-11 17:00:00,14.82865,348.9942
2024-11-11 18:00:00,15.16287,355.17767
2024-11-11 19:00:00,15.365858,2.0744019
2024-11-11 20:00:00,14.831053,7.6810455
2024-11-11 21:00:00,14.15221,13.057037
2024-11-11 22:00:00,12.446071,19.068848
2024-11-11 23:00:00,12.190536,21.983139
2024-11-12 00:00:00,12.301339,24.984863
2024-11-12 01:00:00,11.453972,29.09105
2024-11-12 02:00:00,10.343768,33.714447
2024-11-12 03:00:00,9.682731,35.715256
2024-11-12 04:00:00,9.048736,41.90715
2024-11-12 05:00:00,8.606809,47.88835
2024-11-12 06:00:00,8.146754,54.24386
2024-11-12 07:00:00,7.6200247,58.37681
2024-11-12 08:00:00,7.1915855,60.873596
2024-11-12 09:00:00,6.691989,59.90132
2024-11-12 10:00:00,5.8763986,60.970795
2024-11-12 11:00:00,5.2707405,54.2743
2024-11-12 12:00:00,5.6253734,48.098846
2024-11-12 13:00:00,6.232788,46.24411
2024-11-12 14:00:00,5.4862585,52.150078
2024-11-12 15:00:00,4.764317,53.98957
2024-11-12 16:00:00,5.539138,46.766678
2024-11-12 17:00:00,5.925246,47.1369
2024-11-12 18:00:00,5.243124,52.964386
2024-11-12 19:00:00,4.633681,55.776115
2024-11-12 20:00:00,4.364843,53.58259
2024-11-12 21:00:00,4.019717,49.29059
2024-11-12 22:00:00,3.1932206,40.680588
2024-11-12 23:00:00,2.5946655,28.792816
2024-11-13 00:00:00,2.2289207,10.074417
2024-11-13 01:00:00,2.342054,356.11905
2024-11-13 02:00:00,2.660463,345.18542
2024-11-13 03:00:00,2.3921843,336.88638
2024-11-13 04:00:00,2.6193821,327.34076
2024-11-13 05:00:00,3.3022573,319.91553
2024-11-13 06:00:00,3.9430408,321.4334
2024-11-13 07:00:00,4.881453,327.43033
2024-11-13 08:00:00,5.560406,332.09106
2024-11-13 09:00:00,6.032211,333.12268
2024-11-13 10:00:00,5.638582,336.25415
2024-11-13 11:00:00,6.49422,334.8905
2024-11-13 12:00:00,6.852141,332.7583
2024-11-13 13:00:00,7.0565166,332.2098
2024-11-13 14:00:00,7.0754595,330.30212
2024-11-13 15:00:00,6.984455,326.56342
2024-11-13 16:00:00,6.941719,321.57672
2024-11-13 17:00:00,7.263612,315.68182
2024-11-13 18:00:00,8.123658,313.227
2024-11-13 19:00:00,8.42865,312.78375
2024-11-13 20:00:00,8.461636,313.5382
2024-11-13 21:00:00,8.44108,315.04932
2024-11-13 22:00:00,8.005866,317.0666
2024-11-13 23:00:00,7.4479265,319.3643
2024-11-14 00:00:00,7.0671744,320.3554
2024-11-14 01:00:00,7.5754676,325.10297
2024-11-14 02:00:00,8.606057,332.84058
2024-11-14 03:00:00,9.582639,340.99878
2024-11-14 04:00:00,9.030609,344.75464
2024-11-14 05:00:00,8.170836,341.81393
2024-11-14 06:00:00,8.735968,343.2931
2024-11-14 07:00:00,8.038492,345.03104
2024-11-14 08:00:00,7.787174,344.39996
2024-11-14 09:00:00,7.81513,345.2559
2024-11-14 10:00:00,7.6054125,345.60437
2024-11-14 11:00:00,7.112532,347.07263
2024-11-14 12:00:00,6.7153034,342.18988
2024-11-14 13:00:00,6.9324455,340.29022
2024-11-14 14:00:00,7.0357704,341.16632
2024-11-14 15:00:00,6.783696,339.37714
2024-11-14 16:00:00,6.939287,336.9954
2024-11-14 17:00:00,7.184315,337.48383
2024-11-14 18:00:00,7.06156,338.78912
2024-11-14 19:00:00,6.863842,342.2213
2024-11-14 20:00:00,6.4412985,344.75586
2024-11-14 21:00:00,5.948843,342.3592
2024-11-14 22:00:00,5.619265,334.38876
2024-11-14 23:00:00,5.2240267,328.56345
2024-11-15 00:00:00,5.036278,322.05478
2024-11-15 01:00:00,5.0789366,318.71405
2024-11-15 02:00:00,4.831491,316.91034
2024-11-15 03:00:00,4.6410837,314.19785
2024-11-15 04:00:00,4.409454,307.32117
2024-11-15 05:00:00,4.2377214,298.09903
2024-11-15 06:00:00,4.1272354,289.52856
2024-11-15 07:00:00,4.165391,278.75555
2024-11-15 08:00:00,4.498914,270.2821
2024-11-15 09:00:00,4.7324147,265.20898
2024-11-15 10:00:00,4.20125,273.43158
2024-11-15 11:00:00,4.6572866,263.14215
2024-11-15 12:00:00,4.7796187,253.6242
2024-11-15 13:00:00,4.6854844,245.03735
2024-11-15 14:00:00,4.88459,237.8329
2024-11-15 15:00:00,5.5182505,234.93599
2024-11-15 16:00:00,6.160166,234.92476
2024-11-15 17:00:00,6.6704874,232.33052
2024-11-15 18:00:00,7.488601,229.13686
2024-11-15 19:00:00,8.280843,227.21132
2024-11-15 20:00:00,9.114569,224.62274
2024-11-15 21:00:00,9.767887,224.44151
2024-11-15 22:00:00,9.255339,231.0299
2024-11-15 23:00:00,9.446809,236.21124
2024-11-16 00:00:00,9.742582,236.20659
2024-11-16 01:00:00,10.020624,237.26584
2024-11-16 02:00:00,10.204383,240.26105
2024-11-16 03:00:00,10.246027,241.36028
2024-11-16 04:00:00,10.168527,240.21194
2024-11-16 05:00:00,10.238731,240.50826
2024-11-16 06:00:00,10.436059,241.87302
2024-11-16 07:00:00,10.566296,241.03679
2024-11-16 08:00:00,10.579785,241.65968
2024-11-16 09:00:00,10.67702,241.02666
2024-11-16 10:00:00,9.651598,246.0266
2024-11-16 11:00:00,10.047242,245.28671
2024-11-16 12:00:00,10.163318,245.57649
2024-11-16 13:00:00,10.12526,247.01776
2024-11-16 14:00:00,10.296182,247.38812
2024-11-16 15:00:00,10.518222,247.92453
2024-11-16 16:00:00,10.485464,252.80124
2024-11-16 17:00:00,9.810408,261.94965
2024-11-16 18:00:00,9.113953,272.62598
2024-11-16 19:00:00,8.718257,283.203
2024-11-16 20:00:00,8.281938,289.56915
2024-11-16 21:00:00,7.8863273,290.66284
2024-11-16 22:00:00,8.298748,283.5948
2024-11-16 23:00:00,8.717671,280.716
2024-11-17 00:00:00,9.351867,281.12592
2024-11-17 01:00:00,10.306678,285.02618
2024-11-17 02:00:00,11.127633,290.08038
2024-11-17 03:00:00,11.312415,291.35287
2024-11-17 04:00:00,11.795239,292.04657
2024-11-17 05:00:00,11.813383,292.38678
2024-11-17 06:00:00,12.119022,292.75928
2024-11-17 07:00:00,12.467305,293.6717
2024-11-17 08:00:00,12.622118,295.0036
2024-11-17 09:00:00,12.870062,294.79922
2024-11-17 10:00:00,12.862435,296.99738
2024-11-17 11:00:00,13.450268,299.54678
2024-11-17 12:00:00,13.076261,301.8419
2024-11-17 13:00:00,12.216026,300.05978
2024-11-17 14:00:00,12.105267,295.8086
2024-11-17 15:00:00,11.88202,292.36755
2024-11-17 16:00:00,12.352884,290.89664
2024-11-17 17:00:00,11.711318,292.91895
2024-11-17 18:00:00,10.055995,291.85574
2024-11-17 19:00:00,9.356815,286.71356
2024-11-17 20:00:00,9.238328,285.1186
2024-11-17 21:00:00,8.48465,292.03687
2024-11-17 22:00:00,7.977541,289.24847
2024-11-17 23:00:00,9.381475,291.8383
2024-11-18 00:00:00,10.144668,295.14407
2024-11-18 01:00:00,10.562284,298.02652
2024-11-18 02:00:00,10.09902,299.981
2024-11-18 03:00:00,10.050496,298.50546
2024-11-18 04:00:00,10.339516,297.90375
2024-11-18 05:00:00,10.73951,300.0538
2024-11-18 06:00:00,10.545846,302.6343
2024-11-18 07:00:00,10.103033,300.95026
2024-11-18 08:00:00,9.76939,297.67078
2024-11-18 09:00:00,9.806694,295.81744
2024-11-18 10:00:00,9.295492,298.06488
2024-11-18 11:00:00,9.801101,298.25128
2024-11-18 12:00:00,9.994601,295.97394
2024-11-18 13:00:00,9.996472,294.43588
2024-11-18 14:00:00,9.554483,295.6777
2024-11-18 15:00:00,8.845913,296.30768
2024-11-18 16:00:00,7.9056597,295.62555
2024-11-18 17:00:00,6.551481,292.55475
2024-11-18 18:00:00,5.3299236,286.7098
2024-11-18 19:00:00,4.502839,275.0802
2024-11-18 20:00:00,4.210688,257.50867
2024-11-18 21:00:00,3.7462134,236.19482
2024-11-18 22:00:00,4.2602124,227.81174
2024-11-18 23:00:00,3.0132291,211.37045
2024-11-19 00:00:00,3.0432866,176.15585
2024-11-19 01:00:00,4.3087893,158.10748
2024-11-19 02:00:00,5.0054197,137.59988
2024-11-19 03:00:00,5.4925585,117.42239
2024-11-19 04:00:00,7.0146036,95.72266
2024-11-19 05:00:00,9.588449,77.48009
2024-11-19 06:00:00,10.472589,64.96651
2024-11-19 07:00:00,10.575005,66.40131
2024-11-19 08:00:00,8.702655,63.070213
2024-11-19 09:00:00,7.0034,54.0243
2024-11-19 10:00:00,4.9748535,53.06962
2024-11-19 11:00:00,4.352792,26.701843
2024-11-19 12:00:00,4.6054363,9.485413
2024-11-19 13:00:00,5.0681314,349.83804
2024-11-19 14:00:00,5.9662724,342.4538
2024-11-19 15:00:00,6.6690383,338.47845
2024-11-19 16:00:00,8.371144,336.0899
2024-11-19 17:00:00,9.705346,336.4134
2024-11-19 18:00:00,10.296404,335.19122
2024-11-19 19:00:00,10.051621,331.64514
2024-11-19 20:00:00,9.847406,324.56897
2024-11-19 21:00:00,10.222211,317.12744
2024-11-19 22:00:00,8.2127905,309.3659
2024-11-19 23:00:00,8.845686,297.64325
2024-11-20 00:00:00,10.169842,296.81165
2024-11-20 01:00:00,10.159942,302.6569
2024-11-20 02:00:00,9.732609,308.5822
2024-11-20 03:00:00,8.812743,315.46478
2024-11-20 04:00:00,8.785174,323.21677
2024-11-20 05:00:00,8.247614,326.74292
2024-11-20 06:00:00,8.390206,320.46475
2024-11-20 07:00:00,10.420466,314.37946
2024-11-20 08:00:00,11.52341,314.5395
2024-11-20 09:00:00,11.430557,308.38013
2024-11-20 10:00:00,10.40101,297.21625
2024-11-20 11:00:00,11.832727,297.68033
2024-11-20 12:00:00,13.175863,294.58942
2024-11-20 13:00:00,13.141662,287.51923
2024-11-20 14:00:00,12.626787,286.0736
2024-11-20 15:00:00,10.349472,294.50375
2024-11-20 16:00:00,6.5183263,309.08643
2024-11-20 17:00:00,3.8595848,329.6941
2024-11-20 18:00:00,3.9143424,344.95166
2024-11-20 19:00:00,5.9411526,342.2968
2024-11-20 20:00:00,7.129751,339.0067
2024-11-20 21:00:00,7.217427,327.87994
2024-11-20 22:00:00,6.7090073,307.8029
2024-11-20 23:00:00,7.3539224,296.92346
2024-11-21 00:00:00,7.969842,291.04626
2024-11-21 01:00:00,9.860413,288.42026
2024-11-21 02:00:00,10.958116,287.3731
2024-11-21 03:00:00,11.471134,280.47336
2024-11-21 04:00:00,11.867641,275.5606
2024-11-21 05:00:00,12.64958,275.27634
2024-11-21 06:00:00,12.758413,281.6758
2024-11-21 07:00:00,12.217091,286.34497
2024-11-21 08:00:00,11.476397,286.58047
2024-11-21 09:00:00,11.087694,290.67978
2024-11-21 10:00:00,9.933985,290.95703
2024-11-21 11:00:00,9.010072,295.3997
2024-11-21 12:00:00,9.206423,290.9252
2024-11-21 13:00:00,9.891725,295.18497
2024-11-21 14:00:00,9.584663,299.22946
2024-11-21 15:00:00,9.12454,302.56003
2024-11-21 16:00:00,8.60875,305.78772
2024-11-21 17:00:00,8.273501,306.30313
2024-11-21 18:00:00,8.32347,307.33673
2024-11-21 19:00:00,7.832649,304.60107
2024-11-21 20:00:00,7.736127,295.0153
2024-11-21 21:00:00,8.123005,285.8122
2024-11-21 22:00:00,7.873162,273.40604
2024-11-21 23:00:00,8.309303,266.39255
2024-11-22 00:00:00,8.679705,265.48816
2024-11-22 01:00:00,9.395497,275.52402
2024-11-22 02:00:00,10.477651,285.99905
2024-11-22 03:00:00,10.474372,283.75348
2024-11-22 04:00:00,10.91286,274.67517
2024-11-22 05:00:00,11.683617,266.16708
2024-11-22 06:00:00,12.1568985,257.5373
2024-11-22 07:00:00,12.846265,254.2785
2024-11-22 08:00:00,12.47715,254.7581
2024-11-22 09:00:00,12.518599,256.85663
2024-11-22 10:00:00,14.5661745,250.99615
2024-11-22 11:00:00,15.604895,260.3443
2024-11-22 12:00:00,14.287115,277.3451
2024-11-22 13:00:00,12.095901,309.97864
2024-11-22 14:00:00,13.429435,341.4185
2024-11-22 15:00:00,12.96689,349.84338
2024-11-22 16:00:00,11.908412,341.46112
2024-11-22 17:00:00,11.063295,331.072
2024-11-22 18:00:00,9.702498,324.56506
2024-11-22 19:00:00,8.079799,313.79202
2024-11-22 20:00:00,7.318815,294.03064
2024-11-22 21:00:00,8.336267,273.8338
2024-11-22 22:00:00,8.662621,262.05643
2024-11-22 23:00:00,8.963855,260.64722
2024-11-23 00:00:00,9.048595,253.66217
2024-11-23 01:00:00,9.403976,253.70651
2024-11-23 02:00:00,8.557247,243.21921
2024-11-23 03:00:00,8.947449,235.84421
2024-11-23 04:00:00,8.858446,226.0073
2024-11-23 05:00:00,8.937657,217.05719
2024-11-23 06:00:00,9.708174,208.17181
2024-11-23 07:00:00,10.565364,204.38443
2024-11-23 08:00:00,10.806928,197.9588
2024-11-23 09:00:00,11.5434475,191.9362
2024-11-23 10:00:00,11.928658,185.70955
2024-11-23 11:00:00,13.116322,184.79764
2024-11-23 12:00:00,13.656238,185.47874
2024-11-23 13:00:00,14.021734,177.31613
2024-11-23 14:00:00,15.559823,172.41875
2024-11-23 15:00:00,16.669157,172.34814
2024-11-23 16:00:00,17.879692,173.0508
2024-11-23 17:00:00,18.11311,179.52966
2024-11-23 18:00:00,18.75282,185.96034
2024-11-23 19:00:00,19.62861,191.40314
2024-11-23 20:00:00,21.03743,203.06094
2024-11-23 21:00:00,20.982845,209.4711
2024-11-23 22:00:00,18.436817,209.0452
2024-11-23 23:00:00,19.051538,215.17722
2024-11-24 00:00:00,18.882174,219.37593
2024-11-24 01:00:00,18.955019,218.75345
2024-11-24 02:00:00,18.838678,216.4278
2024-11-24 03:00:00,19.344105,214.34944
2024-11-24 04:00:00,19.280725,212.06593
2024-11-24 05:00:00,18.576437,208.865
2024-11-24 06:00:00,18.698706,207.34746
2024-11-24 07:00:00,19.005018,207.64713
2024-11-24 08:00:00,19.203232,206.8651
2024-11-24 09:00:00,19.297306,206.13997
2024-11-24 10:00:00,18.066135,200.76512
2024-11-24 11:00:00,19.416906,201.03741
2024-11-24 12:00:00,20.218727,209.426
2024-11-24 13:00:00,19.94492,210.3248
2024-11-24 14:00:00,19.72777,207.78484
2024-11-24 15:00:00,19.950184,204.6389
2024-11-24 16:00:00,20.142227,203.22743
2024-11-24 17:00:00,20.179853,201.1277
2024-11-24 18:00:00,20.45947,200.76381
2024-11-24 19:00:00,20.420662,199.76588
2024-11-24 20:00:00,20.825722,200.8064
2024-11-24 21:00:00,20.301414,201.28557
2024-11-24 22:00:00,21.403696,198.89047
2024-11-24 23:00:00,21.241497,199.01242
2024-11-25 00:00:00,20.385426,199.9493
2024-11-25 01:00:00,19.902779,198.18727
2024-11-25 02:00:00,20.064646,196.81583
2024-11-25 03:00:00,19.67425,197.22296
2024-11-25 04:00:00,19.226397,199.83704
2024-11-25 05:00:00,18.09181,199.89597
2024-11-25 06:00:00,17.605997,199.11993
2024-11-25 07:00:00,16.615738,206.00458
2024-11-25 08:00:00,14.343217,218.80373
2024-11-25 09:00:00,12.296937,229.05597
2024-11-25 10:00:00,11.413781,231.0794
2024-11-25 11:00:00,11.474236,233.34805
2024-11-25 12:00:00,11.80495,231.76434
2024-11-25 13:00:00,11.540784,228.54837
2024-11-25 14:00:00,12.297634,229.02057
2024-11-25 15:00:00,12.414127,227.36848
2024-11-25 16:00:00,12.838833,229.23407
2024-11-25 17:00:00,13.397379,234.8504
2024-11-25 18:00:00,13.600744,239.49739
2024-11-25 19:00:00,13.341096,240.75024
2024-11-25 20:00:00,13.332989,241.56322
2024-11-25 21:00:00,13.322069,243.21353
2024-11-25 22:00:00,12.713184,246.48627
2024-11-25 23:00:00,12.176609,244.07224
2024-11-26 00:00:00,12.222242,238.97525
2024-11-26 01:00:00,12.479806,235.49893
2024-11-26 02:00:00,12.878053,235.95859
2024-11-26 03:00:00,12.908975,237.50757
2024-11-26 04:00:00,12.700104,236.08635
2024-11-26 05:00:00,12.333096,234.93417
2024-11-26 06:00:00,11.889773,234.13187
2024-11-26 07:00:00,11.84411,232.78851
2024-11-26 08:00:00,11.861834,232.51595
2024-11-26 09:00:00,11.51873,233.11261
2024-11-26 10:00:00,11.278144,230.35944
2024-11-26 11:00:00,11.201887,233.97751
2024-11-26 12:00:00,10.77275,238.75812
2024-11-26 13:00:00,10.160694,241.6974
2024-11-26 14:00:00,9.465374,246.43987
2024-11-26 15:00:00,9.050834,250.62979
2024-11-26 16:00:00,8.416462,253.8112
2024-11-26 17:00:00,7.8954835,252.57089
2024-11-26 18:00:00,7.717147,251.24405
2024-11-26 19:00:00,7.521206,250.73656
2024-11-26 20:00:00,7.2654066,251.62634
2024-11-26 21:00:00,6.9894085,252.25514
2024-11-26 22:00:00,6.3181973,257.9937
2024-11-26 23:00:00,5.1008086,255.05743
2024-11-27 00:00:00,4.9970574,242.17921
2024-11-27 01:00:00,4.8040752,225.84369
2024-11-27 02:00:00,4.93002,206.69075
2024-11-27 03:00:00,5.2466707,190.23393
2024-11-27 04:00:00,5.7628045,173.19832
2024-11-27 05:00:00,6.6342154,159.07797
2024-11-27 06:00:00,7.4724917,146.85645
2024-11-27 07:00:00,8.704616,136.54434
2024-11-27 08:00:00,10.317,125.39766
2024-11-27 09:00:00,11.829711,119.93295
2024-11-27 10:00:00,12.906941,122.48067
2024-11-27 11:00:00,12.841679,132.47873
2024-11-27 12:00:00,13.337722,148.09608
2024-11-27 13:00:00,14.780694,170.88144
2024-11-27 14:00:00,17.480925,189.64677
2024-11-27 15:00:00,18.893835,197.13622
2024-11-27 16:00:00,19.009474,208.41238
2024-11-27 17:00:00,17.33168,231.7927
2024-11-27 18:00:00,17.60988,268.26105
2024-11-27 19:00:00,21.940216,298.50854
2024-11-27 20:00:00,23.20096,315.20532
2024-11-27 21:00:00,20.783037,323.8666
2024-11-27 22:00:00,17.2754,323.34998
2024-11-27 23:00:00,15.795302,323.3115
2024-11-28 00:00:00,15.103519,327.33597
2024-11-28 01:00:00,14.61462,326.52228
2024-11-28 02:00:00,14.379723,324.17404
2024-11-28 03:00:00,14.232522,325.0193
2024-11-28 04:00:00,13.754793,326.11212
2024-11-28 05:00:00,13.300875,328.21185
2024-11-28 06:00:00,12.60477,327.82684
2024-11-28 07:00:00,12.302024,327.83887
2024-11-28 08:00:00,11.933434,329.136
2024-11-28 09:00:00,11.670218,332.58386
2024-11-28 10:00:00,10.347322,334.0176
2024-11-28 11:00:00,9.931821,332.83417
2024-11-28 12:00:00,9.499253,334.4419
2024-11-28 13:00:00,8.893055,335.27368
2024-11-28 14:00:00,8.569114,334.8982
2024-11-28 15:00:00,7.9027605,336.3579
2024-11-28 16:00:00,7.1064787,339.0136
2024-11-28 17:00:00,6.55309,340.32632
2024-11-28 18:00:00,5.7716455,343.3568
2024-11-28 19:00:00,4.812377,340.84006
2024-11-28 20:00:00,3.9490235,335.44543
2024-11-28 21:00:00,3.0916972,334.65417
2024-11-28 22:00:00,1.9714599,330.44708
2024-11-28 23:00:00,1.3178118,308.6182
2024-11-29 00:00:00,1.1737056,258.57397
2024-11-29 01:00:00,1.9038373,234.36621
2024-11-29 02:00:00,2.6291485,219.2749
2024-11-29 03:00:00,3.5298505,209.56577
2024-11-29 04:00:00,4.41075,202.6405
2024-11-29 05:00:00,5.0725517,197.99036
2024-11-29 06:00:00,5.5523896,196.17317
2024-11-29 07:00:00,5.8151946,191.95644
2024-11-29 08:00:00,6.1355762,185.71272
2024-11-29 09:00:00,6.561836,182.68071
2024-11-29 10:00:00,6.6151757,181.50941
2024-11-29 11:00:00,6.579138,181.69263
2024-11-29 12:00:00,6.6210375,176.65384
2024-11-29 13:00:00,6.9641824,171.82838
2024-11-29 14:00:00,7.375499,167.96353
2024-11-29 15:00:00,8.09884,165.35675
2024-11-29 16:00:00,8.465334,165.40831
2024-11-29 17:00:00,8.978526,163.91093
2024-11-29 18:00:00,9.538145,163.83194
2024-11-29 19:00:00,10.0327835,162.39922
2024-11-29 20:00:00,10.107086,164.86353
2024-11-29 21:00:00,10.195038,167.4217
2024-11-29 22:00:00,10.241025,165.55229
2024-11-29 23:00:00,10.2403755,166.49046
2024-11-30 00:00:00,10.237996,168.21298
2024-11-30 01:00:00,10.237957,172.1726
2024-11-30 02:00:00,10.332489,175.51675
2024-11-30 03:00:00,10.41776,176.92033
2024-11-30 04:00:00,10.305417,181.42151
2024-11-30 05:00:00,10.179275,182.04913
2024-11-30 06:00:00,10.251896,181.96344
2024-11-30 07:00:00,10.148813,185.62946
2024-11-30 08:00:00,9.954171,188.62251
2024-11-30 09:00:00,9.636521,193.20685
2024-11-30 10:00:00,8.665613,193.19746
2024-11-30 11:00:00,8.23287,196.97229
2024-11-30 12:00:00,7.5755296,199.69553
2024-11-30 13:00:00,7.1083984,197.19043
2024-11-30 14:00:00,7.159959,194.70924
2024-11-30 15:00:00,7.420537,196.86191
2024-11-30 16:00:00,7.524694,198.75293
2024-11-30 17:00:00,7.659986,198.82526
2024-11-30 18:00:00,7.68365,200.03496
2024-11-30 19:00:00,7.519162,199.28464
2024-11-30 20:00:00,7.3925867,195.37141
2024-11-30 21:00:00,7.381077,190.80042
2024-11-30 22:00:00,6.7326922,190.81517
2024-11-30 23:00:00,6.959522,192.92758
2024-12-01 00:00:00,7.3242273,190.34898
2024-12-01 01:00:00,7.687229,187.3432
2024-12-01 02:00:00,7.9028683,186.37448
2024-12-01 03:00:00,7.971932,186.25642
2024-12-01 04:00:00,8.063557,182.52515
2024-12-01 05:00:00,8.352773,178.78558
2024-12-01 06:00:00,8.601435,177.97696
2024-12-01 07:00:00,9.094112,176.05386
2024-12-01 08:00:00,9.553907,175.2548
2024-12-01 09:00:00,9.762348,176.46698
2024-12-01 10:00:00,8.938842,174.46512
2024-12-01 11:00:00,9.000111,176.62984
2024-12-01 12:00:00,9.392987,174.8349
2024-12-01 13:00:00,10.566208,175.02193
2024-12-01 14:00:00,11.344966,179.97043
2024-12-01 15:00:00,11.497435,185.86981
2024-12-01 16:00:00,11.6454315,190.68631
2024-12-01 17:00:00,12.429575,196.18289
2024-12-01 18:00:00,12.692998,199.70879
2024-12-01 19:00:00,12.9818125,202.48076
2024-12-01 20:00:00,13.332472,206.36499
2024-12-01 21:00:00,13.757665,211.52122
2024-12-01 22:00:00,12.550152,218.17935
2024-12-01 23:00:00,12.752513,218.04654
2024-12-02 00:00:00,12.765181,213.36362
2024-12-02 01:00:00,12.922952,209.0831
2024-12-02 02:00:00,13.145588,207.00403
2024-12-02 03:00:00,13.027216,207.75089
2024-12-02 04:00:00,12.719949,209.54716
2024-12-02 05:00:00,12.233985,212.22961
2024-12-02 06:00:00,11.744159,215.03958
2024-12-02 07:00:00,11.52478,216.18262
2024-12-02 08:00:00,11.310642,216.98854
2024-12-02 09:00:00,10.9749155,217.91788
2024-12-02 10:00:00,9.90455,218.43015
2024-12-02 11:00:00,9.251404,217.79178
2024-12-02 12:00:00,9.168257,219.74518
2024-12-02 13:00:00,8.732328,227.39117
2024-12-02 14:00:00,8.60498,242.1725
2024-12-02 15:00:00,8.577628,250.16052
2024-12-02 16:00:00,8.395071,250.28256
2024-12-02 17:00:00,8.131843,248.87119
2024-12-02 18:00:00,7.876122,246.77435
2024-12-02 19:00:00,7.4169526,243.6571
2024-12-02 20:00:00,7.0757294,242.573
2024-12-02 21:00:00,6.7717695,248.52866
2024-12-02 22:00:00,7.6227055,277.23627
2024-12-02 23:00:00,8.876797,315.85815
2024-12-03 00:00:00,12.127893,336.38593
2024-12-03 01:00:00,14.371655,343.9112
2024-12-03 02:00:00,13.770062,348.32108
2024-12-03 03:00:00,11.42259,346.32452
2024-12-03 04:00:00,10.573509,337.08618
2024-12-03 05:00:00,10.775209,333.72632
2024-12-03 06:00:00,10.667243,334.28778
2024-12-03 07:00:00,10.08704,333.58844
2024-12-03 08:00:00,9.554204,331.9011
2024-12-03 09:00:00,9.402522,331.64075
2024-12-03 10:00:00,9.103464,332.00293
2024-12-03 11:00:00,9.0196,327.8817
2024-12-03 12:00:00,8.739363,323.02374
2024-12-03 13:00:00,8.749609,319.6244
2024-12-03 14:00:00,8.937263,315.92694
2024-12-03 15:00:00,9.307007,314.39224
2024-12-03 16:00:00,9.780479,315.845
2024-12-03 17:00:00,9.697592,320.76733
2024-12-03 18:00:00,9.439027,326.82672
2024-12-03 19:00:00,8.9349575,329.97083
2024-12-03 20:00:00,8.257369,332.12524
2024-12-03 21:00:00,7.382652,331.31927
2024-12-03 22:00:00,6.415516,323.10162
2024-12-03 23:00:00,5.852553,319.25433
2024-12-04 00:00:00,5.615208,314.82233
2024-12-04 01:00:00,5.338975,313.61115
2024-12-04 02:00:00,5.5922546,306.95822
2024-12-04 03:00:00,6.2342806,301.58917
2024-12-04 04:00:00,5.8749003,297.946
2024-12-04 05:00:00,5.6119018,293.87418
2024-12-04 06:00:00,5.8811326,290.32104
2024-12-04 07:00:00,6.4312935,288.7485
2024-12-04 08:00:00,5.971174,287.62402
2024-12-04 09:00:00,5.1981263,287.70645
2024-12-04 10:00:00,4.145065,281.64417
2024-12-04 11:00:00,3.6534774,271.22516
2024-12-04 12:00:00,3.156717,255.23026
2024-12-04 13:00:00,3.072081,228.98888
2024-12-04 14:00:00,3.568753,218.30365
2024-12-04 15:00:00,4.294958,204.52576
2024-12-04 16:00:00,5.4118166,187.98883
2024-12-04 17:00:00,6.766203,185.07846
2024-12-04 18:00:00,7.3549337,192.9238
2024-12-04 19:00:00,7.770107,192.70164
2024-12-04 20:00:00,8.217016,190.5102
2024-12-04 21:00:00,8.553028,197.87552
2024-12-04 22:00:00,9.085476,194.46988
2024-12-04 23:00:00,9.385614,190.46542
2024-12-05 00:00:00,10.055103,188.10886
2024-12-05 01:00:00,10.926655,186.63135
2024-12-05 02:00:00,11.654711,185.7823
2024-12-05 03:00:00,12.233158,186.86473
2024-12-05 04:00:00,12.958556,186.9392
2024-12-05 05:00:00,13.804672,184.91211
2024-12-05 06:00:00,14.533331,183.18578
2024-12-05 07:00:00,15.012933,181.79187
2024-12-05 08:00:00,15.262086,179.65411
2024-12-05 09:00:00,15.732705,177.97847
2024-12-05 10:00:00,15.307577,175.84334
2024-12-05 11:00:00,15.969994,180.75467
2024-12-05 12:00:00,16.304594,188.19061
2024-12-05 13:00:00,15.564164,194.28676
2024-12-05 14:00:00,14.659301,200.25362
2024-12-05 15:00:00,13.784294,202.96883
2024-12-05 16:00:00,13.438714,206.08234
2024-12-05 17:00:00,12.875351,201.23071
2024-12-05 18:00:00,12.916015,197.69804
2024-12-05 19:00:00,13.533928,198.54123
2024-12-05 20:00:00,14.329272,197.21431
2024-12-05 21:00:00,14.942183,191.90887
2024-12-05 22:00:00,14.484897,190.73672
2024-12-05 23:00:00,14.547464,218.81544
2024-12-06 00:00:00,14.040717,264.9035
2024-12-06 01:00:00,15.936258,270.6423
2024-12-06 02:00:00,18.953598,281.19827
2024-12-06 03:00:00,18.818398,282.367
2024-12-06 04:00:00,20.611113,282.07526
2024-12-06 05:00:00,22.498295,288.6824
2024-12-06 06:00:00,24.127651,295.02527
2024-12-06 07:00:00,24.944294,300.99136
2024-12-06 08:00:00,24.607038,307.4747
2024-12-06 09:00:00,23.104061,312.95694
2024-12-06 10:00:00,20.971472,314.94928
2024-12-06 11:00:00,19.443724,319.56464
2024-12-06 12:00:00,18.051945,318.33826
2024-12-06 13:00:00,17.28462,314.0105
2024-12-06 14:00:00,15.945617,313.76868
2024-12-06 15:00:00,14.428421,311.4062
2024-12-06 16:00:00,12.6673765,307.1314
2024-12-06 17:00:00,11.76462,296.01556
2024-12-06 18:00:00,10.511337,288.79724
2024-12-06 19:00:00,8.938348,277.13565
2024-12-06 20:00:00,7.9949884,257.74194
2024-12-06 21:00:00,8.371678,235.14828
2024-12-06 22:00:00,8.895233,210.55276
2024-12-06 23:00:00,9.898904,196.20601
2024-12-07 00:00:00,11.326855,184.03497
2024-12-07 01:00:00,12.619696,178.77162
2024-12-07 02:00:00,13.992279,171.73964
2024-12-07 03:00:00,15.452456,170.58522
2024-12-07 04:00:00,16.2746,176.65518
2024-12-07 05:00:00,16.902685,174.78706
2024-12-07 06:00:00,17.50167,181.64769
2024-12-07 07:00:00,16.656767,190.42932
2024-12-07 08:00:00,15.547186,196.2443
2024-12-07 09:00:00,14.90885,197.87708
2024-12-07 10:00:00,14.425993,196.31685
2024-12-07 11:00:00,13.942868,191.16031
2024-12-07 12:00:00,14.336981,189.54823
2024-12-07 13:00:00,14.031134,190.19778
2024-12-07 14:00:00,13.446597,184.17325
2024-12-07 15:00:00,13.299221,174.93077
2024-12-07 16:00:00,13.953864,169.17834
2024-12-07 17:00:00,14.191111,166.60277
2024-12-07 18:00:00,13.645829,165.2544
2024-12-07 19:00:00,12.387826,163.56378
2024-12-07 20:00:00,10.808901,160.42143
2024-12-07 21:00:00,8.814069,152.58377
2024-12-07 22:00:00,8.714217,115.20383
2024-12-07 23:00:00,9.262285,97.81157
2024-12-08 00:00:00,9.720591,86.54632
2024-12-08 01:00:00,9.888727,79.586174
2024-12-08 02:00:00,9.785651,72.77048
2024-12-08 03:00:00,9.928393,66.61039
2024-12-08 04:00:00,10.139283,62.10382
2024-12-08 05:00:00,9.797967,58.93289
2024-12-08 06:00:00,9.330047,54.28557
2024-12-08 07:00:00,10.107913,46.796463
2024-12-08 08:00:00,11.10214,46.04283
2024-12-08 09:00:00,11.26984,49.64952
2024-12-08 10:00:00,9.635073,48.917206
2024-12-08 11:00:00,9.756965,52.255455
2024-12-08 12:00:00,10.334957,56.757385
2024-12-08 13:00:00,10.467214,57.7576
2024-12-08 14:00:00,10.513429,55.718376
2024-12-08 15:00:00,11.073711,53.91607
2024-12-08 16:00:00,11.607958,50.54338
2024-12-08 17:00:00,11.890962,50.41098
2024-12-08 18:00:00,11.9263315,50.38736
2024-12-08 19:00:00,12.001141,50.086945
2024-12-08 20:00:00,11.95349,49.992325
2024-12-08 21:00:00,11.592797,49.264725
2024-12-08 22:00:00,11.421031,47.145706
2024-12-08 23:00:00,11.824566,46.66919
2024-12-09 00:00:00,12.433847,45.990463
2024-12-09 01:00:00,12.993418,47.194885
2024-12-09 02:00:00,12.855772,47.750443
2024-12-09 03:00:00,12.332008,47.047455
2024-12-09 04:00:00,12.090973,46.804794
2024-12-09 05:00:00,12.10073,46.5175
2024-12-09 06:00:00,12.267958,45.904037
2024-12-09 07:00:00,12.582511,46.208557
2024-12-09 08:00:00,13.148342,45.93257
2024-12-09 09:00:00,13.778857,46.041138
2024-12-09 10:00:00,13.773703,49.311066
2024-12-09 11:00:00,14.615965,51.00354
2024-12-09 12:00:00,14.82478,49.21843
2024-12-09 13:00:00,14.877306,47.761368
2024-12-09 14:00:00,14.607095,48.779007
2024-12-09 15:00:00,14.026598,49.904663
2024-12-09 16:00:00,13.473984,50.60965
2024-12-09 17:00:00,13.196402,51.689606
2024-12-09 18:00:00,13.282208,52.30918
2024-12-09 19:00:00,13.063759,53.006844
2024-12-09 20:00:00,12.996089,53.365257
2024-12-09 21:00:00,12.830981,54.72293
2024-12-09 22:00:00,11.6481695,55.341774
2024-12-09 23:00:00,11.753497,51.329773
2024-12-10 00:00:00,12.025238,49.698242
2024-12-10 01:00:00,12.198133,50.946976
2024-12-10 02:00:00,11.799508,51.83394
2024-12-10 03:00:00,11.547453,52.4271
2024-12-10 04:00:00,11.466701,54.007042
2024-12-10 05:00:00,11.439142,56.14084
2024-12-10 06:00:00,11.224519,57.11048
2024-12-10 07:00:00,10.757692,56.5308
2024-12-10 08:00:00,10.642317,56.942963
2024-12-10 09:00:00,10.41206,56.970703
2024-12-10 10:00:00,9.749705,58.730705
2024-12-10 11:00:00,9.176145,55.382248
2024-12-10 12:00:00,9.418021,53.489723
2024-12-10 13:00:00,9.469584,53.99169
2024-12-10 14:00:00,9.333811,52.65049
2024-12-10 15:00:00,9.839081,51.909027
2024-12-10 16:00:00,10.176248,54.544525
2024-12-10 17:00:00,9.886421,60.33165
2024-12-10 18:00:00,9.096206,65.2428
2024-12-10 19:00:00,8.249092,66.588486
2024-12-10 20:00:00,7.554442,64.58392
2024-12-10 21:00:00,7.108126,61.56835
2024-12-10 22:00:00,6.9010983,56.432266
2024-12-10 23:00:00,6.6409874,54.664467
2024-12-11 00:00:00,6.3962975,53.764503
2024-12-11 01:00:00,6.413792,52.270454
2024-12-11 02:00:00,6.581173,48.90361
2024-12-11 03:00:00,6.4144244,51.944458
2024-12-11 04:00:00,5.934669,55.337265
2024-12-11 05:00:00,5.629336,53.48854
2024-12-11 06:00:00,5.4940124,48.99295
2024-12-11 07:00:00,5.331158,47.461166
2024-12-11 08:00:00,5.1403723,47.791885
2024-12-11 09:00:00,4.9057364,48.999695
2024-12-11 10:00:00,4.4667773,49.687576
2024-12-11 11:00:00,3.3187923,47.017487
2024-12-11 12:00:00,2.7338831,42.210068
2024-12-11 13:00:00,2.9417262,32.035614
2024-12-11 14:00:00,2.6643057,31.486313
2024-12-11 15:00:00,1.8235625,39.735382
2024-12-11 16:00:00,0.38704953,54.341957
2024-12-11 17:00:00,0.75038755,244.72784
2024-12-11 18:00:00,1.713179,251.219
2024-12-11 19:00:00,2.3726337,259.52725
2024-12-11 20:00:00,2.8236113,267.62848
2024-12-11 21:00:00,3.0391154,275.63486
2024-12-11 22:00:00,2.7329016,276.6546
2024-12-11 23:00:00,2.847277,288.82047
2024-12-12 00:00:00,2.7773316,291.11554
2024-12-12 01:00:00,2.5699198,299.27078
2024-12-12 02:00:00,2.653745,322.2625
2024-12-12 03:00:00,2.9640696,351.06415
2024-12-12 04:00:00,3.6137893,10.187088
2024-12-12 05:00:00,4.3731394,25.36412
2024-12-12 06:00:00,5.150026,34.356796
2024-12-12 07:00:00,5.3038325,40.082443
2024-12-12 08:00:00,5.1547,44.528946
2024-12-12 09:00:00,4.873723,45.64218
2024-12-12 10:00:00,4.4600825,45.90518
2024-12-12 11:00:00,4.497678,42.903107
2024-12-12 12:00:00,4.835161,44.035065
2024-12-12 13:00:00,5.0074224,49.040863
2024-12-12 14:00:00,4.8028903,57.348618
2024-12-12 15:00:00,4.67914,64.18624
2024-12-12 16:00:00,4.8240438,65.06243
2024-12-12 17:00:00,5.1589503,69.03584
2024-12-12 18:00:00,5.4559703,77.0863
2024-12-12 19:00:00,5.4432006,88.4553
2024-12-12 20:00:00,5.1733923,98.20638
2024-12-12 21:00:00,4.9104733,100.9484
2024-12-12 22:00:00,4.7107797,98.73148
2024-12-12 23:00:00,5.1634927,97.92827
2024-12-13 00:00:00,5.3716025,102.05004
2024-12-13 01:00:00,5.377837,108.93519
2024-12-13 02:00:00,5.27477,111.8854
2024-12-13 03:00:00,5.5021286,113.6293
2024-12-13 04:00:00,5.6139164,116.527695
2024-12-13 05:00:00,5.8772078,119.99735
2024-12-13 06:00:00,5.901373,121.78644
2024-12-13 07:00:00,6.0524273,126.64669
2024-12-13 08:00:00,5.9599514,131.9878
2024-12-13 09:00:00,5.5825357,136.6718
2024-12-13 10:00:00,4.8175235,144.81938
2024-12-13 11:00:00,4.306667,149.99057
2024-12-13 12:00:00,3.884138,153.26219
2024-12-13 13:00:00,3.7335086,154.98851
2024-12-13 14:00:00,3.6521943,158.23024
2024-12-13 15:00:00,3.4656184,162.21841
2024-12-13 16:00:00,3.5758157,167.81688
2024-12-13 17:00:00,4.027082,176.88449
2024-12-13 18:00:00,4.318932,186.65735
2024-12-13 19:00:00,4.4042974,196.80249
2024-12-13 20:00:00,4.6515546,210.38142
2024-12-13 21:00:00,5.0680633,220.61963
2024-12-13 22:00:00,4.7316594,218.86719
2024-12-13 23:00:00,4.9642696,229.23384
2024-12-14 00:00:00,5.3497534,228.13374
2024-12-14 01:00:00,5.6107993,219.21713
2024-12-14 02:00:00,6.5088406,214.34671
2024-12-14 03:00:00,7.2406697,214.10175
2024-12-14 04:00:00,7.791838,218.35701
2024-12-14 05:00:00,8.097327,224.69916
2024-12-14 06:00:00,8.359382,232.64998
2024-12-14 07:00:00,8.286294,241.56493
2024-12-14 08:00:00,8.394679,246.0562
2024-12-14 09:00:00,8.7020645,249.09888
2024-12-14 10:00:00,8.525535,252.78137
2024-12-14 11:00:00,8.637294,261.13425
2024-12-14 12:00:00,8.154326,266.10248
2024-12-14 13:00:00,7.5887375,271.69678
2024-12-14 14:00:00,7.549901,287.32025
2024-12-14 15:00:00,8.299888,306.92294
2024-12-14 16:00:00,9.412396,317.17737
2024-12-14 17:00:00,9.565788,317.09314
2024-12-14 18:00:00,9.575195,308.7531
2024-12-14 19:00:00,9.693268,300.02905
2024-12-14 20:00:00,9.8811655,295.385
2024-12-14 21:00:00,9.890779,291.0576
2024-12-14 22:00:00,9.610664,289.1659
2024-12-14 23:00:00,9.127546,282.87643
2024-12-15 00:00:00,9.578042,280.7266
2024-12-15 01:00:00,9.896054,279.0602
2024-12-15 02:00:00,10.134042,275.6772
2024-12-15 03:00:00,10.342972,276.0695
2024-12-15 04:00:00,10.451329,276.99146
2024-12-15 05:00:00,9.983577,267.73645
2024-12-15 06:00:00,10.681547,260.90405
2024-12-15 07:00:00,11.600752,255.84363
2024-12-15 08:00:00,12.257476,252.46176
2024-12-15 09:00:00,12.62919,251.99419
2024-12-15 10:00:00,12.634898,251.34576
2024-12-15 11:00:00,13.0305195,252.68481
2024-12-15 12:00:00,13.537237,253.34428
2024-12-15 13:00:00,14.048899,254.55486
2024-12-15 14:00:00,14.363635,257.57373
2024-12-15 15:00:00,14.187805,258.81427
2024-12-15 16:00:00,13.742726,256.15033
2024-12-15 17:00:00,14.024939,253.14563
2024-12-15 18:00:00,14.441964,254.87811
2024-12-15 19:00:00,14.698717,255.94458
2024-12-15 20:00:00,14.92903,255.4108
2024-12-15 21:00:00,14.979346,254.44318
2024-12-15 22:00:00,14.788735,259.72205
2024-12-15 23:00:00,15.173836,259.45712
2024-12-16 00:00:00,15.382019,260.4089
2024-12-16 01:00:00,15.414194,262.86362
2024-12-16 02:00:00,15.239788,260.78247
2024-12-16 03:00:00,15.565854,257.9735
2024-12-16 04:00:00,15.575023,257.75455
2024-12-16 05:00:00,15.034576,257.0478
2024-12-16 06:00:00,14.780972,256.4886
2024-12-16 07:00:00,14.978593,257.42676
2024-12-16 08:00:00,14.724291,259.00348
2024-12-16 09:00:00,14.374245,259.84216
2024-12-16 10:00:00,14.203718,256.91376
2024-12-16 11:00:00,14.139566,253.384
2024-12-16 12:00:00,14.569081,251.40164
2024-12-16 13:00:00,14.777056,251.77722
2024-12-16 14:00:00,14.59146,252.71002
2024-12-16 15:00:00,14.710641,252.74815
2024-12-16 16:00:00,15.0594845,253.55307
2024-12-16 17:00:00,14.939083,254.52893
2024-12-16 18:00:00,14.396217,255.39987
2024-12-16 19:00:00,14.258526,255.33304
2024-12-16 20:00:00,14.762037,254.66125
2024-12-16 21:00:00,14.773687,254.27676
2024-12-16 22:00:00,13.750346,256.72083
2024-12-16 23:00:00,13.558072,256.3828
2024-12-17 00:00:00,13.714002,260.48944
2024-12-17 01:00:00,13.272166,262.05908
2024-12-17 02:00:00,13.3411665,263.36514
2024-12-17 03:00:00,12.841115,263.9856
2024-12-17 04:00:00,12.031671,262.57013
2024-12-17 05:00:00,11.150683,259.01227
2024-12-17 06:00:00,10.684285,257.6045
2024-12-17 07:00:00,10.556133,256.11572
2024-12-17 08:00:00,10.94413,253.5689
2024-12-17 09:00:00,10.7471695,252.03462
2024-12-17 10:00:00,9.022209,248.8549
2024-12-17 11:00:00,9.434684,241.00648
2024-12-17 12:00:00,9.260604,234.1175
2024-12-17 13:00:00,9.127105,231.38734
2024-12-17 14:00:00,9.381218,224.78696
2024-12-17 15:00:00,9.280229,215.69437
2024-12-17 16:00:00,9.4655485,206.52629
2024-12-17 17:00:00,9.950907,201.9288
2024-12-17 18:00:00,10.377306,194.71544
2024-12-17 19:00:00,10.861374,188.74707
2024-12-17 20:00:00,11.358754,189.64758
2024-12-17 21:00:00,11.654057,193.46393
2024-12-17 22:00:00,10.617688,192.27182
2024-12-17 23:00:00,11.56585,192.73376
2024-12-18 00:00:00,12.418726,196.19202
2024-12-18 01:00:00,13.099312,200.18524
2024-12-18 02:00:00,13.168208,201.12286
2024-12-18 03:00:00,14.29318,201.09875
2024-12-18 04:00:00,15.396752,204.42294
2024-12-18 05:00:00,15.898442,208.03535
2024-12-18 06:00:00,16.65666,211.03328
2024-12-18 07:00:00,17.518938,212.27795
2024-12-18 08:00:00,18.068083,213.19138
2024-12-18 09:00:00,18.699894,214.18866
2024-12-18 10:00:00,18.561903,216.17702
2024-12-18 11:00:00,19.802197,220.03583
2024-12-18 12:00:00,20.85731,224.9614
2024-12-18 13:00:00,21.414421,230.8154
2024-12-18 14:00:00,20.950125,237.11337
2024-12-18 15:00:00,19.0242,239.7065
2024-12-18 16:00:00,17.934555,240.14572
2024-12-18 17:00:00,17.005625,239.10089
2024-12-18 18:00:00,15.976591,235.1726
2024-12-18 19:00:00,15.52915,231.50781
2024-12-18 20:00:00,14.679637,230.95268
2024-12-18 21:00:00,13.004358,222.0731
2024-12-18 22:00:00,14.200269,209.87178
2024-12-18 23:00:00,16.384245,207.19133
2024-12-19 00:00:00,16.305603,203.88379
2024-12-19 01:00:00,17.283127,202.14949
2024-12-19 02:00:00,18.647924,216.09744
2024-12-19 03:00:00,18.414305,221.61574
2024-12-19 04:00:00,17.914644,223.28665
2024-12-19 05:00:00,19.387999,227.14314
2024-12-19 06:00:00,15.482684,245.96494
2024-12-19 07:00:00,12.770935,300.20978
2024-12-19 08:00:00,12.177294,315.64218
2024-12-19 09:00:00,11.0567045,312.8335
2024-12-19 10:00:00,12.401827,315.3636
2024-12-19 11:00:00,12.866304,323.16675
2024-12-19 12:00:00,12.556945,322.82452
2024-12-19 13:00:00,12.347366,318.38348
2024-12-19 14:00:00,12.962837,313.1712
2024-12-19 15:00:00,13.166138,307.49506
2024-12-19 16:00:00,14.023902,302.26605
2024-12-19 17:00:00,14.444878,299.8981
2024-12-19 18:00:00,15.656787,302.39517
2024-12-19 19:00:00,16.160332,308.20367
2024-12-19 20:00:00,16.34762,311.20886
2024-12-19 21:00:00,16.3447,313.01355
2024-12-19 22:00:00,14.924044,309.33496
2024-12-19 23:00:00,15.324203,309.04352
2024-12-20 00:00:00,15.356598,310.51587
2024-12-20 01:00:00,14.867491,311.1707
2024-12-20 02:00:00,14.714261,311.3305
2024-12-20 03:00:00,14.575421,311.48218
2024-12-20 04:00:00,13.805138,310.8263
2024-12-20 05:00:00,12.49988,308.9765
2024-12-20 06:00:00,11.612156,303.7052
2024-12-20 07:00:00,11.199609,297.24976
2024-12-20 08:00:00,10.707317,290.03888
2024-12-20 09:00:00,10.607314,282.51785
2024-12-20 10:00:00,9.520249,271.97974
2024-12-20 11:00:00,10.202478,265.3175
2024-12-20 12:00:00,10.422198,260.88147
2024-12-20 13:00:00,10.237945,252.66205
2024-12-20 14:00:00,10.86507,245.90454
2024-12-20 15:00:00,11.29853,238.21402
2024-12-20 16:00:00,11.768649,232.80823
2024-12-20 17:00:00,11.987478,227.96832
2024-12-20 18:00:00,11.999372,224.57101
2024-12-20 19:00:00,12.22855,222.00757
2024-12-20 20:00:00,12.661228,218.52002
2024-12-20 21:00:00,13.282377,220.80443
2024-12-20 22:00:00,12.235056,220.8511
2024-12-20 23:00:00,12.269343,227.91693
2024-12-21 00:00:00,11.585514,236.11542
2024-12-21 01:00:00,11.101551,249.52873
2024-12-21 02:00:00,11.034436,266.88354
2024-12-21 03:00:00,10.634046,271.40698
2024-12-21 04:00:00,9.670702,264.34995
2024-12-21 05:00:00,9.9627,254.31529
2024-12-21 06:00:00,10.635777,248.58191
2024-12-21 07:00:00,11.554078,244.56741
2024-12-21 08:00:00,12.456994,240.39958
2024-12-21 09:00:00,13.129841,233.5679
2024-12-21 10:00:00,13.36362,232.32008
2024-12-21 11:00:00,14.771396,228.91797
2024-12-21 12:00:00,15.705939,226.75876
2024-12-21 13:00:00,16.707985,223.97372
2024-12-21 14:00:00,17.595823,225.31018
2024-12-21 15:00:00,17.386053,230.77054
2024-12-21 16:00:00,16.492643,237.98824
2024-12-21 17:00:00,16.27086,244.41493
2024-12-21 18:00:00,15.614107,251.71458
2024-12-21 19:00:00,14.643844,260.6906
2024-12-21 20:00:00,14.4098,267.00958
2024-12-21 21:00:00,15.361703,272.04965
2024-12-21 22:00:00,16.140112,269.10065
2024-12-21 23:00:00,15.473274,265.83777
2024-12-22 00:00:00,15.373281,261.83026
2024-12-22 01:00:00,15.021266,260.77115
2024-12-22 02:00:00,14.464629,262.2415
2024-12-22 03:00:00,15.879,266.8978
2024-12-22 04:00:00,15.506565,273.0703
2024-12-22 05:00:00,15.473871,271.98624
2024-12-22 06:00:00,15.85892,272.6119
2024-12-22 07:00:00,15.341641,276.4148
2024-12-22 08:00:00,14.897893,279.27744
2024-12-22 09:00:00,13.999228,279.18024
2024-12-22 10:00:00,14.5378475,285.72458
2024-12-22 11:00:00,15.19949,287.29498
2024-12-22 12:00:00,15.170713,290.4524
2024-12-22 13:00:00,15.02224,293.08786
2024-12-22 14:00:00,14.045349,294.81232
2024-12-22 15:00:00,12.542612,291.58585
2024-12-22 16:00:00,12.300169,286.72003
2024-12-22 17:00:00,12.315082,284.6626
2024-12-22 18:00:00,11.761745,280.18555
2024-12-22 19:00:00,10.921034,273.07388
2024-12-22 20:00:00,10.906959,268.6706
2024-12-22 21:00:00,10.805883,264.40714
2024-12-22 22:00:00,8.856891,258.01425
2024-12-22 23:00:00,7.796192,305.5883
2024-12-23 00:00:00,11.547147,332.74792
2024-12-23 01:00:00,15.572785,336.06146
2024-12-23 02:00:00,16.207571,335.09784
2024-12-23 03:00:00,16.694715,331.3786
2024-12-23 04:00:00,16.822,332.299
2024-12-23 05:00:00,16.89626,333.3366
2024-12-23 06:00:00,16.921612,332.7189
2024-12-23 07:00:00,16.716377,332.1341
2024-12-23 08:00:00,16.209133,331.6713
2024-12-23 09:00:00,15.516677,331.3151
2024-12-23 10:00:00,13.319406,330.95093
2024-12-23 11:00:00,13.314984,328.98175
2024-12-23 12:00:00,12.9311695,325.94894
2024-12-23 13:00:00,12.58733,324.5926
2024-12-23 14:00:00,12.281946,322.77875
2024-12-23 15:00:00,12.203577,322.2566
2024-12-23 16:00:00,12.082487,323.05905
2024-12-23 17:00:00,11.737805,324.88776
2024-12-23 18:00:00,11.02123,325.78384
2024-12-23 19:00:00,10.135025,324.53134
2024-12-23 20:00:00,9.549372,322.94843
2024-12-23 21:00:00,8.878282,320.18237
2024-12-23 22:00:00,7.7765236,313.97913
2024-12-23 23:00:00,7.6073594,309.6699
2024-12-24 00:00:00,6.7427845,305.7896
2024-12-24 01:00:00,6.3926663,294.00623
2024-12-24 02:00:00,5.4164667,285.37036
2024-12-24 03:00:00,5.19181,263.9709
2024-12-24 04:00:00,6.77007,250.34575
2024-12-24 05:00:00,7.1850333,235.55345
2024-12-24 06:00:00,7.6752386,224.46808
2024-12-24 07:00:00,8.093183,212.94655
2024-12-24 08:00:00,9.048056,202.30618
2024-12-24 09:00:00,10.035509,201.46309
2024-12-24 10:00:00,10.205244,197.40321
2024-12-24 11:00:00,10.79689,204.87863
2024-12-24 12:00:00,10.369146,209.06006
2024-12-24 13:00:00,9.92966,208.62762
2024-12-24 14:00:00,9.409547,211.90424
2024-12-24 15:00:00,8.605256,213.52776
2024-12-24 16:00:00,8.390163,221.44899
2024-12-24 17:00:00,7.7844024,230.40536
2024-12-24 18:00:00,6.90337,234.90631
2024-12-24 19:00:00,6.6443224,237.65204
2024-12-24 20:00:00,6.812112,246.29936
2024-12-24 21:00:00,6.6239424,251.77725
2024-12-24 22:00:00,6.790531,247.28738
2024-12-24 23:00:00,6.9103394,250.15646
2024-12-25 00:00:00,7.059119,255.87717
2024-12-25 01:00:00,6.989745,259.7475
2024-12-25 02:00:00,6.77649,260.89917
2024-12-25 03:00:00,6.930518,257.81586
2024-12-25 04:00:00,7.1315413,255.1709
2024-12-25 05:00:00,7.072745,253.87077
2024-12-25 06:00:00,6.870711,253.27269
2024-12-25 07:00:00,6.6114216,248.86137
2024-12-25 08:00:00,6.616984,239.42587
2024-12-25 09:00:00,6.79364,233.7001
2024-12-25 10:00:00,6.3722706,233.45049
2024-12-25 11:00:00,7.0106583,233.81706
2024-12-25 12:00:00,7.0097346,232.2903
2024-12-25 13:00:00,6.5935025,229.26962
2024-12-25 14:00:00,6.4018354,225.91492
2024-12-25 15:00:00,6.5546513,222.63466
2024-12-25 16:00:00,6.894922,219.3642
2024-12-25 17:00:00,7.0626526,217.4863
2024-12-25 18:00:00,7.0738688,222.16621
2024-12-25 19:00:00,6.918569,226.7371
2024-12-25 20:00:00,6.7045503,227.20923
2024-12-25 21:00:00,6.5041103,228.5835
2024-12-25 22:00:00,5.536932,230.55885
2024-12-25 23:00:00,5.284537,231.52019
2024-12-26 00:00:00,5.1865764,225.41734
2024-12-26 01:00:00,5.3025217,219.17172
2024-12-26 02:00:00,5.1513596,215.05508
2024-12-26 03:00:00,5.1149244,210.78644
2024-12-26 04:00:00,5.005472,211.68837
2024-12-26 05:00:00,5.1477733,209.99498
2024-12-26 06:00:00,5.417754,209.27512
2024-12-26 07:00:00,5.308891,213.58267
2024-12-26 08:00:00,4.8631434,219.6838
2024-12-26 09:00:00,4.3953466,222.06026
2024-12-26 10:00:00,3.2575905,212.69087
2024-12-26 11:00:00,3.337025,208.76529
2024-12-26 12:00:00,3.1196158,208.38893
2024-12-26 13:00:00,2.6170228,199.97421
2024-12-26 14:00:00,2.8288405,183.67856
2024-12-26 15:00:00,3.3710902,174.5386
2024-12-26 16:00:00,3.5778196,173.60739
2024-12-26 17:00:00,3.2368944,175.81308
2024-12-26 18:00:00,2.7626343,175.94176
2024-12-26 19:00:00,2.6550567,168.46527
2024-12-26 20:00:00,2.9043615,159.33334
2024-12-26 21:00:00,3.2572322,158.85759
2024-12-26 22:00:00,3.3913429,157.80766
2024-12-26 23:00:00,3.0727212,160.98865
2024-12-27 00:00:00,3.2350836,155.52498
2024-12-27 01:00:00,3.7064905,151.15788
2024-12-27 02:00:00,4.261351,151.36008
2024-12-27 03:00:00,4.370437,156.43773
2024-12-27 04:00:00,3.8107347,163.05324
2024-12-27 05:00:00,3.4200184,165.85252
2024-12-27 06:00:00,3.7817938,167.78186
2024-12-27 07:00:00,4.1351566,165.90343
2024-12-27 08:00:00,4.1299314,165.59363
2024-12-27 09:00:00,3.6778748,169.6188
2024-12-27 10:00:00,2.2765594,176.74414
2024-12-27 11:00:00,1.8973206,189.30411
2024-12-27 12:00:00,1.8688374,184.36533
2024-12-27 13:00:00,2.024186,174.03079
2024-12-27 14:00:00,1.9178503,168.50826
2024-12-27 15:00:00,1.9167789,167.5619
2024-12-27 16:00:00,1.938097,168.76028
2024-12-27 17:00:00,2.0017896,172.54425
2024-12-27 18:00:00,1.9621772,175.18501
2024-12-27 19:00:00,2.0204575,180.22214
2024-12-27 20:00:00,2.1534603,185.46342
2024-12-27 21:00:00,2.2530236,192.13966
2024-12-27 22:00:00,1.2774183,166.95154
2024-12-27 23:00:00,1.7663361,166.61008
2024-12-28 00:00:00,2.2751873,175.93347
2024-12-28 01:00:00,2.5642762,188.69998
2024-12-28 02:00:00,2.5625613,200.75226
2024-12-28 03:00:00,2.544072,208.65204
2024-12-28 04:00:00,2.675583,214.3952
2024-12-28 05:00:00,2.5360472,211.22469
2024-12-28 06:00:00,2.643904,206.2657
2024-12-28 07:00:00,2.9273188,205.70328
2024-12-28 08:00:00,3.1212375,205.77339
2024-12-28 09:00:00,3.3040774,202.3573
2024-12-28 10:00:00,3.15896,210.09238
2024-12-28 11:00:00,3.6205838,222.65622
2024-12-28 12:00:00,3.9415271,226.4884
2024-12-28 13:00:00,4.031399,225.82861
2024-12-28 14:00:00,4.132237,221.75134
2024-12-28 15:00:00,4.4416757,216.74768
2024-12-28 16:00:00,4.8553205,218.38675
2024-12-28 17:00:00,5.362875,223.52763
2024-12-28 18:00:00,5.8104267,226.82094
2024-12-28 19:00:00,6.137541,230.58461
2024-12-28 20:00:00,6.530166,235.5319
2024-12-28 21:00:00,6.640076,238.97226
2024-12-28 22:00:00,5.573542,234.59366
2024-12-28 23:00:00,5.803615,225.63644
2024-12-29 00:00:00,6.2508326,223.6603
2024-12-29 01:00:00,6.690866,232.6435
2024-12-29 02:00:00,6.8277965,241.02896
2024-12-29 03:00:00,6.7935796,242.87155
2024-12-29 04:00:00,6.9660506,240.85593
2024-12-29 05:00:00,7.312748,241.55887
2024-12-29 06:00:00,7.6005354,246.16667
2024-12-29 07:00:00,7.7988667,247.55405
2024-12-29 08:00:00,8.095257,247.20723
2024-12-29 09:00:00,8.329419,245.27487
2024-12-29 10:00:00,8.437585,244.9336
2024-12-29 11:00:00,8.981821,248.04538
2024-12-29 12:00:00,9.503153,249.53424
2024-12-29 13:00:00,9.53799,249.30948
2024-12-29 14:00:00,9.631987,249.92477
2024-12-29 15:00:00,9.828341,248.83281
2024-12-29 16:00:00,10.15063,247.13008
2024-12-29 17:00:00,10.467302,242.33516
2024-12-29 18:00:00,11.017998,240.58057
2024-12-29 19:00:00,11.571771,242.82767
2024-12-29 20:00:00,11.980559,242.73645
2024-12-29 21:00:00,12.350591,240.98447
2024-12-29 22:00:00,12.209269,240.21758
2024-12-29 23:00:00,12.836509,237.26791
2024-12-30 00:00:00,13.413476,237.85445
2024-12-30 01:00:00,13.336207,242.50615
2024-12-30 02:00:00,13.299953,245.63373
2024-12-30 03:00:00,13.107897,247.2167
2024-12-30 04:00:00,12.830879,243.07686
2024-12-30 05:00:00,12.848943,242.88968
2024-12-30 06:00:00,12.724883,242.22778
2024-12-30 07:00:00,12.683353,238.23897
2024-12-30 08:00:00,12.757205,235.58475
2024-12-30 09:00:00,13.09132,234.13628
2024-12-30 10:00:00,12.32265,234.55753
2024-12-30 11:00:00,13.654496,235.94781
2024-12-30 12:00:00,14.586056,237.97177
2024-12-30 13:00:00,14.338905,236.32982
2024-12-30 14:00:00,14.4176035,233.79633
2024-12-30 15:00:00,14.567209,231.67604
2024-12-30 16:00:00,14.837412,232.65381
2024-12-30 17:00:00,15.054824,234.39035
2024-12-30 18:00:00,15.076393,236.4165
2024-12-30 19:00:00,14.808728,237.92825
2024-12-30 20:00:00,14.266274,240.5639
2024-12-30 21:00:00,13.603488,242.63467
2024-12-30 22:00:00,11.526833,240.3345
2024-12-30 23:00:00,11.677127,234.66617
2024-12-31 00:00:00,11.997521,232.03075
2024-12-31 01:00:00,11.883098,232.15405
2024-12-31 02:00:00,11.894653,229.65265
2024-12-31 03:00:00,12.19331,226.82364
2024-12-31 04:00:00,12.599024,225.46385
2024-12-31 05:00:00,12.640856,225.89795
2024-12-31 06:00:00,12.587574,224.06834
2024-12-31 07:00:00,12.845388,219.87039
2024-12-31 08:00:00,13.239185,215.3733
2024-12-31 09:00:00,13.823397,212.44403
2024-12-31 10:00:00,13.058658,205.72304
2024-12-31 11:00:00,13.814222,207.77388
2024-12-31 12:00:00,14.856357,210.65121
2024-12-31 13:00:00,15.836146,210.76631
2024-12-31 14:00:00,16.353579,210.35808
2024-12-31 15:00:00,17.82456,210.17508
2024-12-31 16:00:00,18.209118,215.50186
2024-12-31 17:00:00,18.705603,216.78003
2024-12-31 18:00:00,19.199715,218.25589
2024-12-31 19:00:00,19.345472,220.2326
2024-12-31 20:00:00,19.541998,221.43887
2024-12-31 21:00:00,20.125143,222.66122
2024-12-31 22:00:00,19.901604,220.08597
2024-12-31 23:00:00,21.089046,220.95755
