Hour [h],Power wind farm [W]
0,46356901.85044555
1,38532427.15121751
2,52175829.330192365
3,60318547.248985834
4,61036333.65342192
5,89658460.27249683
6,79645906.53349967
7,61599845.4822514
8,44469680.42625241
9,27347327.189870544
10,9144414.210755697
11,11442739.776568757
12,39865761.65841576
13,49921340.75688949
14,98149462.57408027
15,115037247.9633946
16,188386781.62106195
17,241497565.5736915
18,234454962.06049833
19,267403568.8799987
20,203512037.87851125
21,283195585.6798753
22,258709068.47348595
23,227362816.78544593
24,215579342.50177303
25,193827538.73907036
26,204692176.7284189
27,136368682.96824452
28,146940642.55168545
29,157476233.47295997
30,106374417.928414
31,121934572.0778071
32,147823767.25414813
33,122509285.13322255
34,86063360.4799305
35,157936122.29798168
36,98959752.31290956
37,88869248.13042286
38,41453865.7385489
39,58491593.085022494
40,54318151.95380287
41,31931679.740466498
42,91435018.27229552
43,176721158.02173805
44,208876313.25500038
45,197711363.67144206
46,169110212.12382466
47,163500024.3710355
48,167317991.2608368
49,171067465.93028438
50,148634667.51371408
51,186820729.02183402
52,194050658.88013202
53,217338670.70033178
54,242144793.77561438
55,246813144.82972702
56,322425106.5562597
57,344280390.7448759
58,343401001.51962286
59,340277667.58347887
60,344280601.013252
61,342700932.3682317
62,344280588.1856825
63,344280469.06552786
64,344280596.9013029
65,344280595.68706536
66,340024239.1581712
67,327740223.5342151
68,114645944.26118217
69,36976182.625161424
70,53648428.33949559
71,64421683.347975105
72,76556852.3196226
73,61102369.87158894
74,58032153.313355684
75,51698480.370809324
76,51919532.127948694
77,50024212.41307892
78,71455483.30091661
79,84419676.27018972
80,74421582.56089142
81,106644254.29765077
82,128125501.50765906
83,121851725.40070085
84,131175514.56410997
85,139312878.77625307
86,123576184.78291884
87,137264026.9029749
88,214429087.3063241
89,271232027.44575334
90,208827695.15691704
91,207203025.12370384
92,272157809.7989534
93,251894256.74092546
94,243684820.2163509
95,259934887.130606
96,263878240.04440108
97,318552165.4666521
98,233328373.5988826
99,104958889.2108727
100,163609875.15474492
101,205394681.53063205
102,119956785.21953961
103,129880387.78571004
104,88346528.20663518
105,101414501.35326752
106,73343570.47081664
107,109144353.32379262
108,148016420.42515457
109,158293802.90388867
110,93308126.81374347
111,68940934.05688252
112,109079034.85908182
113,66593293.09639144
114,96933252.92735986
115,90036301.30466704
116,146793091.85260698
117,142244213.64320225
118,72992871.90784414
119,60667801.33009958
120,52678196.99521017
121,89447293.64374097
122,77316968.99603264
123,38020355.09986654
124,18058123.781189922
125,5577436.710709757
126,1864793.1695047733
127,1850543.8092923667
128,18435965.99448094
129,38514816.333465196
130,36908432.12386047
131,19931020.963633884
132,12859260.535485322
133,8660050.967624608
134,5191641.762841737
135,13599484.303894563
136,19729654.301190306
137,37531344.87372817
138,72718448.13484484
139,89022819.21039462
140,82766961.69931209
141,127147207.50590122
142,114451791.95334978
143,153522172.56543532
144,153031788.70835564
145,227651635.49984527
146,273920599.5076768
147,276589259.03855324
148,340103271.61239374
149,337447804.74485505
150,330122064.72617495
151,294262498.36079246
152,294567122.16294754
153,158750872.54557467
154,132489822.84463948
155,147941149.20072922
156,181643095.70641202
157,118474255.92595465
158,127487541.57460658
159,142032704.12092933
160,148067008.17749748
161,79513044.83797796
162,99461698.8497484
163,71462141.42216429
164,81354179.11294535
165,129540813.54438552
166,116516414.0122285
167,81641606.80919461
168,70027202.47322045
169,103432087.82117906
170,107128279.29802755
171,122939099.32030904
172,110980931.92769034
173,105087889.69987096
174,159866677.00964716
175,145154260.49561015
176,142662377.39911366
177,151976304.30098698
178,120715037.67130405
179,125682234.26600228
180,62443830.69239305
181,42288439.79616469
182,82844404.5197177
183,82566919.12545203
184,52682911.383709885
185,82973842.76456004
186,158381590.3245262
187,147142173.35298404
188,173213599.16118023
189,231434098.42509177
190,274378165.1220255
191,290752423.43569905
192,270892406.9024611
193,254238869.68950716
194,228337026.82789952
195,245144056.3494369
196,220205776.25183633
197,209584961.68959537
198,192170534.32294077
199,150099771.06574327
200,112818403.66591813
201,88111206.54725571
202,88440084.33042766
203,107148455.13939606
204,103471188.41017781
205,143132146.4523112
206,112818403.66591813
207,78969567.28347263
208,79283060.90581486
209,107831286.43829192
210,150700937.1297057
211,154656743.91481894
212,140220626.02943158
213,150748245.9679939
214,131531217.71744597
215,116221170.16677684
216,122239413.9008143
217,118615107.55306302
218,105142229.89386046
219,96543372.63473843
220,82081637.00074883
221,87862150.21547748
222,77732855.24954823
223,74941791.46906635
224,81400940.06596553
225,87433697.38194008
226,108987201.0163939
227,78582654.33338608
228,52027910.14717007
229,49478690.51051408
230,37508189.05995736
231,15684034.917367263
232,22822690.885669474
233,45924848.96308642
234,71173827.39824636
235,47900303.15786074
236,66013365.08527468
237,76441241.17023319
238,80280358.45176774
239,92617090.35197131
240,96216368.97368354
241,75871351.74463996
242,69416355.87140167
243,61424724.4895226
244,92526190.05306451
245,92589794.37377444
246,107999877.51994967
247,143849112.92293328
248,197698440.15864384
249,211777274.8803049
250,223323658.27116787
251,240776112.57580823
252,203669538.92090103
253,268944616.27126133
254,296982478.4581532
255,217751663.06265324
256,193585323.59414023
257,197729848.63738295
258,164005786.45629266
259,104680225.58681288
260,14667027.655417368
261,25780315.55019413
262,15319029.177449895
263,10048811.048122205
264,9982759.088793574
265,22354931.169796184
266,44992359.74965949
267,33666051.54062058
268,45535092.45686394
269,62048956.75567567
270,95976348.59423797
271,115375639.07330823
272,124747546.76141384
273,150547734.58267623
274,127700484.10490304
275,84601077.39201844
276,115319661.27916762
277,138300317.91009507
278,108828124.20126009
279,161231020.49393532
280,151561402.74846122
281,131045172.49185245
282,108828124.20126009
283,122298002.29686081
284,122863032.52251747
285,176308671.89896822
286,245794655.98616543
287,295859661.19560224
288,313304185.5036566
289,128809782.44572528
290,227749992.64254555
291,254965498.8715921
292,235501760.2952822
293,235501760.2952822
294,224841409.37467134
295,244313007.81022224
296,242113663.6759107
297,254471837.0964251
298,279535408.34392875
299,287946874.7315162
300,321938387.54361117
301,228686004.9979568
302,211747030.72744808
303,257237947.12378633
304,260568885.14935774
305,260568885.14935774
306,280034237.9725252
307,287817291.4571078
308,311474583.7978341
309,323894031.56758
310,344280593.1988054
311,344280589.9780987
312,344280580.6667247
313,344280584.1125502
314,344280592.4652032
315,344281056.51476043
316,344280705.3529246
317,344281267.8330005
318,344281312.5702103
319,344280898.86166865
320,344280589.97202325
321,344280591.2371203
322,344280507.44205236
323,334514278.58968925
324,290305895.95064545
325,176254616.9506006
326,215192848.84123445
327,195792164.48988172
328,216777766.20675096
329,262207082.22830924
330,246338040.5800919
331,228978981.94393933
332,211782095.337634
333,162662354.23631462
334,121643137.30922973
335,98174715.61989373
336,69909868.2366345
337,47953062.96250166
338,44204354.16159921
339,59026835.56568579
340,69188102.51259318
341,69122962.8694991
342,65078545.36461005
343,52678196.99521017
344,21194384.867511597
345,15489939.003119858
346,20913192.269461945
347,30791811.519710746
348,43227485.80158978
349,59153770.26936603
350,32837851.99660354
351,38958204.32627909
352,70650401.6047795
353,110429734.30503021
354,132723787.19775657
355,122208779.64619146
356,145067782.8870173
357,146855901.24794477
358,119431790.39325398
359,136013113.67288515
360,146218116.4229077
361,112965343.13243166
362,103926955.51907085
363,151489436.98720187
364,136847931.9327621
365,112843048.81862272
366,124747546.76141384
367,117423047.26202248
368,138171761.11380216
369,113450961.86639087
370,140950358.64337757
371,159537323.95217064
372,284941409.1872043
373,233889954.84907916
374,248385441.9333713
375,331067239.64623463
376,344280380.08714277
377,340180777.8359935
378,344280446.02693015
379,344280579.0401423
380,332844568.24308807
381,344281354.1758332
382,344280949.7842451
383,344281068.56582093
384,344281591.47805965
385,344281959.2845568
386,344281768.04945976
387,344281902.10896206
388,344281474.5499303
389,344281999.0028457
390,344281020.90243185
391,344281277.6369487
392,344280629.4247117
393,344280666.1710495
394,341853213.66341114
395,344280589.8739873
396,344280550.59661597
397,344217604.3897705
398,325047080.7744535
399,263595274.87717992
400,237670700.7037337
401,211824658.43136364
402,182170012.6047052
403,166449702.0813718
404,170940591.32968134
405,156169643.60674518
406,149223353.7341661
407,138235343.08654794
408,133666206.8007154
409,105965254.55800374
410,108423629.77405821
411,108184855.7726308
412,147831919.5861906
413,184487141.99699476
414,174094796.59516913
415,169899891.2687383
416,158792159.06051338
417,116205539.47124156
418,104099793.21566206
419,111324445.46442594
420,150235173.0397402
421,191862728.84236813
422,202465858.28775096
423,173939809.80724272
424,183539649.97489673
425,189155071.43317983
426,189155071.43317983
427,208185960.87681893
428,205778981.9450128
429,197604643.99050325
430,148533069.73531651
431,176622935.8818265
432,203692517.14764202
433,227281203.6804894
434,262077025.6461206
435,262491858.36253262
436,280185452.4118679
437,316095302.1521466
438,344280458.0789129
439,344280469.26905936
440,344280436.9195368
441,319618560.61297035
442,344280529.48853433
443,342740732.48703873
444,327502116.27398884
445,344280455.63031995
446,344280555.69506633
447,344280598.98785
448,344280639.6195363
449,344280576.41779804
450,344280936.2215741
451,344280672.3629144
452,344281495.6326275
453,344281322.6711538
454,344281522.4329392
455,344280618.9220942
456,344281327.6007484
457,344280861.3740522
458,344281208.8920361
459,344281072.7784456
460,344281291.38191557
461,344281834.91540873
462,344280860.3251545
463,344281069.03142226
464,344281286.17597955
465,344281135.4985166
466,344280721.92512745
467,344281105.690012
468,344280979.7783022
469,344280601.6150621
470,327444481.2946528
471,313242446.88109285
472,257102529.8040516
473,239394929.60548738
474,208582418.2715592
475,186536680.6627949
476,156306459.9812564
477,129482721.49189606
478,103191611.99308388
479,135777704.83387125
480,131967971.31429896
481,82117798.77802987
482,117660747.192129
483,101135870.05708961
484,70629129.34445354
485,68715398.50873402
486,41625822.54635756
487,67088277.484404586
488,87827928.23812063
489,89064139.82198657
490,81328292.81716864
491,68306288.63643411
492,92109889.08287784
493,76534346.56684712
494,92669477.59046245
495,157244552.79710644
496,249994722.9108501
497,280373759.92951155
498,270058139.9489067
499,259367319.24925005
500,205211666.0045083
501,141516755.68628365
502,88026399.2371053
503,51400546.1331672
504,45570903.07114008
505,49692623.71797162
506,27461032.801258486
507,57472869.13106583
508,103628596.29845889
509,65902629.035926744
510,64887160.220228344
511,123730129.34519687
512,128914249.50489122
513,143339872.45302823
514,102581656.30597383
515,102408569.85631108
516,72894920.14463817
517,128241498.90524256
518,145057598.50584853
519,162300820.7176202
520,120731879.05643755
521,189192912.6588535
522,198069960.9658623
523,171717184.64724472
524,185817226.65899366
525,177332174.88040283
526,168373013.9082277
527,137239196.81945112
528,116212072.06214969
529,95033856.80405125
530,79134600.33559155
531,72479675.65649578
532,95666460.94060543
533,104081275.37382989
534,93391744.30116609
535,98625076.7052763
536,93862303.49389935
537,90314619.2296749
538,71481996.78952432
539,60130743.37093619
540,65841665.91874832
541,29446365.08607709
542,29446365.08607709
543,70107372.73817226
544,60318547.248985834
545,64177997.0391202
546,62443830.69239305
547,53263750.40415878
548,41864931.04315858
549,62870301.19526422
550,73518232.36121973
551,77282679.68527015
552,85669837.51315959
553,109501778.40970999
554,172540675.75661826
555,113450961.86639087
556,121546636.89786938
557,142752950.4433745
558,137683426.06604508
559,91726285.29901974
560,133148623.20179473
561,136478676.3350852
562,149574268.40612036
563,117103822.85279958
564,82279442.75705168
565,93612915.33706902
566,108066995.97502752
567,80242874.38185504
568,129755161.35109295
569,144806454.91498995
570,135998901.43066376
571,136726381.72584087
572,126322750.67766558
573,119577734.01033077
574,104958889.2108727
575,136493000.28562462
576,146751798.67088813
577,130155245.52242933
578,84677983.83577195
579,103409163.71185301
580,73746396.25062726
581,64653481.98170941
582,43725428.966076896
583,45711627.651179336
584,54769003.07130004
585,50044901.95617374
586,68838266.73786199
587,51275543.74398644
588,67450181.73153356
589,37576110.448434904
590,40294754.31271785
591,59850726.55760258
592,77073566.2287759
593,75413970.03444703
594,82918693.01567529
595,87802036.23696908
596,82528665.99319448
597,119825490.18285824
598,98321824.43769285
599,164879844.3919156
600,194127639.65452167
601,182689122.6828836
602,176721158.02173805
603,163378660.9541839
604,211381140.26643434
605,185480126.47976798
606,233073260.03536513
607,230047197.37485263
608,229035525.35976076
609,299207510.7155872
610,270250983.37726605
611,225993225.12473795
612,298810927.6377016
613,202504718.54693788
614,203831176.70293474
615,236869197.22988278
616,251466717.70626175
617,176040421.93070745
618,194127639.65452167
619,168231398.3250958
620,271839416.43456435
621,328545976.6338391
622,313737106.4771874
623,344280597.38811964
624,344280577.0492425
625,344280598.2827268
626,344280472.2703212
627,344280618.9152889
628,344281068.35243374
629,344280797.44539744
630,344280637.13988227
631,344280602.1874106
632,344280509.009153
633,344280643.28603387
634,344280932.7818283
635,344280910.11574465
636,344281715.5682965
637,344281189.8124645
638,344281590.6399656
639,344281817.3621439
640,344281969.2840545
641,344282172.40894157
642,344282767.864392
643,344281720.65605474
644,344282403.5266543
645,344281928.3161682
646,344282308.6758091
647,344281668.97171277
648,344281949.0508437
649,344280693.4747485
650,344280497.70151377
651,344281259.02095455
652,344281282.4236665
653,344280562.1726827
654,331090230.68413293
655,217547234.09891397
656,244926934.4800543
657,222224863.7412509
658,140794941.5337853
659,105146364.22057916
660,120711275.2102179
661,70549792.42596312
662,84487634.72339018
663,88636940.85624182
664,59850726.55760258
665,58569771.59263025
666,71679019.95475036
667,124688966.7934628
668,205511924.5168907
669,235015657.86247572
670,280714475.33198726
671,340457106.59519327
672,336584031.5428486
673,334493019.483218
674,327012940.1827838
675,313751422.3106609
676,324186163.7614231
677,324012529.14845955
678,344280469.49677247
679,344280594.2818143
680,344280582.4947333
681,344281180.4661195
682,344281193.12406695
683,344280734.33977395
684,344281400.44062257
685,344281475.1285351
686,344281775.07081205
687,344282505.26581645
688,344281779.8710447
689,344282367.97395134
690,344281614.49658
691,344281577.7212582
692,344282079.2622347
693,344281925.25876194
694,344281391.9178956
695,344282518.94000375
696,344282419.4530428
697,344281589.19883204
698,344282391.3570657
699,344282282.2529433
700,344282581.0638572
701,344281663.5027068
702,344281609.9006186
703,344281833.5161762
704,344281719.85867685
705,344281852.062419
706,344281272.21929777
707,344281292.7434423
708,344280489.5558017
709,344280579.14158225
710,344280595.5303994
711,344280588.80275536
712,344280528.8260649
713,314539581.53947645
714,228978981.94393933
715,119865597.61518428
716,70586565.149625
717,63513208.06928785
718,31098548.656396396
719,3997901.9369063815
720,4454151.094010107
721,29576710.698090382
722,27338862.294359114
723,52771765.036011994
724,56024683.36277211
725,78682262.12840533
726,78682262.12840533
727,49073675.89836906
728,35409202.9806751
729,24652071.928931676
730,5720818.956809549
731,0.0
732,7170501.149584544
733,10790751.84740646
734,1858409.5393873183
735,0.0
736,0.0
737,740712.6413011579
738,9818485.09091386
739,9101200.76467339
740,35278145.07038488
741,105822901.65322836
742,236560034.9100851
743,226418696.70764327
744,123123724.41538787
745,120731879.05643755
746,154819612.30961105
747,144358392.7530838
748,104200426.98019497
749,77164834.28453715
750,79770562.45869781
751,85461818.19632281
752,128454909.87217651
753,219328404.80067843
754,319847135.8400232
755,344280639.25063664
756,344280601.94558656
757,344281239.56754
758,344280632.99704134
759,344280630.9507239
760,344280689.99374974
761,344280657.8898819
762,344281255.2312885
763,344280701.97463125
764,344280809.6338681
765,344280617.48241645
766,344280552.82049316
767,344281004.8142718
768,344280847.95136356
769,344281167.5661607
770,344280498.17114586
771,344281535.5364397
772,344281894.4747599
773,344281667.1361182
774,344280656.5783661
775,344280664.3136388
776,344280499.05877763
777,329090637.9790985
778,314495030.9946353
779,325429851.78565514
780,329166298.30768627
781,344280468.0728837
782,344280441.7182094
783,271683361.36586523
784,240040132.84626368
785,125213073.33509667
786,92171232.35745262
787,81321715.25835769
788,148055040.83643788
789,96399988.5564632
790,123717656.92402664
791,113177864.85111976
792,83055243.60932323
793,61036333.65342192
794,65174174.26107483
795,68891468.80241315
796,103151540.78859158
797,110437555.67355108
798,161175015.33115938
799,159196689.00547865
800,114972289.69219641
801,81626363.72129339
802,97000513.47364917
803,100991823.8002441
804,111181956.1753816
805,155408136.6070189
806,103417131.01536983
807,168680564.71436954
808,150925332.68525454
809,71086181.99838904
810,79575520.7336906
811,81490134.73734103
812,79565511.60978684
813,96080008.29223679
814,126355787.01261583
815,170321550.20613536
816,222295313.22509867
817,173157554.12499556
818,225902543.32406795
819,235168966.0331211
820,290289049.63118875
821,335013266.6579303
822,339920450.6094188
823,341432066.39668554
824,283305849.08004147
825,117312776.2399247
826,87090026.88642688
827,89978313.86435664
828,55093176.602728836
829,72393921.99017936
830,98625076.7052763
831,44665142.46722838
832,78764548.78535265
833,99261834.90158628
834,115506774.74500573
835,139545428.7939902
836,167866606.148145
837,169692033.1827463
838,159356756.74689093
839,124050345.20629442
840,167866606.148145
841,180153265.4043276
842,218619969.75136027
843,206750670.02392584
844,240014430.03351298
845,225800328.2164216
846,245273476.09582302
847,306560447.5815184
848,302651820.8868036
849,316489332.7883241
850,264720118.585383
851,269032102.96025693
852,342762406.1547323
853,321804607.5625587
854,344280540.067034
855,344280531.0739724
856,344280595.3245933
857,344280759.26945156
858,344281300.08902425
859,344281207.6559329
860,344281207.11475354
861,344281362.29239964
862,344280995.0462342
863,344281085.93555915
864,344280578.2157492
865,303676604.22453505
866,230072364.75202987
867,194405303.46080425
868,167005464.35868454
869,137970449.71933487
870,189491196.4745774
871,185480126.47976798
872,118090354.54325356
873,180027129.91055915
874,158766796.12055206
875,153743591.7105152
876,99250138.85181537
877,177662385.87975577
878,141427171.61515555
879,182308447.80949047
880,153667735.34584308
881,144478190.64872178
882,118946453.2802944
883,159243630.8398906
884,109816877.37947668
885,104558996.53216189
886,127915884.3397854
887,180268285.43947628
888,208607107.1374771
889,144629167.16717327
890,247810970.0396695
891,318800271.02600336
892,344280719.8001968
893,344281209.7986442
894,344280785.6556425
895,344280751.6640354
896,344280582.7959965
897,344280579.17183155
898,344280624.22303855
899,344281352.43516666
900,344281387.34184504
901,344280650.5588644
902,344280624.22303855
903,330381448.5483916
904,255570531.67703182
905,245286181.5967461
906,160742209.06949082
907,116119815.60395071
908,89297457.27526058
909,145044715.65843925
910,165203499.59917423
911,238760522.72112536
912,278380003.26680195
913,323340313.5776802
914,327012940.1827838
915,339116584.89834285
916,344280592.68482417
917,344280747.1713221
918,344281381.283711
919,344280616.3456965
920,344280489.6898904
921,248167163.0418583
922,233678589.77508837
923,227799082.66865075
924,226009045.5010947
925,274274351.8664417
926,236974157.99258676
927,220221966.61400175
928,119358456.81214799
929,193994144.6899063
930,138532670.5272073
931,128570802.52956977
932,112638570.29002655
933,155180203.5828217
934,195824185.19314554
935,171992071.02823034
936,153202471.8649533
937,154594728.77149934
938,135210385.82959178
939,222048814.3575984
940,191219323.04988298
941,218766558.7849557
942,240282751.75802663
943,146521162.57115078
944,316971245.8420352
945,255594040.14912006
946,201183114.07181427
947,266852800.1978285
948,259241166.4168948
949,338995944.98122287
950,329675086.5762064
951,344280532.788173
952,303308793.26924604
953,170436336.86185387
954,161985508.16914415
955,188523955.2041826
956,237283913.03150085
957,232539441.30798396
958,227964385.83614224
959,252219144.53362292
960,219289129.94322923
961,205262505.71883664
962,169479263.0117936
963,208314587.0957588
964,168646632.77213758
965,171287391.9663626
966,166354901.64673254
967,158643281.3014597
968,153743591.7105152
969,132485268.17076713
970,172376674.68982163
971,158423746.20749757
972,179311712.58329734
973,221884623.82016867
974,131557621.16296965
975,131045172.49185245
976,134299803.1096105
977,126092653.93100436
978,102424533.47221065
979,95420356.62021613
980,83908665.14710899
981,76939734.75116214
982,85708248.22812493
983,104631654.85727306
984,69721265.91776207
985,33463720.404417202
986,32208402.299206108
987,39921336.26136943
988,7195200.762147534
989,4670094.375597128
990,52544061.766495824
991,93353923.31829517
992,120376361.87611549
993,152528515.18124974
994,226456096.66031212
995,233018188.3619792
996,243063876.74302188
997,192380560.33601382
998,195893583.9782728
999,168823323.827463
1000,118959531.03544721
1001,131857932.04748426
1002,76571022.49684049
1003,21108790.471105166
1004,23804564.706916127
1005,53908058.65386057
1006,74995001.81998113
1007,137683426.06604508
1008,139077927.6116473
1009,112634593.93011944
1010,141589293.11567533
1011,218512432.0696518
1012,249915654.41588512
1013,245585142.57503948
1014,263706493.11310565
1015,306339288.84475523
1016,284996186.2401651
1017,311435830.1013939
1018,344280583.91307396
1019,344280789.85132104
1020,344280438.20045924
1021,344280763.1595244
1022,344280597.47330797
1023,344280599.03567344
1024,344280592.2813512
1025,344280627.28876173
1026,344280623.1121223
1027,344280648.16551757
1028,344281002.6013281
1029,344280907.18894935
1030,344280631.0989921
1031,344280657.9717798
1032,344280753.072002
1033,344281216.90311337
1034,344280766.5637845
1035,344280803.6744217
1036,344280575.218266
1037,341831035.9023717
1038,344280551.8293615
1039,325169036.21036094
1040,344280534.864066
1041,344280411.75251615
1042,344280481.4376634
1043,338601161.40883934
1044,341507398.802435
1045,185878923.45424247
1046,246670733.91359377
1047,193585323.59414023
1048,253874437.38579315
1049,320949392.5885194
1050,335888510.82438445
1051,313940778.22099835
1052,331848899.31357884
1053,261662929.7359374
1054,342125654.4886922
1055,344280426.3237535
1056,344280596.4629722
1057,344280596.1253325
1058,344280460.95571333
1059,344280585.9004251
1060,344280596.1472139
1061,339461942.74531275
1062,337249792.7982825
1063,314886966.88313496
1064,344280497.05215365
1065,344280593.6090068
1066,344280598.41839886
1067,344280586.3560218
1068,344280877.8133799
1069,344281288.32795256
1070,344281216.90311337
1071,344280585.7218287
1072,344281100.76181966
1073,344280867.23341805
1074,344280751.585024
1075,344280938.84786665
1076,344280691.0728216
1077,344280588.70454633
1078,344280596.42183626
1079,344280570.1899776
1080,344280468.5418017
1081,288643213.5189826
1082,232500617.01297614
1083,145659696.66671166
1084,202794244.90476933
1085,180167676.72663555
1086,229994838.67692682
1087,256384522.2489803
1088,180167676.72663555
1089,213717663.41125333
1090,199596895.09002867
1091,234297519.778297
1092,241068211.57818618
1093,301300360.9880059
1094,344280532.22193086
1095,333801289.3050195
1096,260924829.0825148
1097,344280577.2191189
1098,344280601.94783264
1099,344280580.1592822
1100,344280579.8139005
1101,227810077.96798563
1102,261224137.1121466
1103,207386712.60633776
1104,173531094.63857254
1105,171013135.8661207
1106,94215625.96987626
1107,138239546.91988334
1108,107197135.90492107
1109,122939099.32030904
1110,106209574.49885222
1111,132723787.19775657
1112,103536840.09041339
1113,89774529.30155002
1114,82254598.65420006
1115,129544570.64258818
1116,202375217.81970656
1117,199977755.1850128
1118,62895473.2505017
1119,344280591.90228444
1120,344280590.57632667
1121,344280577.93817264
1122,344281355.4020278
1123,344280596.0354842
1124,344280565.2724142
1125,90394271.35761742
1126,0.0
1127,245756352.9937062
1128,344280515.66342026
1129,344281247.4170332
1130,344281046.6766593
1131,297298148.0759224
1132,72079796.53355452
1133,104049131.14614736
1134,154213676.84511417
1135,117003450.4577572
1136,152696490.0116002
1137,149269402.7709635
1138,176243959.99844593
1139,192900557.08421767
1140,344280456.163763
1141,344280785.2919592
1142,344280597.68343
1143,344280600.2451567
1144,310950421.15457904
1145,241040020.1156168
1146,315446113.19101214
1147,344280489.2560402
1148,344280585.74383116
1149,344280591.2623644
1150,344280765.4623975
1151,344280532.76366
1152,344281359.4653215
1153,344280599.3075109
1154,344280585.4474922
1155,344280598.9169665
1156,331060042.85100263
1157,206750670.02392584
1158,162562301.62187913
1159,225241303.97755167
1160,139077927.6116473
1161,110251169.05979528
1162,76531317.82645145
1163,45318666.590047635
1164,60662386.08684793
1165,111489540.04274203
1166,344280395.28289056
1167,344280499.91519856
1168,344281626.3871864
1169,344280686.8903059
1170,344280580.3076462
1171,232497368.98617762
1172,181153323.03181726
1173,194287005.44035247
1174,186956883.5773079
1175,248850187.20213422
1176,217837751.59888166
1177,72439110.57531017
1178,145236468.56913903
1179,344281990.8947465
1180,344280582.01278293
1181,344280602.0863034
1182,344280584.762377
1183,344280451.81009007
1184,298811102.581385
1185,300252487.5369298
1186,237790871.41476902
1187,313747466.1963405
1188,303074141.3458683
1189,256072891.07056192
1190,238776156.9379071
1191,344280406.4841377
1192,286258344.4888333
1193,304485830.1588991
1194,343753888.7434825
1195,317974911.15859413
1196,344280441.8518643
1197,300294089.8318191
1198,269379771.8101004
1199,264945270.12428758
1200,167683979.34172693
1201,144256405.8591033
1202,82372913.1469628
1203,42000850.68235327
1204,31306275.14315518
1205,38514816.333465196
1206,58491593.085022494
1207,56127776.444574006
1208,125530373.15790838
1209,161188759.49769148
1210,228179373.3637587
1211,242060568.76966074
1212,344280541.42132795
1213,344280435.72144586
1214,344280501.4277749
1215,344280583.83897686
1216,344280539.2176048
1217,344280524.32182664
1218,281609414.61955994
1219,289167677.3638009
1220,235932601.15989798
1221,320339233.66591334
1222,338828588.8210454
1223,278836979.76456666
1224,254607530.47317228
1225,263777526.08127484
1226,264720118.585383
1227,321851356.56072116
1228,344280616.4235065
1229,344280819.7270855
1230,344281321.2501691
1231,344280585.82182777
1232,344280418.08784276
1233,320308961.1697434
1234,326978500.2299328
1235,344280453.4974126
1236,344280423.2827638
1237,310044562.0774497
1238,275257988.45961803
1239,341289720.40372664
1240,320287329.7942809
1241,227994368.71358785
1242,247116794.58310312
1243,237091599.15829557
1244,282445160.83332425
1245,344280595.9977296
1246,344280588.55605185
1247,344280588.1926932
1248,344280386.77451736
1249,311017690.8994899
1250,228132203.4609037
1251,85509253.67001763
1252,41893564.12556635
1253,26426288.056882527
1254,21069222.364017125
1255,12431217.050772812
1256,24699659.01918991
1257,31510902.400622644
1258,35751325.03082669
1259,62193030.74710471
1260,75443566.16677861
1261,99070796.67668362
1262,170757545.68797937
1263,261730153.8142394
1264,277649441.99446297
1265,270207998.840135
1266,248427221.59818754
1267,344280581.95016646
1268,344280583.1746957
1269,344281058.71453494
1270,344280575.6556824
1271,344280588.503119
1272,344280588.3737036
1273,344280625.3224454
1274,343260978.49560463
1275,302576200.9979088
1276,304974039.4836768
1277,253340504.5954623
1278,269499818.9713165
1279,234414069.2643702
1280,185293707.22785062
1281,212806813.94586477
1282,196016231.6296419
1283,251221672.4610111
1284,192443525.20390752
1285,326130215.60903424
1286,344280423.120885
1287,344280591.0840401
1288,344281129.2637493
1289,344280578.58290064
1290,344280587.51946855
1291,344280671.0501911
1292,344280818.78255814
1293,344280728.6815271
1294,344280542.80617243
1295,344280690.8399057
1296,344281060.10761243
1297,344280936.9601031
1298,344280452.13401216
1299,344280690.02772284
1300,344281079.5033057
1301,344280794.89705026
1302,344280556.35769814
1303,253785324.18422058
1304,147850406.6436681
1305,183044972.88676456
1306,187258722.68238044
1307,90610033.20492427
1308,82839310.71282297
1309,36152088.09956024
1310,11996994.25641993
1311,24448212.871776335
1312,19452005.237489317
1313,41408945.286869854
1314,42445760.20547279
1315,68865873.89283888
1316,82918693.01567529
1317,116339095.95869315
1318,102023202.53276394
1319,155534142.26536286
1320,195824185.19314554
1321,196517877.81395376
1322,246947297.1617897
1323,241459936.23075458
1324,251068485.08385736
1325,216948008.3431913
1326,195229035.08992448
1327,167125542.61866534
1328,178280317.87684
1329,149339084.05172932
1330,119825490.18285824
1331,96058653.07065699
1332,148117425.83166596
1333,221887475.15740252
1334,344280571.8240644
1335,333374146.94197243
1336,344280578.013292
1337,344280589.00099295
1338,298315428.8562762
1339,247075359.95920742
1340,193483986.78832832
1341,184665195.1782859
1342,195893583.9782728
1343,161166316.35661566
1344,108454175.12699597
1345,105549937.78568587
1346,94665559.84371762
1347,84698875.12892571
1348,65288596.013851926
1349,49558753.25693392
1350,34801796.20371488
1351,17943744.348572038
1352,9705725.718924377
1353,3902931.3049106244
1354,3920614.3027539933
1355,4414315.154375662
1356,11588261.05071629
1357,15267655.899228822
1358,18287502.45331919
1359,27188265.9649831
1360,26278514.77230999
1361,20294327.4212346
1362,31379526.16187735
1363,72709883.2216195
1364,64139748.66310059
1365,84368097.27586447
1366,69865705.30513456
1367,81902409.78371142
1368,89969068.57517451
1369,118212372.991676
1370,104128069.29228713
1371,99596777.40953934
1372,107999877.51994967
1373,110387418.11234753
1374,116029465.26705159
1375,143324869.0205747
1376,139340468.82928503
1377,119189326.84612128
1378,119189326.84612128
1379,52140556.45186596
1380,57697802.23786309
1381,51705869.87433936
1382,41767122.43879837
1383,21739049.280105874
1384,14644530.723279972
1385,22945195.0283554
1386,82378233.96223944
1387,139018280.31153342
1388,141093586.578713
1389,170391936.1848121
1390,187249055.24178475
1391,196917170.66387403
1392,191985658.28987458
1393,171685623.60669184
1394,150441295.19679385
1395,156426374.20895407
1396,125055714.6557499
1397,200714729.8272395
1398,223434067.27662933
1399,184595425.8332405
1400,227382458.33186328
1401,272700724.95479184
1402,140913116.0228753
1403,82254598.65420006
1404,97438893.49658164
1405,86457410.61033443
1406,139340468.82928503
1407,134176286.51889351
1408,120350194.75448303
1409,111682680.49062377
1410,122446427.53720082
1411,180809385.3361984
1412,197698440.15864384
1413,238006260.84040102
1414,243779085.81076965
1415,233128862.7386339
1416,254121734.87087268
1417,244462396.900356
1418,229978301.8544725
1419,197923611.56445456
1420,153795343.53124717
1421,170179518.0515107
1422,106716986.04194784
1423,84713016.33402553
1424,85315336.55338115
1425,52480986.55743218
1426,74289337.90021524
1427,63932521.26096632
1428,26856853.68124021
1429,0.0
1430,0.0
1431,0.0
1432,0.0
1433,3969559.29387979
1434,7551357.175828607
1435,14435176.979764432
1436,23710148.969563305
1437,17008835.94577172
1438,8565005.91315635
1439,8978892.28056469
1440,11405969.51377208
1441,1737598.0287024067
1442,3349035.6770994347
1443,7691156.534438253
1444,8884222.58493817
1445,7554875.867204557
1446,8439449.60990159
1447,9800943.293807764
1448,4923969.79275606
1449,0.0
1450,0.0
1451,0.0
1452,0.0
1453,0.0
1454,705591.8777144452
1455,4772548.309834671
1456,0.0
1457,10683088.510462716
1458,17901514.525154226
1459,9998425.647401005
1460,20214066.15399409
1461,22253299.35676022
1462,6156671.589671394
1463,1824813.8371823246
1464,4378821.397829668
1465,0.0
1466,3703019.423855586
1467,4727933.455961866
1468,1689948.5799157887
1469,5157294.7453589225
1470,0.0
1471,0.0
1472,4836653.296997517
1473,6036928.310139253
1474,13154745.413104573
1475,6126997.840842502
1476,0.0
1477,0.0
1478,2065185.1489868853
1479,5479211.854832789
1480,12211887.293369634
1481,20947725.493028007
1482,32701168.35163463
1483,39411740.197927706
1484,68380716.99629052
1485,83803184.46087089
1486,82643786.14070949
1487,81742164.3235123
1488,75339249.45275874
1489,77562781.15600356
1490,51187788.746654436
1491,26574563.1817514
1492,18787755.632968415
1493,14157757.587905118
1494,24561888.350512564
1495,36001029.090185076
1496,47686763.897790045
1497,46353602.69965879
1498,63435395.65362064
1499,11991370.542533513
1500,21808536.192168
1501,21802962.149186734
1502,24652071.928931676
1503,29456584.950636096
1504,22660573.936269615
1505,29456584.950636096
1506,28545742.946102835
1507,69374418.48420653
1508,91197709.18160336
1509,84092069.84569032
1510,69416355.87140167
1511,56990442.47897267
1512,58597957.90388641
1513,62819601.710534856
1514,84922903.98263435
1515,84649687.37698118
1516,56632464.138745464
1517,61423694.79951349
1518,48807304.48974278
1519,39555315.89610507
1520,40692036.27727286
1521,36511736.115446165
1522,5877698.655650806
1523,5709478.270443485
1524,0.0
1525,0.0
1526,0.0
1527,0.0
1528,0.0
1529,0.0
1530,0.0
1531,12805287.848847589
1532,13812521.868001606
1533,24392986.85368884
1534,21572754.463160403
1535,10038035.246347599
1536,8530142.902897272
1537,409714.1920602573
1538,0.0
1539,9557733.468338503
1540,26071339.128978666
1541,28123824.15971962
1542,25792403.647604972
1543,26438402.39719481
1544,19598172.833577704
1545,11957002.893495072
1546,5593168.354577483
1547,4202303.599284413
1548,5109846.0613833
1549,3907801.1910205055
1550,6874242.922483911
1551,9785024.115487333
1552,9704926.731480587
1553,10497499.91948998
1554,15372865.993759371
1555,29427139.0511542
1556,13287135.273050673
1557,0.0
1558,0.0
1559,0.0
1560,0.0
1561,0.0
1562,0.0
1563,0.0
1564,0.0
1565,0.0
1566,2481096.2122955
1567,9643354.41281192
1568,17527839.391080957
1569,19126757.452772163
1570,25533838.15402414
1571,5829965.132792462
1572,18138322.69959257
1573,0.0
1574,2611403.2267214195
1575,7696940.651154413
1576,9022137.83047057
1577,8638689.608264053
1578,11331936.111637576
1579,16203185.715202145
1580,11995847.899071269
1581,9435680.548637329
1582,10508263.383686814
1583,8456982.619736103
1584,7438105.240329988
1585,3997901.9369063815
1586,12088351.026287466
1587,32549721.873768676
1588,27632639.370967798
1589,28173660.12316623
1590,23333457.497936115
1591,26486627.037163645
1592,21618161.652299825
1593,13190367.10042117
1594,10375581.793033347
1595,11344383.213512165
1596,6218780.262413238
1597,4620392.093585105
1598,0.0
1599,0.0
1600,0.0
1601,0.0
1602,0.0
1603,0.0
1604,13051993.313212967
1605,39658722.59510897
1606,52412049.335717954
1607,65618750.3777555
1608,85405274.77525611
1609,81963615.70432255
1610,92943875.53361565
1611,87489392.33399999
1612,79426385.07601957
1613,96317195.49481696
1614,112464111.07582673
1615,135841960.2804403
1616,92992484.565306
1617,95319270.41199914
1618,32285031.038157925
1619,34235055.99488185
1620,42673137.48840099
1621,55012810.592602424
1622,64838015.07243807
1623,59121587.37985567
1624,71778653.68251696
1625,78969567.28347263
1626,129933308.70365559
1627,145128952.89762267
1628,168142348.65590063
1629,127284538.71874791
1630,161684315.47712165
1631,191937384.2101582
1632,184606443.19468603
1633,214142046.65621316
1634,183969284.6717884
1635,235198145.34312356
1636,230929219.56109795
1637,223013266.17237884
1638,223013266.17237884
1639,251690413.31676474
1640,217890009.23759255
1641,291128091.6890405
1642,83757833.21294282
1643,92656897.16783912
1644,92656897.16783912
1645,128896137.84746638
1646,148754628.8928257
1647,187686253.26587903
1648,218186199.76071325
1649,229556202.57187217
1650,249641630.75488335
1651,263555997.6362032
1652,270840490.30590326
1653,250263929.69341663
1654,240713846.38295394
1655,261826974.30351794
1656,251175170.4086786
1657,247392598.99318936
1658,246914577.31206498
1659,252985702.31197888
1660,271969628.8203659
1661,287910051.21033055
1662,290752423.43569905
1663,298033376.2050003
1664,296973773.9561386
1665,241365838.51249072
1666,226977482.55781332
1667,223693380.3482698
1668,258229253.9493421
1669,294827874.97109413
1670,300989671.8628986
1671,307670484.9298961
1672,305305602.1877177
1673,344280600.570883
1674,344280596.9284105
1675,344280581.8877177
1676,344280586.1814796
1677,344280592.13718504
1678,344280557.50019133
1679,342642361.1039331
1680,336633634.85744125
1681,293360735.3151414
1682,329370290.2737367
1683,321239044.33362126
1684,320686128.8343803
1685,327341791.0387186
1686,288923985.86352104
1687,248332531.53122935
1688,276164164.7125492
1689,265475648.10192522
1690,219139333.67768562
1691,166611027.55587327
1692,174040105.8176832
1693,127858635.48757519
1694,77870588.64424998
1695,71297025.60495253
1696,52818392.305823416
1697,56355164.9544434
1698,89109238.79175195
1699,136855784.849413
1700,155755870.54777446
1701,189888778.4489256
1702,156998423.8836956
1703,118992783.91125914
1704,133857822.10934123
1705,139426815.63195652
1706,143778327.65279692
1707,164372704.2196954
1708,178559590.13492218
1709,254322858.90704474
1710,265209503.79763782
1711,308414533.8926974
1712,284299547.97913045
1713,344280492.3909202
1714,175345900.94524187
1715,133112394.47106826
1716,92719828.21696159
1717,76026513.86295114
1718,76368154.0116321
1719,110369273.87669183
1720,113039000.6212698
1721,181674590.2994813
1722,226532095.80711216
1723,244805822.06036693
1724,244834058.60971525
1725,244317797.10760283
1726,236552800.8744288
1727,200913669.98828164
1728,210650750.7451588
1729,211776176.2497109
1730,201378827.7349952
1731,153555220.58229482
1732,174698794.32107687
1733,227910672.38310885
1734,197043592.21898213
1735,197452494.82146853
1736,182554601.0214972
1737,228268941.676086
1738,96864102.60629985
1739,56715616.26437498
1740,27131910.658203304
1741,20953315.03631117
1742,29292524.827247888
1743,17108846.608668163
1744,2732254.427652757
1745,0.0
1746,1508542.9967233026
1747,661492.3853572924
1748,0.0
1749,0.0
1750,0.0
1751,3680209.6882368177
1752,12134034.406777384
1753,19114116.456290193
1754,18347383.879397485
1755,20870340.16144383
1756,27856840.38639694
1757,24307950.84752693
1758,14979850.653911047
1759,9643354.41281192
1760,31563345.83131768
1761,38081352.323974796
1762,13707074.004642256
1763,5676172.713171816
1764,14607807.944992222
1765,4708106.153595208
1766,11598901.801800972
1767,6389007.98869933
1768,0.0
1769,3811675.5414162166
1770,8130865.177707512
1771,13481125.54183214
1772,20868433.117228728
1773,24146007.443728227
1774,20982136.584425025
1775,23936586.711219393
1776,24017008.063971926
1777,18544330.039009433
1778,25768032.142079372
1779,52126600.89341611
1780,57110049.95966859
1781,67750121.09424913
1782,104406345.59165297
1783,129542811.38935097
1784,79426385.07601957
1785,29119281.29421591
1786,28748461.30356987
1787,44542578.4907978
1788,59050113.34827172
1789,68778768.42305863
1790,73498093.43141611
1791,62925021.43729434
1792,52276860.000988886
1793,52549720.67887445
1794,94342658.08548063
1795,135376410.5661088
1796,161946895.71460065
1797,208943131.38624108
1798,258033577.1147511
1799,210049384.8200972
1800,237822293.01609445
1801,313981874.58994657
1802,338250753.8084063
1803,344280496.0999549
1804,344280599.5937933
1805,344280586.4935976
1806,344280597.50514203
1807,344280997.66457665
1808,344281055.5765425
1809,344280879.44905204
1810,344280618.7527073
1811,344280595.4238993
1812,242905993.7092808
1813,245382628.59673303
1814,228048167.10085657
1815,311562103.31551814
1816,282593790.52044505
1817,236091162.03771505
1818,191462398.10246974
1819,171287391.9663626
1820,127020875.48844078
1821,126234096.39039546
1822,129902913.09579986
1823,142938167.07561836
1824,155037444.61705303
1825,136502075.9240611
1826,150528818.02532127
1827,146740667.75866264
1828,109833360.08383247
1829,102945815.26328135
1830,74150092.60788232
1831,59026835.56568579
1832,49181039.37970347
1833,34460948.052385025
1834,41701741.84707367
1835,56436018.61120968
1836,73342003.4223316
1837,72216895.05572684
1838,64887160.220228344
1839,62774028.75016169
1840,37416748.888919495
1841,20909235.722197596
1842,11437941.510789799
1843,19458132.153184608
1844,13776997.113086857
1845,8622238.801797727
1846,0.0
1847,0.0
1848,0.0
1849,0.0
1850,0.0
1851,0.0
1852,0.0
1853,5654942.926270814
1854,10036307.23396749
1855,19914891.802985523
1856,20014478.032549415
1857,13543078.474259602
1858,6321979.018184135
1859,0.0
1860,0.0
1861,2677208.384169583
1862,1800425.7000007792
1863,7321710.928814751
1864,8137570.546831371
1865,12451796.3729699
1866,48137502.14359955
1867,62839446.553955086
1868,55584319.291363634
1869,110752640.5912826
1870,97025821.36298287
1871,114383393.63901389
1872,121500093.2746728
1873,120250665.72715147
1874,110675617.93498527
1875,137856461.1035055
1876,123528106.6044075
1877,127526245.4053767
1878,121819817.53716035
1879,138706691.51311672
1880,151011524.08991647
1881,77562781.15600356
1882,117088691.4116612
1883,132780159.02101342
1884,225693133.8920779
1885,231960820.81045556
1886,240662312.5926602
1887,267188450.03283978
1888,265616190.41129845
1889,294700006.24755234
1890,317685488.91022915
1891,303461456.1241753
1892,301324212.53578156
1893,326218513.42886484
1894,310471531.75039166
1895,244753199.61363956
1896,277909633.22204
1897,232723531.59020856
1898,228359033.06550404
1899,245144056.3494369
1900,182501523.78600475
1901,194758944.50438857
1902,214680957.1377947
1903,188713823.88433868
1904,158957721.17488784
1905,138864293.7696643
1906,76418832.23020244
1907,66945550.379930675
1908,51006296.911436975
1909,27051194.241592154
1910,29318336.782777093
1911,26927500.456623267
1912,22814153.083415564
1913,20961320.84781984
1914,16963025.984271646
1915,17208480.57576404
1916,24242006.54223345
1917,40544353.94521567
1918,42552554.93824328
1919,27046726.73011726
1920,32414513.39664621
1921,24157581.167850506
1922,13604074.287835887
1923,9497495.70699315
1924,0.0
1925,0.0
1926,0.0
1927,0.0
1928,0.0
1929,0.0
1930,0.0
1931,0.0
1932,0.0
1933,0.0
1934,0.0
1935,0.0
1936,0.0
1937,11161266.81150449
1938,27803874.670731153
1939,31056826.073345274
1940,26513763.545673028
1941,49777375.07739781
1942,32097849.072343454
1943,46608108.588222794
1944,50737023.17739266
1945,63469189.801744565
1946,65500983.58922841
1947,57341707.45210154
1948,41753804.951991424
1949,36736627.65219533
1950,54255443.3871148
1951,54308557.787561156
1952,44894203.81882157
1953,48292159.79180323
1954,12517317.33999182
1955,0.0
1956,0.0
1957,0.0
1958,0.0
1959,0.0
1960,0.0
1961,0.0
1962,21797323.152723927
1963,39367100.81995061
1964,25214061.618301604
1965,22189497.554883357
1966,2338223.313714503
1967,0.0
1968,0.0
1969,0.0
1970,0.0
1971,0.0
1972,0.0
1973,0.0
1974,0.0
1975,0.0
1976,0.0
1977,0.0
1978,0.0
1979,0.0
1980,0.0
1981,0.0
1982,0.0
1983,8193106.126270225
1984,8113214.81096084
1985,8301750.309113821
1986,21816573.04228987
1987,41567032.476977155
1988,38264550.77127417
1989,41740799.53589171
1990,48944873.917178355
1991,39921920.924320884
1992,47476740.8711178
1993,41085553.09169494
1994,43725428.966076896
1995,54016618.8291503
1996,58387564.07408541
1997,57482797.20760861
1998,74150092.60788232
1999,73717980.08642434
2000,63507898.732632816
2001,43628352.14226869
2002,19146914.1553383
2003,69114117.58220649
2004,81328292.81716864
2005,47100993.16467225
2006,56453410.47275533
2007,60664046.86115027
2008,72691898.31465049
2009,83100825.52461737
2010,103423560.52786525
2011,125175570.42228772
2012,144634854.64062968
2013,145251471.51257917
2014,147843985.25401977
2015,205172175.67836764
2016,221718580.03359336
2017,214702628.34644088
2018,218935913.9173189
2019,243604910.7279066
2020,217576508.2475082
2021,271134461.2168261
2022,290286907.3941377
2023,268527550.0374885
2024,225283523.3213542
2025,162662354.23631462
2026,139769710.98395926
2027,98050988.84370637
2028,60101993.45608586
2029,30594330.25243317
2030,28304900.6170401
2031,24527175.970421135
2032,23238146.74016258
2033,14237701.603346901
2034,13374660.620400414
2035,19730091.94314519
2036,18488045.668218266
2037,18662492.706397943
2038,12267706.033168914
2039,6114705.153885374
2040,0.0
2041,0.0
2042,5687580.291490474
2043,33340933.009271648
2044,38218147.80294809
2045,52779241.78210034
2046,56422403.061509386
2047,76832480.77659939
2048,94435149.37867588
2049,177103065.65765232
2050,164554366.8437667
2051,188575958.36489838
2052,162858332.98661548
2053,193208734.63614547
2054,198815512.69800687
2055,180268285.43947628
2056,150755574.34058368
2057,199664393.40834907
2058,188975035.81268167
2059,225410277.319959
2060,218210785.20993173
2061,187027119.99581882
2062,147859250.09371805
2063,143235943.8248477
2064,137083528.32085288
2065,117114143.17663072
2066,130746540.93485102
2067,120133250.39659958
2068,160170556.70700428
2069,168996402.74353123
2070,149229076.8167765
2071,146755135.19401586
2072,166302908.88052878
2073,96161741.55682947
2074,96161741.55682947
2075,165737484.1350013
2076,207120938.84655812
2077,160742209.06949082
2078,201434556.67785737
2079,222319639.15060693
2080,206483527.26476803
2081,251535762.5259716
2082,266078063.64131698
2083,243316004.213283
2084,210069526.93218964
2085,185057412.91225925
2086,154026708.37492627
2087,168566962.7689094
2088,130175636.38517137
2089,89489728.12360053
2090,99858176.61380121
2091,105772163.79159737
2092,96312187.28567769
2093,87540236.89335087
2094,95174470.06409049
2095,110270246.10881959
2096,106845045.86292087
2097,102683531.44937128
2098,142277133.12498644
2099,172478706.9435916
2100,188802746.9453806
2101,149423068.07568428
2102,147212019.0748593
2103,147152687.12518612
2104,133666206.8007154
2105,98834630.40837796
2106,68472250.76923051
2107,40131650.26040163
2108,29455917.069722835
2109,20042793.711646747
2110,17104454.9657856
2111,1554862.9631445121
2112,0.0
2113,0.0
2114,1636632.7900649514
2115,0.0
2116,0.0
2117,38281272.96684256
2118,59997103.54616919
2119,68450586.18614279
2120,80640470.47996946
2121,41563125.72994751
2122,119903742.86901532
2123,87052067.79359119
2124,87052067.79359119
2125,155441596.93318075
2126,134533894.1511572
2127,112339865.44419405
2128,108285758.51525944
2129,108961270.05821392
2130,101445944.19444562
2131,135532402.3741493
2132,124863598.95992303
2133,137852803.59121
2134,111406142.15413201
2135,107209946.77993685
2136,110211758.58284608
2137,82357590.74454764
2138,86828165.65233402
2139,82757331.29940653
2140,74708624.06912284
2141,69764954.1824567
2142,80287457.76439367
2143,80790415.0523448
2144,73077887.33994062
2145,15602193.00111569
2146,22328722.122642417
2147,18586914.653334785
2148,23277898.26589783
2149,33296872.866996024
2150,28191011.241003186
2151,29487832.311780922
2152,65935890.62636028
2153,59822277.608373016
2154,57458596.442036666
2155,45608812.67384726
2156,52336313.39031751
2157,69329208.14693032
2158,55661032.50180801
2159,45048850.97381154
2160,59159224.76468931
2161,75844023.2688437
2162,79430254.59284632
2163,86218017.57203211
2164,81681300.27666087
2165,77960980.1453379
2166,71122220.38352911
2167,65281732.09300245
2168,60753954.13248139
2169,22572073.301041603
2170,47179080.549380116
2171,38770955.59753389
2172,39522543.89117522
2173,45992698.81765985
2174,65137419.45206925
2175,76034792.99687836
2176,81459873.31278887
2177,80023530.61117496
2178,59540855.73145508
2179,56768210.39654721
2180,84607947.58654086
2181,88732380.660475
2182,47115818.202896625
2183,50666902.768017
2184,49295478.94754701
2185,51703839.0232396
2186,50217758.177862786
2187,53523932.54159128
2188,50126614.00279845
2189,47804825.71306394
2190,48252370.31825608
2191,40860634.29965402
2192,24325848.45913152
2193,7087429.380131496
2194,6935741.557654502
2195,7376126.598077899
2196,12667438.791404946
2197,18498190.815528054
2198,21682187.979617186
2199,24507912.121200535
2200,33190109.302071594
2201,31427108.90122685
2202,20042793.711646747
2203,31134258.965385698
2204,41085553.09169494
2205,44497310.326382376
2206,27677824.844722226
2207,68370733.35708606
2208,63513208.06928785
2209,34976189.57213275
2210,76075969.93097253
2211,92462771.70659722
2212,107308609.30064464
2213,114876141.22779839
2214,65902629.035926744
2215,71227944.2474609
2216,111059035.05915557
2217,89605807.6385753
2218,137011114.2586638
2219,126354939.99359854
2220,213211698.73508412
2221,250229891.78174922
2222,198553765.46794894
2223,224997846.31893298
2224,205038418.94408947
2225,261712422.8129272
2226,179834989.2311858
2227,279581233.0974262
2228,289070369.85409075
2229,286222193.42573905
2230,303308793.26924604
2231,257758487.72322974
2232,238032288.62981197
2233,250665625.99388173
2234,310970987.24523216
2235,344280551.690287
2236,344280552.12160826
2237,344280591.823452
2238,344281047.90530515
2239,344280588.1948714
2240,344280602.0234816
2241,344280577.97930914
2242,344280367.4856133
2243,344280587.3986657
2244,344280708.06791437
2245,344280628.424482
2246,344280587.21906894
2247,344281842.38659877
2248,344280644.57247984
2249,344281532.0203081
2250,344281184.73748815
2251,344280833.4896001
2252,344280911.8809322
2253,344280682.42399013
2254,344281033.50576425
2255,344281396.2477483
2256,344280983.6363465
2257,344280602.0863034
2258,344280495.81915265
2259,309706672.11444604
2260,270270944.8427885
2261,258295640.09192666
2262,249693989.84540352
2263,206914247.3086347
2264,233146500.57476005
2265,233146500.57476005
2266,243033319.54021344
2267,232682609.95761105
2268,224771715.6536383
2269,169899891.2687383
2270,214046189.39212152
2271,223933756.72850844
2272,233672465.47825283
2273,219607946.01102427
2274,153312286.2549995
2275,67234623.93251765
2276,31306275.14315518
2277,41734775.02507989
2278,27570898.53780471
2279,9365563.524444355
2280,6938105.702681166
2281,15940741.697152864
2282,49955582.55259873
2283,38952896.23130929
2284,76281170.36732666
2285,135510554.83050847
2286,252005137.57079777
2287,285501461.3975792
2288,116016808.97591947
2289,344280640.4168555
2290,344280592.3124452
2291,322571499.34576374
2292,342859687.7349573
2293,252594434.3426355
2294,265921129.75128964
2295,344280408.1791645
2296,270694707.94417983
2297,344280529.70235306
2298,268712184.9303473
2299,188021866.8076916
2300,161053826.3024214
2301,104709058.4248885
2302,140957997.31360036
2303,107445375.41598703
2304,64282040.537497565
2305,37408961.98637875
2306,35439990.00636745
2307,43724516.44356417
2308,70574935.19676733
2309,101871800.00261351
2310,51932922.71402054
2311,83910363.37467252
2312,104465746.14711499
2313,85724450.860565
2314,195975409.8942685
2315,129952710.49227689
2316,153534567.41512474
2317,150641224.3653202
2318,158560081.51854625
2319,155748995.50599447
2320,114184304.29715936
2321,74833742.34049551
2322,80253412.47267723
2323,112052108.87734649
2324,227268257.44037893
2325,289423346.42728555
2326,303655962.3559228
2327,186413654.11616457
2328,89878596.06513235
2329,232436664.30281165
2330,344280434.8859234
2331,344280392.9355846
2332,344280593.5056288
2333,344280442.18363965
2334,332004529.32606137
2335,318871601.4743133
2336,335441764.6894995
2337,316533382.64519864
2338,341169408.30242836
2339,344280577.74723077
2340,344280598.4099896
2341,225254900.46052226
2342,267309102.69522715
2343,290827431.3116482
2344,196895337.7286654
2345,327561408.3778979
2346,279116374.323257
2347,272065141.45255667
2348,293715851.1594741
2349,268216944.47427875
2350,292353895.0850011
2351,270152926.6682244
2352,192851103.8277948
2353,289153737.1621782
2354,286933585.4459038
2355,281254383.18607354
2356,280222523.00607944
2357,293464408.60527444
2358,279209332.5405539
2359,303604841.7826069
2360,274001044.59120107
2361,344280587.5118574
2362,344280576.345884
2363,344280981.4701829
2364,344280949.21249515
2365,344280913.5074175
2366,344280631.81932276
2367,344280670.0229726
2368,344280460.74604046
2369,344280586.47308964
2370,344280590.1079661
2371,344280467.1425594
2372,344280434.8859234
2373,290797718.9203996
2374,339774042.8978112
2375,290797718.9203996
2376,329462213.31411177
2377,220320530.8937496
2378,239476218.21715677
2379,307991018.5942607
2380,292790737.4833348
2381,275365755.0381937
2382,288980641.4187408
2383,327471008.0224657
2384,336787397.76288956
2385,344280582.43634486
2386,344280592.01085174
2387,344280594.12787527
2388,344280590.42439705
2389,344281200.6416132
2390,344281035.6277013
2391,344280590.45918894
2392,334521919.2327467
2393,294241352.51421994
2394,267099827.2769639
2395,236593166.15564588
2396,206914247.3086347
2397,218324935.26383784
2398,215636034.45821202
2399,209008028.08590978
2400,179541849.70144933
2401,107784938.27319518
2402,106520071.85268436
2403,99490432.91576974
2404,95953986.80502099
2405,75969307.95495844
2406,79093422.29102239
2407,49695944.7668005
2408,94581841.74788
2409,91290040.43616705
2410,59963853.62816521
2411,58697140.31993344
2412,43142535.02434527
2413,37601463.8845491
2414,29094076.18463927
2415,38188730.049588844
2416,44461066.27357451
2417,28365312.969433103
2418,13210746.735830788
2419,9134795.416573992
2420,6566169.659081497
2421,1711646.5157548
2422,0.0
2423,0.0
2424,0.0
2425,11135861.402067844
2426,28939720.389666934
2427,70536159.88501078
2428,100521797.30370969
2429,87714272.89905564
2430,101985738.73102917
2431,97663214.15199454
2432,160512261.81232455
2433,72256129.15889153
2434,66644055.17056355
2435,169054439.26238266
2436,142648532.5885892
2437,122608584.83178672
2438,132941238.5916015
2439,156241754.2898386
2440,139906872.4899176
2441,217654522.77508077
2442,240326859.05446216
2443,256521594.4587079
2444,242331225.73645377
2445,274269709.7487376
2446,211545224.36384356
2447,234946426.66551897
2448,247307300.9915352
2449,292734214.6967094
2450,250463860.54736608
2451,266888554.57838783
2452,258184854.16012132
2453,247015096.88399544
2454,245305283.9544086
2455,163267967.29800174
2456,162054055.12418753
2457,80867937.50930353
2458,64106163.95841261
2459,46045935.5179994
2460,73105387.86743538
2461,44322416.07726119
2462,71355706.86023894
2463,54438184.53634395
2464,44974792.294660285
2465,45951678.22425883
2466,41715978.349597104
2467,45115290.199846774
2468,38682683.179788426
2469,36863410.465677
2470,59807253.888052054
2471,83602011.6282678
2472,106209574.49885222
2473,43563051.57431768
2474,127069600.72601075
2475,142008445.99777552
2476,76531317.82645145
2477,79972888.11065114
2478,100567887.33728902
2479,105490907.47917642
2480,87251291.88587894
2481,58184400.10937369
2482,74745245.46928596
2483,46495105.206764296
2484,33666051.54062058
2485,27250959.29054524
2486,11389479.433045937
2487,19364297.00907504
2488,30543995.43946992
2489,23516008.648357704
2490,37959891.85064351
2491,48939246.852629066
2492,76600890.47373544
2493,75268919.28207058
2494,97241620.44697398
2495,113368554.01994398
2496,108597313.1735358
2497,85448831.75381726
2498,82317384.76062839
2499,86164411.14441836
2500,89220568.76247452
2501,112435077.67231892
2502,100831620.4715172
2503,88922147.56902967
2504,83645758.45287754
2505,96009390.75322379
2506,64579317.47651805
2507,43485147.450412534
2508,24289863.660328567
2509,25227939.87095041
2510,30373586.706290275
2511,31175199.083355207
2512,31945006.423652023
2513,26633669.974946134
2514,28525642.8786683
2515,25008189.636453733
2516,24182705.055138115
2517,15812188.035551513
2518,9737064.950709758
2519,8157465.588474173
2520,3627637.239827521
2521,35498886.58429752
2522,36432503.54758623
2523,22608187.759813197
2524,23712380.137831222
2525,12190405.078221526
2526,12350054.24107601
2527,14739236.915720422
2528,7802388.581591138
2529,8019917.510155006
2530,352795.9388572226
2531,4456664.303802937
2532,970097.6214802766
2533,0.0
2534,0.0
2535,0.0
2536,0.0
2537,0.0
2538,7430756.010560662
2539,13210746.735830788
2540,7247871.0400623
2541,0.0
2542,0.0
2543,0.0
2544,6960085.855778172
2545,10507046.490492696
2546,23772033.509779554
2547,25771226.120953076
2548,17360368.50247605
2549,22716304.384204082
2550,23808040.790099707
2551,22110740.009262662
2552,24743375.28521297
2553,5998322.237441028
2554,5188312.940453831
2555,0.0
2556,0.0
2557,0.0
2558,0.0
2559,0.0
2560,0.0
2561,0.0
2562,0.0
2563,0.0
2564,0.0
2565,0.0
2566,0.0
2567,17889027.81409955
2568,34713750.7369509
2569,45819153.13847546
2570,48158876.81796977
2571,66034751.628292
2572,57906648.27974042
2573,54982835.124862306
2574,84688688.19035837
2575,78682262.12840533
2576,86806467.34410375
2577,29666944.694072675
2578,25432260.025153838
2579,19167641.58407362
2580,15765289.760450918
2581,18565810.07433487
2582,18014151.0995603
2583,12084007.20194336
2584,14989259.929261807
2585,8450043.17911957
2586,9075452.932913234
2587,15708680.869255112
2588,37381590.75109062
2589,66998025.83231963
2590,46158781.15452251
2591,31753709.16335318
2592,33979871.99553774
2593,20953315.03631117
2594,12469317.254095027
2595,6979863.913761173
2596,7083585.038189982
2597,3362585.886567708
2598,1183302.7927276366
2599,5242947.283778047
2600,0.0
2601,0.0
2602,0.0
2603,0.0
2604,0.0
2605,5645193.630675098
2606,5414183.253860524
2607,5725928.1296005575
2608,7559803.815182688
2609,0.0
2610,19514292.78311583
2611,22088960.559047002
2612,8483905.231305242
2613,12084007.20194336
2614,22670502.13395175
2615,22062263.00320436
2616,10501680.84652075
2617,0.0
2618,0.0
2619,4290372.141949758
2620,13551244.935080191
2621,34374366.759712115
2622,57949974.08853701
2623,60377788.41719138
2624,22664207.771978322
2625,11319055.644968854
2626,13150578.146428645
2627,32097126.079488687
2628,34404129.96630989
2629,23447685.666645534
2630,18452050.63938292
2631,24007515.449902486
2632,43234904.55910293
2633,57281017.337750725
2634,60912252.411824435
2635,51502355.885087796
2636,57341707.45210154
2637,37514008.34840091
2638,17796214.181875274
2639,14586220.582166543
2640,22522197.641193487
2641,11136174.524378506
2642,26572192.84143857
2643,41893314.51278665
2644,51168186.30111407
2645,104588548.80452465
2646,110412015.52637616
2647,122022746.22762409
2648,51854984.516969256
2649,46955719.31666582
2650,64240092.729758136
2651,81520269.93674353
2652,99247542.2522948
2653,99803584.39721806
2654,77335254.9389283
2655,97025458.72533521
2656,93485865.9672931
2657,97105991.59505612
2658,62858211.31716043
2659,81526042.00991939
2660,74957882.09504546
2661,75636626.15978393
2662,103448452.1231438
2663,129263586.80009617
2664,167902318.5538966
2665,173521265.8801681
2666,173951778.57210505
2667,154939371.71767843
2668,167100469.55758947
2669,131330715.65297988
2670,143752876.6679804
2671,228583662.42158422
2672,140699608.84446564
2673,140356745.98028335
2674,133757584.10623175
2675,149619401.17689475
2676,144530700.38462135
2677,133692502.48778142
2678,112562949.62615302
2679,115953899.26246332
2680,80216584.8926491
2681,105083515.08240646
2682,81818334.73380123
2683,94861275.5813883
2684,122550593.00350481
2685,124118223.39062244
2686,105080260.60041192
2687,74589364.3896426
2688,93834918.76750438
2689,66948807.081352256
2690,84737144.93395634
2691,77143994.1168873
2692,85077043.64155343
2693,82821309.1552196
2694,158332222.0178681
2695,137521638.23611152
2696,45246515.86338285
2697,64674570.09404284
2698,97702597.52732268
2699,114485947.2567062
2700,120012218.34677444
2701,162391671.6807365
2702,151374156.59553513
2703,123480113.69240217
2704,120918477.6329324
2705,111406142.15413201
2706,105597102.93994726
2707,52072945.09185654
2708,58034467.290001005
2709,78118413.94722311
2710,130760456.0086428
2711,135123535.44339246
2712,167354925.1152704
2713,197163015.30688208
2714,194031741.54413512
2715,176889458.88288933
2716,107209946.77993685
2717,136759575.24972123
2718,150844348.803665
2719,133746327.10407406
2720,109528017.6602117
2721,106242822.4786136
2722,104864996.13975236
2723,118314032.72718816
2724,151117689.88842413
2725,124863598.95992303
2726,189106329.7489657
2727,207441656.63107696
2728,190539524.8889524
2729,122537876.34827706
2730,133097228.0512162
2731,75320670.24889995
2732,103704982.38723189
2733,179747754.0232819
2734,173222692.86893088
2735,164042141.39857507
2736,142025026.8917907
2737,99279480.90586738
2738,75953496.87923034
2739,81711799.13581601
2740,74777643.9382446
2741,67162247.08655952
2742,81057618.42230763
2743,68269506.87584813
2744,25966159.35315482
2745,36028602.35700038
2746,57756050.20143214
2747,73412101.52601555
2748,33804941.03870271
2749,31162477.298530567
2750,20471569.341936227
2751,20275726.34933279
2752,25559750.045066807
2753,44821383.03842001
2754,58800726.15346721
2755,58807436.09234618
2756,45918015.3378776
2757,25092570.53897708
2758,21996810.0992255
2759,17468629.404230323
2760,12824440.053463902
2761,7783110.947698643
2762,8456982.619736103
2763,9280534.899172926
2764,12022535.581167208
2765,10807450.335868422
2766,10970796.568161258
2767,12370430.619723119
2768,14097661.495637717
2769,12872907.590984173
2770,8985895.140993921
2771,8398960.539457798
2772,7962923.205963638
2773,2290452.7018284495
2774,2188831.6627646764
2775,3232266.320467864
2776,0.0
2777,0.0
2778,0.0
2779,0.0
2780,8025498.258405772
2781,9134795.416573992
2782,0.0
2783,8893814.255071603
2784,3311944.5679830764
2785,10160998.83208267
2786,3761708.3155097077
2787,3398803.6217459077
2788,9849618.936605817
2789,6147821.075808488
2790,2185137.759856975
2791,6114705.153885374
2792,0.0
2793,0.0
2794,0.0
2795,0.0
2796,0.0
2797,0.0
2798,0.0
2799,0.0
2800,0.0
2801,49710703.861467965
2802,110368481.98314613
2803,84426104.39247592
2804,56658712.28872662
2805,64287603.56263316
2806,41948161.38606292
2807,26948861.767557874
2808,29455917.069722835
2809,35305718.93195423
2810,54912171.37718326
2811,64188705.290492974
2812,79575928.39996856
2813,94435149.37867588
2814,88478534.25082242
2815,78002860.82914777
2816,80301398.23077407
2817,75835719.54626434
2818,83087594.56890342
2819,85473271.04905935
2820,88899082.4922559
2821,58548458.3221385
2822,92225458.02005571
2823,95174470.06409049
2824,104540761.74362071
2825,102970315.54134259
2826,97527989.21397893
2827,90535467.96454538
2828,74204542.27298109
2829,107731625.96111414
2830,110207845.56750043
2831,115438760.52259837
2832,115438760.52259837
2833,93807106.60973674
2834,95644524.83788434
2835,103363167.79445322
2836,90269102.71352044
2837,79093422.29102239
2838,69188102.51259318
2839,94958257.5831149
2840,111343532.59812334
2841,111518096.61878875
2842,90689371.67221761
2843,74633571.07087642
2844,59191732.1113729
2845,80683011.52760358
2846,135859046.93737447
2847,122720062.50354023
2848,83210821.08688019
2849,87827928.23812063
2850,57706018.75288865
2851,60892916.227476016
2852,64036463.66879903
2853,58800726.15346721
2854,43248733.1879245
2855,27664390.930481836
2856,22948723.95110127
2857,20158767.606404077
2858,17984822.265140727
2859,17813138.6308275
2860,14837079.907378366
2861,18420905.458895918
2862,10053050.84502093
2863,4353188.920647472
2864,0.0
2865,0.0
2866,0.0
2867,0.0
2868,0.0
2869,0.0
2870,51855064.146035634
2871,84186552.81669748
2872,46465290.73053445
2873,29059025.886339974
2874,13202300.047383599
2875,14125201.740714699
2876,23566019.971745063
2877,18342576.25536023
2878,15960384.522336558
2879,3099691.925748967
2880,4793259.195288213
2881,13105866.531625206
2882,25229716.482749954
2883,20519396.89805568
2884,22815438.202775538
2885,22259251.67362793
2886,20129503.352272175
2887,8985895.140993921
2888,14771675.691633666
2889,19834946.030278735
2890,16316225.026857793
2891,11986256.01186435
2892,10337158.199622177
2893,38832375.42275634
2894,52264259.82207645
2895,40690595.11003685
2896,53862976.554473765
2897,37525964.45828683
2898,21609592.53221575
2899,13642870.497389771
2900,16245231.699338486
2901,12519638.468901364
2902,18568021.48690546
2903,11361950.976481216
2904,10508263.383686814
2905,11831134.665935855
2906,21360669.375373088
2907,17359200.802571338
2908,21651963.34269124
2909,27570898.53780471
2910,28951475.530450344
2911,45305426.949123174
2912,27347327.189870544
2913,31510902.400622644
2914,43816798.40027095
2915,55516791.03422439
2916,79645906.53349967
2917,59396747.43449595
2918,110733292.77591549
2919,123576184.78291884
2920,122029245.46390347
2921,129960891.84085992
2922,146353095.40789646
2923,159866677.00964716
2924,124055417.73933141
2925,104687862.71071358
2926,122982605.40949881
2927,146532077.91898146
2928,159873159.06024185
2929,128241498.90524256
2930,105822901.65322836
2931,95149319.96947636
2932,82039518.39532389
2933,69578257.17745106
2934,52520065.725787066
2935,43556355.93647865
2936,13022894.103325462
2937,9339781.991599811
2938,7806458.821291638
2939,7459594.148528166
2940,4048406.91376995
2941,3249456.2569325836
2942,0.0
2943,2478026.086994841
2944,19819049.344541475
2945,31688899.865008034
2946,60422232.882607855
2947,121309233.09675355
2948,106594884.36462389
2949,77966696.90520592
2950,42261260.55969108
2951,8416098.402942384
2952,9014069.221668968
2953,40631698.72739803
2954,41653203.1386011
2955,47430308.335378796
2956,35754290.20323735
2957,16702253.335870905
2958,0.0
2959,0.0
2960,0.0
2961,0.0
2962,0.0
2963,0.0
2964,1141644.4319656375
2965,20081220.894440446
2966,35307621.66817402
2967,26564993.649018798
2968,19931020.963633884
2969,32985128.030537903
2970,38218147.80294809
2971,27096316.749369994
2972,21769145.607529484
2973,8710571.135924067
2974,0.0
2975,0.0
2976,7116659.453162507
2977,18347383.879397485
2978,18094623.35921547
2979,28843142.42850385
2980,46365394.54387204
2981,51591343.10703647
2982,48130104.893646106
2983,36373277.14124354
2984,78463518.30856651
2985,67765952.0312956
2986,68295236.63831912
2987,38514816.333465196
2988,39375961.485790014
2989,54267174.72509313
2990,29976930.949694365
2991,51322126.77525412
2992,77025434.42067158
2993,81789648.34252065
2994,61938834.698383525
2995,37576110.448434904
2996,26952711.783547927
2997,46179660.62519975
2998,51381363.712253705
2999,39651667.22036901
3000,35855765.91833864
3001,27347327.189870544
3002,22450397.926038895
3003,33716253.04421914
3004,53582122.31367688
3005,75193016.53993821
3006,79361646.9625047
3007,100388831.95340645
3008,68901239.98102401
3009,60494496.7069419
3010,44607900.84031132
3011,50337287.7792537
3012,57832030.18831822
3013,38682683.179788426
3014,38958204.32627909
3015,46109528.20271224
3016,86442945.15812357
3017,89459969.98586294
3018,89459969.98586294
3019,89459969.98586294
3020,73073015.20588998
3021,73174727.59450555
3022,48190444.89230643
3023,74745245.46928596
3024,71673248.29521412
3025,52119731.442534074
3026,38948499.96503056
3027,32238937.51057621
3028,63686295.93603133
3029,65340103.32665447
3030,69874458.41064297
3031,89086566.84185888
3032,79093422.29102239
3033,80253412.47267723
3034,94581841.74788
3035,130366885.57582362
3036,135428106.65772226
3037,164302892.6044595
3038,177332174.88040283
3039,182164454.5556313
3040,199933303.06613952
3041,213221339.03527376
3042,157315235.68853995
3043,173012857.6014519
3044,184528554.24624857
3045,184528554.24624857
3046,184528554.24624857
3047,123123724.41538787
3048,143952096.1108303
3049,102102774.23707472
3050,113641765.0075313
3051,122569880.00241525
3052,104140176.4707234
3053,83210821.08688019
3054,37061587.63191095
3055,27514674.713717226
3056,11470716.11170441
3057,10700245.980916735
3058,14585895.690988515
3059,19486490.558023695
3060,18908791.924241412
3061,15569390.004112704
3062,17696092.820055243
3063,11052594.301387789
3064,5884068.148381649
3065,1934749.6160867286
3066,3642259.3626678754
3067,25966159.35315482
3068,42261260.55969108
3069,66442077.4229396
3070,50776924.4547703
3071,49426400.423689544
3072,69657259.42854819
3073,70309949.12810911
3074,78080168.87486602
3075,90477671.93040599
3076,98448657.159461
3077,131670426.79857711
3078,108982679.03894593
3079,117267230.87068975
3080,35199597.441048294
3081,42552554.93824328
3082,68482785.62144
3083,74894893.41723095
3084,86161238.77234396
3085,60286807.660560295
3086,36365030.0630876
3087,32693189.101039164
3088,35051751.18607573
3089,52187433.41436458
3090,57831763.8787774
3091,67476029.48186617
3092,77536336.4848036
3093,80428600.48143874
3094,76390173.79225357
3095,66638983.463169955
3096,76321810.21793461
3097,124622621.5623837
3098,119404603.3657489
3099,119292522.28826152
3100,119475145.61606348
3101,131657110.70431557
3102,137096180.48901647
3103,183649479.60728735
3104,221853366.16754293
3105,201479745.6311887
3106,185521667.90298912
3107,244010403.87192944
3108,264979712.14454296
3109,271290730.64527273
3110,254092730.4261632
3111,310051681.54932016
3112,271581566.8838049
3113,270912556.066863
3114,124908419.52406694
3115,92230745.27951397
3116,136181596.3776997
3117,119289821.8878397
3118,161549931.8069441
3119,147424983.18748632
3120,145511101.7923173
3121,132522677.52217212
3122,93738667.83139396
3123,113491369.70974895
3124,79950940.69618754
3125,100561179.34381416
3126,114326535.68819012
3127,117311049.41828641
3128,162528709.9491877
3129,97366633.97728579
3130,222004554.25893065
3131,142578791.46869186
3132,196243550.95012286
3133,241878676.5845576
3134,278474595.4242219
3135,344280397.3260384
3136,277377604.97706586
3137,198518118.8191498
3138,248604508.93114808
3139,223496588.73261774
3140,188776199.09052104
3141,126234096.39039546
3142,106423254.4956527
3143,101640479.30746776
3144,72446172.76310736
3145,100151881.48263346
3146,99216484.7962271
3147,129880387.78571004
3148,170436336.86185387
3149,162168142.93035227
3150,172430965.2855008
3151,195240418.67832053
3152,162168142.93035227
3153,115400890.05558561
3154,149840396.20365223
3155,160125267.04393876
3156,276766932.6774349
3157,249104919.70324522
3158,278204174.7364208
3159,258696521.74276257
3160,278252699.41869164
3161,246687434.22268784
3162,144325972.42309642
3163,132035682.16528887
3164,117103822.85279958
3165,104577734.4685033
3166,109058876.61786136
3167,84553732.55045465
3168,87452560.31340776
3169,61555419.914605044
3170,58853709.04557477
3171,64282040.537497565
3172,116789310.27027017
3173,90610033.20492427
3174,77040036.13497628
3175,80318140.10146125
3176,88136263.7589145
3177,124844893.88430488
3178,170770997.57178873
3179,202667366.94917354
3180,223232917.6478508
3181,238454132.51950568
3182,214016569.90180874
3183,282809045.9083671
3184,333185958.9840223
3185,332513401.19532114
3186,337744349.6349863
3187,304485830.1588991
3188,284523979.6188969
3189,304662591.80634916
3190,335982366.1908683
3191,296931269.435163
3192,321373494.2183379
3193,252946926.9240725
3194,204209085.0571296
3195,199063874.53062773
3196,184548063.7916166
3197,192830343.94333452
3198,174538536.15683848
3199,167677950.68637934
3200,226638679.6873184
3201,199514277.5747396
3202,188548314.13215744
3203,225170854.96646127
3204,269474690.3625372
3205,201434556.67785737
3206,204897058.50959402
3207,226330078.37645656
3208,159352181.14183033
3209,86414515.43983
3210,63507898.732632816
3211,31988824.434296995
3212,23277801.587725244
3213,28861722.267556697
3214,40356714.446339965
3215,41810726.17263703
3216,36703942.815576054
3217,48944873.917178355
3218,40514333.13738421
3219,31924772.136992887
3220,21242685.812298093
3221,19904668.936106015
3222,18568021.48690546
3223,10640952.979358183
3224,7706061.298157396
3225,11153001.368889531
3226,25081271.099108722
3227,30307518.29312034
3228,20881533.3683211
3229,5965599.177227335
3230,4353188.920647472
3231,11068894.99132452
3232,6778140.037676976
3233,4348399.385321332
3234,6401177.302423174
3235,6778140.037676976
3236,12404148.413434682
3237,31661062.513300944
3238,32759714.21877188
3239,23057178.096620902
3240,18908791.924241412
3241,20656633.16394555
3242,27777510.602055535
3243,30787958.717800975
3244,42674840.03094974
3245,58712681.378569245
3246,46741332.39901759
3247,70533482.22854471
3248,16990471.48738887
3249,12517317.33999182
3250,14987571.905992491
3251,25451550.711541086
3252,37946378.87450539
3253,68841563.22296607
3254,60804053.505686454
3255,74543986.0641162
3256,93207002.9264683
3257,97157755.77011901
3258,93207002.9264683
3259,101850437.6146121
3260,108204280.69497557
3261,115814759.34548856
3262,119903742.86901532
3263,141676472.68847555
3264,157457133.6750403
3265,173000237.9905029
3266,153019855.1300812
3267,144705751.48392302
3268,132027856.67347552
3269,157457133.6750403
3270,135429263.7571008
3271,96989283.21251544
3272,44140941.76517134
3273,48048981.58608713
3274,59053231.50174411
3275,63214743.65348319
3276,68618820.66668081
3277,85775466.79618931
3278,105387366.03170136
3279,105329542.94169644
3280,71165140.82803269
3281,89153784.46479079
3282,104689441.32310306
3283,77820858.46489805
3284,115909138.75448869
3285,146558771.1418454
3286,206029846.11999604
3287,211079021.59684157
3288,197452494.82146853
3289,213667602.8915887
3290,236552800.8744288
3291,270145624.5882198
3292,256314350.0359814
3293,212249165.7537785
3294,261348337.56414795
3295,163934159.70475563
3296,110662265.4521395
3297,95319270.41199914
3298,86487185.97258864
3299,63854854.46530819
3300,46764151.47823973
3301,36698050.58107286
3302,54600656.81745043
3303,53341873.46074469
3304,25314406.339971364
3305,58103630.47126486
3306,19452005.237489317
3307,0.0
3308,0.0
3309,0.0
3310,0.0
3311,0.0
3312,0.0
3313,0.0
3314,24307950.84752693
3315,8788428.08160829
3316,6750034.320118908
3317,0.0
3318,0.0
3319,0.0
3320,0.0
3321,0.0
3322,0.0
3323,0.0
3324,0.0
3325,0.0
3326,0.0
3327,0.0
3328,0.0
3329,1948769.9080038804
3330,0.0
3331,0.0
3332,27951324.666158512
3333,25750195.444236066
3334,0.0
3335,16736993.571850736
3336,43106546.54369155
3337,41126273.8198549
3338,42759079.699093506
3339,34909059.1840391
3340,20420728.822456423
3341,18420905.458895918
3342,41740799.53589171
3343,28293635.180533204
3344,14465963.342442764
3345,8640121.88068422
3346,5557329.501983261
3347,10927722.498703513
3348,11520507.914613493
3349,7717106.087323202
3350,5967003.465482919
3351,0.0
3352,0.0
3353,0.0
3354,0.0
3355,0.0
3356,20798968.590746377
3357,9216033.244519496
3358,24152611.748049483
3359,46417430.374204606
3360,8640121.88068422
3361,68532146.47066349
3362,36353786.4240182
3363,35014171.43817551
3364,56133949.31608002
3365,256384522.2489803
3366,240217622.73441678
3367,107277525.01102181
3368,50694524.82982313
3369,34218089.991915345
3370,35305718.93195423
3371,49754372.36496964
3372,56453410.47275533
3373,107277525.01102181
3374,109499216.68119603
3375,79905838.74946517
3376,47476740.8711178
3377,27802749.41796937
3378,58723684.07386005
3379,70008416.0663767
3380,54749800.15075788
3381,57440989.578359514
3382,87203524.49669045
3383,82834194.21280625
3384,64138462.98845446
3385,43988242.27199989
3386,46417430.374204606
3387,44665142.46722838
3388,35431816.60645667
3389,24797058.90725113
3390,9280534.899172926
3391,13332589.231325254
3392,10735276.092939252
3393,23277019.46494449
3394,35163442.28757304
3395,31837216.109071884
3396,29788667.299053036
3397,33607161.99889663
3398,23211517.817881946
3399,31383420.362874933
3400,14963910.107596045
3401,16821743.475158803
3402,13639216.14361799
3403,10444466.65152154
3404,13707074.004642256
3405,20912089.022755664
3406,19028414.22320802
3407,21988455.645914994
3408,22737431.273567453
3409,35084576.04739607
3410,74914649.8691629
3411,82349380.68524614
3412,94010941.54113102
3413,90477671.93040599
3414,118357510.85513939
3415,63144868.940977834
3416,74914649.8691629
3417,78954261.09338239
3418,85867247.09592214
3419,167101671.79915416
3420,172473105.5773205
3421,214433239.08825213
3422,169069010.67933547
3423,123900884.42741804
3424,195621936.3703008
3425,205944475.91545847
3426,186657480.10825595
3427,171657275.85857904
3428,302308013.72882164
3429,310564312.2856717
3430,343412191.0495645
3431,331898201.8721325
3432,344280448.19368684
3433,344280493.86649936
3434,315121299.4187125
3435,344280496.0999549
3436,344280599.3546889
3437,324887025.6606437
3438,170207156.846292
3439,191295981.6662992
3440,234803196.31941006
3441,270431065.880568
3442,244955914.45383462
3443,181643095.70641202
3444,168759206.55240855
3445,72626985.384565
3446,60066281.86757475
3447,95996632.7511588
3448,35457734.88034258
3449,41715978.349597104
3450,64169477.64652192
3451,80935082.06992795
3452,162860726.15168035
3453,141800440.5917379
3454,178192627.94431826
3455,126021397.08707751
3456,148539282.60617596
3457,136493000.28562462
3458,157719712.69263256
3459,137492844.52148244
3460,117489842.90725107
3461,90763613.44966796
3462,76076897.82431555
3463,48715791.993880495
3464,78361997.9252623
3465,114238068.88713095
3466,136993794.00278667
3467,147465977.50080094
3468,173891873.34859475
3469,244785935.72540718
3470,225621091.45816985
3471,173816278.79194254
3472,195975409.8942685
3473,217767476.30545616
3474,186789431.95332026
3475,214981496.23595762
3476,210159720.55315435
3477,149176895.2783648
3478,275965636.80214953
3479,281044327.99367166
3480,226204073.76425764
3481,261829964.4749869
3482,222381113.8747169
3483,268901398.2431091
3484,274332849.37009907
3485,291457578.9770124
3486,286128089.42539555
3487,325861965.65849644
3488,269955931.1449994
3489,212357002.27807793
3490,254356601.2176788
3491,237238986.48376867
3492,225580861.22283745
3493,197712562.429272
3494,224512801.06713676
3495,273364315.4225276
3496,244402561.35584912
3497,254267937.2147181
3498,226548648.17471907
3499,175990169.12181744
3500,131172366.40052308
3501,123584268.30286789
3502,160992749.0215164
3503,216805665.2722321
3504,297922184.7917883
3505,340736480.0406001
3506,299076652.4002173
3507,268705952.8919442
3508,270715260.8091288
3509,128508275.45465118
3510,250551609.60898215
3511,231930943.6446186
3512,280574650.5726192
3513,269374743.01249665
3514,241007055.6761729
3515,299083081.23346585
3516,299076652.4002173
3517,303737536.3236156
3518,337471514.47985774
3519,344280586.2105988
3520,344280579.7154665
3521,344280852.33937186
3522,344280598.7442626
3523,344280602.0321059
3524,344280456.01566714
3525,340141166.6791225
3526,344280386.5322948
3527,330817697.5249946
3528,344280586.2335206
3529,308361990.67196476
3530,308361990.67196476
3531,280452625.85261893
3532,328419832.58327305
3533,315280699.31019074
3534,300865612.54327804
3535,277015575.8481541
3536,297600827.34710705
3537,344280379.36158663
3538,341366935.79572535
3539,341366935.79572535
3540,289276571.97392035
3541,152447356.5225129
3542,146926821.46658298
3543,121184951.68791807
3544,123730129.34519687
3545,117494960.76095547
3546,92382014.57525773
3547,51425426.858788446
3548,61494274.93926173
3549,51425426.858788446
3550,79870450.16120161
3551,93634947.21333422
3552,99407198.72674182
3553,13202300.047383599
3554,30392594.98451025
3555,48591201.93338461
3556,62781238.082528286
3557,63358430.01579076
3558,77056059.14240646
3559,46916349.35262036
3560,54111109.09404517
3561,43660659.12464674
3562,50278717.001752324
3563,72216895.05572684
3564,97094721.8842936
3565,143640932.99622908
3566,112159146.1478079
3567,151362451.83760276
3568,148185826.80216065
3569,87213062.0687185
3570,142260062.94418398
3571,106997846.0808465
3572,83165628.54036665
3573,51855064.146035634
3574,26826625.003237896
3575,37070093.998787045
3576,32593694.277705718
3577,23264259.442100566
3578,12499842.670213858
3579,11995847.899071269
3580,14667027.655417368
3581,17359200.802571338
3582,15184038.133099152
3583,5622173.046415922
3584,3057397.0150265237
3585,0.0
3586,0.0
3587,0.0
3588,0.0
3589,0.0
3590,0.0
3591,0.0
3592,0.0
3593,0.0
3594,0.0
3595,0.0
3596,2685842.994057779
3597,17492088.120674226
3598,20481537.13407267
3599,14090430.154710758
3600,16208108.641613703
3601,11156041.387151085
3602,8304842.127505715
3603,8884222.58493817
3604,6156671.589671394
3605,0.0
3606,0.0
3607,0.0
3608,0.0
3609,0.0
3610,0.0
3611,0.0
3612,0.0
3613,10053050.84502093
3614,9575210.557862272
3615,3950600.535629528
3616,3440022.734727445
3617,6153781.862798978
3618,8028723.039192919
3619,7243867.584292105
3620,11540403.242842507
3621,12584635.972381374
3622,8121736.462807914
3623,5764433.368128026
3624,0.0
3625,8147546.910444614
3626,12851275.780692331
3627,11300342.216257533
3628,9299048.686459238
3629,2061511.8647336406
3630,0.0
3631,0.0
3632,11396716.573447034
3633,12859260.535485322
3634,20798968.590746377
3635,35025185.83801574
3636,56170828.58004132
3637,43443323.95958391
3638,51310465.013862975
3639,73517282.74791333
3640,69978726.29871204
3641,71481996.78952432
3642,59933190.678271115
3643,50655085.919474594
3644,40277535.48570909
3645,58491593.085022494
3646,56958601.35752667
3647,42954334.931748465
3648,62239776.20838217
3649,83360199.7075293
3650,92940184.53298189
3651,103409163.71185301
3652,87657180.67556056
3653,90526329.87787627
3654,94387676.03147219
3655,143343807.48284036
3656,175788055.3364356
3657,160740730.32622248
3658,164241740.44911072
3659,193285418.893023
3660,219534285.72408092
3661,238365300.02720025
3662,261088469.0119751
3663,171188588.65262407
3664,196895337.7286654
3665,147785005.8044783
3666,187910791.12015232
3667,133314586.6748664
3668,119425919.67516223
3669,87657180.67556056
3670,94040900.39031418
3671,61608066.02802516
3672,86927812.33381131
3673,87478998.96011482
3674,89263330.56867157
3675,89263330.56867157
3676,75484467.38538395
3677,81983186.64313374
3678,77540222.94830512
3679,83039606.74005412
3680,88456111.87287878
3681,77769946.41796929
3682,62900672.28977035
3683,65189508.87294994
3684,71835624.75776917
3685,83039606.74005412
3686,83379778.61911574
3687,80851575.99891481
3688,96058653.07065699
3689,105160723.38045149
3690,109816877.37947668
3691,72479675.65649578
3692,49850863.78104715
3693,54869226.91019987
3694,69387740.36149544
3695,73169728.06062484
3696,68241036.81284776
3697,46978519.89661453
3698,38891117.177444525
3699,31697174.375713978
3700,28812274.62843182
3701,17528102.657492917
3702,11723505.03382741
3703,11028570.337555211
3704,6979331.485608254
3705,1141644.4319656375
3706,0.0
3707,0.0
3708,0.0
3709,0.0
3710,0.0
3711,0.0
3712,6711118.424832947
3713,9593904.449438522
3714,8446952.581443852
3715,14305902.472299136
3716,17607421.807376035
3717,11012463.756384907
3718,2508175.7657240415
3719,746112.6131316911
3720,0.0
3721,0.0
3722,0.0
3723,0.0
3724,0.0
3725,0.0
3726,11967458.67000216
3727,1359591.2831582874
3728,0.0
3729,0.0
3730,0.0
3731,0.0
3732,0.0
3733,0.0
3734,0.0
3735,0.0
3736,0.0
3737,0.0
3738,0.0
3739,9393571.877025627
3740,10152636.775357923
3741,11548033.898886774
3742,14662907.177178472
3743,21588053.204511628
3744,43711121.008215144
3745,79484560.55767068
3746,77143994.1168873
3747,105023424.52862719
3748,125002180.29811585
3749,195346885.22797343
3750,194498070.57753745
3751,236924231.33425796
3752,295351967.7627054
3753,258202600.81797516
3754,277473844.34464914
3755,241509014.40013775
3756,140680946.91758028
3757,85245200.78296603
3758,59909689.27221152
3759,47430308.335378796
3760,107164330.77273616
3761,60559473.9302708
3762,44741302.77848359
3763,20551482.915572815
3764,28240810.90960665
3765,82335850.91535138
3766,111149721.12240623
3767,90096495.24715813
3768,72970465.01128577
3769,21316162.15025644
3770,28849256.938495476
3771,9579607.299151843
3772,33343110.574306592
3773,42288794.4683049
3774,91355087.61375982
3775,91556589.71661228
3776,81617546.28083722
3777,107148455.13939606
3778,152165062.45760876
3779,123734999.8830417
3780,153420115.23933762
3781,174007309.85360628
3782,122224088.99123394
3783,127073370.18288027
3784,32201555.97484269
3785,0.0
3786,8286870.102439305
3787,33340933.009271648
3788,80229967.5826794
3789,62002839.331327036
3790,77717286.03021789
3791,89473496.22961041
3792,60753758.96852683
3793,152740904.21306652
3794,126234096.39039546
3795,88525877.10576117
3796,94698558.91421898
3797,97757677.53868243
3798,87147177.54556617
3799,87499193.81668442
3800,65174174.26107483
3801,30888309.403202433
3802,34311704.49141588
3803,67125130.99973705
3804,50898851.54022447
3805,38598519.345095515
3806,60536629.83052657
3807,55454664.05582613
3808,25898350.64046134
3809,13810136.773614218
3810,8781581.737962697
3811,0.0
3812,0.0
3813,0.0
3814,0.0
3815,12769040.451770049
3816,22103146.086089414
3817,1889091.6611948283
3818,17176859.52493591
3819,36432503.54758623
3820,25212803.062084712
3821,22530016.298761237
3822,17255523.568783134
3823,17589225.735880617
3824,23673487.721213613
3825,7588195.67185291
3826,7850096.81117079
3827,0.0
3828,0.0
3829,7598340.402186308
3830,28526678.247326687
3831,46321203.45199874
3832,37634669.023913376
3833,18235890.453717515
3834,21652518.827514276
3835,24675961.646972977
3836,25119325.256219007
3837,30748157.155602608
3838,17932495.44175606
3839,19314530.255318977
3840,46321406.520011336
3841,38219815.96209592
3842,56137771.08789577
3843,62048956.75567567
3844,56437275.759780854
3845,41124785.14840628
3846,12148251.660404913
3847,9655816.056729415
3848,28673710.928314574
3849,54394016.76507521
3850,59813752.53869769
3851,99629265.03352539
3852,129540813.54438552
3853,89028850.47187015
3854,155278916.992817
3855,161033954.16485253
3856,144932337.70850822
3857,133063605.83739677
3858,79126257.40957332
3859,92816441.14218764
3860,69240304.03331678
3861,33666606.70292114
3862,53962525.649033464
3863,65010187.493504465
3864,53549291.518567
3865,60536629.83052657
3866,65685897.589753814
3867,65510550.45250163
3868,66938358.90711186
3869,72368509.80549791
3870,97668170.57750694
3871,40979950.68445836
3872,54017446.68023392
3873,57152052.34039693
3874,53341873.46074469
3875,82566919.12545203
3876,120853681.88882025
3877,67412031.25418085
3878,100419912.62255134
3879,141287872.30381042
3880,165079566.10650897
3881,146940642.55168545
3882,146521162.57115078
3883,123538116.45862216
3884,94109796.34299481
3885,95020046.25590688
3886,93757070.51045246
3887,97962425.46403737
3888,91529939.88400908
3889,121556454.29436584
3890,99070796.67668362
3891,112863293.13894157
3892,127069600.72601075
3893,154300678.32788682
3894,105249722.18715346
3895,95020046.25590688
3896,103224219.60423157
3897,162134192.9601336
3898,189944501.4057071
3899,216948008.3431913
3900,177982946.19488716
3901,155323893.01313844
3902,129960891.84085992
3903,169353812.05249047
3904,185655974.55812094
3905,189491196.4745774
3906,156371123.29873896
3907,144525457.57506642
3908,110080231.58580282
3909,81160613.34794332
3910,77818039.03618495
3911,80785692.82245062
3912,68374383.39427097
3913,62870301.19526422
3914,56133949.31608002
3915,29788667.299053036
3916,28258997.916465677
3917,42608673.39721562
3918,54567806.20134855
3919,41745551.05111819
3920,52236585.09253804
3921,70157167.63489878
3922,109974085.15760271
3923,107784938.27319518
3924,164308814.02442333
3925,215807779.79849198
3926,262899697.73378208
3927,260435683.3680449
3928,284187829.0463489
3929,249420218.66410962
3930,244997021.93656304
3931,264638816.85361594
3932,216694297.6600022
3933,231068951.17880476
3934,201005066.7928646
3935,159240302.8053532
3936,179575561.9386654
3937,107784938.27319518
3938,118235353.11823086
3939,152080795.21626392
3940,140740490.08158094
3941,116205539.47124156
3942,129496941.40020727
3943,157613240.78524238
3944,140109557.6925094
3945,91139505.53734949
3946,87203524.49669045
3947,79576803.43510017
3948,75484467.38538395
3949,69860058.51157685
3950,88873952.64609465
3951,89662321.73050189
3952,77239245.5827598
3953,52385541.197925985
3954,40053914.5584802
3955,31510902.400622644
3956,25533577.698223963
3957,18506580.44896228
3958,16675877.169028418
3959,29269549.26346711
3960,39944226.522920616
3961,31931679.740466498
3962,38568738.545524254
3963,38568738.545524254
3964,42989438.1924248
3965,42989438.1924248
3966,42778024.97450303
3967,48772696.043519534
3968,36709139.749640055
3969,32985128.030537903
3970,40514333.13738421
3971,35067990.10196013
3972,25119325.256219007
3973,31988824.434296995
3974,38218147.80294809
3975,37088991.75354039
3976,25490277.11314799
3977,25490277.11314799
3978,24923442.0354421
3979,24082606.763429057
3980,22531174.377792362
3981,23131097.766533695
3982,41195743.168826126
3983,32238937.51057621
3984,50353167.89564358
3985,43988242.27199989
3986,46921229.67750343
3987,57285950.83460349
3988,72135402.29655199
3989,86912421.91447507
3990,102896323.76386659
3991,52636169.59603096
3992,81789648.34252065
3993,98560162.29586545
3994,107784938.27319518
3995,127915884.3397854
3996,119191807.59838934
3997,51425426.858788446
3998,68424359.75476333
3999,78096653.88886799
4000,55718130.97455047
4001,70761117.16177732
4002,69429762.8649288
4003,23537572.129254825
4004,28123824.15971962
4005,37672969.301683694
4006,28621154.607396297
4007,47296292.08685782
4008,40380002.524570145
4009,26501217.640832
4010,25851044.997287348
4011,34705121.78143427
4012,42886429.837646194
4013,30193603.9389356
4014,46799118.45447948
4015,5737080.256812963
4016,12179490.305572158
4017,35439990.00636745
4018,41122729.35567815
4019,53251337.55511561
4020,59268238.609567575
4021,32693189.101039164
4022,49042588.18699487
4023,78770879.09549001
4024,117068814.37921019
4025,179646566.37399572
4026,238802444.8294021
4027,262532493.9887692
4028,261441524.6505373
4029,320386487.38783973
4030,250440286.2221108
4031,133937093.53332852
4032,98146069.76708086
4033,76685522.45968907
4034,50664866.53570585
4035,56958601.35752667
4036,48754043.67546988
4037,68974864.78811069
4038,74474360.26692738
4039,62900672.28977035
4040,62363028.55296655
4041,46916349.35262036
4042,28435584.337993547
4043,20443295.210619364
4044,38561962.130083814
4045,25737399.50911857
4046,25633246.793708313
4047,34206564.92958052
4048,39068556.17163956
4049,33148849.610307507
4050,13582080.2083094
4051,14771675.691633666
4052,15616863.099741332
4053,8272127.2287703
4054,22707838.45519148
4055,49154254.73544267
4056,39944226.522920616
4057,42635105.890613474
4058,17607421.807376035
4059,24201394.157098927
4060,1358100.7063044203
4061,7633218.40737795
4062,7017496.209822988
4063,10817932.128683018
4064,32837851.99660354
4065,64744823.77354711
4066,72742055.36089273
4067,67412031.25418085
4068,88905221.38839571
4069,96833201.91361639
4070,85459906.64310727
4071,82084629.24856128
4072,75865780.52651888
4073,74070654.39036153
4074,71363877.24372216
4075,27693295.73350589
4076,19826346.352730453
4077,13153651.197709136
4078,4652722.836866265
4079,4782385.143633508
4080,6257459.166844943
4081,0.0
4082,0.0
4083,0.0
4084,0.0
4085,0.0
4086,0.0
4087,0.0
4088,0.0
4089,0.0
4090,3398803.6217459077
4091,11367011.893180722
4092,15099864.566161
4093,13632138.39653291
4094,12991082.069569694
4095,26855376.13513479
4096,42652298.679852575
4097,34909059.1840391
4098,61919534.085234195
4099,64036463.66879903
4100,41347459.91947362
4101,62781238.082528286
4102,124435886.20013982
4103,117894907.76750925
4104,131295982.45601717
4105,122671382.15927002
4106,124477488.96574877
4107,143794657.65349695
4108,138734784.1826613
4109,96161741.55682947
4110,109510780.17357305
4111,97176475.0216784
4112,63933864.35162497
4113,42162271.06814492
4114,52175829.330192365
4115,44158517.62647349
4116,47702730.88117015
4117,63078278.34231071
4118,67412031.25418085
4119,63722712.544510804
4120,64744823.77354711
4121,95997199.61831461
4122,69076040.69120461
4123,66097680.85639679
4124,46995412.51935798
4125,33389286.593054295
4126,35939993.373646945
4127,36315727.171751745
4128,45099997.55848178
4129,36152088.09956024
4130,41212493.35531968
4131,39921920.924320884
4132,46083006.54719022
4133,29990129.455278732
4134,34865381.77928718
4135,64469544.79866937
4136,58387564.07408541
4137,67014890.15562369
4138,60431955.34538688
4139,57482797.20760861
4140,58079561.452497885
4141,53636647.92326425
4142,42487930.62070196
4143,71098875.87109129
4144,57440989.578359514
4145,57760326.260094404
4146,45941619.80684356
4147,52678196.99521017
4148,37070093.998787045
4149,21325101.035509158
4150,21827551.510119267
4151,25211117.45365265
4152,24216094.856027927
4153,24605800.536368582
4154,13179080.673379637
4155,9186722.193785703
4156,9071815.074917296
4157,7551264.640961065
4158,0.0
4159,0.0
4160,0.0
4161,0.0
4162,0.0
4163,0.0
4164,2136966.634555654
4165,0.0
4166,0.0
4167,0.0
4168,0.0
4169,0.0
4170,0.0
4171,0.0
4172,0.0
4173,11044523.417614138
4174,106431860.31198846
4175,84961544.36578521
4176,95601356.79497866
4177,105271418.39262033
4178,113698166.84514956
4179,144073202.86351445
4180,132176913.22093263
4181,135426402.65543795
4182,175130212.53208104
4183,185274036.48540655
4184,73760966.3062318
4185,96697442.15221888
4186,104094320.54750453
4187,154298016.0162586
4188,193717004.63646474
4189,242376543.46040952
4190,286009998.4218019
4191,226758291.39452806
4192,159998433.6373494
4193,157342979.90895745
4194,40341108.836251475
4195,7704409.317472564
4196,13283659.740661535
4197,8336878.9065932855
4198,15990329.042362915
4199,21963170.616592895
4200,19303132.94371323
4201,17964618.72461578
4202,23142912.775016315
4203,23535577.448167287
4204,5702061.977122782
4205,10575659.729024373
4206,2051414.6037932658
4207,0.0
4208,0.0
4209,0.0
4210,0.0
4211,7357356.472377634
4212,15317848.171991415
4213,27356440.944970496
4214,17122435.621387225
4215,24341829.264844406
4216,31544767.24149996
4217,7285762.218804375
4218,0.0
4219,0.0
4220,0.0
4221,0.0
4222,0.0
4223,0.0
4224,700124.1265405294
4225,21582864.3619876
4226,28319130.907804713
4227,36034065.31299358
4228,53053979.18087239
4229,101571198.30932555
4230,121728134.1674741
4231,110789232.22346951
4232,63801371.50089165
4233,103905998.40716457
4234,89969068.57517451
4235,10318283.388682589
4236,19779763.362044416
4237,88471574.53219752
4238,81214647.34520881
4239,51290312.55865485
4240,27412568.732516386
4241,28326546.22881096
4242,21693218.36144056
4243,7762368.466910713
4244,0.0
4245,1718835.3263117287
4246,0.0
4247,0.0
4248,0.0
4249,3404267.5389766013
4250,19894509.830884956
4251,17696092.820055243
4252,28861599.42280106
4253,22088559.40268622
4254,10259552.017521368
4255,36285189.12926442
4256,19850987.323043924
4257,9017600.409663418
4258,35985367.847166955
4259,12881052.353547495
4260,11887967.729196008
4261,13617714.816759367
4262,5927225.169199692
4263,0.0
4264,11878867.451724842
4265,21996810.0992255
4266,31841796.876072194
4267,9398938.204849537
4268,25329035.168446865
4269,17492088.120674226
4270,19893425.88724604
4271,10519880.260990243
4272,18962821.85937381
4273,7717106.087323202
4274,13259094.694599941
4275,9144414.210755697
4276,5231815.276179903
4277,12430429.745705117
4278,970097.6214802766
4279,11359438.703506533
4280,21918275.22133678
4281,46190624.94694777
4282,58129100.53195272
4283,55486832.83484531
4284,56137771.08789577
4285,23895331.279421456
4286,13112001.290688064
4287,14345311.81106791
4288,8122722.054772331
4289,0.0
4290,7631593.543286809
4291,7960948.07239872
4292,8868594.373303454
4293,9293250.234423637
4294,7731017.956604748
4295,1582876.659191686
4296,0.0
4297,9439437.33917315
4298,16084031.69004632
4299,13712562.819917375
4300,15318714.371973777
4301,11745389.241509387
4302,12872030.908045419
4303,23844367.300165977
4304,9451463.334192956
4305,16084031.69004632
4306,24938193.198541664
4307,23426423.61147862
4308,17108846.608668163
4309,25461683.135851037
4310,47136217.50327213
4311,56803970.83532901
4312,54606853.59419398
4313,41344622.00978878
4314,47640436.50795005
4315,52940884.81965097
4316,55998425.6093156
4317,69574490.72511145
4318,91445715.66166918
4319,101985738.73102917
4320,93495160.01779532
4321,86349549.4083763
4322,69729054.85422835
4323,84435630.11636998
4324,79915581.72136307
4325,70198411.07512292
4326,71965507.21028672
4327,36432503.54758623
4328,22103146.086089414
4329,32183570.619304087
4330,38130971.982905515
4331,44196746.56937137
4332,46476430.37187778
4333,32601055.058693856
4334,37343700.45374383
4335,27854377.954820614
4336,48542678.7193694
4337,63868520.035249434
4338,49073675.89836906
4339,31162072.521445587
4340,30430696.28636402
4341,37369904.29764232
4342,31641651.391545735
4343,44311223.73819378
4344,37641351.654656686
4345,56590031.86521779
4346,50969045.20748722
4347,80321559.60178211
4348,81810613.74453461
4349,108991805.56363173
4350,143623046.8646089
4351,86806467.34410375
4352,136384689.71291766
4353,142119613.91763818
4354,191782064.49471363
4355,118474255.92595465
4356,154460851.5605794
4357,126980724.81119739
4358,159764833.89915636
4359,52667240.6028674
4360,53582122.31367688
4361,46552386.51811477
4362,57552446.15066146
4363,77282679.68527015
4364,48730262.50745661
4365,62015225.45228483
4366,73064112.32499179
4367,72701591.6171127
4368,60780988.008712456
4369,66582700.676957384
4370,68027216.19331576
4371,48942342.36761296
4372,54387843.56685377
4373,62134424.891260594
4374,48190444.89230643
4375,41243149.28081278
4376,91298445.6398935
4377,121125361.04096732
4378,135863002.7070815
4379,154300678.32788682
4380,190389577.95598036
4381,145062322.0987711
4382,214802529.74680927
4383,214256435.1681881
4384,214930919.1873747
4385,243395827.9210267
4386,151349249.1790777
4387,141414948.65604684
4388,103096523.41660069
4389,93988180.89035739
4390,84746927.60348137
4391,90641894.83345588
4392,89401401.7593335
4393,98940688.13943031
4394,134278475.20190793
4395,131057272.56733738
4396,167068677.1280135
4397,176645747.6696133
4398,93660125.19445205
4399,84998324.11694267
4400,22231489.096671764
4401,25483161.528614167
4402,48611920.63223064
4403,10131204.874272298
4404,10556692.295604924
4405,19452005.237489317
4406,19436035.48517098
4407,19554600.13060154
4408,16675877.169028418
4409,12596707.761211758
4410,10999715.318413755
4411,15125404.517653132
4412,7829462.676256301
4413,8421609.860407438
4414,8875854.418921089
4415,11952450.890015775
4416,22285024.06411737
4417,42608673.39721562
4418,47191039.62425461
4419,50972258.07552183
4420,47582418.35161468
4421,42288439.79616469
4422,38411649.74223937
4423,20730184.84592891
4424,64658336.80379029
4425,54318151.95380287
4426,74294956.06140943
4427,86029433.43752575
4428,106374417.928414
4429,243926536.67930436
4430,157502538.59539267
4431,148634667.51371408
4432,179856757.2921741
4433,134982301.68910387
4434,72757404.57299563
4435,98133435.30688778
4436,170429972.57252282
4437,102648618.27553974
4438,87350502.84232639
4439,74421582.56089142
4440,93612915.33706902
4441,69467383.84539637
4442,53766830.26681691
4443,45667204.862134635
4444,67667047.28144401
4445,50389503.458807245
4446,59933190.678271115
4447,94860219.85606481
4448,67667047.28144401
4449,81718439.80686603
4450,46551471.758938774
4451,75335125.35279088
4452,171451100.7059797
4453,139050152.07413498
4454,128240841.97188595
4455,160042089.36724856
4456,120605327.89329505
4457,160042089.36724856
4458,115338737.7171549
4459,94653140.27491026
4460,117400024.14853333
4461,79363773.39086618
4462,115745884.70735672
4463,106566364.15988441
4464,96217174.43631639
4465,99631156.58456016
4466,80741620.968223
4467,118401418.66006128
4468,150327515.20784253
4469,144256405.8591033
4470,126247517.97116418
4471,112159146.1478079
4472,161295502.92020896
4473,99083010.2113032
4474,79486582.61605638
4475,79806506.6326742
4476,133148623.20179473
4477,120750793.47491781
4478,185584042.65517107
4479,128441747.31419556
4480,214897285.42154887
4481,253921301.08509257
4482,185663317.671298
4483,204313959.76034763
4484,155323893.01313844
4485,89612267.00380215
4486,56513951.51495688
4487,50905225.07713222
4488,69064459.990569
4489,76873497.7121496
4490,84450190.53972632
4491,117108195.33343492
4492,120388309.21062864
4493,146646101.4082832
4494,149927518.90287828
4495,168373013.9082277
4496,241613952.48031014
4497,343177283.5086601
4498,337875580.16754055
4499,318410834.4703379
4500,263188117.84145302
4501,95519718.52632707
4502,95059061.83179308
4503,108388458.8347008
4504,154143326.22291765
4505,154143326.22291765
4506,159778820.08036616
4507,154026708.37492627
4508,206905375.7100645
4509,204352600.5574721
4510,235764320.4060405
4511,232184062.05925527
4512,224885565.5472095
4513,194964406.30611327
4514,236488702.77401617
4515,184874245.5651462
4516,162858332.98661548
4517,210098615.97663125
4518,130007995.83397815
4519,246028404.10135138
4520,249994722.9108501
4521,204184805.19575465
4522,201930402.90605113
4523,233495108.62922108
4524,274817347.3687114
4525,221059761.3292185
4526,245894797.05929226
4527,263279229.57116234
4528,258439852.95108503
4529,236879779.95388126
4530,222481362.49966404
4531,255953420.13064092
4532,234692444.02968386
4533,185152432.47256193
4534,148728135.93415466
4535,188919434.35329428
4536,159240302.8053532
4537,154898052.05956584
4538,215807779.79849198
4539,156296008.50752452
4540,136941220.57261235
4541,123408094.86702606
4542,154807838.37782657
4543,248855202.41936904
4544,306428039.5274837
4545,344280456.01566714
4546,334010469.193727
4547,344280590.42439705
4548,344280577.8638137
4549,344280600.58593714
4550,344280586.75198025
4551,344281112.2181017
4552,344280977.6278275
4553,344280590.42439705
4554,344280594.5807344
4555,344280577.68912095
4556,335771664.5171363
4557,344280364.96980256
4558,340684283.4725478
4559,319623179.8367516
4560,276889957.961083
4561,271916883.23346573
4562,239731843.5780962
4563,260009966.1191161
4564,275299968.22766495
4565,273372206.6055757
4566,259734377.27343616
4567,306096865.33166164
4568,256473736.47848937
4569,288820467.45828265
4570,208108985.25856754
4571,161530610.31731236
4572,162738520.81270826
4573,68472250.76923051
4574,101888372.97230333
4575,87358409.90159918
4576,102987773.42702362
4577,93500117.50648855
4578,90535467.96454538
4579,92225458.02005571
4580,79776964.30211766
4581,58548458.3221385
4582,67977028.38983822
4583,72216895.05572684
4584,65034761.74562403
4585,60844658.44196058
4586,48535275.296397485
4587,48591201.93338461
4588,37339176.042149395
4589,30089285.267193418
4590,19322111.22933596
4591,25490277.11314799
4592,19638454.59902791
4593,4670094.375597128
4594,0.0
4595,0.0
4596,3057397.0150265237
4597,6323209.170871206
4598,7328079.902390083
4599,18041046.496920288
4600,27345721.134821318
4601,25692581.405538067
4602,18685978.81383264
4603,35533825.33796318
4604,27345721.134821318
4605,35278145.07038488
4606,23264259.442100566
4607,13713854.300251413
4608,14667027.655417368
4609,16247430.53307647
4610,29218767.837561823
4611,39970674.42664238
4612,41453865.7385489
4613,49012827.06002681
4614,32622098.873558894
4615,16907196.43775905
4616,21988389.74692747
4617,36863410.465677
4618,47526237.73702914
4619,63662910.45425344
4620,96379879.70890135
4621,114974757.61585449
4622,122009268.85315847
4623,172636859.6846659
4624,77616119.0409305
4625,114972289.69219641
4626,99712323.98536167
4627,79453818.54507484
4628,71407802.86437927
4629,63622474.099205874
4630,35596820.0064399
4631,15483448.783518022
4632,102690582.92183195
4633,54418707.232822895
4634,29446365.08607709
4635,36590641.886395566
4636,53962525.649033464
4637,71086181.99838904
4638,85355489.65468763
4639,23243691.313723028
4640,43608383.227788374
4641,95641261.5126441
4642,154853527.61408797
4643,211094158.96247923
4644,256603068.9919038
4645,240933819.8019131
4646,201388292.42915192
4647,188548314.13215744
4648,226948855.86703897
4649,232981743.33725324
4650,229308003.67477176
4651,214702628.34644088
4652,204119032.58410597
4653,146376637.7652985
4654,120133250.39659958
4655,165505024.88575652
4656,179187089.16277227
4657,175723326.9480522
4658,166302908.88052878
4659,175723326.9480522
4660,139343012.90843046
4661,118942344.62985568
4662,115338737.7171549
4663,113693483.07542714
4664,134403535.43751866
4665,200225529.5003869
4666,218892298.81228164
4667,253340504.5954623
4668,293889973.5565907
4669,288531552.0947078
4670,252190503.44266164
4671,241735476.0999153
4672,246488157.01495993
4673,269439519.578589
4674,280122506.6428349
4675,289367241.3546834
4676,264667431.10966712
4677,310044562.0774497
4678,340377734.26664823
4679,338485799.64830303
4680,292353895.0850011
4681,275758296.34172493
4682,221901584.33501622
4683,276449691.5348022
4684,256383374.8544239
4685,229620884.4184511
4686,142983053.61664447
4687,261867532.19279188
4688,314539581.53947645
4689,286661832.7482175
4690,269265254.1542495
4691,196180716.14147896
4692,222862867.9977656
4693,198614872.312313
4694,182154615.94369608
4695,168996402.74353123
4696,148728135.93415466
4697,158029437.59216335
4698,99344854.69213812
4699,112252169.31032851
4700,82918693.01567529
4701,64408173.70401069
4702,80272009.5967905
4703,90269102.71352044
4704,98846129.55374579
4705,123123724.41538787
4706,129349954.64645618
4707,205833709.22292688
4708,233495108.62922108
4709,270241691.466904
4710,292714800.6139736
4711,344280441.7182094
4712,344280593.1471826
4713,344280583.8721248
4714,333552777.3656063
4715,266538828.8489731
4716,277762771.834183
4717,259691494.220209
4718,210786701.99101973
4719,184487141.99699476
4720,206589677.23103997
4721,238487247.07201597
4722,183592773.5502648
4723,275976322.9760483
4724,211063971.80528158
4725,144266714.28370354
4726,173097091.77372018
4727,197716540.41182175
4728,148185826.80216065
4729,147279953.49917164
4730,184339053.7935505
4731,185912021.2853627
4732,146838854.3870405
4733,154807838.37782657
4734,119764539.31666733
4735,174437054.6990913
4736,154807838.37782657
4737,172430965.2855008
4738,226009045.5010947
4739,139282466.34643376
4740,87956713.69047973
4741,94835337.29997355
4742,122600041.99387711
4743,111181956.1753816
4744,138928922.35406795
4745,148634667.51371408
4746,145240465.7072324
4747,152254581.92239788
4748,74426648.08713393
4749,46995412.51935798
4750,40933370.47930143
4751,54484873.66849286
4752,58309443.20539218
4753,52345529.06243096
4754,47688048.21924861
4755,46757090.24686512
4756,52626591.57140979
4757,74064364.7802347
4758,87664806.91418783
4759,116495446.80850117
4760,104794341.5984291
4761,109070657.45985554
4762,185531197.3869799
4763,174176223.17369413
4764,178528936.3123823
4765,73133980.46493366
4766,89550016.89255291
4767,81710384.55280535
4768,50721539.15727155
4769,41793639.066181295
4770,27293859.348290883
4771,19659580.846685864
4772,14885865.369444078
4773,12946226.401978958
4774,9945702.540792793
4775,5955396.113231775
4776,7669271.719193685
4777,20335137.80829752
4778,10021619.56625506
4779,7096611.066267382
4780,0.0
4781,0.0
4782,0.0
4783,0.0
4784,20073837.89480248
4785,11294813.25884039
4786,4635234.993345226
4787,9098991.372451369
4788,16231285.958236368
4789,7047526.779958585
4790,7077521.449362308
4791,4454311.55322845
4792,5549686.123736742
4793,0.0
4794,7157360.44911215
4795,41777178.81383314
4796,76970185.68562804
4797,86441347.96176709
4798,174540351.14567438
4799,169535786.2882753
4800,157831303.41293487
4801,206334386.39430487
4802,217948355.1361584
4803,190974604.0062637
4804,229924492.03799006
4805,227293293.36760423
4806,203667205.50429308
4807,211684451.53231505
4808,232525345.70470294
4809,97230373.55377576
4810,81424627.77021286
4811,78608078.3117688
4812,74959159.22010763
4813,51871997.28355555
4814,59869707.62870763
4815,132686859.15920626
4816,83084139.08055697
4817,55827438.54859267
4818,145042067.67006952
4819,113491369.70974895
4820,106169069.55118324
4821,98311386.08072829
4822,83978870.26385969
4823,47049069.43770991
4824,59684518.86894656
4825,47812300.062890254
4826,32225351.31718298
4827,27874328.95527729
4828,34143217.82598665
4829,14136057.395488836
4830,0.0
4831,0.0
4832,7762368.466910713
4833,12872907.590984173
4834,8610670.544224186
4835,27734351.469176617
4836,28293635.180533204
4837,46083006.54719022
4838,58208068.95543402
4839,67171049.57797681
4840,78744615.06287062
4841,99631156.58456016
4842,91825999.75640222
4843,80741620.968223
4844,27037913.97416203
4845,99359229.54770894
4846,203019783.7848759
4847,142282012.97359133
4848,111576592.06566624
4849,171127695.5599411
4850,158579394.45048085
4851,168883404.08211717
4852,183151900.0028632
4853,249092091.1632745
4854,245764069.2262012
4855,341791649.6465963
4856,320474887.7415707
4857,292342942.75665843
4858,287564975.07983524
4859,231930943.6446186
4860,235148155.33970067
4861,148195688.79367164
4862,169122751.7960238
4863,120213048.35380478
4864,181669981.21660456
4865,138287815.22323537
4866,113898906.77110039
4867,85366378.09114896
4868,76840949.08447972
4869,69728219.24815412
4870,70478283.71445951
4871,62900672.28977035
4872,57440989.578359514
4873,77025434.42067158
4874,77785916.06003712
4875,62363028.55296655
4876,48099464.532702334
4877,46442218.23123455
4878,49754372.36496964
4879,57696905.660778955
4880,54143415.22672229
4881,69313220.47377926
4882,78389148.33582056
4883,81646257.50382316
4884,74506916.86884068
4885,144629167.16717327
4886,90832085.90205708
4887,98091749.9773797
4888,76534346.56684712
4889,66019488.93637939
4890,75040482.96668997
4891,75040482.96668997
4892,43960238.94326856
4893,20194127.030727852
4894,26228923.58143176
4895,19346892.123493847
4896,25805508.871591933
4897,36315727.171751745
4898,18347383.879397485
4899,26097026.759964515
4900,44799508.94982472
4901,52109155.73511371
4902,92967383.83674987
4903,196065666.98729685
4904,92526190.05306451
4905,82254598.65420006
4906,130107698.19220038
4907,185368683.9466676
4908,244593437.45011643
4909,160554743.05274034
4910,283509706.17423886
4911,248589578.31905088
4912,259360964.74811792
4913,235015657.86247572
4914,155973053.3065664
4915,124884119.69580244
4916,72718448.13484484
4917,80406739.69269341
4918,84368097.27586447
4919,118102863.42205894
4920,121938187.72431968
4921,230511032.5600542
4922,253192703.64994577
4923,166601854.43987983
4924,168728112.9008029
4925,166097859.32651657
4926,131493374.80170283
4927,165797569.27019703
4928,125518368.43814503
4929,113789158.60251197
4930,110525249.56422332
4931,90852329.81633462
4932,104465746.14711499
4933,44974792.294660285
4934,47342978.398093574
4935,34311704.49141588
4936,35724246.85161703
4937,27966434.61785333
4938,87022526.5563444
4939,96092719.53983955
4940,98669756.41779242
4941,93727274.01740067
4942,84553732.55045465
4943,80751675.14608918
4944,78897700.75277276
4945,102066586.5311459
4946,140356107.9274726
4947,154807838.37782657
4948,184720095.33977288
4949,128273098.88086575
4950,242207309.07068712
4951,277821624.70066166
4952,291884943.3907305
4953,302046603.37161565
4954,337229901.67037153
4955,340205902.7766035
4956,344280588.10147345
4957,344280581.0062298
4958,344280576.8104356
4959,344280581.47195566
4960,344280591.0021549
4961,344280546.7599289
4962,344280536.8581312
4963,342985483.1867507
4964,279325041.97460955
4965,284637302.8471845
4966,308807448.2948987
4967,300036318.43306255
4968,295062472.56312627
4969,331334231.2741142
4970,294241352.51421994
4971,333779828.3762801
4972,329006724.8385838
4973,322033175.7211135
4974,301734694.2062115
4975,332148736.3430711
4976,340503832.8123955
4977,331474141.03537196
4978,292714800.6139736
4979,270270944.8427885
4980,194119667.28632662
4981,242608238.7856569
4982,243316004.213283
4983,239257344.28629458
4984,249693989.84540352
4985,252471497.6493659
4986,248314417.15559196
4987,218210785.20993173
4988,143833728.77958837
4989,158812614.47362584
4990,112159146.1478079
4991,118935099.10124403
4992,98994169.80010736
4993,87585104.70410387
4994,60408472.640191376
4995,73169728.06062484
4996,56545645.31126873
4997,31924772.136992887
4998,21325101.035509158
4999,31187014.67823168
5000,56422403.061509386
5001,35305718.93195423
5002,25490277.11314799
5003,21816573.04228987
5004,14837079.907378366
5005,2880574.4107770054
5006,1864793.1695047733
5007,746112.6131316911
5008,0.0
5009,0.0
5010,0.0
5011,14922988.222909752
5012,42280240.19519795
5013,26565716.65086207
5014,20386526.949625544
5015,19542193.8170923
5016,21814739.018880673
5017,12767021.641541462
5018,9574868.50307765
5019,14574734.717623668
5020,14666630.260861155
5021,17173411.18576979
5022,19330179.035238586
5023,7375615.8912315015
5024,0.0
5025,0.0
5026,0.0
5027,661470.8272076144
5028,5108619.192471489
5029,5108619.192471489
5030,0.0
5031,0.0
5032,0.0
5033,0.0
5034,4837503.411843754
5035,8593419.393462809
5036,25526386.446952753
5037,0.0
5038,20811326.30577385
5039,48641117.99878266
5040,38274698.764250666
5041,20006122.624063455
5042,20136824.1649146
5043,18014151.0995603
5044,6427553.324709655
5045,24120656.45063529
5046,44580028.664454944
5047,52970442.35860874
5048,7949709.753151313
5049,0.0
5050,0.0
5051,0.0
5052,0.0
5053,10007006.292217564
5054,10312980.749322588
5055,19125979.572952345
5056,17472530.661750473
5057,23270811.231348015
5058,12878420.603825094
5059,0.0
5060,0.0
5061,0.0
5062,3598630.3143292535
5063,9532492.274805214
5064,10693057.18787342
5065,33390094.247647878
5066,36248453.65807546
5067,16448365.659616975
5068,11463983.947559364
5069,5684657.18604311
5070,5188312.940453831
5071,10501680.84652075
5072,16398966.31438612
5073,16963025.984271646
5074,27005809.65163506
5075,27630406.65958787
5076,51177218.035608664
5077,26183069.857144766
5078,11920433.46700351
5079,16491023.428747332
5080,15597763.49982459
5081,36705598.77580545
5082,22032512.423418656
5083,12865899.922464894
5084,13419871.842811767
5085,15883053.513895141
5086,10846988.591926407
5087,25439593.834395394
5088,49200078.31354606
5089,59789926.39717374
5090,116829507.70381898
5091,106845045.86292087
5092,115134672.04147924
5093,133582874.03026924
5094,143939854.4069217
5095,131234525.10933362
5096,191241411.62402135
5097,180070342.36689082
5098,147478599.07989654
5099,143952096.1108303
5100,154278284.95411792
5101,147261101.4663425
5102,150268461.59675854
5103,139241505.40600535
5104,128347109.7956746
5105,128347109.7956746
5106,93807106.60973674
5107,70600889.10753916
5108,67368541.22506301
5109,53636647.92326425
5110,41846176.59396166
5111,47372508.944342226
5112,44403558.415092826
5113,28035803.470254477
5114,22903993.406796344
5115,16992257.478305988
5116,26752609.06032169
5117,63243688.434622236
5118,85688607.01402703
5119,215727691.829007
5120,220228310.53328565
5121,150396028.37030607
5122,128055773.81776209
5123,137907150.77427045
5124,138191491.60110268
5125,344280390.5287113
5126,344280591.48262906
5127,343812425.3932961
5128,275975939.9248174
5129,286630850.3408612
5130,215947047.65063775
5131,198608104.5751598
5132,217191267.2290871
5133,176752511.68899915
5134,162860726.15168035
5135,148687493.03927678
5136,152272590.2615076
5137,158687743.20935896
5138,162693760.08486208
5139,163366005.4835028
5140,188647372.17222413
5141,149476563.18262684
5142,137133453.4845643
5143,191138253.32235748
5144,190592526.93178666
5145,158687743.20935896
5146,283997160.7538226
5147,203116484.8828764
5148,295695099.8582189
5149,270921021.07287383
5150,260031890.4119614
5151,261677511.67552415
5152,227957367.9599772
5153,213524622.35627446
5154,155954850.5764046
5155,68592043.95187682
5156,47342978.398093574
5157,42803053.55954236
5158,41121191.146606095
5159,46846171.78929952
5160,42780901.455999345
5161,16955396.31742549
5162,15368453.072418932
5163,15178612.038274284
5164,34321588.58308178
5165,115496791.07990403
5166,114467242.92370962
5167,81424627.77021286
5168,105585071.00859997
5169,44220349.8018115
5170,116950334.85483165
5171,99070796.67668362
5172,105199177.0096516
5173,41767044.54493671
5174,38057514.34186802
5175,31403260.56536033
5176,36813069.053548016
5177,43439483.54595028
5178,37304124.1677451
5179,18685978.81383264
5180,18685978.81383264
5181,36097269.90114872
5182,34670438.11191348
5183,34218089.991915345
5184,29146063.03650028
5185,17104454.9657856
5186,28979908.27334306
5187,23238174.922470573
5188,28979908.27334306
5189,40582454.35797483
5190,20524528.446387153
5191,23239580.34162669
5192,26990380.030640494
5193,24250985.45254475
5194,29306703.744928293
5195,38050218.62526532
5196,45249679.50675676
5197,35307621.66817402
5198,35037944.95351418
5199,56545645.31126873
5200,98255293.85722065
5201,78002860.82914777
5202,98255293.85722065
5203,97473849.6087062
5204,95655315.53352468
5205,110870412.17678389
5206,129047768.96452397
5207,131585444.19360483
5208,131585444.19360483
5209,143767786.7695981
5210,113949508.11538139
5211,104219315.26598418
5212,107733125.31806262
5213,115361647.9608987
5214,103423560.52786525
5215,154471534.30918083
5216,196304383.0230406
5217,262828442.11089566
5218,256531294.91458106
5219,202227805.1441627
5220,190765662.6213745
5221,147843985.25401977
5222,154898052.05956584
5223,158678523.86931917
5224,165505024.88575652
5225,169817126.0952482
5226,129464100.00125855
5227,86680658.76270373
5228,42791981.84817144
5229,36003340.427187026
5230,34688533.178641364
5231,38514816.333465196
5232,38514816.333465196
5233,20730184.84592891
5234,9747155.838047612
5235,0.0
5236,0.0
5237,0.0
5238,9910590.940872343
5239,28326546.22881096
5240,48498671.27111577
5241,67125130.99973705
5242,137477095.761026
5243,124908419.52406694
5244,111110619.03286625
5245,54484873.66849286
5246,41512314.64402051
5247,31923040.82980385
5248,20740690.937007263
5249,38339019.54369804
5250,46633522.48974108
5251,29269549.26346711
5252,23794491.57525578
5253,25551222.584804483
5254,25805508.871591933
5255,31541373.33569826
5256,27568786.803267486
5257,16285672.578653118
5258,15453483.66262227
5259,12270174.794669759
5260,9835858.066163868
5261,8421609.860407438
5262,9227687.813036734
5263,11538448.406101147
5264,10048811.048122205
5265,8741958.244881658
5266,11068823.380615102
5267,9004320.935034435
5268,24462259.71848284
5269,36604645.30538457
5270,34304441.94120249
5271,46020041.74323923
5272,47980914.76992921
5273,38337302.19608671
5274,50286053.1077471
5275,45768845.077291764
5276,29676434.892123874
5277,20122557.541986376
5278,9835858.066163868
5279,7328079.902390083
5280,3737636.588075383
5281,2339864.964882497
5282,5832656.859048064
5283,9186722.193785703
5284,11936215.791105965
5285,16487404.857293008
5286,16285672.578653118
5287,3874435.6593817715
5288,4290372.141949758
5289,1783150.2760148025
5290,4026814.6427282393
5291,9590962.729914255
5292,5405239.140871242
5293,8104831.079033365
5294,7919339.364712217
5295,6871007.98598778
5296,5069320.964769028
5297,4262476.151278288
5298,11774119.6655378
5299,16487404.857293008
5300,20164360.90512248
5301,12673976.046524229
5302,5739622.179599456
5303,0.0
5304,1868964.0575154156
5305,6527333.101051827
5306,5613686.79305677
5307,0.0
5308,2009442.3784265849
5309,10575659.729024373
5310,11567142.501886697
5311,10508450.31544862
5312,10299424.04294081
5313,7342540.625283982
5314,0.0
5315,0.0
5316,0.0
5317,661492.3853572924
5318,3942414.436193192
5319,5955396.113231775
5320,2522674.2543187053
5321,0.0
5322,0.0
5323,0.0
5324,0.0
5325,0.0
5326,0.0
5327,0.0
5328,0.0
5329,0.0
5330,0.0
5331,0.0
5332,0.0
5333,0.0
5334,0.0
5335,0.0
5336,0.0
5337,0.0
5338,0.0
5339,0.0
5340,0.0
5341,2643845.9438597546
5342,4845850.900511734
5343,0.0
5344,0.0
5345,0.0
5346,1821046.023896696
5347,4216617.1878851615
5348,7165838.202284656
5349,7949872.093406183
5350,0.0
5351,0.0
5352,0.0
5353,3542992.4506971454
5354,0.0
5355,0.0
5356,2321933.349498321
5357,0.0
5358,0.0
5359,0.0
5360,0.0
5361,0.0
5362,0.0
5363,0.0
5364,0.0
5365,0.0
5366,0.0
5367,0.0
5368,0.0
5369,0.0
5370,0.0
5371,0.0
5372,0.0
5373,2098585.1768343165
5374,2512867.9026801
5375,10220509.925387463
5376,15318714.371973777
5377,12014732.401348472
5378,4795702.522489736
5379,13128782.61765387
5380,27131910.658203304
5381,21684791.002153732
5382,8450043.17911957
5383,5844764.271421794
5384,22546519.51494313
5385,0.0
5386,0.0
5387,3525795.6684609563
5388,0.0
5389,0.0
5390,0.0
5391,0.0
5392,0.0
5393,6310119.007843348
5394,6098822.610553907
5395,7398235.589660076
5396,7803318.756817441
5397,0.0
5398,0.0
5399,6796665.416842186
5400,21955941.92942604
5401,43084690.585490234
5402,42429254.68394539
5403,48871879.57074809
5404,42520068.10152386
5405,31241750.83451236
5406,36511736.115446165
5407,39308480.94344706
5408,35384812.461187646
5409,50874745.02679518
5410,11053828.761075111
5411,23997839.927947003
5412,37253602.278344184
5413,25451550.711541086
5414,11333218.65261991
5415,19106048.45631453
5416,17022135.83382694
5417,77725879.819687
5418,69484654.0780229
5419,73315497.9494148
5420,81400940.06596553
5421,103245761.31609926
5422,123528106.6044075
5423,139937468.87255266
5424,110783654.35499166
5425,116161986.88830723
5426,135423279.98027208
5427,147371459.6838957
5428,128647856.09771624
5429,74456522.78871964
5430,49591524.35914132
5431,111149721.12240623
5432,47749217.4495254
5433,46389828.59579401
5434,43141450.640367575
5435,27738006.035403557
5436,25487926.809757616
5437,50845743.69356395
5438,67004338.09437828
5439,19547566.315180823
5440,47640436.50795005
5441,19224172.525337357
5442,41082491.956580624
5443,37562386.524773754
5444,29026385.657852396
5445,39256940.79044842
5446,43712993.69832097
5447,65285917.26070388
5448,66644055.17056355
5449,76550916.79052271
5450,45924848.96308642
5451,35401238.89234542
5452,28545742.946102835
5453,10846869.243796611
5454,0.0
5455,0.0
5456,0.0
5457,0.0
5458,0.0
5459,0.0
5460,8659945.588981027
5461,46139060.25943454
5462,114884710.26184116
5463,105960394.70965882
5464,103417131.01536983
5465,69348847.78253962
5466,81214647.34520881
5467,30806870.80242417
5468,13332589.231325254
5469,16177509.266066443
5470,6426213.7055852115
5471,21641893.419139538
5472,27966434.61785333
5473,18347383.879397485
5474,15610605.544760378
5475,15610605.544760378
5476,6671299.679410168
5477,7816404.340764736
5478,1121005.8405052973
5479,0.0
5480,0.0
5481,0.0
5482,0.0
5483,1352737.371405201
5484,13601803.374366632
5485,6063247.435039723
5486,6323209.170871206
5487,14125201.740714699
5488,55211832.70018784
5489,27134968.02810061
5490,40804738.87586721
5491,49789935.96272227
5492,48699802.4998012
5493,35931275.43257162
5494,32035073.215512775
5495,20303304.878360383
5496,24257885.175309904
5497,31835388.633796606
5498,37472494.82451825
5499,21179231.189062122
5500,14585895.690988515
5501,46053565.758707285
5502,38326008.905949384
5503,23057178.096620902
5504,15066273.802790208
5505,21038207.8070669
5506,9704926.731480587
5507,13364207.242334444
5508,11126502.244888805
5509,12370471.591162901
5510,0.0
5511,4888911.680280244
5512,5605738.11079522
5513,5109846.0613833
5514,0.0
5515,0.0
5516,920926.3577019781
5517,6635527.86229402
5518,30120187.67959723
5519,31835388.633796606
5520,19111072.631845824
5521,16705259.075086633
5522,18594642.794776324
5523,18586914.653334785
5524,16777491.978969205
5525,8699076.094940722
5526,6790727.235617868
5527,8543534.242480034
5528,0.0
5529,0.0
5530,0.0
5531,0.0
5532,0.0
5533,0.0
5534,0.0
5535,0.0
5536,0.0
5537,5439178.170518278
5538,12878420.603825094
5539,12836442.230933065
5540,19623280.236475956
5541,15078052.407094732
5542,17730592.174034584
5543,26071339.128978666
5544,37063303.342700034
5545,22893053.927479185
5546,15682224.10442666
5547,15943158.619853904
5548,8134055.874892345
5549,8893814.255071603
5550,1420432.3364834122
5551,0.0
5552,0.0
5553,0.0
5554,0.0
5555,9047474.47562285
5556,28044268.519601572
5557,14586349.456188004
5558,24195460.26271859
5559,44075057.72546892
5560,51472460.96663038
5561,31594518.249049544
5562,47280258.70507521
5563,36854988.111692004
5564,25500276.629986327
5565,50215208.34220289
5566,61956946.14275825
5567,48114369.31978244
5568,59292437.75481807
5569,67476029.48186617
5570,72410293.69875388
5571,52109155.73511371
5572,103150897.62458229
5573,81112899.19872376
5574,115463086.43964587
5575,84626933.95546587
5576,79760982.54132913
5577,40455813.032394834
5578,64169477.64652192
5579,139230297.8215278
5580,178272992.8615168
5581,129925168.6331815
5582,127250627.79732664
5583,158766796.12055206
5584,121827204.89893721
5585,69374356.79652706
5586,51919532.127948694
5587,37221548.12974359
5588,28008946.72392237
5589,20164360.90512248
5590,13179080.673379637
5591,11986256.01186435
5592,9835858.066163868
5593,6036813.065734953
5594,0.0
5595,0.0
5596,0.0
5597,0.0
5598,0.0
5599,0.0
5600,0.0
5601,0.0
5602,0.0
5603,0.0
5604,0.0
5605,0.0
5606,0.0
5607,0.0
5608,0.0
5609,0.0
5610,0.0
5611,11991370.542533513
5612,43767970.18835597
5613,70177800.3677786
5614,58792340.6522775
5615,62561361.11634385
5616,75527945.04638802
5617,84574068.76683778
5618,91445715.66166918
5619,94327911.15079924
5620,101153773.26285763
5621,102946737.18124585
5622,110406957.10247427
5623,107690429.10421921
5624,81719786.72189867
5625,90242775.56038241
5626,115110910.03827733
5627,106431860.31198846
5628,96331591.76726705
5629,122502670.41234154
5630,145834516.02336684
5631,106960249.4476912
5632,76362249.85900275
5633,76852919.82285884
5634,76009490.70062076
5635,75626008.89952895
5636,128896137.84746638
5637,158118092.7173566
5638,188373207.22829166
5639,175713111.7411149
5640,113327632.15836924
5641,128591260.23052649
5642,121585074.12132992
5643,97699049.6527453
5644,178399872.19909513
5645,183097071.86208257
5646,238229979.36187923
5647,171256730.58908197
5648,139006108.25309396
5649,83910363.37467252
5650,115889196.22239806
5651,122397495.68582419
5652,95539601.14783247
5653,121585074.12132992
5654,81395360.25756757
5655,79628980.04502966
5656,74946903.46931267
5657,83757833.21294282
5658,66835873.14281765
5659,71786831.6322201
5660,73900276.49072564
5661,86616775.55267431
5662,119247068.04434139
5663,125387578.9178743
5664,118256776.77858743
5665,131860378.8200422
5666,113209530.45215935
5667,112240287.08944425
5668,96730282.42169254
5669,129359677.50567318
5670,129359677.50567318
5671,179939167.05441904
5672,80316554.2149256
5673,66526469.88910592
5674,95042302.43080783
5675,101750234.5348864
5676,83958040.00953078
5677,112471986.30003946
5678,120421405.91976012
5679,116364311.77536193
5680,74775768.73377974
5681,98090720.00305417
5682,119621763.7802906
5683,84258528.56489123
5684,87158773.46223767
5685,100969235.94557124
5686,120577693.38633548
5687,135007619.6764915
5688,136115428.7925622
5689,129942348.53452678
5690,112818403.66591813
5691,111103577.13533723
5692,116179306.5003241
5693,82403447.74402559
5694,106610384.22680594
5695,87503029.26994975
5696,65929974.1816636
5697,65240861.43155377
5698,18377428.20078862
5699,17528614.460813385
5700,5345780.794891266
5701,73539422.40001515
5702,0.0
5703,54387843.56685377
5704,4851225.390321849
5705,0.0
5706,0.0
5707,34670438.11191348
5708,38050218.62526532
5709,46034028.7287846
5710,44502740.907931656
5711,52952060.61233617
5712,57109079.18081403
5713,59191732.1113729
5714,41255144.329297595
5715,59399301.52167655
5716,83312377.31785432
5717,95576349.90004283
5718,87827928.23812063
5719,55569092.47561441
5720,91290603.25728804
5721,76831378.40508597
5722,65902629.035926744
5723,62005696.03483256
5724,69416196.76564321
5725,18515405.458875977
5726,25231843.773247566
5727,25484481.09163332
5728,47652433.25025821
5729,40644621.41780349
5730,39076885.68333158
5731,41645316.55686762
5732,40644341.14033117
5733,32102727.525489673
5734,41636105.33428493
5735,60661128.24361841
5736,63837491.26935526
5737,61851525.98367389
5738,75969307.95495844
5739,75835719.54626434
5740,67407839.55947709
5741,61851525.98367389
5742,54328901.44126413
5743,29723444.83216445
5744,6405899.161349294
5745,5961119.11313015
5746,6424105.443322326
5747,6008716.981352741
5748,19309500.29682309
5749,0.0
5750,12267706.033168914
5751,38245202.62663691
5752,63901340.67144487
5753,57004318.791482165
5754,32624467.51196307
5755,53712502.252360284
5756,75953645.81154005
5757,79941813.24645184
5758,85157269.53316584
5759,85933840.41597785
5760,76504880.85490386
5761,75962761.45290212
5762,82474245.3748283
5763,81253519.44647932
5764,106219280.33879977
5765,106748281.16163033
5766,97264451.46480584
5767,74266671.53606577
5768,36698989.111014076
5769,55757836.187054925
5770,52548814.68589033
5771,40665670.51443468
5772,24611876.291057024
5773,71083611.37371397
5774,52548814.68589033
5775,61686605.5453425
5776,45402411.586175404
5777,61406200.56600311
5778,63441996.697171174
5779,67642327.12401657
5780,52486858.05780736
5781,42230162.38347493
5782,54746886.7977463
5783,46884994.65389211
5784,53914945.32777931
5785,39719414.317636624
5786,46141241.67693042
5787,50918596.709137306
5788,43581723.41616132
5789,36769759.04124908
5790,33975668.61650743
5791,25934924.02359573
5792,16674942.347557865
5793,0.0
5794,3967866.7104031425
5795,2225204.6879540104
5796,7834027.684720381
5797,7749451.990745317
5798,6281647.137022158
5799,11910023.287779648
5800,19914891.802985523
5801,13707519.527018555
5802,50320238.99686396
5803,58377783.24650961
5804,34733483.714610726
5805,23233348.450101078
5806,16596205.481914476
5807,11351723.651928622
5808,28666714.052385047
5809,47295469.44877463
5810,57906345.351511426
5811,71083611.37371397
5812,95133109.55084632
5813,87012717.56255877
5814,57737637.97258617
5815,46115043.67358063
5816,31111871.59920188
5817,28026896.339650095
5818,42575582.78212117
5819,27572456.67999972
5820,26461111.197026685
5821,16447139.63239896
5822,34120657.14056355
5823,25626462.619333044
5824,20753376.91669647
5825,16425140.084285108
5826,11041130.978662794
5827,50217758.177862786
5828,67674785.59405337
5829,34733483.714610726
5830,19505256.84920716
5831,34676274.46609708
5832,28551011.753303315
5833,9908903.659993742
5834,6975840.021664942
5835,9284473.625588994
5836,10292261.057263613
5837,10406006.108524496
5838,9496982.088475764
5839,9864632.650710406
5840,9147404.446710898
5841,0.0
5842,0.0
5843,0.0
5844,0.0
5845,0.0
5846,0.0
5847,0.0
5848,5751662.502014754
5849,0.0
5850,0.0
5851,22902143.296106428
5852,40971696.890888825
5853,45124756.175972715
5854,55956519.10344038
5855,15655348.559253976
5856,0.0
5857,2223508.2263703905
5858,8817237.711689757
5859,10306287.231544236
5860,9509486.578192085
5861,12045419.613506613
5862,12350054.24107601
5863,14081065.236990511
5864,17125057.430415124
5865,1364816.2488698096
5866,0.0
5867,7947857.320492098
5868,41414803.82011597
5869,35805704.92844355
5870,47104793.9711286
5871,41905900.18837603
5872,63966594.576742746
5873,81806913.4001397
5874,78465167.25161691
5875,96543372.63473843
5876,87433697.38194008
5877,88865329.83423571
5878,101571198.30932555
5879,107204045.0648741
5880,112591224.18029623
5881,125617973.13702473
5882,139810045.8182931
5883,151068126.2886941
5884,153724480.13670984
5885,136082204.95256016
5886,136354099.66618332
5887,127841685.13548382
5888,106371603.50388879
5889,76105882.96601313
5890,100167092.52217045
5891,110789232.22346951
5892,112098186.48678418
5893,123530867.883411
5894,113039000.6212698
5895,128443687.47912928
5896,153757735.50897455
5897,137438809.65787083
5898,136082204.95256016
5899,96693544.5911839
5900,103398453.11947936
5901,117431115.27179728
5902,116310202.06458405
5903,112591224.18029623
5904,120421405.91976012
5905,144590627.74865666
5906,124536397.37332298
5907,116653774.35517673
5908,111969718.45885046
5909,156760637.7870621
5910,175797457.0712374
5911,152421755.90092608
5912,95743542.95207684
5913,131346241.5219067
5914,121819817.53716035
5915,128934562.42181301
5916,125606681.82172725
5917,110654735.14992668
5918,111858894.58541471
5919,108137340.6168376
5920,95827299.15508913
5921,89856866.78539468
5922,92712783.94443655
5923,67020058.06757107
5924,90894030.92631993
5925,143629273.8859057
5926,165362922.52542886
5927,155806862.23222783
5928,129001642.16966361
5929,169137212.16477185
5930,174061009.2403311
5931,179945694.9285677
5932,163249385.79466408
5933,185106078.10481617
5934,168278964.94024107
5935,174314530.613203
5936,207490517.95274407
5937,125680635.37681447
5938,162376900.07137305
5939,170431833.9654225
5940,204174914.02203012
5941,216507725.81515095
5942,222207672.72781354
5943,210914974.8846472
5944,226571975.5233103
5945,178374428.99256507
5946,162896089.81669012
5947,158059812.1767733
5948,190318271.52329212
5949,182388519.8730252
5950,176752231.5950231
5951,210057761.7151153
5952,229997443.49021196
5953,241509014.40013775
5954,219255953.0735969
5955,237246108.85546666
5956,271647603.94054943
5957,222612881.02741298
5958,245072661.66312218
5959,256488962.21052635
5960,189498530.55295956
5961,174925841.0684887
5962,228236002.46481702
5963,229971985.3128222
5964,249962677.242366
5965,221349153.3727642
5966,213437335.1027344
5967,226571975.5233103
5968,237718237.1737929
5969,245028084.96133578
5970,202256852.3602647
5971,198337361.60092777
5972,206356558.1544727
5973,198809189.24847633
5974,196712738.39337558
5975,230964512.9219617
5976,219255953.0735969
5977,242802137.79622176
5978,180589403.03330165
5979,220012007.0566345
5980,230395088.1790931
5981,236527847.9328032
5982,177956705.9779974
5983,180367688.35235992
5984,126932178.54171373
5985,144705751.48392302
5986,108626223.7906239
5987,156760637.7870621
5988,213149480.03329003
5989,160587948.75936928
5990,148089175.9387036
5991,116161986.88830723
5992,73760966.3062318
5993,149095117.8832991
5994,203889101.71858776
5995,167086879.34598532
5996,165362922.52542886
5997,197188588.31789005
5998,209078752.90769216
5999,220523688.1732809
6000,240754162.8013527
6001,215163462.61765337
6002,233053741.03607875
6003,230395088.1790931
6004,227270372.7480983
6005,228079461.92481762
6006,240754162.8013527
6007,209297706.67871282
6008,241570186.17796272
6009,215109400.8400113
6010,321987430.88839895
6011,325156918.8538453
6012,344280599.2256273
6013,308990888.7778015
6014,344280576.5202252
6015,344280406.37810224
6016,344280465.0863471
6017,344280440.6153043
6018,341064233.6132963
6019,324593168.6592544
6020,255782798.2745378
6021,264184163.69935176
6022,308087670.15758055
6023,308537571.73223364
6024,297351943.91093034
6025,252747275.0466492
6026,236311625.7632153
6027,204856518.84478185
6028,190761037.04505825
6029,166396702.92157924
6030,162269733.55729184
6031,146680916.56704658
6032,108768626.2017274
6033,72181509.60296527
6034,45444640.125485994
6035,10220509.925387463
6036,7838853.257664498
6037,15317848.171991415
6038,11227639.755927108
6039,0.0
6040,26308787.435234506
6041,0.0
6042,0.0
6043,22839828.965521917
6044,34994641.16597855
6045,42171350.49629319
6046,36461028.78238448
6047,48397579.043316424
6048,37182551.763652645
6049,51775355.1827068
6050,29317870.23837269
6051,32700195.76691319
6052,51599850.366086565
6053,53401098.879858695
6054,42841028.661242746
6055,42841028.661242746
6056,26532168.298494995
6057,49482487.111461155
6058,40206999.102535725
6059,32701168.35163463
6060,16074404.744378366
6061,11548033.898886774
6062,30373586.706290275
6063,17173411.18576979
6064,9851239.112947006
6065,13608388.579590278
6066,29790655.741532527
6067,32387138.194938686
6068,36169853.081501886
6069,19914891.802985523
6070,13192240.279495625
6071,5652836.108035378
6072,5765335.439613278
6073,6276102.073663114
6074,0.0
6075,10089611.093172265
6076,16122656.817469174
6077,8648857.816012613
6078,6466327.331664107
6079,6405899.161349294
6080,5716179.857383482
6081,0.0
6082,16980164.48825968
6083,14585895.690988515
6084,10594956.923714248
6085,0.0
6086,0.0
6087,0.0
6088,0.0
6089,6129543.7751414105
6090,11947791.47451428
6091,0.0
6092,0.0
6093,0.0
6094,0.0
6095,0.0
6096,0.0
6097,0.0
6098,7037360.383657739
6099,27356440.944970496
6100,42552554.93824328
6101,59869707.62870763
6102,73931940.72129625
6103,134315246.3685218
6104,175119349.49401656
6105,191463984.40885192
6106,57110049.95966859
6107,79964367.42028968
6108,90059250.05585556
6109,138298588.08057696
6110,210217767.9466589
6111,115932236.2199597
6112,113372813.23929779
6113,164168737.3089564
6114,198291897.20451212
6115,263233489.4357715
6116,275549389.66679585
6117,307623097.6386543
6118,344280455.273895
6119,344281238.9832869
6120,190341930.45412287
6121,139050152.07413498
6122,99406728.89591154
6123,187121563.3426988
6124,124446115.82642044
6125,167981769.2080515
6126,169685863.7846325
6127,156964863.4214736
6128,241426503.69391495
6129,282593790.52044505
6130,319736176.4981815
6131,284941409.1872043
6132,295933423.1303722
6133,344280430.4619214
6134,344280586.340291
6135,344280563.32508326
6136,344280591.337886
6137,344280523.77568716
6138,344280516.56211346
6139,344280594.8568589
6140,344280594.6291183
6141,343511246.3993648
6142,344280453.66948384
6143,340822309.18928796
6144,239476218.21715677
6145,239257344.28629458
6146,177069046.83153045
6147,203548483.14450473
6148,160885600.9538021
6149,192096994.38290685
6150,164267450.75033075
6151,147961825.55031422
6152,137429177.48125374
6153,149737670.27325127
6154,182284854.2003365
6155,203019783.7848759
6156,159169119.03857887
6157,232283146.29179955
6158,223124114.85942975
6159,181011037.4817773
6160,206447293.17732403
6161,143880410.65950292
6162,128838719.55514167
6163,103355636.41686752
6164,138734784.1826613
6165,118740203.76714356
6166,131930558.83490635
6167,165431311.15073672
6168,197618996.54949546
6169,226553889.652766
6170,227217678.6828037
6171,237597224.03647864
6172,252190503.44266164
6173,251277207.0809538
6174,261058267.5244788
6175,272470042.48026
6176,316799133.01561457
6177,344280384.91638446
6178,327409982.82490844
6179,324112870.8626969
6180,344280577.17309636
6181,344280556.8534246
6182,344280601.23145485
6183,344280589.97202325
6184,344280590.03691274
6185,344280590.03691274
6186,341974097.0055212
6187,330032624.87009746
6188,341798239.64022875
6189,344280417.46275866
6190,343478382.81872106
6191,275967650.3741666
6192,262178959.1837518
6193,215383064.95696753
6194,251887869.6327873
6195,244345550.8826707
6196,211339526.9222497
6197,139927635.17196047
6198,111148926.8671918
6199,61502495.343022555
6200,53027504.252225235
6201,72785939.5640613
6202,69589618.40345523
6203,36305206.52223155
6204,55457194.736323364
6205,44792341.89910774
6206,72214516.3389025
6207,55569092.47561441
6208,35533033.39408663
6209,38952503.32271582
6210,44447034.5287516
6211,59196926.485985585
6212,121296571.2838913
6213,161530610.31731236
6214,181337310.59947792
6215,195001339.6649723
6216,174717660.89795092
6217,135330981.76430318
6218,89593325.64908163
6219,78625692.0006355
6220,78287579.69874154
6221,60217148.09810656
6222,67667459.6688441
6223,66760711.38870061
6224,49742579.32067384
6225,56214500.80526123
6226,69578257.17745106
6227,73521219.8040496
6228,66707470.5046226
6229,89064139.82198657
6230,112166729.6882188
6231,174492131.76395848
6232,182749923.7097768
6233,119281010.1507651
6234,82039518.39532389
6235,174190954.809936
6236,227088329.99854437
6237,286132669.8427953
6238,286768322.91662085
6239,270727061.77125627
6240,248144847.38634905
6241,243083691.33201092
6242,251454205.79746002
6243,245841803.38429394
6244,255355277.20103645
6245,224819618.35682097
6246,164971367.76582474
6247,100487788.81778066
6248,85559924.26201087
6249,78287579.69874154
6250,100800128.91640954
6251,54186479.48301457
6252,97649651.68932243
6253,63882083.240637474
6254,26093172.811913993
6255,77316968.99603264
6256,93803339.88173929
6257,113100450.38978858
6258,60811678.862898074
6259,86723485.79010986
6260,107867583.30270545
6261,121005876.48031428
6262,100221749.02743931
6263,68165419.25617465
6264,48494881.610301845
6265,46471404.011386015
6266,61114126.1084765
6267,89619143.43829009
6268,132872473.63847041
6269,93230205.46448597
6270,90485464.52423665
6271,64936387.523949474
6272,23618902.798876625
6273,0.0
6274,0.0
6275,5120326.929804755
6276,12100117.561833028
6277,6337478.553615079
6278,33664872.09811382
6279,63403572.401455596
6280,29615082.868097514
6281,36279529.084497094
6282,24189619.3380488
6283,25791358.134547547
6284,27461032.801258486
6285,17633591.962596506
6286,13903110.847694913
6287,37509049.30718393
6288,21067389.3412516
6289,8637908.790168913
6290,10273088.237474794
6291,13560273.332579972
6292,12520964.14090574
6293,10041742.565301543
6294,13261817.117386645
6295,23594956.6741639
6296,20753376.91669647
6297,8843528.940322075
6298,7475425.827234372
6299,3676459.0304230866
6300,9377763.16343071
6301,9691295.914624454
6302,5104959.531024009
6303,1013325.9491871508
6304,6942776.076645454
6305,13714671.937238036
6306,24523734.774051175
6307,42261260.55969108
6308,30517424.08652456
6309,17876661.87813047
6310,8236395.1404555375
6311,0.0
6312,0.0
6313,10521371.586729366
6314,15092250.785766292
6315,16448533.78402452
6316,23413995.16579281
6317,22206761.477839034
6318,18593236.591159523
6319,17752798.94693339
6320,11687351.407887015
6321,13663494.191993926
6322,0.0
6323,1207071.386524705
6324,5861476.864044629
6325,19966417.22120644
6326,13105866.531625206
6327,11995847.899071269
6328,13583221.151422612
6329,12900178.607882055
6330,2188831.6627646764
6331,0.0
6332,1800630.3423448706
6333,0.0
6334,0.0
6335,0.0
6336,8939943.283610756
6337,27055399.367175117
6338,46725582.09561415
6339,59150524.399610825
6340,67292727.8675122
6341,49735419.42246226
6342,42850914.3690572
6343,42552554.93824328
6344,54965716.06293822
6345,65531358.48952209
6346,25926624.369197115
6347,28701885.549379908
6348,43200329.61858695
6349,42723887.37844723
6350,32396077.299389627
6351,37767348.39638368
6352,32439539.17485953
6353,31347941.649535544
6354,40501881.11324914
6355,68513437.44770615
6356,85331380.67853458
6357,91167717.88737576
6358,88914378.64242004
6359,81547839.00480153
6360,112679575.12482202
6361,101478654.63783027
6362,101478654.63783027
6363,107164330.77273616
6364,85841465.22886913
6365,70646246.17335697
6366,79404821.10950045
6367,101720652.27728753
6368,105716929.22324842
6369,158962028.87467793
6370,93799709.0006156
6371,48562071.59922232
6372,60286807.660560295
6373,30418118.883075565
6374,43432580.34351
6375,48588036.172523335
6376,59512307.83311297
6377,62957071.32464138
6378,108630718.72329079
6379,113899868.93809271
6380,113899868.93809271
6381,86145821.25836577
6382,39908930.88169811
6383,10460189.259913946
6384,10161711.993390406
6385,17943744.348572038
6386,35633659.22844757
6387,31860727.05920594
6388,34909059.1840391
6389,42759079.699093506
6390,34909059.1840391
6391,37443492.47045238
6392,23110604.323959846
6393,18473708.057699714
6394,29210775.204384938
6395,21108790.471105166
6396,15624172.879180605
6397,2112334.8552473644
6398,10161711.993390406
6399,8121736.462807914
6400,11761994.17229493
6401,20205166.978742983
6402,36666677.5095255
6403,46745243.91726202
6404,39596528.72279878
6405,30273326.040511407
6406,26172098.110643737
6407,21237558.096876815
6408,15402074.881426454
6409,10565345.407433968
6410,9142664.551902529
6411,12991082.069569694
6412,7554875.867204557
6413,1824813.8371823246
6414,0.0
6415,1753895.3182674882
6416,7588359.566357998
6417,8440910.160319371
6418,4903821.078536354
6419,2112334.8552473644
6420,5621447.287882312
6421,2058967.2665217002
6422,14440385.51049387
6423,53849291.10282658
6424,52475354.204653226
6425,44314122.36165581
6426,35072826.81931241
6427,26359447.615437236
6428,28906090.76383134
6429,40960045.17428668
6430,64915188.84871642
6431,80106854.65518907
6432,79167908.84715539
6433,79513044.83797796
6434,110437555.67355108
6435,115455432.15255807
6436,142641727.81658408
6437,160387320.71420863
6438,207702539.12705582
6439,134601242.0947654
6440,205168549.6808984
6441,222367480.01705244
6442,262595300.43749905
6443,188354460.57866785
6444,188354460.57866785
6445,271726250.9145749
6446,319379520.1593489
6447,298854240.17823553
6448,104388193.58799787
6449,6750034.320118908
6450,6401177.302423174
6451,18566815.08837961
6452,11023124.673559764
6453,6503740.082813341
6454,11540403.242842507
6455,26716925.149621986
6456,18850197.18837347
6457,23307889.308375586
6458,16806267.992256366
6459,17813138.6308275
6460,1864793.1695047733
6461,3552865.2938895994
6462,25242016.811205663
6463,19730091.94314519
6464,28438033.67355612
6465,24507912.121200535
6466,19894509.830884956
6467,29632778.04083699
6468,27238389.690757275
6469,18252608.602082096
6470,14090430.154710758
6471,13858589.227208674
6472,11142635.523473926
6473,17943744.348572038
6474,26948861.767557874
6475,27664390.930481836
6476,38387771.307391405
6477,28876690.319330744
6478,26565716.65086207
6479,26948861.767557874
6480,19599137.480260678
6481,25734482.041168265
6482,15808010.583800947
6483,19931020.963633884
6484,23537572.129254825
6485,22815438.202775538
6486,20519396.89805568
6487,22886676.697427675
6488,24362192.282935917
6489,21634818.64623916
6490,16245404.861878619
6491,9293250.234423637
6492,8357218.396850001
6493,0.0
6494,0.0
6495,17202207.142368205
6496,16184800.347171815
6497,5201582.416333501
6498,0.0
6499,0.0
6500,0.0
6501,0.0
6502,0.0
6503,10038035.246347599
6504,13374660.620400414
6505,11351723.651928622
6506,27453520.888824414
6507,106610823.22079735
6508,129731656.68631038
6509,129675516.00780304
6510,149407712.30897954
6511,107954819.03498684
6512,151367090.7667868
6513,130534357.33436981
6514,244197029.48223987
6515,201689343.05346394
6516,162144529.8405416
6517,156951760.76876542
6518,131418244.90276782
6519,193874294.58210573
6520,118706520.22786915
6521,94127370.12017474
6522,137382917.32093212
6523,168640194.05813113
6524,166965766.57035804
6525,113136735.23164903
6526,128471429.9929035
6527,94308992.97466804
6528,96009390.75322379
6529,85007434.10124294
6530,60368838.1371786
6531,49505881.17011218
6532,38855733.723952554
6533,38855733.723952554
6534,39326002.76606848
6535,38535427.482171744
6536,26791890.374727603
6537,8149893.735697945
6538,4727933.455961866
6539,0.0
6540,8623151.762574248
6541,32812336.736631576
6542,70153696.5720933
6543,80561302.52111478
6544,57443455.58567458
6545,70499425.49875486
6546,85315336.55338115
6547,101112887.2181662
6548,167201051.8156988
6549,221675405.2201132
6550,243916331.52881572
6551,247819075.79725114
6552,294722620.94301224
6553,339589761.8467888
6554,338236789.7728309
6555,333049568.7434632
6556,344082120.0063657
6557,344280494.7638933
6558,344280488.61391556
6559,332563431.51264715
6560,276689683.9707767
6561,204079836.30930802
6562,100614569.22636184
6563,129403747.22701932
6564,49805214.08442809
6565,62196505.45324382
6566,92109889.08287784
6567,105429832.20728016
6568,60607362.27033782
6569,96004187.83351701
6570,92171232.35745262
6571,84946598.05781275
6572,100639452.09308928
6573,129364801.05468057
6574,93234499.92969406
6575,110149746.14433482
6576,84574168.27755997
6577,83857448.93984288
6578,137387967.01735094
6579,52768293.973654404
6580,67072798.70603629
6581,75045027.86313614
6582,61102369.87158894
6583,59204528.24022723
6584,94387676.03147219
6585,107784938.27319518
6586,97654737.76336162
6587,134114983.75801484
6588,228451178.24744567
6589,214575337.45755893
6590,266919366.84898338
6591,212637782.97123718
6592,231293339.65882388
6593,203660008.19926897
6594,152447356.5225129
6595,201990999.80427784
6596,231284752.53441167
6597,182127059.0491236
6598,239095132.5375283
6599,238614545.0377134
6600,175716428.26884153
6601,182572867.75585407
6602,177332174.88040283
6603,173012857.6014519
6604,190797929.58835116
6605,213221339.03527376
6606,211712642.38601542
6607,167155056.00199547
6608,144358392.7530838
6609,142108651.61445644
6610,231238402.96984503
6611,239689224.43020204
6612,193796545.62095279
6613,171316185.65223208
6614,159873159.06024185
6615,195621201.2640967
6616,122982605.40949881
6617,102968449.12369111
6618,105288784.89133525
6619,82107141.80758688
6620,59047857.77003232
6621,46624572.84324004
6622,38513181.60396949
6623,24412964.46009833
6624,31649399.648318984
6625,33498006.889532775
6626,38358610.92916834
6627,33716253.04421914
6628,17752798.94693339
6629,41395595.34794334
6630,48668676.18829747
6631,70958318.75754705
6632,80935082.06992795
6633,81866014.74164975
6634,87030514.85900384
6635,263226054.58236405
6636,293153861.18849635
6637,311977944.5327361
6638,268933929.21910334
6639,268298294.43042576
6640,278369262.84262913
6641,261201184.5249067
6642,275879878.73730963
6643,315343264.20062083
6644,344280466.5194572
6645,319382270.5113079
6646,258458023.0682594
6647,270120016.4659878
6648,234475584.5184712
6649,289602759.6643608
6650,252133326.79298025
6651,216513327.4798599
6652,232762312.14326492
6653,255056224.95870158
6654,258544928.319121
6655,337778499.1932593
6656,344280499.6911488
6657,342581953.0159633
6658,344280588.1204935
6659,344280493.16194934
6660,344281390.3438487
6661,344280542.672876
6662,344280571.75738305
6663,344280619.8285554
6664,344280868.4648508
6665,344280471.84714574
6666,344280656.5620872
6667,344280539.8399522
6668,344280446.0840814
6669,327096297.92379475
6670,188264212.57026294
6671,286490892.728311
6672,279958141.71458566
6673,294387377.9450163
6674,278470302.6665579
6675,325477281.22025853
6676,344280576.7333447
6677,340070960.1915634
6678,289748230.0977909
6679,337017083.73415494
6680,331151869.4338034
6681,344280528.2540338
6682,344280426.8538244
6683,344280616.61624044
6684,344281373.9159524
6685,344280673.642477
6686,344280883.23844826
6687,318634288.4560897
6688,344280591.3683779
6689,344280509.53064334
6690,344280490.76175404
6691,344280459.92424995
6692,316834403.9017342
6693,344280532.41045666
6694,344280561.30098873
6695,344280409.11021703
6696,337747004.61907136
6697,344280550.96919864
6698,344280432.52279615
6699,344280597.5561414
6700,344280545.71810967
6701,343213089.83449686
6702,344280466.53077173
6703,344280586.919464
6704,344281036.0695809
6705,344280717.7595357
6706,344280472.49648714
6707,323765579.7275609
6708,344280472.49648714
6709,344281179.72432274
6710,344281283.4628488
6711,344280894.0752853
6712,344281051.649976
6713,344280935.88702565
6714,344280486.36502963
6715,344280593.4324837
6716,344280433.9207228
6717,334449829.9097158
6718,253785324.18422058
6719,245819484.3672934
6720,170225035.63075152
6721,144325972.42309642
6722,60072666.20046073
6723,101888278.1437837
6724,55603970.17899192
6725,76178172.17196892
6726,95420356.62021613
6727,121827204.89893721
6728,63527923.92538011
6729,117026194.68940605
6730,99255595.47034252
6731,113693483.07542714
6732,123085458.85470112
6733,96713430.3536869
6734,140376599.77842712
6735,219607946.01102427
6736,232682609.95761105
6737,158792772.53988266
6738,147961825.55031422
6739,135584272.20730153
6740,120388309.21062864
6741,94589133.3583982
6742,75200421.9353333
6743,66658337.78801536
6744,49727759.24309958
6745,50044901.95617374
6746,60305382.99865161
6747,70701095.01406135
6748,51536258.691457346
6749,40760490.41668847
6750,35939993.373646945
6751,28205001.689578198
6752,50031586.921665184
6753,53312783.070277385
6754,89343536.25101952
6755,122910943.95347734
6756,164446538.5453042
6757,206275988.88248312
6758,173960337.51169544
6759,118679869.80968128
6760,102366416.54519665
6761,114326535.68819012
6762,143602964.7663136
6763,147669093.75296244
6764,158137488.63014948
6765,177376464.87633678
6766,218079209.12702355
6767,228488734.01686397
6768,255506211.51811403
6769,252252647.30078852
6770,257183366.90470928
6771,209771293.04169437
6772,230473902.22801173
6773,198273349.062677
6774,203437776.7519153
6775,209193343.61681148
6776,197416519.6715613
6777,266173955.15565336
6778,109692783.47465976
6779,112422679.90096085
6780,231481502.68310297
6781,175943893.35157698
6782,90778630.10642159
6783,56336499.597654566
6784,145057598.50584853
6785,117967289.82189079
6786,133352170.14037313
6787,134562849.4631145
6788,168944258.0132198
6789,190782956.54029623
6790,203374265.68199998
6791,210448471.34339058
6792,246501701.64984933
6793,172345920.2687516
6794,229654040.2383769
6795,243061838.19706964
6796,221176997.9219594
6797,181046023.11034608
6798,159169119.03857887
6799,181293080.20063674
6800,157198822.85190782
6801,201005066.7928646
6802,215584928.98365697
6803,244600323.68999425
6804,236974157.99258676
6805,194894949.0264692
6806,167305366.114585
6807,149229076.8167765
6808,82253092.82310325
6809,78438494.45919262
6810,61005318.667993695
6811,54940084.584586486
6812,32554791.339374684
6813,7762368.466910713
6814,23511547.179258518
6815,44845257.93806204
6816,33917186.196006395
6817,36507781.444549985
6818,38242888.13768641
6819,45951678.22425883
6820,32510393.715718575
6821,33655621.778176166
6822,21330537.235872984
6823,21330537.235872984
6824,18198074.81925491
6825,36518503.12679612
6826,45957649.02817515
6827,46975161.13720933
6828,122860522.89049858
6829,118444973.98097251
6830,113629234.82219242
6831,136013113.67288515
6832,73696338.1920152
6833,129988744.88765529
6834,137038026.540934
6835,119854403.89765497
6836,91354999.77093175
6837,100622130.17351647
6838,92023045.1954022
6839,107164330.77273616
6840,95556257.66987444
6841,114005929.7555569
6842,113899868.93809271
6843,110523247.28761192
6844,81547839.00480153
6845,89729531.96383019
6846,88513840.54258503
6847,92204916.75034793
6848,113777755.87800565
6849,65034144.954101235
6850,60662386.08684793
6851,49484044.38750415
6852,107174746.26584612
6853,62083369.42066234
6854,38200901.547600105
6855,38542254.61453279
6856,18618214.535590153
6857,9331787.914517444
6858,17066229.728022326
6859,16320295.35358394
6860,4713131.483882848
6861,0.0
6862,8566321.225882059
6863,11217272.331577491
6864,7053640.924136367
6865,3969559.29387979
6866,0.0
6867,0.0
6868,0.0
6869,3613331.351158716
6870,21241347.17904353
6871,44708468.77828041
6872,52253606.78199208
6873,58718061.34723145
6874,38342445.16000423
6875,43962088.45154984
6876,94322309.23405884
6877,74708968.07953356
6878,60494496.7069419
6879,20989807.02986191
6880,20073837.89480248
6881,52400164.70837399
6882,102101227.73871988
6883,122680511.72192511
6884,114451791.95334978
6885,113777755.87800565
6886,109799607.6313885
6887,82730996.85791461
6888,104128069.29228713
6889,85071078.90099265
6890,66202803.518325195
6891,46109528.20271224
6892,22677377.30548697
6893,11952450.890015775
6894,6609730.695442846
6895,0.0
6896,0.0
6897,8968940.103333034
6898,19206619.01181837
6899,27046726.73011726
6900,64261008.25482115
6901,105479702.68150347
6902,137790405.24359018
6903,205943909.33635473
6904,259469104.21897438
6905,258463870.26530758
6906,281817142.5879761
6907,337541424.12417054
6908,246111340.58029956
6909,174766646.60112873
6910,138757428.7868787
6911,124624363.39737515
6912,79739782.28509112
6913,75799958.715368
6914,89026434.53495559
6915,124552157.29116052
6916,151618134.04642457
6917,221048648.1536749
6918,224824261.2024004
6919,123435951.62471658
6920,332688405.3055896
6921,320386487.38783973
6922,344280457.868114
6923,344280967.5196063
6924,344280591.1913052
6925,344280580.3095558
6926,344280633.92169726
6927,344280810.0946691
6928,344280704.7577694
6929,344280580.3095558
6930,337024949.1119028
6931,287101656.43549925
6932,236025565.05725643
6933,128125501.50765906
6934,104537079.1995377
6935,98669756.41779242
6936,59684518.86894656
6937,20740690.937007263
6938,14143256.081992485
6939,35224622.46568883
6940,36270578.832113914
6941,105904193.30451056
6942,139018280.31153342
6943,168561877.8439715
6944,191266137.7398323
6945,246325136.5038334
6946,235549726.5209577
6947,208053108.03101057
6948,247372869.76618996
6949,289297722.45902497
6950,233836095.14448634
6951,123910529.5106207
6952,117468785.2250704
6953,165365122.7172037
6954,225628006.37306467
6955,234158386.25430253
6956,192348512.25865716
6957,191342642.4806182
6958,155037291.954844
6959,148634667.51371408
6960,177349189.99791902
6961,201190149.73700786
6962,228198199.98666838
6963,239142945.2521054
6964,248792923.5444148
6965,249253596.34509924
6966,260442201.4325099
6967,228609945.13558802
6968,251224826.42083094
6969,194405303.46080425
6970,156455856.7726353
6971,219841760.72987312
6972,296964718.0120079
6973,248263644.46086758
6974,288620725.2981336
6975,274948471.75483364
6976,181278036.6536559
6977,156316065.51334164
6978,110586545.55781937
6979,101726567.63455759
6980,114422430.82593271
6981,80676716.87711477
6982,69677328.47692578
6983,58236904.24375897
6984,42383456.05002105
6985,71819518.93212509
6986,52390421.24749746
6987,42575582.78212117
6988,28861599.42280106
6989,10920118.80963873
6990,0.0
6991,0.0
6992,0.0
6993,4053398.730771276
6994,11135861.402067844
6995,0.0
6996,0.0
6997,0.0
6998,0.0
6999,0.0
7000,0.0
7001,0.0
7002,5690736.7342718
7003,35606344.582546785
7004,71223334.79079635
7005,69182466.06962241
7006,64659499.689743735
7007,70822679.80809747
7008,89625624.15553266
7009,101695633.1765731
7010,108174494.93586373
7011,87443698.354998
7012,74946903.46931267
7013,80880053.45360924
7014,89848806.57196204
7015,84267295.35650344
7016,105247312.51161572
7017,166462942.7478879
7018,114401626.80951427
7019,99567203.8356674
7020,183521509.55872318
7021,226685325.76404196
7022,206883679.63359478
7023,242997242.6241662
7024,303013700.7209201
7025,301324212.53578156
7026,279245466.4102294
7027,232359228.2634639
7028,244084965.32097146
7029,238673338.6402973
7030,171937285.619707
7031,142365025.96529385
7032,112404824.15667169
7033,72604424.97371185
7034,56584363.68398733
7035,63320599.164632306
7036,47738515.31863023
7037,92455687.85953723
7038,70702300.04068817
7039,61698313.57442757
7040,44485744.36523277
7041,42404886.94258275
7042,33625486.565403424
7043,18684729.419593297
7044,26505956.088878933
7045,61345291.56642725
7046,39928159.58041318
7047,62664044.43507342
7048,24472308.30384561
7049,25451550.711541086
7050,20378290.071814593
7051,26113431.01561786
7052,27044291.091674585
7053,17316344.787185024
7054,10161196.922952756
7055,7781094.100181594
7056,0.0
7057,0.0
7058,0.0
7059,10521850.448858012
7060,11333218.65261991
7061,21002818.207357902
7062,15036779.9184954
7063,19800883.251452014
7064,21609257.54438416
7065,34235055.99488185
7066,20422206.268853106
7067,13577197.93475705
7068,18818410.740515053
7069,33896611.61039049
7070,20991521.449770294
7071,42969969.595255725
7072,69633798.6177556
7073,41219489.94728327
7074,38808138.97528296
7075,79965773.70300554
7076,66429973.212401696
7077,74294956.06140943
7078,86780912.13602315
7079,90778630.10642159
7080,65031852.28451908
7081,54318151.95380287
7082,52374208.70893167
7083,33527593.2815172
7084,35724246.85161703
7085,30850506.615074232
7086,34934375.34662255
7087,34997973.71985176
7088,20046265.528676987
7089,30785725.382800452
7090,38491327.49625779
7091,15348278.382563325
7092,25225846.87682079
7093,36257871.91509672
7094,17208480.57576404
7095,13186677.546948347
7096,12976256.951792646
7097,58712681.378569245
7098,112591224.18029623
7099,136634252.6328955
7100,212905663.3300643
7101,251272594.3903009
7102,260808276.2946595
7103,272235846.14092314
7104,245042588.9387423
7105,287822421.1809099
7106,238180510.6308731
7107,224150534.6322733
7108,148531143.79901326
7109,122385938.95131758
7110,116187400.44209729
7111,133295257.92479269
7112,124409718.49650268
7113,81282888.15586929
7114,156096290.44824514
7115,194254467.65865853
7116,191441659.75964126
7117,152829433.85173628
7118,307792823.96957743
7119,258860306.03354573
7120,269424378.72418493
7121,235149245.16369286
7122,286270303.42200094
7123,310377526.5490614
7124,255185775.34342214
7125,344280582.2290911
7126,344280522.36337966
7127,343074973.4586395
7128,267912662.8772277
7129,230595786.88793164
7130,139501281.79473135
7131,85669837.51315959
7132,88835100.7167865
7133,145231728.88338846
7134,142533253.5268537
7135,120729304.4836358
7136,112188277.6329202
7137,104577734.4685033
7138,115797687.28524704
7139,108193868.04109652
7140,76685522.45968907
7141,75704821.07746269
7142,167981769.2080515
7143,67857990.22342937
7144,65174174.26107483
7145,74426648.08713393
7146,64611722.412575506
7147,58034113.25734165
7148,55101685.48256136
7149,70490131.43981554
7150,55101685.48256136
7151,54418707.232822895
7152,56437275.759780854
7153,40155562.67972968
7154,38828750.797064625
7155,31594518.249049544
7156,36014246.41630723
7157,24107785.532103952
7158,29576710.698090382
7159,70011255.35270113
7160,66295547.38205155
7161,72715760.22004893
7162,50726459.37973316
7163,76652927.10119317
7164,68482785.62144
7165,67074670.49689919
7166,66881262.96281568
7167,95676542.70008741
7168,144433436.8465301
7169,171122478.3021501
7170,234275738.92766026
7171,195169446.24497974
7172,218621381.94227326
7173,184684039.1532612
7174,142032704.12092933
7175,143974524.32345784
7176,124624363.39737515
7177,95360992.96476628
7178,97649675.19225575
7179,71407802.86437927
7180,99617789.23059282
7181,109405127.6398933
7182,75268531.89104842
7183,101717394.17187843
7184,97222660.9783936
7185,79361646.9625047
7186,84691824.41686606
7187,50761272.27566106
7188,88425089.61133058
7189,51757473.73126667
7190,71514727.93737449
7191,41929826.21186698
7192,54573744.41227741
7193,60559473.9302708
7194,113996354.39965037
7195,82580481.36450724
7196,159592569.7935993
7197,212517730.5565194
7198,136381522.93236795
7199,257743017.23484254
7200,210608214.65799195
7201,181153323.03181726
7202,173891873.34859475
7203,143871662.74309698
7204,81674242.1146296
7205,72701591.6171127
7206,50898851.54022447
7207,35662062.172560915
7208,52180960.46613512
7209,75360888.73915508
7210,76875699.3752183
7211,73692718.63293606
7212,33557193.29077124
7213,29501607.37922522
7214,55692167.27940513
7215,44165902.201949954
7216,58039012.82426307
7217,77571465.71695064
7218,129326565.00510101
7219,136013113.67288515
7220,202357501.0938376
7221,187932291.38359228
7222,197194177.19230205
7223,181669981.21660456
7224,175828118.22475225
7225,170436336.86185387
7226,149326224.79696307
7227,149529393.35375226
7228,131557621.16296965
7229,119848926.91834706
7230,167760384.45744103
7231,155037291.954844
7232,172333579.0440445
7233,116828115.36440253
7234,109133515.51078515
7235,149960791.59870636
7236,183669147.92291877
7237,145044715.65843925
7238,95997199.61831461
7239,42882632.11678248
7240,31979516.564095285
7241,42803053.55954236
7242,24435924.092523817
7243,7775687.293522309
7244,20938654.963393193
7245,16448533.78402452
7246,28808536.94150242
7247,33407077.597247645
7248,42179124.6346396
7249,47149126.34165672
7250,70644408.57332839
7251,115220599.42466414
7252,136164580.32449174
7253,143035358.73924494
7254,154078386.7573001
7255,133457678.09232272
7256,133396050.84126294
7257,94349839.89808026
7258,42971594.1452201
7259,25768032.142079372
7260,70650401.6047795
7261,87291213.91949753
7262,60218686.743891574
7263,38682683.179788426
7264,20744440.507704798
7265,48611920.63223064
7266,46723017.51957965
7267,66233919.93890709
7268,63369674.141909346
7269,61018377.32305507
7270,68494902.40291311
7271,55279204.68543593
7272,59528105.72646239
7273,43331786.05520059
7274,49267475.576045275
7275,47280258.70507521
7276,56039940.02400468
7277,59528105.72646239
7278,51532602.89812516
7279,60155452.77191374
7280,51859851.456531785
7281,50103043.79320578
7282,35550911.24591378
7283,53251337.55511561
7284,95024883.46912311
7285,96634649.25708194
7286,66706970.47290602
7287,33974756.429563604
7288,36760957.17354345
7289,48695906.836372614
7290,61480319.05192098
7291,36234738.74016489
7292,55483954.77349048
7293,55504189.55769621
7294,52412049.335717954
7295,60596229.22485341
7296,102608987.93942167
7297,209487529.17553517
7298,226448604.78669122
7299,268246956.91091737
7300,270264224.9993769
7301,322897683.56117254
7302,324887025.6606437
7303,292297158.4012997
7304,329043880.48857075
7305,288965902.68220234
7306,281301728.5452865
7307,300352924.307199
7308,344280729.6112265
7309,344280573.26006174
7310,344280587.7074938
7311,344280595.91130185
7312,344280504.11215085
7313,339211912.75105643
7314,331339580.3136017
7315,344280430.76136994
7316,340455628.3384113
7317,344280464.41090614
7318,343845975.87227106
7319,344280539.3286295
7320,344280565.224742
7321,344280386.14284194
7322,342401568.30955565
7323,279824754.91402346
7324,264164108.12136126
7325,222135913.6342431
7326,246927788.26436472
7327,191883316.3399497
7328,169876936.21674466
7329,143750693.78139406
7330,212781319.389623
7331,138505800.3472529
7332,145811429.3790566
7333,261545396.65934414
7334,240537481.22355422
7335,147156431.1489689
7336,153743591.7105152
7337,109833360.08383247
7338,164743234.6938081
7339,203116136.96917123
7340,107255292.88555382
7341,155278916.992817
7342,144769176.13542098
7343,266466083.57184705
7344,322624749.5293952
7345,339105079.9788018
7346,338236789.7728309
7347,343043452.142555
7348,344006099.6488404
7349,344280390.5287113
7350,344280442.62252265
7351,344280584.65209484
7352,344280395.6310985
7353,340131281.2063541
7354,275764101.2123789
7355,321979036.7542336
7356,257779663.26484793
7357,260824510.60079938
7358,249407886.88185802
7359,207992811.71920177
7360,243034838.95762476
7361,233697804.18706208
7362,224548310.82230487
7363,223395510.702527
7364,234375084.46782216
7365,219295152.9256827
7366,204910569.25425965
7367,185815927.62362495
7368,145610748.4749991
7369,196400411.92874783
7370,211701815.687288
7371,192841896.60554668
7372,164050645.3730241
7373,112215394.18635564
7374,127858635.48757519
7375,112818403.66591813
7376,134043801.28511976
7377,94562809.36326489
7378,152017018.31970027
7379,183521509.55872318
7380,245144056.3494369
7381,149516590.25716135
7382,160151171.16167274
7383,344281188.0789199
7384,344280581.45097905
7385,344281363.3395666
7386,344281141.38672596
7387,344280824.7025926
7388,344280620.4400346
7389,344280546.7944103
7390,261047376.18392766
7391,137496022.77223176
7392,118644180.51583815
7393,208876313.25500038
7394,160125267.04393876
7395,112318671.83396655
7396,108066995.97502752
7397,78486564.0046106
7398,78463518.30856651
7399,81216727.94687903
7400,104537079.1995377
7401,78261757.16405448
7402,72498657.93243651
7403,111565543.83455417
7404,55835312.11460843
7405,50683877.742792435
7406,78180094.94695951
7407,46435788.019996256
7408,43857840.44105427
7409,98969127.08752598
7410,79965773.70300554
7411,87973534.0247591
7412,88969942.72737889
7413,94980323.78130229
7414,123624523.8697997
7415,104547642.53429104
7416,222732298.51592225
7417,136509332.1155259
7418,260164061.82861274
7419,263233489.4357715
7420,341846141.80799264
7421,222791307.65185076
7422,161496751.7917238
7423,195099840.2176693
7424,92286613.25993408
7425,68792500.33771718
7426,55442346.17248676
7427,79565511.60978684
7428,77703296.7851294
7429,37831732.88541502
7430,105918111.52838673
7431,151618134.04642457
7432,193639870.79165515
7433,227144147.20015392
7434,278439482.90094054
7435,284697211.96773946
7436,275089060.9381973
7437,299368640.0528816
7438,296920311.92289704
7439,344280397.9496182
7440,338625605.5156562
7441,300339758.6386497
7442,337328026.4739309
7443,344280397.9496182
7444,344280929.59596443
7445,344280587.3737378
7446,289527524.6149433
7447,293226426.022579
7448,258316561.2654296
7449,250440286.2221108
7450,132162581.83534944
7451,240665852.92668578
7452,134388174.79273018
7453,276996548.79333156
7454,261010141.83819434
7455,227951133.87120357
7456,149574268.40612036
7457,98669756.41779242
7458,75545212.11964317
7459,60494496.7069419
7460,79041969.17205067
7461,96634649.25708194
7462,77313218.11210454
7463,72963498.4089268
7464,99980035.24362881
7465,152722684.60230568
7466,105918111.52838673
7467,129556984.42613359
7468,132686859.15920626
7469,183569709.96718508
7470,225793306.32110348
7471,218931267.33898288
7472,207433043.53273496
7473,238232675.27350372
7474,182670173.24710876
7475,215781619.09071562
7476,160387320.71420863
7477,161246995.79947564
7478,145010444.8340524
7479,297003612.4653025
7480,260341485.9940203
7481,242910884.7683803
7482,276327365.6629965
7483,268583550.1927574
7484,334767056.7263183
7485,273842143.89457643
7486,271404979.0000473
7487,274380010.1716734
7488,328865306.76083446
7489,343820399.8335728
7490,344280515.6377655
7491,327843667.521564
7492,344280377.20324504
7493,337778499.1932593
7494,319110630.4396646
7495,261441524.6505373
7496,231481502.68310297
7497,178672933.3790891
7498,211335829.82775784
7499,206892830.11540332
7500,195975409.8942685
7501,133063605.83739677
7502,150661126.93727502
7503,146419861.73486352
7504,77350607.26268867
7505,103432087.82117906
7506,64766730.53989723
7507,68498880.63313444
7508,65010187.493504465
7509,45489135.37020801
7510,73890179.98729552
7511,80165632.40594956
7512,67924215.35559386
7513,53117924.85613811
7514,95420356.62021613
7515,90304479.80584934
7516,92218240.29756574
7517,129009821.87269928
7518,140907598.51615295
7519,147823767.25414813
7520,185561027.10020024
7521,162442770.04568067
7522,138503080.2816461
7523,161816897.4554163
7524,294496114.3135688
7525,344280444.3447626
7526,273094021.9485995
7527,275702384.69206464
7528,278073443.37149966
7529,337687982.2231802
7530,341813296.1441244
7531,344280370.97316194
7532,344280592.0923438
7533,344280598.8763746
7534,344280552.7021333
7535,344280598.05436015
7536,344280586.64372414
7537,344280475.83961105
7538,342869576.80033314
7539,344078314.81103826
7540,344280590.2668391
7541,305436820.72561955
7542,301235131.91457635
7543,339698160.57898176
7544,302754919.07566446
7545,297010337.0893203
7546,336036981.445162
7547,344280463.2634873
7548,344280538.92711145
7549,327077422.5410631
7550,344280537.62061703
7551,344280519.6256842
7552,344280418.95518047
7553,344280397.3260384
7554,343977849.8630269
7555,339698160.57898176
7556,339668373.8109037
7557,340407393.1337212
7558,339267213.7335635
7559,324459638.0612511
7560,288623443.51426405
7561,252207453.25715566
7562,236094284.6647261
7563,206813013.67084244
7564,164366384.28427824
7565,128125722.90589927
7566,88346528.20663518
7567,83360199.7075293
7568,48877599.88790547
7569,63622474.099205874
7570,38487070.297808595
7571,31541373.33569826
7572,22030376.689620983
7573,23535577.448167287
7574,25693718.02294817
7575,25898350.64046134
7576,18861140.795933884
7577,14143256.081992485
7578,9866606.157622363
7579,12635891.076498788
7580,33355156.17858214
7581,18377428.20078862
7582,15213190.02995796
7583,13186677.546948347
7584,19665843.815073807
7585,12428230.555094253
7586,23426423.61147862
7587,9790380.179438433
7588,4772137.056511607
7589,3494538.5926016755
7590,0.0
7591,0.0
7592,6145027.210372383
7593,5536751.18895399
7594,4318120.311536713
7595,5157294.7453589225
7596,4371251.732194649
7597,11605581.218205974
7598,18727379.416471627
7599,37312398.41374441
7600,58178735.14731863
7601,75308686.52756107
7602,89838608.89623123
7603,84826461.96695042
7604,80239065.29946123
7605,117924278.65941069
7606,89437829.3161761
7607,67436334.17230307
7608,71165140.82803269
7609,92827396.71434994
7610,89827974.9366138
7611,82512741.73003954
7612,110675617.93498527
7613,146748633.65707594
7614,138181644.94488293
7615,153724480.13670984
7616,146839413.44639248
7617,171766158.64547035
7618,208864443.71414927
7619,266917530.3258122
7620,258354377.4143657
7621,196615292.85150483
7622,194114521.227352
7623,159358417.67024124
7624,169144617.66424373
7625,193219209.52129275
7626,187295994.62094092
7627,164737606.67175794
7628,161925935.5520811
7629,150931642.58757782
7630,130171710.68736778
7631,122608584.83178672
7632,110654735.14992668
7633,129226050.02329974
7634,133677265.6066955
7635,166162912.10706997
7636,182531016.0346872
7637,155103020.89839116
7638,156386180.19309258
7639,155887994.05900764
7640,174007309.85360628
7641,139937468.87255266
7642,186221544.5658055
7643,214616325.82533157
7644,262479048.56406456
7645,263462068.48615128
7646,260556512.81725863
7647,252358206.83640835
7648,232986010.85404527
7649,266570993.97992873
7650,305651672.3957192
7651,343017203.6471155
7652,343017203.6471155
7653,336405701.81766564
7654,344280435.89595544
7655,344280478.8355026
7656,344280601.34187645
7657,344280600.0956502
7658,344280577.02230525
7659,344280599.65352935
7660,344280606.9193379
7661,344281273.3032836
7662,344281295.3067083
7663,344280895.4809541
7664,344281248.8381343
7665,344280927.0472989
7666,344280979.5492678
7667,344280597.8939254
7668,344280581.78345436
7669,344280583.3956811
7670,344281045.6766428
7671,344280817.86157554
7672,344280582.09471005
7673,344280616.0608626
7674,344280641.30021244
7675,344280995.7589897
7676,344281021.11308455
7677,344281149.77902156
7678,344281309.8530422
7679,344281232.4842661
7680,344280601.78735715
7681,344280624.6294425
7682,344280894.0828232
7683,344280597.39066815
7684,344280590.6607048
7685,344280575.5927253
7686,344280587.8691955
7687,344280595.3834555
7688,344280589.8031033
7689,344280593.3491891
7690,344280730.2611795
7691,344280511.8382298
7692,344280700.6823272
7693,344280871.3165341
7694,344280512.63256836
7695,344281129.61508584
7696,344280441.80940276
7697,344280926.00451773
7698,344280514.7321081
7699,344280795.19814855
7700,344281148.0999187
7701,344281342.6102933
7702,344280583.46365273
7703,344280400.73367745
7704,293662007.9705891
7705,344280599.0203599
7706,344280576.4701783
7707,344280589.3454388
7708,337066724.60157317
7709,323579549.3092525
7710,318432426.8687832
7711,311992122.82592726
7712,283877698.8633247
7713,263501160.19228742
7714,223723237.64345434
7715,243750360.72272408
7716,296027244.84100294
7717,302038948.68858516
7718,293422657.61665046
7719,246280994.90143114
7720,228356577.71426776
7721,282674398.4285864
7722,309398503.3285594
7723,344280456.6214733
7724,306923852.1355906
7725,252308799.96016917
7726,219524674.403674
7727,217987306.17337894
7728,215455007.36280662
7729,177579493.26794595
7730,161106439.62032837
7731,137852803.59121
7732,112985089.83081874
7733,87296757.33140185
7734,129310072.79131189
7735,101494303.26497813
7736,67674785.59405337
7737,57182581.52784878
7738,72888639.15701649
7739,99077707.43925269
7740,112523530.11825806
7741,136561020.16347852
7742,70419436.77678674
7743,49492715.25111361
7744,30328462.237962782
7745,50164328.20177622
7746,95961108.45073192
7747,119886179.83845893
7748,123568977.22296047
7749,120516351.3951052
7750,104721679.77069087
7751,95961108.45073192
7752,101141769.01821987
7753,106116318.75417262
7754,90650017.6724945
7755,115798409.52482128
7756,101951585.41213948
7757,76839647.11026222
7758,55339737.08287124
7759,42381310.69102939
7760,45314774.9983316
7761,66793762.9050591
7762,48381339.301863484
7763,48381339.301863484
7764,15882360.156529719
7765,21757352.69068051
7766,17135836.672656376
7767,20930828.304035533
7768,29790655.741532527
7769,50532103.86056045
7770,45608812.67384726
7771,28180154.38596502
7772,5131461.614947305
7773,2036241.3958117715
7774,9926033.430779843
7775,12042584.859924495
7776,6387561.776501646
7777,9982759.088793574
7778,19146914.1553383
7779,27664390.930481836
7780,28607671.608715735
7781,23238146.74016258
7782,17572265.009481184
7783,14891083.876164233
7784,10720269.24597886
7785,5109846.0613833
7786,0.0
7787,0.0
7788,0.0
7789,0.0
7790,0.0
7791,0.0
7792,10313094.283111272
7793,30719060.243580844
7794,50660429.30534968
7795,62925021.43729434
7796,43791995.947600566
7797,55889993.85354073
7798,61191790.96754331
7799,58617504.3702338
7800,60310461.07343113
7801,46229216.32988434
7802,58281718.4538525
7803,114274368.49814504
7804,136082204.95256016
7805,177298607.9428074
7806,163014489.16302714
7807,218572009.22384828
7808,221957453.2333175
7809,238086700.42347258
7810,241158303.7889407
7811,265302047.6703689
7812,260556512.81725863
7813,250901464.91581467
7814,270403108.603119
7815,257327629.42168304
7816,233445985.19052494
7817,212076467.3488095
7818,221554896.63211504
7819,174177250.74729675
7820,178040767.27808
7821,171657275.85857904
7822,240957250.35862383
7823,245042588.9387423
7824,194673204.28061694
7825,230738841.19934523
7826,150455959.46668676
7827,148089175.9387036
7828,200781674.70837057
7829,207799300.62184462
7830,226952887.21574712
7831,208864443.71414927
7832,237292965.72071782
7833,243452342.73745677
7834,208943131.38624108
7835,176686227.89127076
7836,168193053.24763358
7837,195826941.4508035
7838,170640178.15586036
7839,187816986.9835985
7840,176674184.74294135
7841,197209400.79280704
7842,216153701.8014609
7843,234536728.22603926
7844,237205638.48924038
7845,216774376.77397788
7846,234351645.7504282
7847,173276827.55057016
7848,227379797.67974415
7849,187321369.25807232
7850,224076028.53670022
7851,160338275.63671023
7852,201032333.1777909
7853,190785043.59296
7854,190157442.04383218
7855,190157442.04383218
7856,169535786.2882753
7857,135959164.51836792
7858,128138138.36074065
7859,119136770.78141221
7860,77409019.77010931
7861,73551759.18038587
7862,68052259.85493504
7863,87920409.22022267
7864,96968300.139886
7865,119539875.61157773
7866,142927367.81745613
7867,117609516.15011473
7868,113266380.05232431
7869,139104925.80788183
7870,142683294.479534
7871,131007768.69460212
7872,132278033.99884814
7873,161684315.47712165
7874,184348113.74218678
7875,240282537.717451
7876,233046560.7195363
7877,222804725.33554778
7878,246212819.881423
7879,219325081.64946994
7880,253553199.66236392
7881,194793989.37945578
7882,198220252.5575329
7883,190662336.9859181
7884,177468569.26494023
7885,137801838.06012946
7886,106828824.35263698
7887,96968300.139886
7888,96331591.76726705
7889,129377594.42632216
7890,129544570.64258818
7891,106977438.09102453
7892,69181694.76779415
7893,54965716.06293822
7894,20046265.528676987
7895,12134034.406777384
7896,24378882.122494478
7897,23152617.51081799
7898,18429079.540767726
7899,33632113.27619757
7900,38832531.055854976
7901,38491327.49625779
7902,59351530.4189463
7903,63971399.470285326
7904,55087121.720052436
7905,57193404.50339349
7906,62351235.85678717
7907,48611920.63223064
7908,29220307.044161487
7909,52848181.580177166
7910,66029860.863587424
7911,32439539.17485953
7912,44304083.377857976
7913,53328815.725815736
7914,56930706.856634736
7915,70574935.19676733
7916,86361769.27866717
7917,93625579.05539134
7918,94881332.70782885
7919,122762207.21684323
7920,169668605.32076463
7921,160753722.27381143
7922,150048787.44153756
7923,147188589.46769953
7924,135733599.22889605
7925,191985658.28987458
7926,191985658.28987458
7927,214845288.94443747
7928,232060172.6741049
7929,242136149.59113157
7930,247890688.93504566
7931,239000997.0115139
7932,179242814.5671411
7933,155896615.77493632
7934,160753722.27381143
7935,165257126.44531026
7936,154600605.46396852
7937,159288956.14068776
7938,181610479.68991283
7939,131057272.56733738
7940,134262235.57302928
7941,106828824.35263698
7942,141093586.578713
7943,141889727.32628667
7944,138863465.5077883
7945,176359146.3629381
7946,171648532.67464286
7947,215084199.88105062
7948,284229206.2109514
7949,275649728.68296826
7950,254268647.88278416
7951,263298282.56550038
7952,264698476.3987817
7953,322292135.16598415
7954,291202518.0888206
7955,301859530.80059713
7956,291047966.2369812
7957,275203708.1068307
7958,237174689.05546838
7959,253648022.30824587
7960,244255394.4228881
7961,220531242.68327394
7962,226734392.25103253
7963,226977482.55781332
7964,247015096.88399544
7965,212076467.3488095
7966,201027958.10813364
7967,166158702.86989868
7968,127406030.8209139
7969,145165784.98984987
7970,121500093.2746728
7971,100167092.52217045
7972,86238014.22675548
7973,71440766.77879632
7974,58222776.10822391
7975,44681137.633424796
7976,58409415.11272759
7977,50665638.52066369
7978,63205914.58997563
7979,50919472.13445016
7980,71950657.48257275
7981,77562781.15600356
7982,59901677.30273847
7983,49000345.88911359
7984,54364321.35742566
7985,43542545.88296811
7986,38161838.841201246
7987,39308071.9044229
7988,49000345.88911359
7989,47686763.897790045
7990,43199061.41100556
7991,40488196.98762576
7992,28240072.681141213
7993,39817865.53775834
7994,52025960.62599493
7995,53084503.158835776
7996,53586018.00816229
7997,53586018.00816229
7998,50898375.44731639
7999,44058550.02763311
8000,47391290.139366545
8001,47954603.934562124
8002,54982953.0678556
8003,73329327.95506887
8004,37284179.3468176
8005,43767970.18835597
8006,18528572.841642473
8007,26632071.962343838
8008,38245106.49723702
8009,53308825.001309
8010,65465674.77480725
8011,56447746.774069875
8012,62743856.66204518
8013,65963596.70266042
8014,61911038.35428482
8015,74708624.06912284
8016,65465674.77480725
8017,65114396.77650888
8018,62688724.8516418
8019,64926870.57152591
8020,76448800.18184316
8021,82042318.80492865
8022,80325813.60750778
8023,61911038.35428482
8024,59307347.43856584
8025,51557129.063548446
8026,55178912.35533044
8027,58902587.958423376
8028,101929157.83792423
8029,42217339.56756457
8030,27583446.822096456
8031,38535427.482171744
8032,45675730.33026202
8033,43910484.60970004
8034,67769014.96923144
8035,67769014.96923144
8036,52390421.24749746
8037,50737023.17739266
8038,62249395.69696744
8039,65443488.9704652
8040,76060902.8704234
8041,79263931.15896985
8042,74027738.09748164
8043,54994838.1540167
8044,79878583.9649875
8045,67734251.81977318
8046,76032428.35736299
8047,89735282.28384256
8048,86054493.00614554
8049,87719714.63803397
8050,79539977.58401139
8051,75169389.18783513
8052,76032428.35736299
8053,86070544.97181416
8054,106508832.42872617
8055,110211758.58284608
8056,121872337.6492308
8057,99120307.61744551
8058,129263586.80009617
8059,109398841.9962015
8060,87930250.64698605
8061,92376137.37297072
8062,101951585.41213948
8063,104665619.49742134
8064,99279480.90586738
8065,83498496.10740584
8066,103388945.38613205
8067,94295827.3400428
8068,81520269.93674353
8069,72089331.93332033
8070,63358047.53123422
8071,71568139.3178732
8072,69764954.1824567
8073,93069848.93249707
8074,103511293.33005224
8075,106610823.22079735
8076,97865697.43593957
8077,77970626.4342373
8078,87292300.5151417
8079,66668448.302103415
8080,73651170.94433308
8081,87719714.63803397
8082,102582399.00172623
8083,126307820.27244554
8084,110365414.7309595
8085,110365414.7309595
8086,125036127.31265701
8087,140356745.98028335
8088,130305807.91912845
8089,126524198.67480993
8090,174508873.08640826
8091,181341587.6771762
8092,146862940.76330054
8093,146862940.76330054
8094,155694012.48052102
8095,168761471.00281757
8096,193347755.115791
8097,198558917.95043918
8098,166898867.0551608
8099,151539584.08115163
8100,104486233.19841868
8101,195594403.71138757
8102,166751062.8476301
8103,152919147.26171818
8104,169894768.74836373
8105,180267162.58584237
8106,142570902.0805782
8107,132763424.50273408
8108,151049227.87939692
8109,152793866.739587
8110,155057138.44675666
8111,142406883.97754937
8112,136281577.70734864
8113,122724658.88688253
8114,140772026.55438742
8115,151310638.30489606
8116,165640577.72740293
8117,194813405.82499722
8118,170248048.60376304
8119,173222692.86893088
8120,157453606.9615646
8121,159159387.0302011
8122,125687389.86166432
8123,104479683.29418696
8124,142223431.08056828
8125,127963468.2824447
8126,130613367.24249934
8127,102718948.31002419
8128,99193945.95767607
8129,87600246.34947516
8130,74087606.42397559
8131,58153872.966047555
8132,46141241.67693042
8133,32895075.81728683
8134,29063634.121597234
8135,30388052.96494417
8136,32718949.718031205
8137,19950193.1762016
8138,12853680.449122883
8139,9750460.033986557
8140,10278078.80833515
8141,21146591.322808553
8142,14110994.243250031
8143,10618050.54083435
8144,1755513.4159296341
8145,0.0
8146,0.0
8147,0.0
8148,5592164.379770699
8149,3534201.1406703857
8150,8005651.349878018
8151,6105625.335977074
8152,10956031.529234607
8153,11522867.92422569
8154,12976256.951792646
8155,12108865.653764207
8156,0.0
8157,0.0
8158,0.0
8159,0.0
8160,24699659.01918991
8161,11428659.37158021
8162,6750034.320118908
8163,95174470.06409049
8164,144100389.9777554
8165,97072482.99823177
8166,115902644.27648719
8167,149797812.82557762
8168,208582418.2715592
8169,175707008.61308026
8170,152541430.67115042
8171,119001831.13934687
8172,49542881.12014989
8173,19884169.960647628
8174,15028919.920200061
8175,12331241.871399485
8176,4314640.834762381
8177,0.0
8178,0.0
8179,0.0
8180,0.0
8181,5517232.702317358
8182,18299651.99920223
8183,27389949.14197899
8184,16627395.683291126
8185,23582979.107266437
8186,7785800.7502402505
8187,9827510.023123294
8188,9790380.179438433
8189,11136026.60899138
8190,11244679.67243536
8191,11378603.585666206
8192,21861673.964872997
8193,9480829.311295066
8194,11967038.622992221
8195,30477710.527883325
8196,48148511.165619105
8197,183821229.83563426
8198,132607523.16143972
8199,139413728.78983945
8200,162658159.26188892
8201,164844618.05647525
8202,103642313.4256003
8203,155408136.6070189
8204,60806415.82035614
8205,56269201.174312524
8206,86103419.5983655
8207,39748704.3712297
8208,24928610.64732665
8209,10508450.31544862
8210,3534201.1406703857
8211,30469046.46171414
8212,26615326.48892963
8213,27048744.14923893
8214,10583266.534045901
8215,2743302.265482158
8216,5544254.8167683445
8217,6830983.1345128035
8218,0.0
8219,0.0
8220,5353112.4783568345
8221,26473537.131016485
8222,37312398.41374441
8223,60310835.50022162
8224,75233865.28737941
8225,91961641.75217058
8226,100860619.43814917
8227,104683488.87437634
8228,84850812.9447343
8229,76240579.56011955
8230,81827857.996578
8231,84826461.96695042
8232,73260581.81729405
8233,47363579.98738327
8234,46508255.52211485
8235,52396770.16914066
8236,39848633.51963882
8237,53225024.51399763
8238,50641883.769647844
8239,52970442.35860874
8240,45407267.87209148
8241,40793707.98985109
8242,37801864.62621829
8243,31297526.868532293
8244,21559505.65286878
8245,23305030.85678505
8246,17022135.83382694
8247,22856926.71918954
8248,26568948.989362717
8249,21802962.149186734
8250,9259962.494755156
8251,11044523.417614138
8252,9451463.334192956
8253,11525407.122403257
8254,13096724.793825133
8255,20136645.966713812
8256,27044291.091674585
8257,32565283.12998533
8258,27861018.783788845
8259,35842094.69914567
8260,43796943.166867115
8261,51234133.49378409
8262,65046776.377101645
8263,65100274.101886
8264,66653674.61241955
8265,70536159.88501078
8266,69531940.9031738
8267,51529867.86263258
8268,66737212.816586286
8269,40353664.3966955
8270,64808266.63530284
8271,48787179.69305294
8272,75268539.21813759
8273,87377912.49521796
8274,103881553.52460714
8275,111925330.12507999
8276,140562233.20524037
8277,110407751.53180501
8278,102443112.2738894
8279,95651628.3633391
8280,92657693.04345551
8281,83905854.67321303
8282,88281101.72169273
8283,99524786.34957677
8284,124868137.40141198
8285,101961238.16878884
8286,92052550.87395917
8287,53783007.85433692
8288,31622166.04364583
8289,53243357.36786361
8290,65063420.14308257
8291,54364321.35742566
8292,38000382.116344646
8293,37740652.2369486
8294,38475773.636602424
8295,63313852.52517821
8296,56348290.66782559
8297,44058550.02763311
8298,44203641.01645291
8299,51714200.69962075
8300,48092327.2846036
8301,44237514.50828263
8302,59450320.079795636
8303,63938737.24980413
8304,72179864.10398555
8305,72417960.8380556
8306,45253445.853309296
8307,57015164.382791296
8308,59650979.574428484
8309,51509942.11415255
8310,45943315.90613867
8311,48647811.44485174
8312,67806687.05155754
8313,78891085.87257189
8314,70450575.87713958
8315,61173974.08070624
8316,58597957.90388641
8317,33931818.944672786
8318,53365072.21779872
8319,72519249.06288402
8320,92617090.35197131
8321,141358269.19195536
8322,187487012.4782628
8323,217914031.6794616
8324,118591696.07608321
8325,137083023.76295692
8326,136852340.40362042
8327,149960791.59870636
8328,177979535.7003853
8329,117121396.5365303
8330,85185466.46964222
8331,95923705.45583801
8332,61005318.667993695
8333,62216285.37201818
8334,53862976.554473765
8335,40666683.216699876
8336,30991877.641794782
8337,50223403.1036716
8338,33756948.657824166
8339,11774119.6655378
8340,24400652.476218004
8341,12268727.775522199
8342,34443448.124153346
8343,69633798.6177556
8344,53651702.82018048
8345,69615784.80592145
8346,50127389.503022455
8347,35439990.00636745
8348,0.0
8349,0.0
8350,0.0
8351,29460582.446965117
8352,63816288.24514765
8353,40330080.75857308
8354,38028191.405068755
8355,36736627.65219533
8356,35315263.29339959
8357,22382467.78150841
8358,23280116.18344463
8359,27901815.884180542
8360,56692629.30494457
8361,57019261.94676541
8362,30955245.97397425
8363,31529344.079303343
8364,20136645.966713812
8365,38130971.982905515
8366,16020053.83921302
8367,9654812.476570424
8368,5543195.839866608
8369,4367628.388041541
8370,1182984.4670080135
8371,3220298.653831627
8372,5121895.501768259
8373,8476741.657973755
8374,6036928.310139253
8375,0.0
8376,0.0
8377,1182984.4670080135
8378,2142332.8077935143
8379,3911139.7301260936
8380,1860518.6297266788
8381,0.0
8382,6009620.133959713
8383,9056341.451970745
8384,13441157.108301558
8385,16705524.617534095
8386,10991867.166612528
8387,21240635.557724554
8388,33595791.44395776
8389,49211479.54681845
8390,71514727.93737449
8391,87399659.41913147
8392,119069201.10076374
8393,114451791.95334978
8394,136509332.1155259
8395,171909620.23366693
8396,167203929.80394146
8397,175781722.6196983
8398,218764994.10234505
8399,241693157.09406057
8400,222573746.38291454
8401,289992045.4440833
8402,252969299.4046666
8403,284589917.98351836
8404,258624152.6229307
8405,242582889.97016808
8406,271097920.7038252
8407,262079122.53365564
8408,225591271.9363334
8409,260771593.5591191
8410,274380010.1716734
8411,326318222.15243185
8412,283292534.8734989
8413,324848275.7278595
8414,291188117.8807865
8415,253192703.64994577
8416,319172239.23491913
8417,331725901.89487576
8418,341709824.01536006
8419,325454929.5803129
8420,344280454.0569409
8421,344159734.231091
8422,342197510.5030813
8423,341647127.91108286
8424,344280598.0796749
8425,302686764.08132046
8426,233046230.10376877
8427,242675162.56460536
8428,264317338.6602994
8429,294720095.0507825
8430,267305010.268107
8431,303566970.272476
8432,226122757.49053973
8433,204583847.69362897
8434,114238068.88713095
8435,138861050.43240094
8436,273511294.7879662
8437,185211052.74753186
8438,149042277.5857059
8439,105222123.45257474
8440,142641727.81658408
8441,171722405.5466099
8442,150396028.37030607
8443,185188461.28483862
8444,224720580.41985765
8445,282280153.13277346
8446,240639910.72148624
8447,274052854.97310394
8448,252566127.73278254
8449,278906143.79994905
8450,278184477.13127893
8451,269696947.1527242
8452,237744110.66870156
8453,245502315.78935888
8454,250134167.6962314
8455,274344251.90067357
8456,280309604.0295607
8457,328328307.6977117
8458,335042049.6561763
8459,252485599.0458286
8460,285096252.69595003
8461,244168493.55134648
8462,272700724.95479184
8463,256179951.84234956
8464,273616372.2774452
8465,229903700.73325604
8466,193701773.86877802
8467,224421592.8967406
8468,270156158.4403463
8469,311982829.64103305
8470,316209098.0544769
8471,313179907.98292017
8472,344280437.145718
8473,274302319.1592264
8474,278805256.46303993
8475,293638087.7169435
8476,284430356.0570799
8477,263321798.16533443
8478,269796603.96782476
8479,248864905.56527227
8480,243636873.64566967
8481,281817142.5879761
8482,330523346.2643847
8483,341647127.91108286
8484,344280520.68248
8485,340225446.2020191
8486,344280600.4319442
8487,344280411.66359836
8488,344280526.3423973
8489,285830327.9366467
8490,127700484.10490304
8491,121851725.40070085
8492,169915924.48543158
8493,117726153.30428402
8494,120729304.4836358
8495,112616635.03964126
8496,106335773.64802574
8497,74643841.01349676
8498,73064112.32499179
8499,73966059.60539263
8500,102067279.27348746
8501,117702213.32508856
8502,111715406.08902916
8503,126159718.27163742
8504,136910836.53453517
8505,127487541.57460658
8506,114542364.24626367
8507,122774682.59850277
8508,156058263.53525862
8509,144614197.3093896
8510,179240294.90967715
8511,246777041.35323283
8512,277752409.1619594
8513,202330337.92340645
8514,226927169.44495612
8515,129332896.51734532
8516,193602875.62367627
8517,166565819.45286947
8518,150955300.41839063
8519,177158812.59205377
8520,183890966.8517908
8521,160847089.24183485
8522,185969809.65620333
8523,198870546.93163127
8524,185969809.65620333
8525,163862497.73408055
8526,172285036.108466
8527,154300678.32788682
8528,144242809.702005
8529,164446538.5453042
8530,154156772.8503173
8531,190971652.3902555
8532,198126924.3108178
8533,249480687.81837067
8534,281799048.26146775
8535,259854447.16679522
8536,211379730.64557108
8537,169724227.98230827
8538,183362314.44338724
8539,126777012.93627445
8540,97050030.77414383
8541,78904930.09214947
8542,76082053.90745299
8543,83844588.84674744
8544,75986074.22554262
8545,51293165.662751175
8546,34218089.991915345
8547,52534241.75890154
8548,91084702.98479918
8549,133385486.71114767
8550,105622511.38377899
8551,72079796.53355452
8552,80097125.33402318
8553,62604695.67448124
8554,43357421.199064754
8555,28647817.580898892
8556,24616373.99892159
8557,23444393.44166475
8558,11181028.83729068
8559,2123286.625115397
8560,0.0
8561,2754629.7901154635
8562,17684706.477269027
8563,29259106.631741714
8564,42521518.287683345
8565,49482870.64248332
8566,48397579.043316424
8567,35628569.84590387
8568,27738006.035403557
8569,39328429.64673166
8570,48397579.043316424
8571,49173514.465377316
8572,50822411.48694215
8573,49173514.465377316
8574,42949754.94069712
8575,51744561.466976635
8576,53447879.59969123
8577,62144107.56486987
8578,57067383.12593816
8579,49073675.89836906
8580,40793707.98985109
8581,54437042.64153924
8582,62561361.11634385
8583,66737212.816586286
8584,114401626.80951427
8585,106215104.43111129
8586,140317047.91790763
8587,160524530.44530788
8588,181314487.3032089
8589,151680665.22495198
8590,111980412.98770857
8591,101478654.63783027
8592,77062917.72581753
8593,61296394.184578724
8594,91004473.36795224
8595,108339679.12544337
8596,129364799.21404292
8597,126930507.32710123
8598,197416519.6715613
8599,227697556.40052998
8600,215992322.87407535
8601,168123609.79497385
8602,259949374.77813378
8603,198291897.20451212
8604,184474565.74955207
8605,234275738.92766026
8606,225643353.60943666
8607,211777274.8803049
8608,197698440.15864384
8609,156027000.94393066
8610,165716671.36318007
8611,199357261.4542095
8612,149605116.18043256
8613,147142055.9595604
8614,120011184.63123657
8615,107164330.77273616
8616,81547839.00480153
8617,81647968.79280491
8618,101576595.55925545
8619,87883419.54582375
8620,111277453.72239113
8621,124622621.5623837
8622,165134382.40560675
8623,120993830.84794772
8624,129933333.94861193
8625,144614197.3093896
8626,182715202.99116144
8627,209476427.3316884
8628,252013191.85687223
8629,275728234.22015274
8630,344281234.5044693
8631,344280457.3826644
8632,307503106.3861624
8633,294812786.9578572
8634,299374167.0599507
8635,265547704.74970013
8636,250947620.19910285
8637,246687434.22268784
8638,232424873.95588332
8639,219785003.55466986
8640,196499422.43854696
8641,136726381.72584087
8642,86103419.5983655
8643,68535003.64653403
8644,78764548.78535265
8645,75045027.86313614
8646,133909552.4046914
8647,96058653.07065699
8648,185121646.4378145
8649,106174906.57300854
8650,134097402.2531112
8651,128240841.97188595
8652,105361343.34949008
8653,62308596.992517725
8654,61912422.08136717
8655,68066972.9804612
8656,109058876.61786136
8657,106644254.29765077
8658,109830643.5661842
8659,80147640.33376852
8660,121812707.91647312
8661,86323098.70066121
8662,73696338.1920152
8663,85841465.22886913
8664,165188821.05016515
8665,295352906.6871037
8666,344280591.4594388
8667,344280592.94861877
8668,344280580.44055253
8669,342896032.5657141
8670,344280599.07891876
8671,261399625.01225218
8672,226122757.49053973
8673,216337681.5593859
8674,188453302.97327113
8675,246065237.84578013
8676,193621035.91804144
8677,204313959.76034763
8678,161549931.8069441
8679,149013767.7315215
8680,145067782.8870173
8681,95991409.20136923
8682,95556257.66987444
8683,113261750.90936962
8684,169524499.81246716
8685,344280591.73964214
8686,301682327.09659654
8687,333063473.71326554
8688,335127304.40261483
8689,296444102.21780103
8690,337984130.9171605
8691,344280556.92183673
8692,331706375.2386173
8693,344280565.224742
8694,344280570.26606894
8695,344280411.66359836
8696,344280581.3935908
8697,344280594.82344735
8698,344280581.60068315
8699,344280583.66568196
8700,344280595.67862695
8701,292692170.6368232
8702,251195667.43119425
8703,279022704.9827448
8704,333466888.1672172
8705,344280593.06792897
8706,344280489.4334121
8707,344280428.60663563
8708,314800898.3486358
8709,275171904.95821893
8710,268285902.1005214
8711,263868893.20758745
8712,344280558.1304669
8713,310246085.18727255
8714,341781984.9989722
8715,338671884.38318115
8716,344280535.4212885
8717,337584644.50014514
8718,325417730.0647618
8719,161231020.49393532
8720,101792240.49907479
8721,173816278.79194254
8722,218621381.94227326
8723,210571105.8235838
8724,278659009.0011732
8725,304009016.6486475
8726,344280401.1157684
8727,344280584.19543374
8728,344280598.0324366
8729,344280598.8701595
8730,344281162.34952265
8731,344280951.2506322
8732,344280413.1148293
8733,344280721.3902626
8734,344281226.3515446
8735,344281338.86028796
8736,344281248.92889917
8737,344280719.7687427
8738,344281257.41599613
8739,344280592.96555007
8740,344280436.9195368
8741,338988766.1506344
8742,327563783.3416117
8743,291757453.51438123
8744,276911462.6736925
8745,218320827.63972533
8746,125091546.2283091
8747,91777004.62468229
8748,38998522.93195923
8749,13812088.921551028
8750,2286331.6393658593
8751,5746595.25874165
8752,10890750.582214355
8753,0.0
8754,0.0
8755,0.0
8756,0.0
8757,0.0
8758,0.0
8759,0.0
